cgpa,aptitude_score,coding_score,dsa_score,communication_score,attendance_percentage,projects_count,certifications_count,age,branch,degree,city_tier,college_tier,gender,internship_experience,backlog_history,placement_status,target
8.65,69,80,54,55,89.03,4,1,21,Data Science,B.E.,Tier 2,Tier 2,Female,No,3,Not Placed,0
8.28,77,100,74,61,75.28,1,1,24,CSE,B.Tech,Tier 3,Tier 3,Male,Yes,0,Placed,1
7.91,78,77,54,71,89.75,4,1,24,Data Science,B.Tech,Tier 2,Tier 3,Female,Yes,0,Placed,1
8.57,59,56,55,73,78.95,2,4,21,ECE,B.Tech,Tier 1,Tier 1,Male,No,0,Not Placed,0
7.71,51,45,42,53,79.29,4,2,21,ECE,B.Tech,Tier 2,Tier 3,Male,Yes,0,Placed,1
8.01,67,51,80,69,72.49,0,2,24,Civil,B.Tech,Tier 2,Tier 3,Male,No,0,Placed,1
8.08,75,52,75,37,83.26,1,2,20,ECE,B.Tech,Tier 2,Tier 3,Male,Yes,0,Placed,1
8.68,62,70,55,96,85.57,4,1,23,Data Science,B.Tech,Tier 3,Tier 3,Other,Yes,2,Placed,1
8.98,80,95,68,69,93.69,2,1,20,EEE,B.E.,Tier 2,Tier 3,Male,Yes,0,Not Placed,0
8.1,78,46,49,66,79.38,2,3,24,CSE,B.E.,Tier 1,Tier 2,Female,Yes,0,Placed,1
6.82,87,47,46,62,76.77,2,0,23,Mechanical,B.Tech,Tier 3,Tier 2,Male,No,0,Placed,1
7.72,94,45,51,51,84.73,1,0,22,ECE,B.E.,Tier 1,Tier 2,Male,Yes,1,Not Placed,0
6.56,56,75,65,81,98.75,1,3,22,CSE,B.Tech,Tier 2,Tier 2,Male,Yes,0,Placed,1
8.23,77,61,58,60,83.41,3,3,20,CSE,B.Tech,Tier 2,Tier 3,Male,No,0,Placed,1
7.74,76,100,58,83,88.26,4,2,20,ISE,B.Tech,Tier 2,Tier 2,Male,No,0,Not Placed,0
7.74,87,85,88,57,86.87,3,1,23,AI & ML,B.Tech,Tier 3,Tier 1,Female,No,2,Placed,1
6.38,55,79,74,81,90.0,3,1,23,CSE,B.E.,Tier 2,Tier 3,Female,Yes,0,Placed,1
9.0,82,100,95,64,69.18,0,2,23,ISE,B.E.,Tier 2,Tier 2,Male,No,0,Placed,1
7.85,71,87,74,70,88.56,0,1,23,AI & ML,B.Tech,Tier 1,Tier 1,Female,Yes,1,Not Placed,0
6.47,71,63,61,69,92.83,2,1,20,Data Science,B.Tech,Tier 1,Tier 2,Female,Yes,1,Not Placed,0
9.35,82,73,72,41,80.49,1,2,23,Civil,B.Tech,Tier 2,Tier 2,Female,No,0,Placed,1
8.15,94,100,63,67,69.28,1,3,23,AI & ML,B.Tech,Tier 2,Tier 2,Male,Yes,0,Placed,1
7.43,63,79,75,51,75.19,2,5,22,EEE,B.Tech,Tier 3,Tier 2,Male,Yes,0,Placed,1
8.64,49,58,16,86,77.65,1,0,21,CSE,B.Tech,Tier 2,Tier 2,Female,Yes,1,Not Placed,0
7.72,60,78,70,89,84.07,3,2,23,Mechanical,B.Tech,Tier 3,Tier 2,Male,Yes,0,Placed,1
8.83,54,59,67,70,86.45,3,2,21,ECE,B.E.,Tier 2,Tier 2,Female,Yes,0,Not Placed,0
7.0,56,84,48,77,81.46,0,2,20,ISE,B.E.,Tier 2,Tier 3,Female,No,2,Not Placed,0
8.13,67,61,37,77,71.75,3,5,23,Data Science,B.Tech,Tier 3,Tier 2,Male,No,1,Not Placed,0
8.95,84,89,75,43,70.61,0,0,21,Data Science,B.E.,Tier 2,Tier 2,Female,No,1,Not Placed,0
7.4,60,70,36,59,79.52,3,2,20,Mechanical,B.Tech,Tier 1,Tier 2,Male,Yes,0,Placed,1
7.95,49,79,77,61,84.56,1,1,23,AI & ML,B.E.,Tier 2,Tier 3,Male,Yes,0,Placed,1
7.73,74,67,69,31,100.0,2,1,23,ISE,B.Tech,Tier 2,Tier 2,Female,Yes,0,Placed,1
7.35,85,66,52,61,63.44,2,1,21,Data Science,B.Tech,Tier 2,Tier 3,Male,Yes,0,Placed,1
6.92,62,80,65,66,72.27,0,1,20,CSE,B.Tech,Tier 3,Tier 2,Female,Yes,0,Placed,1
6.97,51,44,58,73,88.22,1,1,21,ECE,B.Tech,Tier 1,Tier 2,Female,No,0,Placed,1
8.64,69,67,83,67,87.08,4,3,22,CSE,B.Tech,Tier 2,Tier 3,Male,Yes,0,Placed,1
9.36,77,78,67,51,96.38,1,1,24,Civil,B.E.,Tier 3,Tier 3,Male,No,1,Not Placed,0
7.13,70,44,61,65,85.03,2,2,22,CSE,B.E.,Tier 3,Tier 2,Male,Yes,0,Not Placed,0
7.28,70,66,32,70,67.11,2,3,21,CSE,B.Tech,Tier 2,Tier 2,Male,Yes,0,Not Placed,0
6.78,53,54,65,86,100.0,1,4,23,EEE,B.E.,Tier 2,Tier 3,Male,No,2,Not Placed,0
8.05,47,87,51,53,78.74,0,3,23,ISE,B.E.,Tier 2,Tier 1,Male,No,0,Placed,1
7.79,69,79,62,80,61.99,2,1,23,CSE,B.Tech,Tier 2,Tier 2,Male,No,0,Not Placed,0
7.19,71,73,67,64,73.39,2,1,22,Data Science,B.Tech,Tier 1,Tier 1,Male,Yes,0,Placed,1
8.28,68,65,63,68,85.59,3,2,24,ISE,B.Tech,Tier 2,Tier 3,Male,Yes,0,Placed,1
7.99,73,71,86,71,78.13,4,2,20,CSE,B.E.,Tier 1,Tier 1,Female,Yes,0,Placed,1
6.57,74,68,71,63,85.71,3,3,22,CSE,B.Tech,Tier 3,Tier 2,Female,Yes,0,Placed,1
8.34,89,100,69,85,87.07,3,3,22,Data Science,B.Tech,Tier 2,Tier 3,Female,Yes,0,Placed,1
7.35,54,73,75,63,65.14,1,2,20,CSE,B.Tech,Tier 1,Tier 2,Male,Yes,1,Not Placed,0
7.35,79,54,51,78,86.34,3,2,22,ECE,B.E.,Tier 2,Tier 3,Female,No,0,Not Placed,0
9.12,77,80,52,64,85.64,3,0,23,ECE,B.Tech,Tier 3,Tier 2,Male,Yes,0,Not Placed,0
8.0,87,80,45,64,87.23,3,0,20,CSE,B.Tech,Tier 2,Tier 3,Male,No,0,Placed,1
9.22,91,91,92,75,88.72,0,4,24,EEE,B.E.,Tier 2,Tier 3,Female,No,1,Not Placed,0
7.47,67,62,59,63,65.22,0,2,21,CSE,B.Tech,Tier 3,Tier 3,Male,Yes,0,Not Placed,0
7.83,90,41,49,38,90.15,2,0,21,CSE,B.Tech,Tier 3,Tier 3,Male,No,0,Not Placed,0
7.8,55,60,56,63,72.81,4,0,24,ECE,B.E.,Tier 3,Tier 2,Male,Yes,1,Placed,1
8.18,61,87,86,66,79.95,2,2,22,CSE,B.Tech,Tier 1,Tier 2,Male,Yes,0,Placed,1
7.36,59,62,59,54,76.29,1,1,22,CSE,B.Tech,Tier 2,Tier 1,Male,No,0,Placed,1
8.17,77,88,76,58,75.66,2,4,24,Data Science,B.E.,Tier 1,Tier 3,Male,Yes,3,Placed,1
8.74,72,48,57,80,95.92,3,1,24,ECE,B.Tech,Tier 1,Tier 2,Male,No,2,Placed,1
8.4,90,100,100,61,84.91,2,0,23,Data Science,B.Tech,Tier 2,Tier 2,Female,No,0,Placed,1
7.78,64,69,74,37,88.03,4,3,24,ISE,B.Tech,Tier 2,Tier 3,Male,Yes,0,Placed,1
7.19,88,69,79,72,84.34,2,3,22,Data Science,B.Tech,Tier 2,Tier 1,Male,Yes,0,Placed,1
9.47,75,73,55,72,89.33,0,3,21,Data Science,B.E.,Tier 3,Tier 2,Male,No,0,Not Placed,0
8.22,66,74,72,61,72.98,0,2,20,Data Science,B.E.,Tier 3,Tier 1,Female,No,0,Placed,1
8.13,88,96,58,26,84.69,2,1,21,CSE,B.Tech,Tier 1,Tier 3,Male,No,0,Placed,1
7.64,82,69,68,64,87.21,0,1,21,CSE,B.Tech,Tier 3,Tier 3,Male,No,2,Not Placed,0
7.03,66,67,74,64,87.96,1,3,22,ISE,B.Tech,Tier 1,Tier 3,Male,No,0,Not Placed,0
5.14,48,55,67,47,81.16,2,4,22,ECE,B.E.,Tier 2,Tier 2,Male,Yes,0,Not Placed,0
8.67,85,71,82,48,81.89,1,1,24,Civil,B.Tech,Tier 1,Tier 2,Female,Yes,0,Not Placed,0
8.2,75,89,71,55,77.02,2,1,24,CSE,B.Tech,Tier 3,Tier 1,Male,No,0,Placed,1
7.24,72,40,63,66,89.16,1,0,21,Data Science,B.Tech,Tier 3,Tier 2,Female,Yes,0,Placed,1
5.33,52,77,72,83,89.85,0,2,23,AI & ML,B.E.,Tier 1,Tier 3,Male,No,1,Not Placed,0
7.57,84,70,56,42,79.08,2,1,20,AI & ML,B.Tech,Tier 1,Tier 3,Female,Yes,0,Not Placed,0
7.93,58,67,61,50,84.73,1,1,24,AI & ML,B.Tech,Tier 1,Tier 2,Male,No,0,Placed,1
7.66,49,39,59,80,83.91,1,5,23,CSE,B.Tech,Tier 1,Tier 1,Female,Yes,0,Placed,1
8.26,67,72,39,63,84.59,1,2,21,ECE,B.Tech,Tier 3,Tier 1,Female,No,1,Placed,1
9.23,66,86,80,66,70.06,5,3,22,Data Science,B.E.,Tier 2,Tier 3,Male,Yes,1,Placed,1
7.45,72,47,60,77,82.02,4,1,24,Data Science,B.E.,Tier 3,Tier 2,Male,Yes,0,Placed,1
8.69,55,65,61,59,88.98,1,2,21,ISE,B.E.,Tier 2,Tier 3,Female,Yes,1,Placed,1
9.94,66,81,66,68,77.35,3,1,21,Data Science,B.E.,Tier 3,Tier 2,Male,Yes,0,Placed,1
6.6,86,85,50,68,80.48,5,3,20,CSE,B.E.,Tier 1,Tier 2,Male,Yes,0,Placed,1
7.28,77,61,63,58,72.59,2,3,21,Data Science,B.Tech,Tier 1,Tier 3,Female,Yes,1,Not Placed,0
6.97,59,71,67,48,62.51,4,2,24,CSE,B.E.,Tier 2,Tier 1,Male,No,0,Not Placed,0
6.31,58,39,61,62,79.56,1,2,22,CSE,B.E.,Tier 1,Tier 1,Female,Yes,0,Not Placed,0
6.04,62,58,74,76,94.47,5,2,24,Data Science,B.Tech,Tier 3,Tier 3,Female,Yes,0,Not Placed,0
7.88,87,52,28,58,82.26,0,2,21,EEE,B.Tech,Tier 1,Tier 2,Male,Yes,0,Placed,1
7.18,49,81,66,51,87.43,0,2,24,CSE,B.Tech,Tier 1,Tier 1,Male,Yes,1,Not Placed,0
6.15,78,41,31,77,86.34,2,3,23,AI & ML,B.Tech,Tier 1,Tier 2,Male,Yes,0,Placed,1
7.4,74,61,18,75,91.52,1,5,20,ECE,B.Tech,Tier 2,Tier 2,Male,Yes,2,Not Placed,0
6.07,46,56,47,52,92.35,1,1,23,Data Science,B.Tech,Tier 3,Tier 1,Male,Yes,0,Placed,1
6.69,54,55,73,54,72.38,2,3,23,CSE,B.Tech,Tier 3,Tier 3,Male,Yes,0,Not Placed,0
8.24,66,80,72,63,94.6,1,3,20,Civil,B.Tech,Tier 2,Tier 1,Female,Yes,0,Placed,1
7.11,72,65,53,80,85.47,3,2,24,EEE,B.Tech,Tier 1,Tier 1,Other,No,0,Placed,1
9.4,79,74,27,57,83.64,4,3,24,ECE,B.Tech,Tier 2,Tier 2,Male,Yes,0,Placed,1
8.7,81,99,57,56,91.27,3,2,22,Civil,B.Tech,Tier 3,Tier 2,Female,Yes,0,Placed,1
9.35,73,82,48,80,66.18,0,2,23,AI & ML,B.Tech,Tier 2,Tier 3,Male,Yes,0,Placed,1
8.15,80,76,90,60,84.05,5,4,21,CSE,B.E.,Tier 3,Tier 2,Male,No,1,Placed,1
7.99,81,79,69,73,75.53,2,2,23,CSE,B.Tech,Tier 2,Tier 3,Male,Yes,0,Placed,1
9.9,75,92,79,78,76.24,2,1,20,CSE,B.Tech,Tier 1,Tier 3,Female,No,2,Placed,1
6.83,68,57,80,76,87.07,1,0,21,CSE,B.E.,Tier 1,Tier 3,Male,Yes,1,Not Placed,0
6.83,65,77,52,74,68.08,0,3,23,ISE,B.Tech,Tier 2,Tier 2,Male,No,0,Not Placed,0
6.9,42,67,80,67,79.65,1,3,22,CSE,B.Tech,Tier 1,Tier 2,Female,Yes,0,Not Placed,0
9.4,76,65,96,46,84.22,5,1,22,ECE,B.Tech,Tier 2,Tier 3,Male,No,0,Placed,1
6.99,55,50,57,80,91.33,1,1,20,Data Science,B.Tech,Tier 2,Tier 3,Female,No,0,Not Placed,0
8.02,61,69,37,64,78.36,1,1,21,EEE,B.Tech,Tier 1,Tier 2,Male,No,1,Placed,1
7.31,67,89,78,70,91.13,3,1,24,CSE,B.Tech,Tier 2,Tier 2,Male,No,0,Not Placed,0
7.52,62,79,89,60,82.45,3,1,24,CSE,B.Tech,Tier 1,Tier 3,Female,Yes,1,Not Placed,0
8.93,46,80,68,35,78.07,1,3,21,ECE,B.Tech,Tier 1,Tier 2,Other,Yes,0,Not Placed,0
5.95,58,54,83,88,94.56,6,2,22,Data Science,B.Tech,Tier 2,Tier 2,Male,No,0,Not Placed,0
7.01,62,59,53,89,87.47,2,5,20,EEE,B.Tech,Tier 2,Tier 2,Male,Yes,2,Not Placed,0
6.31,56,64,67,57,79.16,5,2,23,CSE,B.Tech,Tier 1,Tier 3,Female,Yes,0,Not Placed,0
9.02,83,48,89,40,77.39,2,1,21,Data Science,B.E.,Tier 2,Tier 3,Male,Yes,0,Placed,1
6.92,65,79,61,53,88.15,2,0,20,Data Science,B.E.,Tier 1,Tier 3,Male,No,0,Not Placed,0
8.7,50,52,52,48,92.58,1,1,24,Mechanical,B.E.,Tier 1,Tier 2,Female,Yes,0,Placed,1
5.97,82,41,76,70,81.98,1,2,23,Mechanical,B.Tech,Tier 2,Tier 3,Male,Yes,0,Not Placed,0
5.83,66,57,56,81,77.19,0,4,22,Mechanical,B.Tech,Tier 1,Tier 2,Other,No,0,Placed,1
6.26,68,53,53,41,90.66,0,1,21,EEE,B.E.,Tier 3,Tier 3,Male,Yes,1,Placed,1
7.02,73,78,42,72,86.0,3,1,23,ISE,B.E.,Tier 2,Tier 1,Female,Yes,0,Placed,1
9.09,91,100,100,82,87.12,2,1,22,CSE,B.Tech,Tier 2,Tier 2,Female,No,2,Placed,1
6.91,69,77,39,80,90.31,6,4,22,Data Science,B.Tech,Tier 2,Tier 2,Male,No,0,Placed,1
8.54,65,74,58,41,80.76,3,4,23,AI & ML,B.Tech,Tier 2,Tier 3,Male,No,0,Not Placed,0
7.8,77,83,67,62,95.12,3,3,22,ECE,B.Tech,Tier 1,Tier 3,Female,No,3,Placed,1
7.78,67,82,63,52,79.83,1,2,22,CSE,B.Tech,Tier 2,Tier 3,Male,Yes,0,Placed,1
9.21,81,92,69,63,92.29,2,1,22,EEE,B.E.,Tier 3,Tier 1,Male,Yes,0,Placed,1
7.93,56,79,67,83,72.88,4,2,22,Civil,B.Tech,Tier 1,Tier 3,Male,Yes,2,Not Placed,0
8.96,68,67,50,54,80.12,2,5,20,Mechanical,B.Tech,Tier 1,Tier 1,Male,No,0,Not Placed,0
8.84,83,87,82,61,88.98,2,2,23,ISE,B.Tech,Tier 2,Tier 2,Other,Yes,0,Not Placed,0
9.38,88,93,66,63,85.72,2,0,21,Data Science,B.Tech,Tier 2,Tier 3,Male,Yes,0,Placed,1
7.75,67,63,59,59,89.76,3,2,21,ISE,B.Tech,Tier 1,Tier 3,Female,Yes,1,Placed,1
7.29,61,64,40,67,84.39,1,2,22,CSE,B.Tech,Tier 1,Tier 1,Male,Yes,0,Not Placed,0
10.0,68,86,82,65,76.68,3,2,23,Mechanical,B.Tech,Tier 2,Tier 2,Male,Yes,3,Placed,1
8.02,69,79,52,62,71.94,0,3,20,Data Science,B.Tech,Tier 2,Tier 2,Female,No,0,Placed,1
7.91,60,82,63,71,79.34,4,1,20,CSE,B.E.,Tier 1,Tier 1,Male,No,0,Placed,1
8.68,83,72,83,47,82.16,1,1,23,CSE,B.Tech,Tier 2,Tier 3,Female,Yes,0,Not Placed,0
9.55,89,75,56,70,88.96,3,3,23,CSE,B.Tech,Tier 1,Tier 2,Male,Yes,0,Placed,1
9.28,73,72,77,70,79.64,3,0,20,Mechanical,B.Tech,Tier 2,Tier 3,Male,No,0,Not Placed,0
6.66,64,44,55,86,77.33,2,1,23,Data Science,B.E.,Tier 2,Tier 2,Male,Yes,1,Not Placed,0
9.87,77,92,93,48,87.13,2,1,22,AI & ML,B.Tech,Tier 2,Tier 2,Male,Yes,1,Placed,1
7.5,49,60,56,60,78.63,2,1,22,ECE,B.Tech,Tier 1,Tier 3,Male,No,1,Not Placed,0
7.32,85,78,55,56,84.18,1,2,22,AI & ML,B.Tech,Tier 2,Tier 3,Female,No,1,Not Placed,0
7.71,67,61,75,60,93.39,1,1,21,ISE,B.Tech,Tier 1,Tier 3,Male,Yes,0,Placed,1
7.2,68,100,88,69,83.66,2,2,24,AI & ML,B.Tech,Tier 3,Tier 2,Female,No,0,Not Placed,0
8.74,67,74,55,77,96.61,2,3,21,ISE,B.E.,Tier 2,Tier 2,Female,Yes,0,Placed,1
8.75,83,83,94,48,88.24,1,0,23,Data Science,B.Tech,Tier 1,Tier 1,Male,Yes,0,Placed,1
8.42,72,75,59,56,73.0,3,0,22,ECE,B.Tech,Tier 2,Tier 2,Female,No,0,Placed,1
8.03,80,75,65,91,77.13,1,1,23,CSE,B.Tech,Tier 1,Tier 2,Male,Yes,0,Placed,1
8.41,65,65,69,50,74.1,4,3,23,ISE,B.Tech,Tier 1,Tier 3,Male,Yes,1,Placed,1
6.57,64,40,49,65,85.84,6,2,23,ECE,B.Tech,Tier 2,Tier 1,Male,Yes,0,Placed,1
8.22,83,89,81,68,70.38,2,2,23,ECE,B.E.,Tier 3,Tier 1,Male,Yes,0,Placed,1
8.62,63,84,84,70,79.04,4,3,22,ISE,B.Tech,Tier 2,Tier 2,Male,Yes,1,Placed,1
9.25,76,69,48,55,89.69,3,0,23,EEE,B.Tech,Tier 2,Tier 2,Male,Yes,0,Placed,1
8.71,69,65,73,63,85.54,0,2,23,ISE,B.Tech,Tier 3,Tier 2,Male,Yes,0,Placed,1
8.26,66,70,55,76,91.08,1,2,23,Data Science,B.Tech,Tier 2,Tier 2,Female,No,0,Placed,1
7.86,70,75,74,40,73.37,1,1,24,AI & ML,B.E.,Tier 1,Tier 2,Female,Yes,1,Not Placed,0
8.03,71,73,58,78,73.84,3,0,21,Mechanical,B.Tech,Tier 1,Tier 2,Male,Yes,0,Placed,1
7.55,65,51,68,46,79.77,1,0,20,AI & ML,B.E.,Tier 1,Tier 2,Female,No,0,Not Placed,0
8.18,65,61,34,42,78.05,2,2,23,CSE,B.Tech,Tier 2,Tier 3,Male,No,1,Not Placed,0
9.3,58,74,85,36,82.06,1,5,24,Civil,B.E.,Tier 2,Tier 2,Male,Yes,0,Placed,1
8.51,74,60,78,74,79.37,4,2,20,AI & ML,B.Tech,Tier 1,Tier 2,Male,No,3,Not Placed,0
8.45,75,55,91,63,92.9,2,2,22,Civil,B.Tech,Tier 2,Tier 1,Female,No,0,Not Placed,0
6.62,77,69,66,60,80.1,3,2,22,Data Science,B.E.,Tier 2,Tier 2,Male,Yes,0,Placed,1
7.59,84,84,61,50,90.61,3,3,21,CSE,B.Tech,Tier 3,Tier 3,Female,Yes,1,Not Placed,0
8.39,53,55,67,88,71.31,2,4,22,EEE,B.Tech,Tier 3,Tier 1,Male,Yes,0,Placed,1
7.56,80,52,56,74,85.28,1,3,22,Civil,B.E.,Tier 1,Tier 3,Male,Yes,0,Not Placed,0
9.31,87,95,45,77,84.72,1,1,23,CSE,B.Tech,Tier 2,Tier 2,Male,Yes,0,Placed,1
9.63,69,68,100,66,78.58,2,0,20,EEE,B.Tech,Tier 1,Tier 2,Male,Yes,0,Placed,1
8.53,72,79,40,56,88.89,0,0,21,ECE,B.Tech,Tier 1,Tier 2,Male,Yes,0,Not Placed,0
8.75,74,67,89,84,81.28,5,5,23,Data Science,B.Tech,Tier 2,Tier 2,Female,No,1,Not Placed,0
9.09,83,88,65,63,84.52,0,3,24,CSE,B.Tech,Tier 2,Tier 3,Female,Yes,0,Placed,1
8.31,95,63,83,75,87.75,3,6,21,AI & ML,B.E.,Tier 1,Tier 2,Female,Yes,3,Not Placed,0
6.84,55,48,55,74,79.77,0,1,20,EEE,B.Tech,Tier 1,Tier 2,Male,Yes,0,Not Placed,0
8.2,72,88,81,80,84.26,1,1,21,CSE,B.E.,Tier 3,Tier 2,Female,No,0,Placed,1
9.19,67,58,80,75,79.74,2,1,21,CSE,B.Tech,Tier 2,Tier 2,Male,Yes,0,Not Placed,0
7.62,47,68,71,77,89.42,1,2,23,AI & ML,B.Tech,Tier 2,Tier 2,Male,No,1,Not Placed,0
6.98,69,43,37,53,79.36,0,0,21,AI & ML,B.Tech,Tier 2,Tier 2,Male,No,0,Placed,1
7.65,78,64,61,62,85.23,4,1,24,ECE,B.Tech,Tier 2,Tier 3,Female,No,3,Placed,1
7.97,85,75,52,64,99.15,2,2,23,AI & ML,B.Tech,Tier 2,Tier 3,Male,Yes,0,Not Placed,0
7.65,72,100,63,68,86.73,2,0,24,AI & ML,B.Tech,Tier 3,Tier 1,Male,Yes,0,Placed,1
8.16,90,52,59,51,73.79,1,1,21,ISE,B.Tech,Tier 2,Tier 3,Male,No,2,Placed,1
8.07,74,95,63,56,72.28,1,1,22,AI & ML,B.Tech,Tier 1,Tier 1,Male,Yes,0,Placed,1
8.09,68,53,52,100,71.44,1,3,23,AI & ML,B.Tech,Tier 2,Tier 3,Male,Yes,0,Placed,1
6.81,75,81,87,47,85.76,1,5,20,CSE,B.Tech,Tier 2,Tier 3,Female,Yes,0,Placed,1
7.75,68,64,33,100,75.92,1,1,20,Data Science,B.E.,Tier 2,Tier 2,Male,No,0,Not Placed,0
7.58,55,65,68,52,79.97,0,4,24,AI & ML,B.Tech,Tier 1,Tier 2,Male,No,1,Not Placed,0
7.24,55,76,63,52,76.8,2,1,20,CSE,B.Tech,Tier 2,Tier 2,Male,No,0,Placed,1
8.22,75,82,49,76,69.66,3,4,23,ISE,B.E.,Tier 3,Tier 3,Female,Yes,0,Placed,1
8.33,98,78,59,57,80.58,2,4,24,CSE,B.Tech,Tier 1,Tier 3,Male,No,1,Placed,1
7.45,74,72,68,70,85.32,0,1,22,CSE,B.Tech,Tier 2,Tier 2,Male,Yes,0,Not Placed,0
9.07,70,67,65,59,75.88,5,4,24,EEE,B.E.,Tier 2,Tier 2,Female,No,0,Placed,1
7.95,66,88,62,33,86.38,3,0,21,CSE,B.Tech,Tier 1,Tier 2,Male,Yes,0,Placed,1
6.9,77,65,84,64,83.61,2,3,21,CSE,B.Tech,Tier 3,Tier 3,Male,Yes,0,Placed,1
6.14,59,39,60,61,92.71,2,1,23,Data Science,B.Tech,Tier 3,Tier 3,Male,No,0,Placed,1
6.78,77,78,73,68,65.2,4,0,24,ISE,B.Tech,Tier 2,Tier 3,Male,Yes,0,Placed,1
7.47,79,86,40,75,84.55,0,3,20,CSE,B.E.,Tier 2,Tier 3,Male,No,0,Not Placed,0
8.6,77,88,79,65,100.0,1,5,20,CSE,B.Tech,Tier 1,Tier 1,Male,No,2,Placed,1
8.43,87,88,59,69,73.61,0,2,24,CSE,B.Tech,Tier 3,Tier 3,Female,Yes,0,Not Placed,0
7.56,58,89,85,42,76.63,2,3,22,CSE,B.Tech,Tier 1,Tier 1,Male,No,1,Placed,1
9.46,86,82,95,61,76.29,1,3,20,CSE,B.Tech,Tier 2,Tier 2,Male,No,0,Placed,1
8.21,69,71,30,82,84.61,4,1,24,Data Science,B.Tech,Tier 1,Tier 1,Male,No,1,Placed,1
10.0,62,80,96,53,72.46,0,3,21,Mechanical,B.Tech,Tier 2,Tier 1,Male,Yes,0,Placed,1
5.97,53,70,50,54,75.99,4,1,24,AI & ML,B.Tech,Tier 3,Tier 3,Male,Yes,0,Placed,1
5.83,57,51,88,77,84.5,3,5,20,Mechanical,B.Tech,Tier 1,Tier 1,Male,No,0,Not Placed,0
9.24,65,66,63,70,78.28,0,2,20,AI & ML,B.Tech,Tier 2,Tier 3,Female,Yes,0,Placed,1
9.09,66,81,48,54,76.43,0,4,22,CSE,B.Tech,Tier 2,Tier 3,Female,Yes,0,Placed,1
8.28,82,72,50,78,85.39,2,3,22,CSE,B.E.,Tier 2,Tier 2,Male,Yes,0,Placed,1
10.0,73,82,69,72,79.48,1,2,23,Civil,B.Tech,Tier 3,Tier 1,Male,Yes,0,Placed,1
8.03,73,66,59,73,96.08,2,2,24,Civil,B.Tech,Tier 2,Tier 1,Male,No,3,Not Placed,0
8.02,83,57,58,78,92.18,4,1,23,AI & ML,B.Tech,Tier 3,Tier 3,Male,Yes,0,Placed,1
8.51,73,85,97,50,70.01,2,2,24,Mechanical,B.E.,Tier 1,Tier 1,Male,Yes,0,Placed,1
6.13,61,25,39,84,84.87,1,1,24,ISE,B.Tech,Tier 2,Tier 2,Male,No,1,Not Placed,0
7.52,65,81,78,68,85.57,0,0,23,AI & ML,B.Tech,Tier 3,Tier 2,Female,Yes,0,Not Placed,0
8.13,65,89,65,62,88.79,2,4,21,Data Science,B.E.,Tier 2,Tier 2,Male,Yes,0,Placed,1
8.1,71,76,50,74,78.54,2,0,20,AI & ML,B.E.,Tier 2,Tier 2,Male,No,0,Placed,1
10.0,79,90,62,78,73.73,2,0,21,AI & ML,B.Tech,Tier 1,Tier 2,Male,Yes,0,Placed,1
7.38,77,72,72,66,78.42,3,2,22,AI & ML,B.Tech,Tier 1,Tier 2,Male,Yes,3,Placed,1
8.31,82,98,79,78,92.57,3,2,22,CSE,B.E.,Tier 2,Tier 1,Male,No,0,Placed,1
7.22,64,63,79,82,82.06,3,2,21,CSE,B.Tech,Tier 2,Tier 2,Male,No,1,Not Placed,0
7.49,73,55,62,82,60.04,3,1,23,ECE,B.Tech,Tier 1,Tier 3,Male,Yes,0,Placed,1
7.51,41,68,63,66,81.16,0,3,22,CSE,B.Tech,Tier 3,Tier 2,Male,Yes,1,Not Placed,0
8.58,56,100,80,58,94.85,2,2,20,CSE,B.Tech,Tier 3,Tier 2,Female,Yes,0,Placed,1
9.45,86,72,46,48,82.1,4,2,24,AI & ML,B.Tech,Tier 1,Tier 2,Male,Yes,0,Placed,1
8.12,65,71,95,67,77.16,2,1,21,ISE,B.Tech,Tier 3,Tier 3,Female,No,1,Placed,1
9.49,72,75,38,87,73.3,4,2,24,ISE,B.Tech,Tier 1,Tier 1,Female,No,0,Placed,1
6.9,64,83,67,79,98.3,0,2,23,CSE,B.E.,Tier 1,Tier 1,Male,Yes,0,Placed,1
8.34,73,65,45,62,83.44,0,0,23,CSE,B.Tech,Tier 1,Tier 3,Male,Yes,0,Placed,1
7.31,63,79,52,62,75.33,3,1,21,CSE,B.Tech,Tier 2,Tier 2,Male,Yes,1,Placed,1
7.82,79,61,67,59,73.29,0,1,21,AI & ML,B.E.,Tier 3,Tier 3,Male,Yes,0,Placed,1
7.97,83,94,81,71,78.91,2,1,21,ISE,B.Tech,Tier 1,Tier 1,Male,No,0,Placed,1
7.12,70,71,67,78,65.0,2,2,21,CSE,B.Tech,Tier 2,Tier 2,Male,Yes,0,Not Placed,0
7.91,66,71,74,64,83.57,1,6,20,ECE,B.Tech,Tier 1,Tier 3,Male,No,0,Placed,1
6.4,67,83,65,62,76.43,0,2,23,CSE,B.Tech,Tier 2,Tier 3,Male,Yes,2,Not Placed,0
8.5,93,85,55,61,78.59,2,3,24,ISE,B.Tech,Tier 2,Tier 3,Male,Yes,0,Placed,1
7.75,60,50,79,51,89.23,0,3,22,CSE,B.Tech,Tier 3,Tier 2,Female,Yes,0,Not Placed,0
7.83,64,77,63,67,84.86,1,1,20,CSE,B.Tech,Tier 1,Tier 1,Female,Yes,0,Placed,1
8.91,85,62,73,53,92.44,1,0,23,ECE,B.E.,Tier 3,Tier 3,Male,Yes,0,Placed,1
8.26,99,64,63,52,75.47,0,2,22,ISE,B.Tech,Tier 2,Tier 2,Female,Yes,0,Placed,1
9.28,68,94,81,69,92.99,3,0,23,CSE,B.E.,Tier 3,Tier 2,Female,Yes,0,Placed,1
8.17,76,65,52,26,82.02,0,3,23,ECE,B.E.,Tier 2,Tier 2,Female,No,0,Not Placed,0
7.22,65,50,91,89,87.81,2,2,23,CSE,B.Tech,Tier 3,Tier 3,Male,No,0,Not Placed,0
6.23,60,55,71,100,82.88,1,1,21,EEE,B.Tech,Tier 3,Tier 1,Male,Yes,1,Placed,1
6.75,58,45,62,50,87.92,3,1,21,Mechanical,B.Tech,Tier 1,Tier 1,Female,Yes,0,Not Placed,0
8.34,88,74,71,81,76.11,6,3,20,Mechanical,B.E.,Tier 2,Tier 3,Female,No,0,Not Placed,0
10.0,79,100,79,90,86.19,2,2,22,CSE,B.Tech,Tier 2,Tier 2,Female,No,0,Placed,1
7.12,58,70,95,57,69.79,1,1,24,ECE,B.E.,Tier 1,Tier 2,Female,Yes,0,Placed,1
9.39,100,86,98,87,83.08,1,6,21,Data Science,B.Tech,Tier 3,Tier 1,Male,Yes,2,Placed,1
8.77,51,85,95,76,98.18,2,0,24,CSE,B.Tech,Tier 1,Tier 1,Male,No,1,Placed,1
6.85,78,62,44,69,93.47,1,1,20,Civil,B.Tech,Tier 1,Tier 1,Male,Yes,1,Not Placed,0
7.8,68,69,56,65,96.52,1,3,22,CSE,B.Tech,Tier 1,Tier 3,Male,Yes,0,Placed,1
7.79,66,90,89,84,71.99,0,2,21,CSE,B.Tech,Tier 2,Tier 2,Male,Yes,0,Placed,1
8.06,84,40,55,83,73.32,3,2,21,Civil,B.Tech,Tier 2,Tier 2,Male,Yes,2,Not Placed,0
8.35,83,51,73,64,100.0,2,1,20,Mechanical,B.Tech,Tier 1,Tier 3,Female,Yes,0,Placed,1
8.09,54,88,80,66,67.15,5,4,20,AI & ML,B.Tech,Tier 2,Tier 1,Female,Yes,0,Placed,1
8.24,82,73,51,60,87.36,2,3,20,AI & ML,B.E.,Tier 2,Tier 2,Male,Yes,0,Placed,1
7.15,63,53,48,77,78.06,1,1,23,ECE,B.Tech,Tier 1,Tier 1,Female,No,0,Placed,1
8.18,87,44,66,58,87.12,1,3,23,ECE,B.Tech,Tier 1,Tier 2,Female,No,0,Not Placed,0
7.77,68,68,46,71,81.48,4,2,22,EEE,B.Tech,Tier 1,Tier 1,Male,No,0,Placed,1
7.23,72,63,70,48,92.73,2,2,24,CSE,B.E.,Tier 2,Tier 1,Male,Yes,1,Placed,1
7.73,58,80,71,72,77.49,2,0,24,Mechanical,B.Tech,Tier 3,Tier 1,Female,No,0,Placed,1
8.09,66,100,65,85,76.54,4,3,22,ISE,B.Tech,Tier 1,Tier 3,Female,No,0,Not Placed,0
10.0,60,81,27,84,89.5,4,2,23,CSE,B.Tech,Tier 1,Tier 3,Male,Yes,0,Placed,1
8.42,54,66,59,44,82.06,6,0,21,Data Science,B.Tech,Tier 2,Tier 2,Female,Yes,3,Not Placed,0
8.09,77,69,57,72,97.16,2,4,22,Data Science,B.Tech,Tier 2,Tier 2,Female,No,0,Placed,1
9.43,85,100,76,70,74.04,1,3,21,Civil,B.E.,Tier 3,Tier 1,Male,No,1,Placed,1
10.0,80,82,72,81,68.32,3,1,21,Data Science,B.Tech,Tier 2,Tier 1,Female,Yes,1,Placed,1
6.13,74,77,56,82,80.96,1,3,22,ISE,B.Tech,Tier 3,Tier 2,Male,Yes,0,Placed,1
8.09,77,68,89,93,81.16,0,1,22,CSE,B.Tech,Tier 1,Tier 3,Female,No,0,Not Placed,0
7.91,66,43,45,50,93.0,1,2,23,EEE,B.E.,Tier 1,Tier 1,Female,No,0,Not Placed,0
7.58,73,67,62,47,77.5,2,1,21,CSE,B.Tech,Tier 2,Tier 2,Male,Yes,0,Not Placed,0
8.05,66,57,55,69,77.69,1,2,21,CSE,B.Tech,Tier 1,Tier 2,Male,Yes,0,Placed,1
7.77,65,75,66,73,90.07,3,0,24,CSE,B.E.,Tier 3,Tier 3,Female,Yes,0,Placed,1
8.98,81,63,79,43,77.98,6,1,20,Mechanical,B.E.,Tier 3,Tier 2,Female,Yes,1,Not Placed,0
8.5,96,93,91,63,82.21,2,0,24,AI & ML,B.Tech,Tier 1,Tier 1,Male,Yes,1,Not Placed,0
7.65,69,61,60,77,86.22,2,0,24,Data Science,B.Tech,Tier 2,Tier 1,Female,Yes,0,Not Placed,0
10.0,69,87,79,79,76.46,0,0,20,ISE,B.E.,Tier 1,Tier 2,Male,Yes,0,Placed,1
6.14,75,28,98,78,63.81,0,0,24,EEE,B.Tech,Tier 1,Tier 1,Male,Yes,1,Not Placed,0
8.5,68,48,56,89,82.97,0,2,23,EEE,B.Tech,Tier 3,Tier 1,Male,No,1,Not Placed,0
7.44,58,96,77,64,78.03,1,2,22,CSE,B.Tech,Tier 1,Tier 3,Male,Yes,0,Placed,1
7.98,69,89,82,75,88.11,4,1,20,CSE,B.Tech,Tier 2,Tier 1,Female,No,0,Placed,1
6.26,45,64,69,68,79.59,3,1,23,Mechanical,B.Tech,Tier 2,Tier 3,Female,No,0,Not Placed,0
6.59,62,81,51,59,97.91,0,2,23,CSE,B.Tech,Tier 2,Tier 3,Male,No,0,Not Placed,0
8.79,80,96,86,71,84.32,2,2,24,ECE,B.Tech,Tier 2,Tier 3,Male,Yes,1,Placed,1
8.13,54,79,60,76,85.72,3,0,22,ECE,B.Tech,Tier 2,Tier 3,Female,Yes,0,Placed,1
9.37,100,94,63,56,85.51,1,0,21,ECE,B.Tech,Tier 3,Tier 2,Male,No,2,Not Placed,0
8.65,56,92,86,73,70.24,1,2,20,CSE,B.E.,Tier 2,Tier 2,Female,Yes,0,Placed,1
9.57,72,76,55,38,72.56,1,1,23,AI & ML,B.Tech,Tier 2,Tier 3,Female,No,1,Not Placed,0
8.06,65,100,48,74,79.49,2,1,20,AI & ML,B.Tech,Tier 2,Tier 3,Male,Yes,0,Not Placed,0
5.45,34,46,50,81,80.89,4,5,24,EEE,B.Tech,Tier 2,Tier 3,Male,Yes,0,Not Placed,0
7.05,65,36,71,86,89.95,1,3,24,ECE,B.Tech,Tier 3,Tier 2,Male,Yes,0,Placed,1
7.52,64,73,93,79,80.75,1,2,22,AI & ML,B.E.,Tier 2,Tier 3,Male,No,0,Not Placed,0
7.36,82,60,75,60,72.72,1,4,20,CSE,B.Tech,Tier 2,Tier 2,Female,No,0,Not Placed,0
7.85,68,73,77,72,95.16,0,3,21,CSE,B.E.,Tier 3,Tier 3,Female,Yes,0,Placed,1
8.91,64,64,86,87,76.26,3,3,21,Civil,B.Tech,Tier 1,Tier 1,Female,No,0,Placed,1
8.94,76,80,73,91,100.0,2,5,23,ECE,B.E.,Tier 1,Tier 3,Female,Yes,0,Placed,1
6.34,45,75,52,67,91.51,1,1,20,ECE,B.E.,Tier 1,Tier 2,Male,No,0,Not Placed,0
7.28,75,89,72,55,77.81,2,0,23,Data Science,B.Tech,Tier 1,Tier 2,Female,No,0,Placed,1
7.91,48,76,98,71,93.88,2,2,20,Mechanical,B.Tech,Tier 1,Tier 1,Male,No,1,Not Placed,0
9.52,65,96,100,82,82.58,4,3,20,AI & ML,B.Tech,Tier 3,Tier 1,Female,Yes,0,Not Placed,0
7.71,36,68,51,66,83.58,4,1,23,ECE,B.Tech,Tier 1,Tier 1,Male,No,0,Placed,1
8.35,72,100,80,89,79.43,0,2,21,CSE,B.E.,Tier 1,Tier 3,Male,Yes,0,Placed,1
8.67,74,62,47,76,68.09,1,3,23,CSE,B.Tech,Tier 1,Tier 2,Male,Yes,0,Placed,1
9.35,76,63,33,56,81.67,2,1,23,Civil,B.E.,Tier 1,Tier 2,Male,Yes,0,Placed,1
8.68,66,77,74,57,83.75,4,1,21,EEE,B.E.,Tier 1,Tier 2,Male,Yes,0,Placed,1
8.94,89,100,71,46,69.53,0,2,22,CSE,B.Tech,Tier 2,Tier 2,Female,Yes,1,Placed,1
6.94,62,68,62,57,81.94,0,2,23,Data Science,B.E.,Tier 2,Tier 3,Female,Yes,0,Not Placed,0
7.47,85,56,34,60,69.18,0,0,24,AI & ML,B.Tech,Tier 2,Tier 1,Male,Yes,1,Not Placed,0
8.56,73,86,68,91,73.94,0,3,21,AI & ML,B.Tech,Tier 2,Tier 3,Male,No,0,Placed,1
7.75,56,64,61,67,73.29,1,3,24,EEE,B.Tech,Tier 2,Tier 3,Female,Yes,0,Placed,1
7.21,61,52,43,68,77.25,5,1,22,CSE,B.Tech,Tier 1,Tier 3,Female,Yes,0,Placed,1
6.82,61,85,82,41,81.1,3,2,22,AI & ML,B.E.,Tier 2,Tier 3,Female,Yes,0,Not Placed,0
7.68,90,73,50,45,93.95,2,1,23,Mechanical,B.Tech,Tier 1,Tier 2,Female,Yes,0,Placed,1
7.38,88,43,50,89,88.41,1,0,22,EEE,B.E.,Tier 2,Tier 2,Female,No,0,Placed,1
8.02,88,83,86,58,80.29,1,0,24,ECE,B.Tech,Tier 2,Tier 3,Female,No,0,Not Placed,0
8.41,60,48,57,87,79.05,4,2,21,ECE,B.Tech,Tier 1,Tier 2,Male,No,1,Placed,1
9.36,72,80,76,86,98.57,2,2,24,AI & ML,B.Tech,Tier 2,Tier 2,Female,Yes,1,Placed,1
8.84,70,65,52,42,82.52,2,2,24,AI & ML,B.Tech,Tier 2,Tier 2,Female,Yes,0,Placed,1
8.35,85,67,65,77,77.68,2,2,24,CSE,B.E.,Tier 2,Tier 2,Female,No,0,Placed,1
8.85,58,68,70,69,77.84,2,0,22,ECE,B.Tech,Tier 2,Tier 3,Male,No,1,Not Placed,0
8.37,35,98,55,84,78.64,0,2,24,CSE,B.Tech,Tier 1,Tier 2,Male,No,0,Placed,1
7.87,71,54,46,82,78.11,1,3,21,Data Science,B.Tech,Tier 1,Tier 1,Female,Yes,0,Placed,1
7.69,80,59,46,61,70.32,3,2,22,CSE,B.E.,Tier 3,Tier 1,Male,Yes,0,Not Placed,0
7.84,62,86,68,96,90.37,4,2,23,CSE,B.Tech,Tier 1,Tier 3,Male,Yes,1,Placed,1
7.9,64,65,81,59,97.64,3,2,23,ISE,B.E.,Tier 2,Tier 2,Male,No,2,Placed,1
7.76,67,30,32,91,100.0,1,2,24,Civil,B.Tech,Tier 2,Tier 2,Female,No,0,Placed,1
8.28,91,60,67,60,79.78,3,3,23,EEE,B.Tech,Tier 2,Tier 3,Female,No,1,Placed,1
7.0,73,46,51,44,78.85,1,1,22,AI & ML,B.E.,Tier 3,Tier 1,Male,Yes,0,Placed,1
7.26,67,84,71,85,78.75,2,1,20,Civil,B.Tech,Tier 1,Tier 3,Female,Yes,0,Placed,1
5.86,66,75,80,70,67.55,1,2,22,CSE,B.Tech,Tier 2,Tier 2,Female,Yes,0,Not Placed,0
7.57,79,31,46,65,74.7,2,4,22,EEE,B.E.,Tier 1,Tier 3,Female,No,0,Not Placed,0
7.18,53,46,54,78,85.04,1,2,20,CSE,B.Tech,Tier 2,Tier 2,Female,No,0,Not Placed,0
8.11,59,92,82,83,83.33,2,3,20,AI & ML,B.Tech,Tier 2,Tier 1,Female,Yes,1,Placed,1
7.82,65,100,89,56,80.31,3,1,20,Data Science,B.E.,Tier 2,Tier 1,Female,Yes,0,Not Placed,0
8.89,85,75,78,70,87.3,2,3,22,ECE,B.Tech,Tier 1,Tier 2,Male,Yes,1,Placed,1
9.05,76,80,55,71,77.42,4,0,20,AI & ML,B.E.,Tier 1,Tier 1,Female,No,0,Not Placed,0
7.63,78,75,78,74,76.45,2,0,22,EEE,B.Tech,Tier 1,Tier 3,Male,No,0,Placed,1
7.47,69,83,51,66,86.32,2,0,22,Data Science,B.Tech,Tier 3,Tier 3,Male,No,0,Not Placed,0
8.85,96,67,44,82,85.42,1,2,20,Mechanical,B.Tech,Tier 2,Tier 2,Female,No,0,Placed,1
9.31,77,92,82,82,96.9,1,3,22,ECE,B.Tech,Tier 3,Tier 1,Male,No,0,Placed,1
7.57,56,67,58,84,94.32,0,1,23,CSE,B.Tech,Tier 2,Tier 3,Male,Yes,0,Placed,1
7.6,61,77,40,58,76.16,2,1,21,CSE,B.Tech,Tier 2,Tier 2,Female,No,0,Not Placed,0
6.71,60,20,32,51,91.17,4,0,23,EEE,B.Tech,Tier 2,Tier 1,Female,Yes,0,Not Placed,0
6.88,72,67,59,67,86.26,1,0,24,ISE,B.Tech,Tier 3,Tier 1,Male,Yes,0,Placed,1
7.48,61,57,62,60,78.47,0,0,21,ECE,B.E.,Tier 2,Tier 3,Male,Yes,3,Not Placed,0
7.62,52,70,44,66,81.27,0,5,24,Data Science,B.Tech,Tier 1,Tier 2,Female,Yes,0,Not Placed,0
8.32,72,81,55,88,78.23,2,5,21,Data Science,B.Tech,Tier 2,Tier 2,Other,Yes,1,Placed,1
7.67,51,82,36,62,90.63,2,3,21,Data Science,B.E.,Tier 3,Tier 3,Male,No,1,Placed,1
8.78,88,71,71,34,80.77,3,4,20,EEE,B.Tech,Tier 1,Tier 3,Female,Yes,1,Placed,1
8.51,65,98,30,75,78.86,2,3,24,Data Science,B.Tech,Tier 2,Tier 2,Male,Yes,0,Not Placed,0
6.66,81,64,54,70,83.84,3,1,21,AI & ML,B.Tech,Tier 2,Tier 3,Male,No,3,Not Placed,0
8.07,80,64,56,73,85.37,2,3,20,EEE,B.Tech,Tier 2,Tier 1,Female,No,0,Placed,1
10.0,78,64,74,61,85.77,2,2,24,ECE,B.E.,Tier 2,Tier 1,Male,Yes,0,Placed,1
7.37,57,57,21,60,87.13,3,0,24,Mechanical,B.Tech,Tier 1,Tier 3,Male,No,0,Placed,1
8.78,52,98,77,60,78.64,2,2,20,ISE,B.Tech,Tier 3,Tier 3,Male,Yes,0,Placed,1
8.57,71,62,52,92,92.61,2,2,20,CSE,B.Tech,Tier 3,Tier 2,Male,Yes,0,Placed,1
7.8,67,61,56,81,83.92,3,2,20,Civil,B.Tech,Tier 3,Tier 2,Male,Yes,0,Not Placed,0
9.04,57,72,60,66,82.27,0,1,21,Mechanical,B.E.,Tier 2,Tier 3,Female,No,0,Placed,1
7.17,68,90,53,81,80.36,0,0,22,CSE,B.Tech,Tier 1,Tier 2,Female,Yes,0,Placed,1
6.43,53,61,80,60,78.05,2,1,20,EEE,B.Tech,Tier 3,Tier 1,Male,No,1,Not Placed,0
9.38,66,66,44,81,83.37,3,3,20,Mechanical,B.E.,Tier 3,Tier 2,Female,No,0,Placed,1
7.54,86,49,27,82,85.52,1,2,23,ECE,B.Tech,Tier 1,Tier 3,Male,Yes,1,Not Placed,0
7.97,74,72,74,74,70.44,4,3,21,CSE,B.Tech,Tier 2,Tier 2,Female,Yes,0,Placed,1
10.0,83,86,88,64,72.43,5,4,21,Data Science,B.Tech,Tier 3,Tier 2,Male,Yes,0,Placed,1
6.57,68,60,76,72,83.23,5,4,21,ECE,B.Tech,Tier 2,Tier 1,Male,Yes,2,Not Placed,0
9.66,93,59,25,48,80.48,2,0,23,ECE,B.Tech,Tier 1,Tier 3,Female,No,0,Placed,1
8.92,70,71,78,69,81.52,6,3,24,AI & ML,B.Tech,Tier 1,Tier 2,Male,No,0,Not Placed,0
8.27,82,69,74,88,81.97,3,0,24,ECE,B.Tech,Tier 1,Tier 3,Female,No,0,Not Placed,0
7.61,78,90,34,59,86.76,2,1,20,CSE,B.Tech,Tier 2,Tier 2,Female,Yes,3,Placed,1
9.84,59,82,86,44,76.13,3,3,24,AI & ML,B.Tech,Tier 3,Tier 2,Female,No,2,Placed,1
7.67,69,68,62,84,84.68,2,2,22,CSE,B.E.,Tier 3,Tier 2,Female,Yes,0,Placed,1
7.64,69,81,72,63,82.06,2,4,22,ISE,B.E.,Tier 1,Tier 2,Male,Yes,0,Placed,1
7.22,49,53,77,59,78.39,1,4,22,ECE,B.Tech,Tier 2,Tier 1,Male,Yes,0,Placed,1
7.93,77,93,82,88,89.56,0,4,21,ISE,B.Tech,Tier 1,Tier 2,Male,No,0,Not Placed,0
8.56,56,74,72,89,58.82,3,0,20,Mechanical,B.Tech,Tier 1,Tier 3,Male,No,0,Placed,1
7.9,86,60,86,53,87.67,1,5,24,ECE,B.Tech,Tier 2,Tier 1,Female,No,1,Placed,1
7.14,51,68,58,66,91.72,0,1,21,Data Science,B.Tech,Tier 2,Tier 2,Female,Yes,0,Placed,1
7.32,65,44,48,85,75.34,1,5,24,Civil,B.Tech,Tier 3,Tier 2,Female,No,0,Placed,1
7.32,48,81,54,85,87.16,2,1,22,EEE,B.Tech,Tier 1,Tier 1,Female,No,2,Not Placed,0
8.23,71,64,68,73,73.85,0,3,24,EEE,B.Tech,Tier 3,Tier 1,Male,Yes,1,Not Placed,0
6.76,77,59,56,51,81.18,0,2,20,ECE,B.Tech,Tier 3,Tier 3,Female,No,0,Not Placed,0
6.35,47,83,86,52,76.95,3,1,24,EEE,B.Tech,Tier 3,Tier 2,Other,Yes,0,Not Placed,0
7.06,52,72,46,54,85.27,3,0,20,Data Science,B.Tech,Tier 1,Tier 2,Male,Yes,1,Not Placed,0
9.4,61,75,70,68,85.29,0,5,21,AI & ML,B.Tech,Tier 2,Tier 3,Male,Yes,1,Not Placed,0
8.0,56,86,47,69,84.02,2,6,24,ECE,B.Tech,Tier 2,Tier 1,Male,No,0,Placed,1
8.23,85,63,59,53,79.01,0,2,20,ECE,B.Tech,Tier 3,Tier 3,Male,No,0,Not Placed,0
7.63,70,73,58,54,78.48,0,0,21,ECE,B.Tech,Tier 1,Tier 3,Female,Yes,0,Not Placed,0
8.37,73,93,37,55,98.12,1,0,21,Data Science,B.E.,Tier 1,Tier 3,Male,No,0,Not Placed,0
7.59,59,87,70,50,91.33,1,1,24,Data Science,B.Tech,Tier 2,Tier 3,Female,Yes,0,Placed,1
8.65,56,84,97,62,98.67,3,1,21,Data Science,B.Tech,Tier 2,Tier 2,Female,No,0,Placed,1
7.33,72,65,64,68,97.39,1,2,23,AI & ML,B.Tech,Tier 2,Tier 2,Male,No,0,Placed,1
8.2,68,60,79,73,78.86,1,3,21,AI & ML,B.Tech,Tier 2,Tier 1,Female,No,1,Placed,1
8.42,80,64,81,80,81.57,2,2,20,EEE,B.Tech,Tier 1,Tier 2,Female,No,0,Placed,1
7.64,55,79,48,65,98.08,2,4,20,EEE,B.Tech,Tier 2,Tier 2,Male,Yes,3,Placed,1
6.8,66,49,58,63,86.49,0,2,21,AI & ML,B.Tech,Tier 3,Tier 3,Female,Yes,0,Not Placed,0
9.64,79,89,62,82,67.46,2,0,22,Data Science,B.Tech,Tier 1,Tier 2,Male,No,0,Placed,1
9.14,78,72,61,46,72.62,1,2,22,ISE,B.Tech,Tier 3,Tier 2,Male,Yes,0,Placed,1
8.16,66,91,74,62,77.39,3,3,24,EEE,B.Tech,Tier 2,Tier 3,Male,Yes,0,Placed,1
9.14,100,75,87,92,73.72,1,1,24,EEE,B.E.,Tier 2,Tier 3,Male,No,0,Placed,1
6.71,52,58,85,52,95.39,3,2,21,CSE,B.E.,Tier 2,Tier 2,Female,No,0,Not Placed,0
7.16,57,59,69,68,83.19,1,1,24,ISE,B.E.,Tier 3,Tier 3,Male,No,0,Not Placed,0
9.42,100,77,80,59,73.19,3,5,20,AI & ML,B.Tech,Tier 2,Tier 3,Male,Yes,2,Placed,1
8.74,76,91,81,70,78.35,5,1,23,CSE,B.Tech,Tier 1,Tier 3,Female,Yes,0,Placed,1
6.39,65,70,59,75,82.29,2,1,20,Data Science,B.Tech,Tier 2,Tier 2,Male,Yes,0,Not Placed,0
5.23,59,62,54,76,79.02,2,1,24,CSE,B.E.,Tier 1,Tier 2,Male,No,0,Not Placed,0
8.85,58,63,55,67,71.24,2,2,24,AI & ML,B.Tech,Tier 2,Tier 2,Male,Yes,1,Placed,1
7.85,74,71,80,80,84.25,3,2,22,AI & ML,B.Tech,Tier 2,Tier 3,Female,No,0,Not Placed,0
8.19,62,46,86,86,76.41,1,2,20,CSE,B.E.,Tier 2,Tier 2,Male,No,0,Placed,1
8.78,77,78,51,68,84.4,4,3,22,ECE,B.Tech,Tier 1,Tier 3,Male,Yes,0,Placed,1
9.32,95,100,93,71,85.65,0,1,20,Data Science,B.Tech,Tier 3,Tier 3,Female,No,0,Placed,1
7.56,62,92,50,72,87.98,4,0,24,Mechanical,B.Tech,Tier 3,Tier 3,Male,No,0,Not Placed,0
6.2,47,77,45,50,86.21,0,1,21,EEE,B.E.,Tier 3,Tier 3,Female,Yes,0,Placed,1
8.15,76,60,84,59,85.69,1,3,24,AI & ML,B.Tech,Tier 2,Tier 2,Female,No,1,Not Placed,0
7.34,73,71,50,52,94.59,2,3,23,CSE,B.E.,Tier 2,Tier 3,Male,Yes,0,Placed,1
6.69,79,72,81,85,66.03,3,3,21,ECE,B.E.,Tier 3,Tier 2,Male,No,1,Not Placed,0
7.66,55,83,65,75,76.48,1,3,21,AI & ML,B.Tech,Tier 2,Tier 3,Male,No,0,Not Placed,0
9.02,45,72,83,82,92.39,3,1,23,ECE,B.Tech,Tier 2,Tier 2,Male,Yes,0,Placed,1
7.64,67,51,63,93,71.35,2,1,21,ISE,B.Tech,Tier 2,Tier 1,Other,Yes,0,Not Placed,0
7.26,40,65,47,72,87.89,1,1,23,ECE,B.Tech,Tier 2,Tier 3,Female,Yes,0,Placed,1
7.89,56,94,58,100,79.03,1,2,23,AI & ML,B.E.,Tier 3,Tier 3,Other,Yes,0,Not Placed,0
8.17,76,95,74,52,100.0,3,0,21,Data Science,B.E.,Tier 2,Tier 1,Male,Yes,2,Placed,1
8.31,73,66,49,78,85.74,1,2,21,Civil,B.Tech,Tier 3,Tier 2,Female,Yes,0,Not Placed,0
8.95,67,86,86,79,77.39,3,1,23,Mechanical,B.Tech,Tier 3,Tier 3,Male,No,0,Placed,1
9.49,70,50,54,45,90.61,1,3,23,ECE,B.E.,Tier 1,Tier 1,Male,Yes,0,Placed,1
8.26,70,86,51,78,56.44,2,0,24,Data Science,B.Tech,Tier 3,Tier 2,Female,Yes,1,Placed,1
7.3,68,60,69,60,89.71,2,3,24,ISE,B.Tech,Tier 2,Tier 2,Female,Yes,1,Not Placed,0
8.02,57,73,85,73,79.66,2,3,21,Mechanical,B.Tech,Tier 2,Tier 2,Male,Yes,1,Placed,1
7.98,69,84,66,61,89.01,2,5,21,EEE,B.Tech,Tier 1,Tier 2,Male,Yes,0,Placed,1
9.75,66,91,58,53,91.17,2,0,23,ISE,B.Tech,Tier 2,Tier 2,Male,No,2,Placed,1
6.52,58,67,70,69,82.97,1,4,23,CSE,B.E.,Tier 1,Tier 2,Female,Yes,1,Placed,1
7.13,75,71,57,60,87.04,1,2,23,CSE,B.Tech,Tier 1,Tier 2,Male,No,0,Placed,1
7.84,51,35,27,66,80.62,2,6,23,EEE,B.Tech,Tier 1,Tier 3,Female,No,0,Placed,1
8.49,75,54,58,44,74.46,2,2,23,CSE,B.Tech,Tier 2,Tier 2,Female,Yes,0,Placed,1
7.87,78,68,97,59,95.42,4,1,20,EEE,B.Tech,Tier 1,Tier 1,Male,Yes,1,Placed,1
8.58,62,74,55,71,82.06,2,2,23,CSE,B.Tech,Tier 3,Tier 2,Male,No,0,Placed,1
7.51,63,55,71,100,92.69,0,1,21,Mechanical,B.Tech,Tier 2,Tier 1,Female,Yes,0,Not Placed,0
8.16,95,81,75,79,81.46,3,2,23,Data Science,B.Tech,Tier 3,Tier 1,Male,No,2,Placed,1
7.15,76,63,48,76,80.43,4,5,20,CSE,B.Tech,Tier 2,Tier 2,Male,No,0,Placed,1
9.62,64,67,51,54,78.86,1,4,24,Data Science,B.Tech,Tier 3,Tier 1,Male,Yes,0,Placed,1
8.02,59,84,79,62,79.21,0,3,24,AI & ML,B.Tech,Tier 1,Tier 3,Male,No,0,Not Placed,0
7.63,48,84,64,52,100.0,2,1,24,CSE,B.Tech,Tier 2,Tier 3,Male,Yes,0,Not Placed,0
6.94,73,70,93,41,90.57,1,1,22,Data Science,B.E.,Tier 2,Tier 3,Male,No,0,Not Placed,0
7.54,81,68,74,52,82.81,1,1,21,Mechanical,B.E.,Tier 3,Tier 2,Female,Yes,0,Placed,1
7.73,71,52,94,52,85.23,2,2,21,Data Science,B.Tech,Tier 2,Tier 3,Male,Yes,1,Placed,1
7.06,79,100,77,60,80.54,2,2,20,Data Science,B.Tech,Tier 3,Tier 2,Male,No,0,Placed,1
8.63,85,90,81,75,82.81,3,2,21,CSE,B.E.,Tier 1,Tier 1,Female,Yes,0,Placed,1
7.43,62,66,78,43,87.85,1,3,20,CSE,B.Tech,Tier 3,Tier 1,Female,No,1,Not Placed,0
9.21,79,63,61,71,89.48,2,0,22,Data Science,B.Tech,Tier 1,Tier 2,Male,Yes,0,Placed,1
8.28,65,51,50,74,77.47,0,1,23,EEE,B.Tech,Tier 1,Tier 2,Female,Yes,0,Not Placed,0
8.29,74,89,68,76,77.82,3,3,21,Data Science,B.E.,Tier 2,Tier 3,Female,Yes,0,Placed,1
7.8,62,72,54,77,68.34,1,3,21,Civil,B.Tech,Tier 1,Tier 2,Female,No,0,Placed,1
7.27,66,98,80,59,80.35,1,2,23,CSE,B.E.,Tier 1,Tier 1,Female,No,0,Not Placed,0
8.56,78,81,87,85,71.89,3,1,22,CSE,B.Tech,Tier 3,Tier 2,Male,No,0,Placed,1
7.35,80,45,56,69,85.56,0,2,20,Mechanical,B.E.,Tier 2,Tier 2,Male,Yes,1,Placed,1
9.62,41,83,87,82,91.46,2,2,24,ISE,B.E.,Tier 2,Tier 3,Male,Yes,0,Placed,1
7.69,91,77,40,70,67.71,2,1,20,Data Science,B.Tech,Tier 3,Tier 2,Male,No,0,Placed,1
8.15,75,55,34,61,82.94,1,3,22,Data Science,B.Tech,Tier 2,Tier 3,Female,No,3,Not Placed,0
6.61,100,38,44,65,78.94,2,4,22,ECE,B.Tech,Tier 3,Tier 3,Male,Yes,0,Not Placed,0
8.47,60,79,71,71,83.21,4,2,23,CSE,B.E.,Tier 1,Tier 2,Female,Yes,0,Not Placed,0
8.17,79,70,96,78,83.88,2,1,22,AI & ML,B.Tech,Tier 2,Tier 2,Male,No,1,Placed,1
7.81,70,84,75,94,81.22,2,3,20,CSE,B.Tech,Tier 2,Tier 2,Female,Yes,0,Placed,1
8.2,74,70,76,92,79.16,1,2,22,CSE,B.E.,Tier 1,Tier 3,Male,Yes,0,Placed,1
7.96,67,54,27,74,78.93,1,2,24,AI & ML,B.Tech,Tier 1,Tier 3,Male,Yes,0,Placed,1
8.37,72,75,35,76,80.81,5,3,23,CSE,B.Tech,Tier 1,Tier 2,Male,Yes,0,Placed,1
7.8,79,70,89,77,81.49,4,0,23,Civil,B.E.,Tier 1,Tier 2,Male,No,0,Not Placed,0
6.47,80,44,67,43,75.49,1,1,23,CSE,B.Tech,Tier 2,Tier 3,Female,Yes,0,Not Placed,0
7.79,62,61,93,44,76.02,1,2,21,ECE,B.Tech,Tier 2,Tier 3,Male,No,2,Not Placed,0
8.25,84,40,70,56,82.16,3,0,24,ECE,B.Tech,Tier 1,Tier 3,Male,No,0,Not Placed,0
5.81,48,64,68,56,67.99,2,1,23,Mechanical,B.E.,Tier 2,Tier 2,Other,Yes,0,Not Placed,0
7.6,47,95,66,66,88.22,1,2,24,AI & ML,B.E.,Tier 2,Tier 2,Female,Yes,0,Placed,1
6.25,63,46,49,61,99.99,3,3,21,Data Science,B.E.,Tier 2,Tier 3,Female,No,0,Not Placed,0
6.33,76,77,50,74,67.24,0,0,23,Civil,B.Tech,Tier 1,Tier 1,Male,Yes,1,Not Placed,0
7.98,63,63,78,100,92.17,1,4,20,Mechanical,B.Tech,Tier 3,Tier 3,Female,No,1,Placed,1
6.93,61,69,58,66,85.35,3,0,24,CSE,B.Tech,Tier 2,Tier 2,Male,Yes,0,Placed,1
6.72,59,99,62,61,72.84,4,1,20,ECE,B.Tech,Tier 1,Tier 3,Female,No,0,Placed,1
7.65,73,79,63,60,85.48,3,3,21,AI & ML,B.E.,Tier 3,Tier 2,Male,No,0,Placed,1
8.04,85,75,84,77,63.22,2,0,21,ECE,B.Tech,Tier 3,Tier 1,Male,No,0,Placed,1
8.32,81,67,72,47,85.53,3,0,24,ISE,B.E.,Tier 2,Tier 3,Male,Yes,1,Not Placed,0
9.04,40,88,67,62,78.88,3,2,20,Mechanical,B.Tech,Tier 3,Tier 1,Female,No,2,Placed,1
7.07,49,52,56,61,76.77,2,1,24,ECE,B.E.,Tier 3,Tier 3,Male,No,0,Not Placed,0
8.16,81,95,76,82,77.42,3,4,21,Data Science,B.Tech,Tier 2,Tier 2,Male,Yes,0,Placed,1
7.64,89,76,64,55,63.82,1,1,24,AI & ML,B.Tech,Tier 3,Tier 2,Female,No,0,Not Placed,0
7.03,85,71,69,65,74.19,2,4,20,AI & ML,B.E.,Tier 1,Tier 2,Male,Yes,1,Placed,1
6.32,73,63,58,74,70.45,5,2,21,ISE,B.Tech,Tier 1,Tier 1,Female,Yes,0,Placed,1
8.46,53,53,42,62,90.22,2,0,21,Data Science,B.E.,Tier 3,Tier 3,Male,Yes,0,Placed,1
8.72,64,71,77,53,80.36,6,0,22,Data Science,B.E.,Tier 3,Tier 2,Male,No,0,Placed,1
7.34,79,93,77,73,81.21,3,1,23,CSE,B.Tech,Tier 1,Tier 2,Male,Yes,0,Placed,1
9.3,80,83,70,55,72.74,3,2,20,AI & ML,B.Tech,Tier 3,Tier 1,Female,No,0,Placed,1
7.57,76,75,68,69,84.38,5,2,22,ECE,B.Tech,Tier 3,Tier 3,Female,Yes,0,Placed,1
7.31,80,56,54,91,76.53,2,3,20,Mechanical,B.E.,Tier 2,Tier 2,Female,Yes,1,Not Placed,0
8.46,61,87,48,70,77.44,2,2,20,CSE,B.Tech,Tier 1,Tier 2,Male,No,2,Not Placed,0
6.75,59,71,74,46,88.18,3,0,24,ISE,B.Tech,Tier 2,Tier 2,Male,Yes,0,Placed,1
6.21,68,46,55,55,88.92,3,3,23,Mechanical,B.E.,Tier 2,Tier 3,Male,Yes,1,Not Placed,0
7.51,56,87,85,71,80.78,3,1,21,EEE,B.Tech,Tier 1,Tier 2,Female,No,0,Placed,1
6.89,81,74,71,84,77.0,2,0,24,CSE,B.Tech,Tier 1,Tier 2,Male,No,0,Placed,1
8.28,74,59,51,80,78.24,2,3,22,AI & ML,B.Tech,Tier 2,Tier 3,Female,No,0,Placed,1
7.46,91,63,62,77,89.95,3,5,23,EEE,B.E.,Tier 3,Tier 3,Female,No,0,Placed,1
8.82,81,80,80,69,91.24,3,4,24,AI & ML,B.Tech,Tier 1,Tier 2,Male,No,2,Placed,1
5.91,58,99,79,92,87.31,1,4,20,CSE,B.Tech,Tier 2,Tier 3,Female,Yes,3,Placed,1
7.74,77,91,82,53,84.79,2,5,23,ISE,B.Tech,Tier 3,Tier 2,Male,No,1,Not Placed,0
6.6,49,66,65,87,82.51,3,4,21,EEE,B.Tech,Tier 2,Tier 3,Male,Yes,2,Placed,1
7.33,64,67,48,56,74.68,3,1,20,AI & ML,B.Tech,Tier 1,Tier 2,Male,Yes,0,Not Placed,0
8.27,61,88,83,58,85.38,4,2,21,Mechanical,B.Tech,Tier 3,Tier 3,Male,No,0,Placed,1
8.08,99,76,50,63,84.81,0,3,20,Data Science,B.Tech,Tier 2,Tier 2,Male,Yes,0,Placed,1
8.4,56,76,53,78,79.86,6,1,24,ISE,B.Tech,Tier 1,Tier 2,Male,No,0,Placed,1
9.8,76,87,72,56,80.68,1,4,23,CSE,B.E.,Tier 2,Tier 1,Male,Yes,0,Placed,1
8.9,83,76,88,62,85.2,2,3,24,EEE,B.Tech,Tier 2,Tier 2,Male,No,0,Placed,1
9.58,82,65,54,80,94.76,3,3,24,CSE,B.E.,Tier 2,Tier 1,Male,No,0,Not Placed,0
9.26,73,69,87,57,95.27,1,1,21,CSE,B.Tech,Tier 2,Tier 2,Female,Yes,0,Placed,1
7.64,91,64,71,70,86.22,2,1,24,EEE,B.E.,Tier 2,Tier 1,Male,Yes,0,Placed,1
8.0,65,64,86,71,80.68,2,0,22,CSE,B.Tech,Tier 1,Tier 2,Male,No,0,Placed,1
8.57,90,100,76,54,73.53,1,5,21,Data Science,B.Tech,Tier 3,Tier 1,Female,Yes,2,Not Placed,0
8.8,67,84,81,82,70.36,1,0,21,CSE,B.Tech,Tier 3,Tier 3,Male,No,0,Placed,1
6.94,60,65,66,88,84.75,0,1,24,CSE,B.Tech,Tier 2,Tier 3,Male,No,0,Not Placed,0
7.22,61,66,67,61,91.26,1,1,23,Data Science,B.Tech,Tier 3,Tier 2,Male,No,0,Placed,1
8.36,82,78,72,55,86.16,0,0,22,CSE,B.Tech,Tier 2,Tier 3,Male,Yes,1,Not Placed,0
7.85,66,83,100,56,85.27,3,3,22,ISE,B.Tech,Tier 2,Tier 2,Male,No,0,Placed,1
6.53,57,64,49,44,91.32,4,1,20,EEE,B.E.,Tier 1,Tier 2,Male,No,0,Not Placed,0
7.29,49,61,67,67,79.62,2,1,20,Data Science,B.Tech,Tier 2,Tier 1,Male,Yes,0,Not Placed,0
7.26,61,64,46,66,82.49,3,3,23,ISE,B.Tech,Tier 1,Tier 3,Male,Yes,0,Placed,1
7.53,89,100,82,54,80.36,3,2,20,Data Science,B.E.,Tier 1,Tier 1,Male,No,1,Placed,1
7.3,63,42,56,67,75.53,2,2,24,EEE,B.Tech,Tier 1,Tier 2,Male,No,0,Not Placed,0
7.51,61,78,42,70,69.09,2,0,22,Data Science,B.E.,Tier 3,Tier 1,Female,No,1,Placed,1
9.32,74,79,44,65,97.21,2,2,23,Data Science,B.Tech,Tier 2,Tier 2,Male,Yes,0,Placed,1
8.82,79,32,59,49,86.01,2,1,20,ECE,B.Tech,Tier 2,Tier 2,Female,No,0,Not Placed,0
9.94,100,91,48,76,89.12,1,2,24,Data Science,B.Tech,Tier 1,Tier 3,Other,Yes,0,Placed,1
7.77,73,80,97,54,74.39,1,1,23,CSE,B.Tech,Tier 3,Tier 2,Female,Yes,0,Placed,1
8.27,69,61,50,65,93.98,5,3,22,ISE,B.Tech,Tier 2,Tier 3,Male,Yes,0,Placed,1
8.68,57,61,78,54,81.08,1,4,22,Mechanical,B.Tech,Tier 1,Tier 2,Male,Yes,0,Placed,1
8.12,83,48,61,55,85.9,2,2,24,ISE,B.E.,Tier 2,Tier 2,Female,No,1,Not Placed,0
8.83,80,80,50,78,89.06,3,0,24,Data Science,B.Tech,Tier 2,Tier 2,Male,Yes,0,Not Placed,0
6.9,81,69,48,54,72.08,2,1,21,EEE,B.E.,Tier 2,Tier 1,Male,Yes,0,Placed,1
7.59,69,100,88,79,84.99,5,2,21,AI & ML,B.E.,Tier 2,Tier 2,Male,Yes,0,Placed,1
7.87,74,75,68,92,74.92,2,4,22,ISE,B.Tech,Tier 2,Tier 2,Female,Yes,0,Placed,1
8.77,68,83,85,72,92.55,5,3,20,Data Science,B.Tech,Tier 1,Tier 3,Female,Yes,0,Placed,1
7.61,52,91,85,60,80.07,0,1,21,ISE,B.Tech,Tier 3,Tier 3,Male,Yes,0,Not Placed,0
7.76,99,71,65,69,74.69,1,0,20,Data Science,B.Tech,Tier 2,Tier 3,Male,Yes,0,Not Placed,0
9.05,90,88,52,74,89.81,1,1,24,EEE,B.Tech,Tier 3,Tier 2,Male,No,1,Placed,1
6.83,49,55,76,92,84.36,0,1,20,Mechanical,B.Tech,Tier 1,Tier 2,Female,No,0,Not Placed,0
6.61,59,55,66,50,97.49,3,6,22,ECE,B.E.,Tier 2,Tier 2,Female,Yes,0,Placed,1
6.68,56,47,37,70,78.65,5,3,20,ECE,B.Tech,Tier 2,Tier 2,Male,No,0,Not Placed,0
9.07,75,74,47,69,82.5,1,1,22,ECE,B.Tech,Tier 2,Tier 3,Male,No,1,Placed,1
8.81,64,91,83,66,86.19,2,1,23,AI & ML,B.E.,Tier 2,Tier 2,Female,Yes,0,Placed,1
7.86,92,47,18,70,79.48,1,2,21,ISE,B.Tech,Tier 3,Tier 3,Male,Yes,0,Not Placed,0
8.98,88,98,78,70,73.09,2,4,24,ECE,B.E.,Tier 2,Tier 1,Male,No,3,Placed,1
7.64,62,60,77,57,77.11,2,2,21,Data Science,B.E.,Tier 2,Tier 2,Male,No,1,Not Placed,0
9.0,78,76,42,71,79.49,1,2,21,CSE,B.Tech,Tier 3,Tier 2,Male,No,0,Placed,1
6.83,64,73,100,45,83.55,2,1,20,AI & ML,B.Tech,Tier 3,Tier 3,Male,No,1,Not Placed,0
6.52,48,76,66,59,79.37,0,3,20,ECE,B.Tech,Tier 1,Tier 2,Female,No,0,Not Placed,0
8.77,69,64,53,46,82.07,1,3,22,CSE,B.Tech,Tier 2,Tier 3,Female,Yes,1,Not Placed,0
8.6,85,66,42,70,79.43,4,2,24,ECE,B.Tech,Tier 1,Tier 1,Female,No,0,Placed,1
7.04,60,87,59,83,90.72,2,1,20,CSE,B.Tech,Tier 2,Tier 3,Female,Yes,1,Not Placed,0
7.58,67,43,59,62,80.67,1,6,20,CSE,B.Tech,Tier 1,Tier 1,Female,Yes,0,Placed,1
7.32,77,75,68,88,81.91,1,1,22,CSE,B.Tech,Tier 3,Tier 2,Male,No,3,Not Placed,0
7.63,70,67,64,100,83.27,4,3,20,AI & ML,B.Tech,Tier 2,Tier 3,Female,No,0,Placed,1
6.19,46,57,44,61,79.59,0,1,23,ECE,B.Tech,Tier 3,Tier 3,Male,No,0,Placed,1
6.96,66,52,56,47,60.76,4,2,22,CSE,B.E.,Tier 2,Tier 3,Male,Yes,2,Placed,1
8.47,68,100,94,49,65.73,3,3,20,ISE,B.Tech,Tier 1,Tier 3,Male,Yes,0,Placed,1
8.25,49,49,54,68,86.42,4,3,22,Mechanical,B.Tech,Tier 2,Tier 2,Male,Yes,0,Placed,1
9.73,84,99,68,98,80.14,4,2,24,AI & ML,B.E.,Tier 3,Tier 2,Male,Yes,3,Placed,1
8.15,72,82,51,56,82.08,3,1,21,ECE,B.E.,Tier 2,Tier 3,Male,Yes,0,Placed,1
6.26,66,69,58,72,83.67,5,1,22,AI & ML,B.Tech,Tier 1,Tier 2,Male,No,0,Placed,1
7.91,53,82,63,66,77.55,0,0,24,ECE,B.Tech,Tier 2,Tier 3,Female,Yes,1,Not Placed,0
6.78,57,51,72,51,68.7,2,2,22,Civil,B.Tech,Tier 3,Tier 1,Female,Yes,0,Placed,1
6.06,57,87,83,75,99.93,5,0,20,CSE,B.Tech,Tier 3,Tier 2,Male,Yes,0,Placed,1
6.18,59,43,48,53,78.38,1,2,23,ECE,B.Tech,Tier 2,Tier 2,Female,Yes,2,Not Placed,0
7.69,64,51,70,56,83.16,3,1,21,Civil,B.Tech,Tier 1,Tier 2,Male,Yes,1,Not Placed,0
8.91,65,92,100,54,79.03,0,4,21,ISE,B.E.,Tier 2,Tier 2,Female,No,0,Placed,1
8.71,90,53,56,84,84.68,1,3,22,ISE,B.Tech,Tier 2,Tier 1,Male,Yes,0,Placed,1
7.21,67,36,35,56,83.48,3,4,21,ECE,B.E.,Tier 2,Tier 2,Male,No,0,Not Placed,0
7.81,58,93,61,61,84.94,1,1,24,CSE,B.E.,Tier 2,Tier 1,Other,No,0,Placed,1
6.58,78,57,68,47,78.46,2,1,22,AI & ML,B.Tech,Tier 2,Tier 2,Male,Yes,0,Not Placed,0
7.94,66,79,49,70,79.47,0,2,21,AI & ML,B.Tech,Tier 3,Tier 2,Male,Yes,0,Not Placed,0
8.62,70,77,85,57,85.19,1,1,21,CSE,B.Tech,Tier 2,Tier 3,Female,Yes,0,Placed,1
6.45,63,76,85,76,76.37,3,4,20,ECE,B.Tech,Tier 1,Tier 1,Female,Yes,0,Placed,1
5.88,62,56,57,52,88.84,1,1,24,Civil,B.E.,Tier 2,Tier 2,Male,Yes,0,Placed,1
8.24,55,59,91,56,74.53,2,2,20,Data Science,B.Tech,Tier 3,Tier 2,Male,Yes,3,Not Placed,0
8.07,62,57,65,77,80.58,3,0,20,AI & ML,B.Tech,Tier 1,Tier 1,Female,Yes,0,Placed,1
6.72,48,53,34,66,81.8,3,3,20,CSE,B.Tech,Tier 1,Tier 2,Female,Yes,1,Placed,1
6.48,69,44,32,46,94.83,3,1,23,Mechanical,B.Tech,Tier 2,Tier 3,Male,Yes,0,Not Placed,0
8.21,75,93,73,68,85.3,2,1,21,Mechanical,B.Tech,Tier 2,Tier 1,Other,No,1,Placed,1
7.29,91,85,60,82,78.59,1,2,22,CSE,B.Tech,Tier 1,Tier 2,Female,Yes,1,Placed,1
7.56,71,56,77,63,91.62,2,2,23,CSE,B.E.,Tier 3,Tier 3,Male,Yes,0,Not Placed,0
7.51,66,41,58,64,84.21,3,3,22,CSE,B.Tech,Tier 1,Tier 2,Male,No,0,Not Placed,0
7.49,87,63,64,69,86.42,2,2,21,AI & ML,B.Tech,Tier 2,Tier 2,Male,Yes,2,Placed,1
7.41,62,69,67,51,81.59,3,2,21,CSE,B.Tech,Tier 2,Tier 3,Female,Yes,1,Placed,1
7.57,65,97,71,62,75.54,1,1,22,Data Science,B.Tech,Tier 1,Tier 3,Male,No,0,Not Placed,0
8.72,71,100,87,61,80.41,0,2,20,Data Science,B.Tech,Tier 3,Tier 1,Male,No,1,Placed,1
7.12,61,77,100,76,76.56,2,3,24,ECE,B.Tech,Tier 2,Tier 2,Male,Yes,1,Not Placed,0
8.83,61,97,74,76,81.86,0,1,22,Mechanical,B.E.,Tier 1,Tier 2,Female,Yes,0,Placed,1
7.14,47,91,71,86,82.86,0,1,24,CSE,B.Tech,Tier 2,Tier 2,Male,No,2,Placed,1
9.07,78,72,70,62,66.7,2,1,22,AI & ML,B.Tech,Tier 3,Tier 2,Female,Yes,0,Placed,1
8.41,73,100,64,61,85.77,2,3,22,Mechanical,B.Tech,Tier 2,Tier 2,Male,Yes,1,Placed,1
9.01,59,74,72,85,84.03,0,5,21,Data Science,B.Tech,Tier 1,Tier 3,Female,Yes,0,Not Placed,0
8.05,67,100,86,74,76.48,0,1,23,CSE,B.Tech,Tier 2,Tier 2,Female,Yes,1,Placed,1
6.35,71,61,80,83,87.77,3,0,20,EEE,B.Tech,Tier 1,Tier 1,Female,Yes,1,Placed,1
7.21,65,49,77,67,95.05,1,3,22,AI & ML,B.E.,Tier 1,Tier 2,Male,Yes,1,Placed,1
7.16,89,73,60,63,80.48,1,2,23,CSE,B.Tech,Tier 3,Tier 3,Male,No,0,Not Placed,0
8.35,61,53,47,63,76.75,3,2,21,ECE,B.Tech,Tier 2,Tier 2,Male,No,0,Not Placed,0
8.87,74,64,62,38,80.31,1,4,21,CSE,B.Tech,Tier 1,Tier 3,Female,Yes,0,Placed,1
7.11,52,88,60,64,88.84,2,3,23,AI & ML,B.Tech,Tier 3,Tier 1,Male,Yes,0,Not Placed,0
5.72,54,49,59,51,70.89,4,0,21,CSE,B.Tech,Tier 2,Tier 2,Male,No,3,Not Placed,0
8.83,67,78,83,64,87.42,2,2,24,AI & ML,B.Tech,Tier 1,Tier 3,Male,No,0,Not Placed,0
6.68,64,60,94,55,72.63,2,1,20,Mechanical,B.Tech,Tier 1,Tier 3,Male,Yes,0,Placed,1
8.05,60,73,54,98,93.94,3,0,20,Data Science,B.Tech,Tier 3,Tier 3,Male,No,0,Placed,1
7.23,71,59,75,76,78.22,3,2,22,ISE,B.Tech,Tier 3,Tier 2,Male,Yes,0,Placed,1
7.95,74,72,41,70,75.64,1,1,24,Data Science,B.Tech,Tier 2,Tier 3,Male,Yes,0,Placed,1
8.29,71,81,82,37,93.18,4,3,24,CSE,B.Tech,Tier 2,Tier 3,Male,Yes,0,Not Placed,0
8.27,68,90,73,69,86.92,2,1,24,ISE,B.Tech,Tier 2,Tier 2,Male,Yes,0,Placed,1
6.66,75,64,89,53,80.52,0,2,20,Data Science,B.Tech,Tier 1,Tier 1,Male,Yes,0,Not Placed,0
7.88,76,62,86,69,90.08,2,1,22,Mechanical,B.Tech,Tier 2,Tier 2,Female,Yes,2,Not Placed,0
7.52,59,84,87,66,81.93,1,3,24,ECE,B.Tech,Tier 2,Tier 2,Female,Yes,1,Placed,1
6.98,63,76,80,84,83.66,0,3,22,Mechanical,B.Tech,Tier 3,Tier 2,Female,Yes,0,Placed,1
8.47,50,94,82,49,86.4,1,1,20,AI & ML,B.Tech,Tier 3,Tier 1,Other,No,0,Placed,1
7.81,72,68,51,65,92.43,2,4,20,Data Science,B.Tech,Tier 2,Tier 1,Male,No,0,Placed,1
8.29,64,71,57,100,70.55,2,2,24,ECE,B.Tech,Tier 3,Tier 3,Male,Yes,0,Placed,1
5.92,59,70,97,93,87.99,0,5,21,ECE,B.E.,Tier 1,Tier 3,Male,No,0,Placed,1
6.74,66,68,63,48,67.01,1,2,20,Data Science,B.Tech,Tier 1,Tier 1,Female,No,0,Not Placed,0
9.23,62,57,75,75,76.11,3,6,21,CSE,B.Tech,Tier 2,Tier 2,Male,No,0,Not Placed,0
7.58,70,59,49,68,93.8,1,1,21,CSE,B.Tech,Tier 1,Tier 1,Male,Yes,0,Placed,1
7.98,61,94,68,74,82.29,1,4,24,CSE,B.Tech,Tier 1,Tier 2,Male,No,0,Placed,1
6.32,46,57,97,72,78.09,4,4,23,AI & ML,B.Tech,Tier 2,Tier 3,Female,No,0,Not Placed,0
7.53,41,70,70,58,86.6,1,2,22,EEE,B.Tech,Tier 2,Tier 2,Female,Yes,0,Not Placed,0
8.19,62,85,74,65,81.71,4,3,24,ECE,B.Tech,Tier 2,Tier 3,Male,Yes,1,Placed,1
8.13,67,56,65,55,73.55,1,0,23,ECE,B.Tech,Tier 2,Tier 1,Male,Yes,0,Not Placed,0
7.78,45,83,67,61,95.47,1,3,22,AI & ML,B.E.,Tier 2,Tier 2,Female,No,0,Placed,1
7.86,75,34,46,78,63.08,0,3,24,EEE,B.E.,Tier 2,Tier 2,Male,No,0,Placed,1
7.33,62,88,62,69,80.06,3,2,20,Data Science,B.Tech,Tier 2,Tier 2,Male,Yes,0,Not Placed,0
8.61,66,73,69,72,77.88,3,2,22,EEE,B.Tech,Tier 2,Tier 2,Female,No,3,Placed,1
8.35,49,46,51,58,85.52,3,4,23,ECE,B.Tech,Tier 3,Tier 2,Male,Yes,0,Not Placed,0
7.63,87,77,80,65,71.52,2,0,22,Data Science,B.E.,Tier 3,Tier 2,Male,Yes,1,Placed,1
7.77,72,64,60,82,78.08,5,3,24,AI & ML,B.E.,Tier 3,Tier 3,Male,No,0,Placed,1
7.32,66,57,77,40,96.83,2,0,24,CSE,B.Tech,Tier 1,Tier 2,Male,No,0,Not Placed,0
9.04,100,96,92,59,89.82,6,1,21,EEE,B.Tech,Tier 2,Tier 2,Male,Yes,0,Placed,1
7.75,52,54,88,85,75.91,3,5,23,Data Science,B.E.,Tier 3,Tier 3,Male,Yes,0,Placed,1
7.59,70,90,63,67,87.37,2,6,21,CSE,B.Tech,Tier 2,Tier 2,Male,Yes,0,Placed,1
7.78,68,96,74,84,86.88,1,3,22,ISE,B.Tech,Tier 1,Tier 1,Male,Yes,0,Placed,1
8.72,97,97,100,58,84.02,1,1,21,Data Science,B.Tech,Tier 1,Tier 3,Male,Yes,0,Placed,1
6.9,71,81,79,74,79.84,4,3,22,AI & ML,B.Tech,Tier 3,Tier 2,Male,No,0,Not Placed,0
7.62,72,80,83,54,74.31,6,0,22,Data Science,B.E.,Tier 3,Tier 2,Male,Yes,2,Not Placed,0
9.14,69,96,85,69,72.96,3,2,21,EEE,B.E.,Tier 3,Tier 2,Female,Yes,0,Placed,1
8.72,60,79,61,79,83.38,2,2,22,AI & ML,B.Tech,Tier 2,Tier 2,Female,No,2,Placed,1
9.06,58,86,60,82,92.17,3,2,20,ISE,B.Tech,Tier 1,Tier 2,Male,Yes,2,Placed,1
6.27,55,95,97,68,88.42,2,3,23,ISE,B.E.,Tier 3,Tier 2,Female,Yes,0,Placed,1
7.24,72,83,91,80,81.0,1,2,23,AI & ML,B.Tech,Tier 2,Tier 2,Male,No,1,Placed,1
7.93,75,56,87,76,87.39,3,2,22,Mechanical,B.Tech,Tier 3,Tier 2,Male,Yes,0,Placed,1
8.13,47,72,100,84,71.97,2,2,23,Mechanical,B.E.,Tier 2,Tier 3,Male,No,0,Placed,1
8.23,70,69,76,64,85.53,2,2,22,Mechanical,B.Tech,Tier 2,Tier 2,Male,Yes,0,Placed,1
7.7,73,72,68,71,88.18,3,1,20,EEE,B.Tech,Tier 2,Tier 3,Male,No,1,Not Placed,0
7.6,74,62,54,59,73.7,3,1,23,CSE,B.E.,Tier 2,Tier 1,Female,Yes,0,Placed,1
7.84,69,83,75,71,74.42,0,4,24,Mechanical,B.Tech,Tier 2,Tier 2,Male,Yes,0,Placed,1
6.91,61,62,69,61,68.18,3,1,23,Civil,B.Tech,Tier 2,Tier 2,Female,No,1,Not Placed,0
8.02,87,83,61,62,81.24,3,2,23,AI & ML,B.Tech,Tier 2,Tier 3,Female,No,0,Placed,1
7.2,59,59,52,59,76.78,2,1,22,ECE,B.E.,Tier 3,Tier 1,Female,Yes,1,Placed,1
5.25,25,47,71,40,79.31,4,6,21,AI & ML,B.Tech,Tier 2,Tier 2,Male,No,0,Placed,1
7.36,53,47,69,70,82.47,3,7,23,Mechanical,B.Tech,Tier 1,Tier 3,Male,Yes,0,Placed,1
8.41,69,66,26,69,93.15,6,3,22,Mechanical,B.Tech,Tier 1,Tier 3,Female,No,0,Placed,1
8.51,62,75,73,68,84.05,5,1,22,ISE,B.E.,Tier 2,Tier 3,Female,Yes,1,Placed,1
7.38,66,92,79,62,90.49,2,2,24,CSE,B.Tech,Tier 3,Tier 3,Female,No,1,Placed,1
7.08,51,53,47,62,77.77,2,5,23,Civil,B.Tech,Tier 2,Tier 2,Female,No,0,Not Placed,0
6.2,72,80,93,67,80.99,3,0,20,Mechanical,B.Tech,Tier 1,Tier 2,Male,No,0,Not Placed,0
8.54,73,68,77,86,78.09,3,4,21,ECE,B.Tech,Tier 3,Tier 2,Male,No,0,Placed,1
7.32,61,46,64,83,77.54,2,2,22,Mechanical,B.E.,Tier 2,Tier 3,Male,Yes,0,Placed,1
8.09,78,25,48,100,91.18,1,3,23,Mechanical,B.E.,Tier 2,Tier 3,Male,Yes,0,Not Placed,0
8.34,73,64,73,69,82.28,4,1,22,Data Science,B.E.,Tier 1,Tier 3,Male,No,0,Placed,1
8.81,62,97,79,76,88.49,3,4,23,CSE,B.E.,Tier 3,Tier 2,Male,Yes,0,Placed,1
7.92,83,35,43,85,83.08,2,3,24,ECE,B.Tech,Tier 3,Tier 3,Male,Yes,0,Not Placed,0
7.12,53,72,79,62,86.25,3,3,21,Data Science,B.Tech,Tier 2,Tier 2,Male,Yes,0,Not Placed,0
8.55,79,72,90,88,89.78,1,1,22,CSE,B.Tech,Tier 2,Tier 1,Male,No,0,Placed,1
6.92,65,63,95,66,73.78,2,5,20,CSE,B.Tech,Tier 3,Tier 2,Male,Yes,0,Not Placed,0
8.33,88,100,61,84,86.46,2,1,20,Civil,B.Tech,Tier 1,Tier 3,Male,No,1,Placed,1
9.56,80,100,64,67,72.03,0,2,20,Mechanical,B.Tech,Tier 1,Tier 2,Male,Yes,0,Placed,1
9.05,60,99,70,91,87.18,1,1,23,Data Science,B.E.,Tier 1,Tier 2,Female,Yes,0,Placed,1
9.56,80,64,78,89,81.51,1,2,20,ECE,B.E.,Tier 2,Tier 1,Male,No,1,Placed,1
6.82,59,48,34,85,96.02,3,6,21,AI & ML,B.Tech,Tier 1,Tier 3,Male,Yes,0,Not Placed,0
6.93,86,65,75,49,83.96,1,2,24,Mechanical,B.E.,Tier 2,Tier 3,Female,Yes,1,Placed,1
5.89,58,57,47,53,94.17,2,4,21,CSE,B.E.,Tier 2,Tier 3,Male,No,1,Placed,1
8.02,64,74,78,83,71.89,6,2,20,CSE,B.E.,Tier 2,Tier 3,Male,Yes,1,Placed,1
7.51,68,37,57,85,88.91,1,2,24,ECE,B.Tech,Tier 3,Tier 1,Male,Yes,1,Not Placed,0
9.13,95,98,59,55,85.27,2,1,23,Mechanical,B.Tech,Tier 3,Tier 2,Male,No,0,Placed,1
7.23,55,53,46,60,89.47,2,4,21,AI & ML,B.Tech,Tier 3,Tier 3,Male,Yes,0,Not Placed,0
7.44,73,64,59,43,85.79,4,3,23,CSE,B.Tech,Tier 1,Tier 2,Male,Yes,2,Placed,1
7.16,48,74,57,73,69.85,3,2,23,EEE,B.E.,Tier 2,Tier 2,Female,No,0,Placed,1
6.61,56,59,44,59,94.72,2,1,24,Data Science,B.Tech,Tier 1,Tier 1,Female,Yes,0,Not Placed,0
7.8,97,71,69,67,87.63,3,1,23,ISE,B.Tech,Tier 2,Tier 3,Male,Yes,1,Placed,1
7.7,78,77,53,91,84.66,2,1,21,Mechanical,B.Tech,Tier 1,Tier 3,Female,Yes,0,Not Placed,0
8.54,85,71,43,70,93.59,3,1,20,CSE,B.Tech,Tier 3,Tier 3,Male,No,0,Placed,1
6.96,56,85,75,70,71.5,2,2,20,AI & ML,B.Tech,Tier 3,Tier 2,Male,No,1,Placed,1
7.52,62,100,66,89,83.5,4,4,20,CSE,B.Tech,Tier 2,Tier 1,Female,Yes,0,Placed,1
7.48,80,56,86,66,75.18,1,0,24,ISE,B.E.,Tier 1,Tier 3,Male,Yes,0,Not Placed,0
6.32,45,51,75,71,79.37,3,1,22,EEE,B.E.,Tier 2,Tier 1,Male,Yes,0,Placed,1
8.5,58,65,67,57,85.26,3,2,24,Data Science,B.Tech,Tier 2,Tier 3,Male,No,0,Not Placed,0
9.21,82,100,67,69,73.31,3,1,21,CSE,B.Tech,Tier 1,Tier 2,Male,No,0,Placed,1
8.43,82,49,49,44,83.55,0,1,21,Civil,B.Tech,Tier 2,Tier 3,Female,Yes,0,Placed,1
8.73,75,57,58,68,71.16,4,2,23,Civil,B.Tech,Tier 2,Tier 3,Male,Yes,1,Not Placed,0
6.42,73,59,62,79,89.35,1,1,23,CSE,B.Tech,Tier 2,Tier 1,Male,Yes,0,Placed,1
8.06,79,91,83,55,91.69,1,0,24,EEE,B.Tech,Tier 2,Tier 2,Female,Yes,1,Placed,1
8.19,79,99,92,49,73.05,2,3,20,ISE,B.Tech,Tier 1,Tier 2,Male,Yes,0,Placed,1
7.81,63,75,80,65,84.04,3,3,22,CSE,B.E.,Tier 2,Tier 2,Male,No,0,Placed,1
7.32,90,48,72,53,91.54,3,3,24,CSE,B.Tech,Tier 3,Tier 2,Male,Yes,0,Placed,1
6.62,82,62,87,67,66.71,3,2,24,EEE,B.Tech,Tier 1,Tier 3,Female,Yes,0,Placed,1
7.77,64,57,47,91,84.08,2,2,23,EEE,B.Tech,Tier 2,Tier 3,Male,No,0,Placed,1
9.36,91,100,89,70,93.53,2,1,22,CSE,B.Tech,Tier 2,Tier 2,Male,No,1,Placed,1
7.99,68,70,65,59,85.35,1,1,21,Data Science,B.E.,Tier 3,Tier 3,Male,Yes,0,Placed,1
5.67,55,43,74,58,80.46,2,3,21,Mechanical,B.Tech,Tier 1,Tier 1,Male,No,1,Placed,1
8.86,81,82,75,72,76.27,2,1,21,Data Science,B.Tech,Tier 3,Tier 1,Female,Yes,0,Placed,1
8.3,71,99,100,83,75.67,2,3,23,AI & ML,B.E.,Tier 2,Tier 1,Male,No,0,Placed,1
6.99,51,100,58,74,89.42,1,5,21,Data Science,B.Tech,Tier 1,Tier 3,Male,No,0,Placed,1
7.58,70,75,82,64,82.92,1,2,22,EEE,B.E.,Tier 1,Tier 3,Male,Yes,1,Placed,1
7.81,80,85,55,94,83.36,2,2,24,AI & ML,B.E.,Tier 2,Tier 3,Male,Yes,0,Not Placed,0
7.28,57,57,52,67,75.93,5,2,23,AI & ML,B.E.,Tier 2,Tier 3,Female,No,0,Not Placed,0
8.09,77,64,46,79,93.84,2,2,23,ECE,B.Tech,Tier 1,Tier 3,Male,No,1,Not Placed,0
8.59,78,60,59,58,72.0,1,3,20,AI & ML,B.Tech,Tier 3,Tier 3,Female,No,0,Placed,1
7.87,87,100,67,77,77.72,2,1,20,ISE,B.Tech,Tier 3,Tier 3,Female,No,3,Not Placed,0
7.51,79,70,61,80,79.35,1,2,23,ECE,B.Tech,Tier 1,Tier 1,Male,No,1,Not Placed,0
6.67,56,60,81,66,66.89,3,2,20,ISE,B.Tech,Tier 2,Tier 1,Male,Yes,1,Placed,1
8.57,62,78,60,84,87.14,0,2,23,Data Science,B.Tech,Tier 2,Tier 2,Male,Yes,0,Placed,1
7.67,58,58,89,58,69.02,1,3,24,CSE,B.Tech,Tier 3,Tier 2,Male,No,0,Not Placed,0
7.45,81,52,75,66,85.52,2,1,21,Mechanical,B.Tech,Tier 2,Tier 1,Male,No,0,Placed,1
7.17,81,56,91,85,74.72,3,1,21,CSE,B.Tech,Tier 2,Tier 2,Male,Yes,0,Not Placed,0
6.6,64,69,54,79,71.42,2,8,21,Civil,B.Tech,Tier 1,Tier 2,Female,Yes,0,Placed,1
6.57,64,64,51,50,72.33,6,5,23,AI & ML,B.E.,Tier 1,Tier 1,Female,No,0,Placed,1
7.54,58,59,47,63,84.12,1,0,21,CSE,B.Tech,Tier 3,Tier 1,Female,Yes,0,Not Placed,0
8.19,78,58,79,76,96.64,1,3,23,Mechanical,B.Tech,Tier 1,Tier 1,Male,Yes,3,Not Placed,0
8.21,67,70,78,50,81.19,5,1,24,Data Science,B.E.,Tier 1,Tier 3,Male,No,1,Placed,1
9.19,82,66,50,78,91.01,3,0,20,ECE,B.Tech,Tier 2,Tier 1,Male,Yes,0,Placed,1
7.66,73,54,15,31,75.19,1,0,22,CSE,B.Tech,Tier 3,Tier 3,Female,No,2,Not Placed,0
6.88,55,78,71,46,90.26,1,0,20,AI & ML,B.Tech,Tier 1,Tier 1,Female,Yes,0,Not Placed,0
9.19,75,57,62,54,82.01,2,4,20,Data Science,B.Tech,Tier 1,Tier 3,Male,Yes,0,Placed,1
7.86,72,46,38,56,93.51,3,1,22,ECE,B.Tech,Tier 3,Tier 3,Male,Yes,0,Placed,1
7.89,72,78,50,70,93.11,0,2,20,EEE,B.Tech,Tier 2,Tier 3,Male,Yes,1,Placed,1
7.91,67,67,67,58,73.61,4,2,24,CSE,B.E.,Tier 3,Tier 3,Male,No,0,Not Placed,0
6.94,55,70,58,69,93.84,2,1,21,Data Science,B.Tech,Tier 2,Tier 2,Female,Yes,0,Placed,1
5.85,58,64,68,47,78.6,0,4,24,EEE,B.Tech,Tier 1,Tier 3,Male,No,2,Not Placed,0
8.97,70,89,69,81,90.73,1,2,22,CSE,B.Tech,Tier 1,Tier 2,Female,No,0,Placed,1
8.06,44,83,61,68,84.21,3,2,24,ISE,B.Tech,Tier 1,Tier 3,Male,No,0,Placed,1
8.0,76,62,29,52,80.12,3,2,23,Mechanical,B.E.,Tier 2,Tier 3,Female,Yes,1,Placed,1
6.12,56,60,62,58,78.16,2,3,24,ECE,B.Tech,Tier 2,Tier 2,Male,No,0,Not Placed,0
9.92,73,100,71,67,82.15,1,0,23,CSE,B.Tech,Tier 1,Tier 2,Female,No,1,Placed,1
7.79,79,49,54,63,84.19,1,0,23,ECE,B.Tech,Tier 2,Tier 3,Male,Yes,2,Not Placed,0
7.93,76,72,59,73,67.54,4,1,23,AI & ML,B.E.,Tier 3,Tier 3,Male,Yes,0,Not Placed,0
7.37,61,88,92,40,78.59,3,0,20,ISE,B.E.,Tier 3,Tier 3,Female,Yes,0,Placed,1
7.7,78,79,61,77,80.44,1,1,21,CSE,B.Tech,Tier 2,Tier 3,Male,Yes,1,Placed,1
8.92,69,61,78,46,86.11,0,1,24,CSE,B.Tech,Tier 3,Tier 3,Male,Yes,0,Placed,1
6.69,46,43,32,54,71.06,1,2,20,ECE,B.Tech,Tier 1,Tier 3,Male,No,1,Placed,1
7.63,71,72,76,79,68.2,3,2,21,CSE,B.E.,Tier 1,Tier 2,Female,Yes,0,Placed,1
10.0,82,65,79,59,86.71,1,1,24,Data Science,B.Tech,Tier 1,Tier 1,Male,Yes,1,Placed,1
7.4,61,97,75,60,93.84,4,4,21,AI & ML,B.Tech,Tier 1,Tier 1,Male,Yes,1,Placed,1
8.63,86,83,84,72,100.0,2,3,20,CSE,B.E.,Tier 3,Tier 1,Male,No,0,Not Placed,0
8.28,62,95,57,84,82.94,2,3,22,Data Science,B.E.,Tier 3,Tier 1,Male,Yes,0,Placed,1
7.49,59,86,31,70,76.6,2,2,21,ISE,B.Tech,Tier 3,Tier 3,Female,Yes,0,Placed,1
6.05,65,70,71,60,79.0,2,0,24,Mechanical,B.Tech,Tier 1,Tier 1,Male,Yes,0,Placed,1
7.43,67,87,60,90,70.25,3,8,21,Data Science,B.Tech,Tier 2,Tier 1,Female,Yes,2,Placed,1
7.2,70,93,77,70,86.41,2,2,21,Civil,B.Tech,Tier 3,Tier 2,Female,Yes,0,Placed,1
8.46,88,80,78,65,63.18,1,2,22,Civil,B.Tech,Tier 2,Tier 3,Male,Yes,0,Placed,1
8.43,54,56,77,68,80.09,2,5,20,ECE,B.Tech,Tier 3,Tier 2,Male,Yes,0,Not Placed,0
7.4,70,67,80,64,71.98,2,0,21,Civil,B.E.,Tier 2,Tier 3,Male,Yes,0,Placed,1
7.56,59,62,59,60,79.0,2,3,24,ISE,B.Tech,Tier 3,Tier 2,Female,Yes,0,Not Placed,0
7.64,66,49,71,75,96.03,3,1,20,ECE,B.Tech,Tier 1,Tier 3,Male,Yes,0,Placed,1
6.25,75,52,62,96,70.45,5,0,21,AI & ML,B.Tech,Tier 3,Tier 3,Male,Yes,0,Placed,1
8.32,62,83,74,69,77.76,0,0,23,ISE,B.E.,Tier 2,Tier 2,Female,No,1,Not Placed,0
8.17,67,90,50,55,74.22,3,2,23,CSE,B.Tech,Tier 2,Tier 2,Female,Yes,0,Not Placed,0
9.35,82,90,34,92,83.87,1,4,20,Data Science,B.E.,Tier 3,Tier 3,Male,No,1,Placed,1
7.57,60,88,81,77,74.44,1,2,24,AI & ML,B.Tech,Tier 2,Tier 1,Male,No,1,Not Placed,0
6.81,72,82,66,66,77.21,2,2,23,CSE,B.E.,Tier 2,Tier 2,Female,Yes,1,Placed,1
8.13,74,61,50,88,77.6,3,1,22,ECE,B.Tech,Tier 1,Tier 3,Female,Yes,0,Placed,1
7.75,60,53,50,59,69.39,1,2,23,Data Science,B.Tech,Tier 2,Tier 2,Female,No,0,Placed,1
6.71,83,73,70,53,74.1,2,1,21,Data Science,B.E.,Tier 1,Tier 1,Female,Yes,0,Not Placed,0
7.61,72,79,32,73,98.71,0,2,21,AI & ML,B.Tech,Tier 3,Tier 2,Female,Yes,0,Placed,1
6.5,57,85,81,61,84.13,1,3,23,AI & ML,B.Tech,Tier 1,Tier 3,Male,Yes,1,Not Placed,0
9.12,81,72,81,61,74.58,1,3,24,AI & ML,B.Tech,Tier 2,Tier 2,Male,Yes,0,Not Placed,0
9.37,94,84,53,48,87.28,6,2,21,Data Science,B.Tech,Tier 1,Tier 3,Female,No,0,Placed,1
6.34,66,37,59,75,92.6,1,2,23,CSE,B.Tech,Tier 1,Tier 2,Male,No,0,Placed,1
5.94,42,59,62,70,92.72,3,6,24,EEE,B.E.,Tier 2,Tier 3,Male,No,2,Not Placed,0
5.68,67,49,37,63,81.03,3,1,21,CSE,B.Tech,Tier 2,Tier 2,Male,Yes,0,Placed,1
8.34,73,100,89,46,74.63,2,2,20,ISE,B.Tech,Tier 2,Tier 3,Male,No,0,Placed,1
7.62,70,65,51,85,89.79,1,0,20,Data Science,B.Tech,Tier 2,Tier 2,Male,Yes,0,Placed,1
7.31,79,71,63,73,90.89,1,1,22,Mechanical,B.E.,Tier 2,Tier 2,Female,Yes,0,Not Placed,0
8.43,71,65,42,77,68.23,1,1,24,Civil,B.Tech,Tier 3,Tier 3,Male,No,0,Placed,1
7.28,64,84,74,66,82.17,1,2,22,ISE,B.Tech,Tier 1,Tier 1,Male,Yes,1,Placed,1
7.89,88,72,73,100,79.88,2,1,21,EEE,B.Tech,Tier 2,Tier 2,Male,No,0,Not Placed,0
8.79,81,100,54,55,86.41,4,0,23,Data Science,B.Tech,Tier 2,Tier 2,Male,No,1,Placed,1
7.77,93,94,49,64,70.48,1,2,20,AI & ML,B.Tech,Tier 3,Tier 2,Female,No,1,Not Placed,0
9.29,85,76,91,81,84.96,0,3,21,ECE,B.Tech,Tier 2,Tier 3,Male,Yes,0,Placed,1
8.19,94,89,82,80,80.77,2,2,24,ECE,B.E.,Tier 1,Tier 2,Male,Yes,1,Not Placed,0
6.06,49,55,59,59,100.0,1,3,24,Civil,B.Tech,Tier 2,Tier 2,Female,No,0,Not Placed,0
9.28,63,80,71,70,79.05,2,3,22,ECE,B.Tech,Tier 1,Tier 2,Female,No,0,Not Placed,0
8.79,56,94,68,83,82.36,2,2,23,CSE,B.Tech,Tier 2,Tier 3,Male,No,0,Placed,1
7.39,85,78,91,65,77.92,1,1,22,ECE,B.Tech,Tier 3,Tier 3,Female,Yes,1,Not Placed,0
7.66,71,62,61,67,84.19,2,0,22,Mechanical,B.E.,Tier 3,Tier 2,Male,Yes,1,Placed,1
7.95,54,90,81,61,85.23,3,2,23,ISE,B.Tech,Tier 3,Tier 2,Other,Yes,0,Placed,1
8.52,87,78,59,75,70.29,1,1,20,Civil,B.Tech,Tier 1,Tier 1,Female,No,0,Placed,1
7.74,62,71,93,79,95.64,2,2,22,EEE,B.Tech,Tier 3,Tier 1,Female,Yes,0,Placed,1
9.33,81,84,74,65,85.43,1,2,23,AI & ML,B.Tech,Tier 1,Tier 1,Female,No,0,Placed,1
8.82,77,61,78,38,83.75,1,3,22,CSE,B.Tech,Tier 3,Tier 2,Male,Yes,0,Placed,1
7.56,75,78,85,73,90.17,0,0,24,AI & ML,B.E.,Tier 2,Tier 2,Female,No,1,Not Placed,0
8.88,62,79,100,57,74.45,2,5,23,Data Science,B.Tech,Tier 1,Tier 2,Female,Yes,0,Placed,1
5.57,55,38,69,70,85.96,3,3,21,Civil,B.E.,Tier 2,Tier 2,Male,Yes,3,Not Placed,0
9.05,76,62,63,61,82.32,2,0,23,ECE,B.Tech,Tier 1,Tier 2,Male,No,0,Not Placed,0
8.42,90,89,73,68,80.91,2,1,24,CSE,B.Tech,Tier 1,Tier 2,Male,No,0,Not Placed,0
8.59,71,71,52,62,86.55,2,4,20,CSE,B.Tech,Tier 3,Tier 3,Female,Yes,0,Placed,1
9.44,82,99,56,64,78.0,3,2,21,EEE,B.Tech,Tier 3,Tier 3,Female,Yes,0,Placed,1
8.8,76,90,51,82,69.21,0,3,22,Data Science,B.Tech,Tier 1,Tier 2,Female,No,0,Placed,1
7.98,84,90,75,64,80.17,4,0,23,CSE,B.Tech,Tier 2,Tier 3,Male,Yes,0,Placed,1
7.42,67,64,58,61,79.08,2,2,20,ECE,B.Tech,Tier 1,Tier 2,Female,No,0,Placed,1
7.77,77,81,53,67,87.43,2,3,20,AI & ML,B.Tech,Tier 3,Tier 3,Female,No,0,Placed,1
9.21,72,89,100,64,77.8,1,0,22,AI & ML,B.E.,Tier 1,Tier 1,Male,Yes,0,Placed,1
8.48,60,85,79,91,75.18,4,3,23,CSE,B.E.,Tier 3,Tier 3,Female,No,0,Placed,1
8.98,71,84,86,63,77.36,1,3,23,AI & ML,B.Tech,Tier 2,Tier 3,Male,Yes,3,Placed,1
6.88,67,80,72,73,100.0,0,0,23,CSE,B.Tech,Tier 1,Tier 2,Male,No,0,Not Placed,0
8.12,85,61,78,95,100.0,2,2,24,Mechanical,B.Tech,Tier 1,Tier 2,Male,No,1,Not Placed,0
8.7,71,84,43,76,87.26,4,1,23,EEE,B.Tech,Tier 3,Tier 3,Female,Yes,0,Placed,1
9.25,74,59,73,69,86.48,3,3,20,ECE,B.Tech,Tier 3,Tier 3,Male,Yes,1,Not Placed,0
8.05,70,61,55,63,83.55,1,1,22,CSE,B.Tech,Tier 2,Tier 1,Male,No,0,Placed,1
9.15,62,83,97,84,70.9,1,1,23,ECE,B.Tech,Tier 2,Tier 1,Male,No,1,Not Placed,0
7.7,67,86,51,80,85.26,2,3,23,ISE,B.E.,Tier 3,Tier 2,Male,Yes,0,Placed,1
7.99,94,55,84,58,73.25,6,1,24,Civil,B.E.,Tier 2,Tier 3,Female,Yes,0,Not Placed,0
8.05,60,70,75,71,76.36,3,2,20,ISE,B.Tech,Tier 1,Tier 3,Male,No,0,Placed,1
6.72,59,77,62,64,80.48,3,0,20,Data Science,B.Tech,Tier 3,Tier 1,Female,Yes,1,Placed,1
6.9,42,79,48,70,85.33,1,1,24,CSE,B.Tech,Tier 2,Tier 2,Female,No,0,Not Placed,0
8.59,49,70,55,64,73.24,3,1,23,CSE,B.Tech,Tier 2,Tier 2,Male,Yes,0,Not Placed,0
7.92,83,66,51,57,84.57,1,0,23,Civil,B.Tech,Tier 2,Tier 3,Male,Yes,0,Placed,1
7.07,59,95,94,44,97.1,1,3,20,CSE,B.E.,Tier 2,Tier 2,Male,Yes,2,Not Placed,0
7.05,43,65,74,63,89.73,1,2,23,CSE,B.E.,Tier 1,Tier 3,Male,No,1,Placed,1
6.1,65,60,80,87,91.71,0,3,22,ECE,B.Tech,Tier 2,Tier 3,Female,Yes,0,Not Placed,0
7.36,72,53,32,76,63.99,2,0,23,Mechanical,B.Tech,Tier 1,Tier 1,Male,No,0,Placed,1
8.33,64,94,80,79,85.9,1,5,20,AI & ML,B.Tech,Tier 3,Tier 2,Male,Yes,0,Placed,1
8.06,90,61,92,64,98.69,3,0,21,CSE,B.E.,Tier 2,Tier 3,Male,No,0,Placed,1
8.07,79,70,62,47,91.28,1,3,23,CSE,B.Tech,Tier 2,Tier 3,Female,Yes,0,Placed,1
6.43,53,35,63,57,72.56,2,1,24,Mechanical,B.E.,Tier 3,Tier 3,Female,Yes,0,Placed,1
7.31,68,81,48,51,79.76,2,0,24,ISE,B.Tech,Tier 2,Tier 3,Female,Yes,0,Placed,1
8.44,62,91,77,61,81.1,2,1,21,EEE,B.Tech,Tier 2,Tier 3,Male,Yes,0,Placed,1
9.12,52,61,61,70,83.1,2,4,23,EEE,B.Tech,Tier 2,Tier 3,Female,No,1,Not Placed,0
7.75,78,74,74,72,85.75,2,2,21,AI & ML,B.Tech,Tier 2,Tier 1,Female,Yes,0,Placed,1
7.81,78,75,53,79,81.76,1,3,22,Mechanical,B.Tech,Tier 1,Tier 3,Male,Yes,1,Placed,1
8.46,66,92,68,74,73.62,2,2,23,CSE,B.Tech,Tier 1,Tier 2,Male,No,1,Not Placed,0
7.22,39,54,70,77,81.07,1,1,20,CSE,B.E.,Tier 1,Tier 1,Male,Yes,0,Placed,1
7.26,77,60,42,65,80.03,3,1,21,AI & ML,B.E.,Tier 1,Tier 3,Male,No,0,Placed,1
8.08,73,53,63,78,68.04,2,2,21,Civil,B.Tech,Tier 1,Tier 3,Male,No,1,Not Placed,0
7.77,51,70,65,58,84.16,0,2,22,CSE,B.E.,Tier 2,Tier 3,Male,Yes,1,Not Placed,0
9.11,70,65,49,70,71.07,2,2,23,Mechanical,B.Tech,Tier 2,Tier 2,Male,No,0,Placed,1
7.94,61,80,71,75,80.02,1,2,21,Data Science,B.Tech,Tier 2,Tier 2,Male,Yes,0,Placed,1
8.59,78,88,70,56,77.43,0,2,24,CSE,B.Tech,Tier 3,Tier 2,Female,No,0,Not Placed,0
8.57,63,72,87,58,77.08,2,1,23,ISE,B.Tech,Tier 2,Tier 3,Female,Yes,0,Placed,1
7.93,80,58,52,77,77.31,4,1,21,EEE,B.Tech,Tier 2,Tier 2,Male,Yes,1,Placed,1
6.85,52,83,87,91,75.32,5,2,23,CSE,B.E.,Tier 2,Tier 1,Male,Yes,0,Placed,1
7.71,82,70,66,55,96.87,1,2,20,EEE,B.Tech,Tier 2,Tier 3,Male,No,1,Not Placed,0
7.79,57,42,36,51,77.4,1,3,23,ECE,B.E.,Tier 3,Tier 3,Female,Yes,1,Not Placed,0
7.57,44,49,54,49,86.3,3,3,20,ECE,B.Tech,Tier 1,Tier 2,Male,No,0,Placed,1
8.48,84,100,80,65,75.5,3,1,21,EEE,B.Tech,Tier 3,Tier 1,Male,Yes,0,Placed,1
7.16,61,92,69,64,90.48,1,1,23,AI & ML,B.Tech,Tier 3,Tier 3,Female,Yes,0,Placed,1
8.15,82,95,41,77,82.31,4,5,20,CSE,B.Tech,Tier 1,Tier 3,Male,No,0,Not Placed,0
6.74,56,71,52,65,88.4,1,3,22,Data Science,B.Tech,Tier 1,Tier 2,Female,Yes,0,Placed,1
7.93,89,37,40,60,84.04,1,1,20,EEE,B.E.,Tier 1,Tier 3,Male,Yes,0,Not Placed,0
7.72,74,41,31,74,92.8,3,2,22,ISE,B.Tech,Tier 3,Tier 1,Female,Yes,0,Placed,1
8.27,54,100,74,76,87.7,1,4,22,CSE,B.E.,Tier 2,Tier 3,Female,Yes,0,Placed,1
8.02,63,69,49,49,89.17,1,3,23,AI & ML,B.Tech,Tier 1,Tier 3,Female,Yes,0,Placed,1
7.23,80,72,77,77,92.09,4,4,22,ISE,B.Tech,Tier 1,Tier 2,Male,Yes,1,Placed,1
6.0,75,86,59,79,93.8,0,1,21,ISE,B.Tech,Tier 1,Tier 3,Male,Yes,0,Placed,1
8.8,80,48,47,96,79.08,2,0,22,CSE,B.E.,Tier 1,Tier 3,Male,No,0,Placed,1
7.86,74,80,58,52,76.39,2,3,20,Data Science,B.Tech,Tier 3,Tier 1,Male,Yes,0,Not Placed,0
8.7,72,78,85,91,85.13,3,3,20,Data Science,B.Tech,Tier 3,Tier 3,Male,No,0,Placed,1
9.07,76,61,50,91,77.41,1,6,21,AI & ML,B.Tech,Tier 2,Tier 2,Female,Yes,0,Placed,1
9.74,76,78,46,66,86.97,4,7,20,ISE,B.Tech,Tier 2,Tier 3,Male,No,0,Placed,1
9.19,78,64,30,74,82.7,2,5,21,CSE,B.Tech,Tier 2,Tier 3,Male,Yes,1,Placed,1
7.82,82,73,85,53,71.03,2,4,22,CSE,B.Tech,Tier 1,Tier 2,Male,No,0,Not Placed,0
7.49,68,53,92,46,64.46,3,1,20,EEE,B.Tech,Tier 1,Tier 2,Male,Yes,0,Placed,1
8.14,87,80,67,78,77.47,2,4,22,Civil,B.Tech,Tier 1,Tier 3,Male,No,2,Not Placed,0
7.73,54,100,52,86,81.33,4,6,22,AI & ML,B.E.,Tier 3,Tier 2,Male,Yes,2,Placed,1
8.24,74,56,100,75,90.08,3,0,21,Civil,B.Tech,Tier 2,Tier 1,Female,Yes,0,Not Placed,0
7.27,70,66,61,75,80.25,0,3,24,Civil,B.Tech,Tier 2,Tier 3,Male,Yes,0,Placed,1
6.91,71,65,83,80,82.72,5,3,22,ECE,B.Tech,Tier 1,Tier 2,Male,No,0,Placed,1
8.16,67,87,76,67,83.98,2,2,24,Data Science,B.Tech,Tier 1,Tier 3,Male,Yes,2,Not Placed,0
8.02,70,91,63,48,81.19,1,1,22,ISE,B.Tech,Tier 2,Tier 1,Female,Yes,0,Placed,1
9.21,96,71,78,89,95.8,2,0,24,CSE,B.E.,Tier 2,Tier 2,Male,Yes,2,Placed,1
6.96,63,66,49,78,88.82,2,2,23,Data Science,B.Tech,Tier 1,Tier 3,Female,No,0,Not Placed,0
7.09,69,43,61,53,78.48,2,1,24,EEE,B.Tech,Tier 3,Tier 3,Male,Yes,0,Not Placed,0
7.21,65,55,48,54,79.29,4,0,23,Data Science,B.Tech,Tier 2,Tier 3,Female,No,0,Not Placed,0
6.66,58,49,57,81,75.83,1,0,24,EEE,B.Tech,Tier 1,Tier 2,Female,No,0,Placed,1
8.07,64,100,72,80,72.85,1,2,20,AI & ML,B.Tech,Tier 1,Tier 2,Male,No,1,Placed,1
7.14,62,65,44,75,90.99,2,2,20,ISE,B.E.,Tier 2,Tier 2,Male,No,0,Not Placed,0
8.26,89,81,69,66,81.07,1,4,22,CSE,B.Tech,Tier 3,Tier 2,Male,Yes,0,Placed,1
8.01,85,35,46,55,76.2,1,1,24,CSE,B.Tech,Tier 2,Tier 2,Male,No,1,Not Placed,0
7.85,83,53,42,75,86.29,3,2,23,EEE,B.Tech,Tier 1,Tier 2,Female,Yes,0,Placed,1
8.65,74,54,53,54,80.76,1,2,20,Mechanical,B.E.,Tier 2,Tier 2,Female,Yes,0,Not Placed,0
8.76,75,98,42,72,92.66,3,2,23,CSE,B.E.,Tier 3,Tier 3,Female,No,0,Placed,1
7.02,92,73,71,79,85.54,0,2,21,Data Science,B.Tech,Tier 3,Tier 2,Female,Yes,0,Placed,1
9.7,75,100,78,76,61.05,1,3,23,Data Science,B.Tech,Tier 3,Tier 2,Male,No,0,Placed,1
7.52,74,66,70,57,72.81,0,2,22,ECE,B.Tech,Tier 3,Tier 3,Male,Yes,0,Placed,1
9.03,93,86,79,75,73.46,1,2,24,CSE,B.Tech,Tier 2,Tier 2,Male,No,2,Placed,1
8.21,74,100,76,68,84.63,0,2,20,CSE,B.Tech,Tier 1,Tier 3,Female,Yes,0,Not Placed,0
9.19,78,96,62,68,71.55,4,2,21,Mechanical,B.Tech,Tier 3,Tier 2,Male,No,0,Placed,1
9.6,87,96,69,85,93.94,3,6,23,Mechanical,B.Tech,Tier 1,Tier 3,Female,No,0,Placed,1
7.72,73,86,73,80,86.58,0,2,22,Mechanical,B.Tech,Tier 2,Tier 3,Female,Yes,0,Not Placed,0
8.38,71,51,45,51,60.58,3,2,24,EEE,B.Tech,Tier 3,Tier 3,Male,Yes,0,Not Placed,0
6.41,59,93,92,47,91.77,5,0,20,AI & ML,B.E.,Tier 2,Tier 1,Male,No,1,Placed,1
7.28,56,88,83,68,75.7,6,1,23,ISE,B.Tech,Tier 1,Tier 1,Female,No,0,Placed,1
6.67,64,49,46,78,80.42,3,1,20,Civil,B.Tech,Tier 3,Tier 1,Male,No,1,Not Placed,0
8.42,56,63,36,63,98.33,2,2,22,EEE,B.Tech,Tier 3,Tier 2,Male,Yes,0,Placed,1
7.74,75,93,67,77,75.93,3,2,21,ISE,B.Tech,Tier 3,Tier 3,Male,Yes,0,Placed,1
7.04,64,41,61,55,82.2,0,3,23,ECE,B.E.,Tier 1,Tier 2,Female,Yes,0,Placed,1
8.15,71,71,34,86,74.62,3,0,23,AI & ML,B.Tech,Tier 2,Tier 3,Male,Yes,1,Placed,1
7.46,76,75,60,70,88.34,2,2,20,Mechanical,B.Tech,Tier 1,Tier 3,Male,No,0,Not Placed,0
8.56,65,77,100,67,74.64,2,2,21,ISE,B.Tech,Tier 3,Tier 3,Male,Yes,0,Placed,1
7.03,83,74,51,85,91.17,2,0,23,CSE,B.E.,Tier 2,Tier 3,Male,Yes,0,Placed,1
7.05,68,98,83,95,84.89,2,3,23,Mechanical,B.Tech,Tier 3,Tier 3,Male,Yes,2,Not Placed,0
7.04,57,75,65,73,80.38,3,1,20,ECE,B.Tech,Tier 2,Tier 2,Male,No,2,Placed,1
7.63,65,81,66,59,89.0,2,6,20,Civil,B.E.,Tier 3,Tier 2,Male,No,0,Not Placed,0
9.14,73,81,80,87,79.24,4,1,22,Data Science,B.E.,Tier 2,Tier 3,Male,Yes,2,Placed,1
7.24,56,57,66,70,81.28,0,3,22,Data Science,B.E.,Tier 1,Tier 2,Male,No,0,Placed,1
8.44,77,74,53,51,78.1,3,2,23,CSE,B.Tech,Tier 2,Tier 1,Male,No,0,Placed,1
9.5,83,86,70,66,93.6,0,0,23,ISE,B.E.,Tier 1,Tier 2,Other,Yes,1,Not Placed,0
6.6,76,63,63,36,73.39,0,1,23,AI & ML,B.Tech,Tier 2,Tier 2,Female,Yes,0,Not Placed,0
7.62,51,84,70,72,93.13,1,1,23,Data Science,B.Tech,Tier 1,Tier 2,Male,No,2,Not Placed,0
7.59,72,97,70,55,77.46,1,3,20,Data Science,B.Tech,Tier 3,Tier 2,Male,No,0,Placed,1
8.29,81,84,59,74,85.35,0,1,23,CSE,B.Tech,Tier 2,Tier 3,Female,Yes,0,Not Placed,0
7.41,78,78,76,66,96.72,3,3,23,CSE,B.E.,Tier 2,Tier 3,Male,No,0,Placed,1
7.49,71,75,56,74,100.0,4,3,24,Civil,B.Tech,Tier 3,Tier 3,Male,Yes,0,Placed,1
6.43,66,56,69,61,66.16,2,1,24,EEE,B.Tech,Tier 2,Tier 2,Female,Yes,1,Not Placed,0
8.1,74,48,67,47,84.93,1,2,21,Civil,B.E.,Tier 2,Tier 1,Female,No,1,Not Placed,0
8.32,81,90,90,88,68.73,4,2,24,AI & ML,B.E.,Tier 3,Tier 3,Male,No,0,Not Placed,0
6.77,62,100,93,73,83.15,2,1,20,CSE,B.E.,Tier 1,Tier 2,Male,No,0,Not Placed,0
7.6,52,69,61,93,92.44,0,3,24,AI & ML,B.Tech,Tier 2,Tier 3,Male,Yes,0,Placed,1
7.84,64,60,65,85,78.16,1,3,23,ISE,B.E.,Tier 2,Tier 1,Female,Yes,0,Not Placed,0
6.89,56,73,52,60,90.05,1,3,24,AI & ML,B.Tech,Tier 2,Tier 2,Male,No,0,Placed,1
8.28,80,100,81,59,96.19,4,4,24,CSE,B.E.,Tier 1,Tier 3,Male,Yes,0,Placed,1
7.68,92,81,88,67,68.95,2,3,23,ISE,B.Tech,Tier 2,Tier 3,Male,Yes,0,Placed,1
7.12,56,42,68,94,58.38,2,3,21,Civil,B.Tech,Tier 2,Tier 2,Female,Yes,0,Not Placed,0
8.4,81,100,98,74,81.46,4,1,23,CSE,B.Tech,Tier 2,Tier 2,Female,Yes,0,Placed,1
7.66,81,83,73,49,80.13,2,3,24,Data Science,B.E.,Tier 3,Tier 2,Female,Yes,0,Not Placed,0
6.63,55,52,44,83,83.69,3,0,22,Mechanical,B.Tech,Tier 1,Tier 2,Male,Yes,0,Not Placed,0
8.35,57,57,80,70,96.27,3,3,20,EEE,B.Tech,Tier 3,Tier 1,Male,No,0,Placed,1
8.34,96,93,36,75,79.4,2,0,20,Data Science,B.E.,Tier 3,Tier 3,Male,Yes,3,Placed,1
6.95,66,75,72,51,67.82,4,4,20,Data Science,B.E.,Tier 3,Tier 1,Male,No,1,Placed,1
7.44,58,36,38,57,77.61,3,1,20,Civil,B.Tech,Tier 2,Tier 2,Male,Yes,0,Not Placed,0
8.72,85,71,69,82,92.82,3,2,24,AI & ML,B.E.,Tier 2,Tier 3,Female,Yes,0,Placed,1
6.01,70,69,65,87,85.69,1,4,24,CSE,B.E.,Tier 2,Tier 2,Male,Yes,0,Placed,1
7.56,55,54,74,56,78.43,1,4,24,CSE,B.Tech,Tier 2,Tier 1,Male,Yes,0,Placed,1
9.56,98,98,63,79,88.39,2,2,21,Mechanical,B.Tech,Tier 1,Tier 3,Female,No,0,Placed,1
8.19,68,75,53,62,74.62,1,3,24,ECE,B.E.,Tier 3,Tier 3,Female,No,0,Placed,1
7.37,69,83,48,84,78.58,6,0,24,Mechanical,B.E.,Tier 1,Tier 2,Male,No,3,Not Placed,0
7.74,54,100,84,82,79.12,2,0,21,ISE,B.Tech,Tier 3,Tier 2,Other,Yes,0,Placed,1
8.38,71,99,98,72,81.36,2,0,23,Data Science,B.E.,Tier 2,Tier 2,Male,No,1,Placed,1
6.0,76,79,30,70,89.37,6,2,24,CSE,B.Tech,Tier 1,Tier 3,Other,No,1,Placed,1
8.9,63,75,53,56,80.46,2,2,22,Data Science,B.E.,Tier 3,Tier 2,Male,No,1,Placed,1
6.91,56,58,38,43,86.41,3,3,22,CSE,B.E.,Tier 2,Tier 2,Male,No,0,Placed,1
6.82,59,67,64,66,80.89,2,3,20,Data Science,B.Tech,Tier 2,Tier 3,Female,Yes,0,Not Placed,0
6.74,55,90,63,76,74.69,1,3,21,AI & ML,B.Tech,Tier 2,Tier 1,Male,Yes,0,Placed,1
7.54,84,74,33,65,82.47,1,2,23,CSE,B.E.,Tier 1,Tier 1,Female,No,0,Placed,1
8.25,97,92,70,69,88.17,3,1,23,AI & ML,B.Tech,Tier 1,Tier 3,Male,Yes,0,Not Placed,0
8.55,72,74,76,52,80.4,2,0,22,CSE,B.Tech,Tier 3,Tier 1,Male,No,0,Not Placed,0
7.54,81,72,94,58,68.61,2,1,21,CSE,B.Tech,Tier 1,Tier 3,Female,No,1,Not Placed,0
7.97,49,70,65,58,64.97,1,0,23,AI & ML,B.Tech,Tier 2,Tier 2,Female,No,0,Placed,1
8.45,77,100,85,66,61.56,1,2,22,AI & ML,B.Tech,Tier 2,Tier 1,Male,Yes,0,Placed,1
8.14,74,96,39,65,76.91,3,0,21,Data Science,B.Tech,Tier 1,Tier 2,Male,Yes,0,Placed,1
8.56,79,64,78,55,76.67,2,2,21,Data Science,B.Tech,Tier 3,Tier 2,Male,Yes,0,Not Placed,0
7.42,66,83,74,68,77.32,2,2,23,CSE,B.E.,Tier 1,Tier 2,Male,Yes,1,Not Placed,0
8.38,98,97,65,87,86.96,4,1,20,ISE,B.Tech,Tier 2,Tier 3,Male,Yes,1,Placed,1
7.82,60,64,40,74,95.61,3,4,20,AI & ML,B.Tech,Tier 1,Tier 3,Female,Yes,1,Placed,1
6.85,62,68,55,52,75.28,1,3,20,CSE,B.Tech,Tier 3,Tier 3,Female,No,1,Not Placed,0
9.63,67,100,83,82,80.89,2,1,22,Data Science,B.Tech,Tier 3,Tier 3,Male,Yes,0,Placed,1
7.92,60,62,67,54,91.9,6,5,24,EEE,B.Tech,Tier 3,Tier 2,Female,Yes,0,Placed,1
6.24,41,65,58,67,91.43,1,1,23,CSE,B.E.,Tier 2,Tier 3,Male,No,0,Not Placed,0
9.79,73,99,80,75,68.03,0,0,23,CSE,B.E.,Tier 1,Tier 1,Male,No,2,Not Placed,0
7.83,45,86,79,63,80.39,1,1,24,CSE,B.Tech,Tier 2,Tier 3,Male,No,0,Placed,1
8.37,80,99,66,41,80.58,2,1,24,AI & ML,B.E.,Tier 2,Tier 1,Male,No,2,Placed,1
7.88,75,69,94,72,69.11,4,6,24,EEE,B.Tech,Tier 2,Tier 3,Male,Yes,0,Placed,1
6.36,49,56,52,88,85.21,2,0,20,CSE,B.Tech,Tier 1,Tier 1,Female,Yes,0,Placed,1
8.26,92,68,80,44,94.29,4,3,23,CSE,B.E.,Tier 3,Tier 2,Male,Yes,0,Placed,1
5.9,51,59,63,75,92.59,2,4,23,ISE,B.E.,Tier 2,Tier 1,Female,Yes,1,Placed,1
8.33,53,73,52,64,69.28,2,1,22,CSE,B.E.,Tier 2,Tier 2,Male,Yes,0,Not Placed,0
7.83,65,90,95,55,88.74,3,2,22,CSE,B.Tech,Tier 3,Tier 1,Female,Yes,0,Placed,1
8.12,70,59,78,29,74.65,3,1,20,CSE,B.Tech,Tier 1,Tier 3,Male,Yes,0,Placed,1
8.76,90,63,47,42,87.65,0,5,22,Data Science,B.Tech,Tier 2,Tier 3,Male,Yes,0,Not Placed,0
8.26,70,79,75,97,87.11,2,4,21,ECE,B.E.,Tier 2,Tier 2,Male,Yes,1,Placed,1
6.26,70,62,90,56,83.93,2,2,20,AI & ML,B.Tech,Tier 2,Tier 2,Male,No,1,Not Placed,0
7.99,73,58,58,54,73.79,1,4,23,AI & ML,B.E.,Tier 1,Tier 2,Male,No,1,Not Placed,0
9.64,74,100,92,58,75.94,0,0,24,ISE,B.E.,Tier 2,Tier 2,Male,Yes,3,Placed,1
7.33,61,42,34,63,88.26,2,2,24,CSE,B.Tech,Tier 1,Tier 3,Female,No,1,Not Placed,0
7.62,74,69,48,68,85.35,3,1,23,ECE,B.Tech,Tier 1,Tier 1,Male,Yes,1,Placed,1
7.47,54,87,72,84,66.89,6,2,23,CSE,B.Tech,Tier 1,Tier 2,Female,Yes,0,Placed,1
7.97,87,41,60,72,75.64,1,3,20,AI & ML,B.E.,Tier 1,Tier 3,Female,No,2,Not Placed,0
8.69,98,95,91,49,96.68,2,2,23,Data Science,B.E.,Tier 1,Tier 1,Female,Yes,1,Placed,1
6.75,85,63,51,39,68.03,1,4,22,CSE,B.Tech,Tier 3,Tier 3,Male,Yes,2,Not Placed,0
8.16,60,76,65,79,83.47,3,2,21,AI & ML,B.Tech,Tier 2,Tier 3,Male,Yes,0,Placed,1
7.17,78,86,38,54,77.61,0,3,20,AI & ML,B.Tech,Tier 1,Tier 3,Male,Yes,1,Not Placed,0
6.97,63,57,57,57,67.97,2,0,21,CSE,B.Tech,Tier 3,Tier 2,Female,Yes,0,Placed,1
7.63,59,77,53,80,64.29,1,2,20,CSE,B.Tech,Tier 2,Tier 1,Female,Yes,0,Placed,1
7.21,84,82,65,69,90.78,0,2,24,AI & ML,B.Tech,Tier 2,Tier 2,Female,No,0,Not Placed,0
7.1,76,68,63,90,68.72,4,1,22,Data Science,B.E.,Tier 2,Tier 2,Male,No,0,Placed,1
5.61,50,40,83,95,68.53,2,1,24,ECE,B.Tech,Tier 1,Tier 2,Female,Yes,2,Not Placed,0
9.03,91,58,44,53,89.67,1,2,24,Civil,B.E.,Tier 2,Tier 1,Female,No,0,Placed,1
8.7,84,44,70,77,84.23,0,2,24,Data Science,B.Tech,Tier 2,Tier 2,Female,No,0,Placed,1
8.68,82,90,88,69,86.9,1,1,22,Civil,B.Tech,Tier 3,Tier 2,Female,No,2,Not Placed,0
8.95,75,70,70,73,89.68,4,1,22,CSE,B.E.,Tier 1,Tier 1,Female,Yes,3,Not Placed,0
6.43,48,67,68,76,78.06,1,5,23,CSE,B.Tech,Tier 1,Tier 2,Female,Yes,0,Placed,1
6.42,78,61,42,39,82.05,2,1,22,EEE,B.Tech,Tier 1,Tier 3,Female,No,0,Not Placed,0
7.25,76,65,71,59,87.29,3,1,22,AI & ML,B.Tech,Tier 1,Tier 3,Male,No,0,Placed,1
7.6,64,88,76,68,76.52,3,2,20,ISE,B.E.,Tier 1,Tier 1,Male,No,0,Placed,1
6.49,65,53,58,60,71.14,3,0,22,ISE,B.E.,Tier 2,Tier 1,Female,No,0,Not Placed,0
8.25,75,84,84,60,82.09,3,5,23,ECE,B.Tech,Tier 1,Tier 2,Female,Yes,0,Placed,1
5.33,49,67,77,54,84.17,0,2,23,ISE,B.E.,Tier 2,Tier 2,Female,Yes,1,Not Placed,0
8.73,59,90,57,65,74.53,0,6,22,Data Science,B.Tech,Tier 2,Tier 2,Male,No,0,Placed,1
8.1,44,89,77,81,94.06,2,4,24,CSE,B.Tech,Tier 3,Tier 2,Male,Yes,1,Placed,1
8.65,74,66,52,66,89.71,1,2,23,ISE,B.Tech,Tier 2,Tier 3,Male,No,0,Placed,1
7.72,71,47,59,74,82.53,3,3,24,EEE,B.Tech,Tier 1,Tier 1,Female,Yes,1,Not Placed,0
5.6,44,67,59,75,77.69,0,2,22,Data Science,B.Tech,Tier 3,Tier 3,Female,No,0,Not Placed,0
8.06,92,78,60,52,89.79,1,4,22,Data Science,B.Tech,Tier 2,Tier 2,Male,Yes,0,Placed,1
8.39,47,74,65,70,81.35,2,2,22,Data Science,B.Tech,Tier 2,Tier 1,Male,Yes,0,Placed,1
9.46,74,46,61,79,69.48,0,4,24,ECE,B.Tech,Tier 2,Tier 2,Female,No,0,Not Placed,0
7.13,64,61,61,73,68.16,5,2,23,EEE,B.Tech,Tier 3,Tier 2,Male,No,0,Placed,1
9.52,75,75,62,66,64.07,0,3,23,Mechanical,B.Tech,Tier 1,Tier 3,Male,Yes,0,Placed,1
9.04,96,86,53,72,82.9,0,3,23,CSE,B.Tech,Tier 2,Tier 2,Male,No,0,Placed,1
6.81,55,73,49,91,83.74,2,1,21,AI & ML,B.E.,Tier 2,Tier 2,Male,Yes,0,Not Placed,0
8.61,69,68,65,77,81.71,0,5,22,ECE,B.Tech,Tier 2,Tier 2,Female,Yes,0,Placed,1
9.98,92,75,68,89,81.65,1,1,20,ECE,B.Tech,Tier 1,Tier 1,Male,Yes,0,Placed,1
7.66,57,76,59,52,85.75,4,3,24,ISE,B.E.,Tier 3,Tier 2,Male,Yes,0,Placed,1
8.84,72,78,76,33,85.04,3,2,23,EEE,B.Tech,Tier 2,Tier 2,Male,No,0,Placed,1
7.94,56,86,83,58,80.1,4,3,23,ECE,B.Tech,Tier 2,Tier 2,Male,No,0,Placed,1
9.67,97,88,80,78,72.13,3,2,22,CSE,B.E.,Tier 1,Tier 2,Male,No,0,Not Placed,0
6.4,80,49,52,68,79.1,0,0,21,CSE,B.E.,Tier 3,Tier 3,Female,Yes,0,Not Placed,0
6.17,54,46,25,46,84.53,3,4,24,EEE,B.Tech,Tier 2,Tier 2,Female,No,1,Not Placed,0
7.6,73,100,45,70,78.2,1,0,21,CSE,B.Tech,Tier 2,Tier 1,Male,Yes,0,Placed,1
9.26,89,71,41,80,72.43,1,3,20,AI & ML,B.E.,Tier 2,Tier 2,Male,Yes,0,Not Placed,0
7.2,52,73,77,90,72.89,2,3,23,Civil,B.Tech,Tier 1,Tier 2,Female,Yes,0,Placed,1
8.16,70,66,43,81,73.4,5,2,20,AI & ML,B.Tech,Tier 3,Tier 2,Female,Yes,0,Placed,1
8.03,93,79,64,63,69.21,5,1,24,Data Science,B.Tech,Tier 2,Tier 3,Female,Yes,0,Placed,1
7.08,60,71,83,68,68.28,2,0,23,CSE,B.Tech,Tier 3,Tier 2,Male,Yes,0,Placed,1
8.6,82,74,70,64,84.11,1,2,22,ECE,B.Tech,Tier 2,Tier 2,Female,Yes,0,Placed,1
8.21,74,58,60,84,78.57,1,1,23,ECE,B.Tech,Tier 2,Tier 3,Female,No,1,Placed,1
8.57,74,59,69,53,86.99,2,2,22,Data Science,B.Tech,Tier 2,Tier 2,Male,No,1,Placed,1
8.06,63,70,77,54,79.84,0,6,22,ECE,B.Tech,Tier 3,Tier 1,Male,No,2,Placed,1
8.91,74,91,64,68,89.95,0,0,23,CSE,B.Tech,Tier 1,Tier 2,Female,No,0,Placed,1
9.09,80,80,72,86,68.61,3,2,22,CSE,B.Tech,Tier 2,Tier 3,Male,No,0,Placed,1
7.0,96,56,98,81,82.58,2,2,24,CSE,B.Tech,Tier 2,Tier 2,Male,Yes,0,Not Placed,0
7.89,51,72,93,74,72.6,4,3,20,Data Science,B.Tech,Tier 1,Tier 1,Male,No,1,Placed,1
7.7,64,59,46,60,84.36,0,3,21,Data Science,B.Tech,Tier 3,Tier 3,Female,No,0,Not Placed,0
7.25,80,58,81,67,88.29,2,1,24,CSE,B.Tech,Tier 1,Tier 1,Female,Yes,0,Placed,1
9.0,90,86,81,82,79.57,1,1,22,ISE,B.E.,Tier 2,Tier 2,Male,No,1,Not Placed,0
7.35,84,76,76,78,82.85,1,1,24,CSE,B.Tech,Tier 2,Tier 2,Male,No,1,Placed,1
7.98,68,61,62,93,85.73,3,3,23,EEE,B.Tech,Tier 2,Tier 2,Male,No,0,Placed,1
6.86,47,75,78,65,87.93,3,5,20,CSE,B.E.,Tier 3,Tier 2,Male,Yes,1,Not Placed,0
7.39,50,74,85,74,84.36,2,4,21,AI & ML,B.Tech,Tier 3,Tier 1,Female,Yes,1,Not Placed,0
8.42,61,87,91,85,71.51,0,1,20,CSE,B.E.,Tier 2,Tier 3,Female,Yes,1,Not Placed,0
7.21,57,90,87,58,92.11,0,4,23,ISE,B.Tech,Tier 2,Tier 2,Male,Yes,0,Not Placed,0
6.91,52,51,79,59,71.03,2,2,20,CSE,B.Tech,Tier 1,Tier 3,Male,Yes,0,Placed,1
7.16,78,49,50,77,82.44,2,1,23,Mechanical,B.Tech,Tier 2,Tier 2,Male,Yes,0,Placed,1
7.81,64,80,83,84,71.97,1,3,22,CSE,B.Tech,Tier 3,Tier 1,Male,No,2,Placed,1
8.57,68,78,90,53,91.9,2,8,21,CSE,B.E.,Tier 2,Tier 3,Male,No,0,Placed,1
7.49,55,68,64,74,80.97,2,1,20,Civil,B.Tech,Tier 2,Tier 2,Male,Yes,0,Placed,1
8.06,61,97,69,64,80.31,5,1,21,AI & ML,B.Tech,Tier 1,Tier 2,Male,Yes,2,Placed,1
8.27,61,88,59,64,79.92,1,0,20,CSE,B.Tech,Tier 3,Tier 3,Male,No,0,Placed,1
8.32,52,73,61,63,72.51,2,2,20,ISE,B.Tech,Tier 2,Tier 2,Male,No,0,Not Placed,0
7.75,61,68,47,65,75.84,1,1,22,AI & ML,B.Tech,Tier 1,Tier 2,Female,Yes,0,Not Placed,0
9.0,82,88,79,49,73.14,0,0,22,Data Science,B.Tech,Tier 2,Tier 2,Male,No,0,Placed,1
7.26,66,60,62,58,93.5,0,0,20,Data Science,B.Tech,Tier 2,Tier 3,Male,No,0,Placed,1
7.42,98,52,58,71,71.43,5,0,21,AI & ML,B.E.,Tier 3,Tier 2,Male,Yes,1,Not Placed,0
8.36,71,86,85,77,83.69,3,0,21,CSE,B.Tech,Tier 3,Tier 3,Male,Yes,0,Placed,1
8.63,75,70,64,60,93.09,2,2,20,CSE,B.Tech,Tier 2,Tier 2,Male,No,3,Not Placed,0
8.9,83,88,70,63,89.99,4,2,20,ECE,B.Tech,Tier 3,Tier 2,Female,Yes,0,Placed,1
6.3,77,87,85,53,94.12,1,3,24,Data Science,B.Tech,Tier 3,Tier 3,Female,No,0,Placed,1
8.49,94,95,76,66,89.54,2,2,24,CSE,B.Tech,Tier 2,Tier 3,Female,Yes,1,Not Placed,0
9.46,88,85,52,72,86.73,4,1,23,ECE,B.Tech,Tier 1,Tier 2,Female,No,3,Placed,1
7.26,47,83,94,76,90.97,3,1,23,CSE,B.Tech,Tier 2,Tier 3,Female,Yes,0,Not Placed,0
9.39,71,95,66,55,83.21,4,0,21,ISE,B.Tech,Tier 3,Tier 2,Male,Yes,1,Placed,1
9.93,67,81,49,76,92.86,2,2,24,CSE,B.Tech,Tier 2,Tier 3,Male,Yes,0,Placed,1
8.73,79,66,73,81,88.04,2,2,21,ISE,B.Tech,Tier 2,Tier 1,Female,Yes,3,Placed,1
7.09,64,70,80,70,92.11,1,1,24,CSE,B.E.,Tier 2,Tier 3,Female,Yes,0,Not Placed,0
7.72,62,70,81,83,79.91,1,2,20,Data Science,B.Tech,Tier 2,Tier 1,Female,Yes,0,Placed,1
8.07,51,73,58,74,85.34,3,0,21,Data Science,B.Tech,Tier 1,Tier 1,Male,Yes,0,Placed,1
8.65,70,70,80,66,86.44,4,2,22,CSE,B.Tech,Tier 2,Tier 2,Male,Yes,0,Placed,1
6.97,50,60,62,75,99.97,2,2,23,ECE,B.E.,Tier 3,Tier 2,Female,Yes,0,Placed,1
6.02,77,79,39,44,85.56,2,1,23,ISE,B.E.,Tier 3,Tier 3,Male,Yes,0,Not Placed,0
7.23,52,73,49,77,84.27,5,2,20,CSE,B.Tech,Tier 2,Tier 1,Female,No,1,Placed,1
7.95,83,73,76,67,73.12,2,3,21,Data Science,B.Tech,Tier 1,Tier 2,Male,Yes,1,Placed,1
7.33,62,70,60,74,92.48,2,1,21,Mechanical,B.Tech,Tier 2,Tier 1,Female,No,0,Not Placed,0
6.24,45,84,54,67,85.51,1,3,23,AI & ML,B.E.,Tier 2,Tier 2,Male,Yes,0,Placed,1
7.65,57,71,63,69,90.73,1,1,22,Data Science,B.E.,Tier 2,Tier 3,Female,Yes,1,Placed,1
7.21,65,59,70,94,89.8,2,2,20,AI & ML,B.Tech,Tier 2,Tier 2,Female,Yes,0,Placed,1
8.54,70,87,84,86,82.05,0,1,24,Data Science,B.E.,Tier 1,Tier 1,Male,Yes,0,Placed,1
8.7,90,78,96,74,97.18,3,0,21,CSE,B.Tech,Tier 1,Tier 1,Female,Yes,2,Placed,1
7.95,61,50,58,66,95.08,2,1,22,ECE,B.E.,Tier 3,Tier 2,Male,Yes,2,Not Placed,0
7.35,61,75,82,61,79.87,1,1,21,AI & ML,B.E.,Tier 1,Tier 3,Male,Yes,0,Not Placed,0
6.92,62,97,75,64,80.57,1,1,20,ISE,B.Tech,Tier 3,Tier 3,Male,Yes,0,Not Placed,0
7.85,77,100,65,60,65.93,2,2,20,CSE,B.Tech,Tier 1,Tier 3,Male,No,1,Not Placed,0
7.51,63,67,94,72,80.06,2,2,20,Data Science,B.Tech,Tier 3,Tier 2,Female,Yes,0,Placed,1
9.7,62,83,66,55,83.74,0,2,24,ISE,B.Tech,Tier 1,Tier 2,Female,Yes,0,Placed,1
6.63,66,90,71,58,75.79,3,1,22,ECE,B.E.,Tier 2,Tier 2,Male,Yes,2,Placed,1
6.88,54,62,69,76,89.01,2,4,24,EEE,B.Tech,Tier 2,Tier 3,Male,Yes,0,Placed,1
8.31,79,94,80,56,89.18,2,5,22,CSE,B.Tech,Tier 1,Tier 2,Female,Yes,0,Placed,1
8.97,89,90,67,70,83.95,2,1,22,Civil,B.Tech,Tier 1,Tier 2,Male,No,0,Placed,1
8.4,65,95,78,73,80.19,0,1,21,Mechanical,B.Tech,Tier 3,Tier 2,Female,No,1,Not Placed,0
8.22,71,77,100,61,92.65,1,2,22,AI & ML,B.Tech,Tier 3,Tier 3,Female,No,0,Placed,1
8.24,75,85,84,56,84.76,1,2,23,CSE,B.Tech,Tier 3,Tier 3,Male,No,0,Placed,1
5.4,54,60,70,49,82.89,0,1,24,AI & ML,B.Tech,Tier 3,Tier 2,Male,No,0,Placed,1
8.16,57,91,76,88,100.0,2,0,23,CSE,B.Tech,Tier 2,Tier 3,Male,Yes,0,Placed,1
7.01,44,83,64,81,81.13,1,5,20,Data Science,B.E.,Tier 2,Tier 3,Male,Yes,0,Not Placed,0
9.04,63,64,80,74,83.92,1,1,21,ECE,B.Tech,Tier 1,Tier 3,Female,Yes,0,Placed,1
6.89,58,65,53,63,73.56,3,6,21,EEE,B.E.,Tier 1,Tier 1,Male,No,0,Placed,1
8.81,67,67,55,84,94.57,3,1,24,CSE,B.Tech,Tier 3,Tier 3,Male,No,0,Not Placed,0
7.89,47,46,45,65,74.18,2,5,23,ECE,B.E.,Tier 3,Tier 1,Female,No,0,Not Placed,0
7.28,75,87,67,71,65.13,2,3,21,AI & ML,B.Tech,Tier 1,Tier 2,Male,Yes,1,Not Placed,0
7.49,48,90,83,72,74.44,1,2,22,Data Science,B.Tech,Tier 1,Tier 2,Female,Yes,0,Placed,1
6.91,59,75,60,60,72.16,2,0,22,EEE,B.Tech,Tier 2,Tier 2,Male,No,1,Placed,1
6.9,25,68,85,53,79.35,1,5,23,CSE,B.Tech,Tier 2,Tier 2,Male,Yes,1,Placed,1
8.22,76,84,35,100,69.89,3,2,22,CSE,B.Tech,Tier 2,Tier 3,Male,No,0,Placed,1
7.43,75,73,86,78,76.99,2,3,20,Data Science,B.E.,Tier 3,Tier 3,Male,Yes,1,Not Placed,0
6.47,68,66,55,45,90.5,2,1,21,ECE,B.E.,Tier 2,Tier 1,Male,No,1,Not Placed,0
7.95,65,61,63,94,69.47,3,2,23,CSE,B.Tech,Tier 1,Tier 3,Male,No,0,Not Placed,0
8.12,87,55,64,81,75.73,1,1,24,AI & ML,B.E.,Tier 2,Tier 1,Female,Yes,1,Not Placed,0
7.08,84,77,67,84,86.3,2,2,23,Data Science,B.Tech,Tier 2,Tier 2,Male,Yes,0,Not Placed,0
7.69,59,68,35,79,73.44,1,2,23,CSE,B.E.,Tier 1,Tier 3,Male,Yes,0,Not Placed,0
8.11,44,84,62,72,78.24,3,1,21,Civil,B.E.,Tier 1,Tier 2,Male,Yes,2,Not Placed,0
6.86,65,75,59,72,72.42,5,3,23,Mechanical,B.Tech,Tier 2,Tier 2,Female,No,0,Placed,1
7.76,46,64,87,70,96.1,1,2,24,CSE,B.Tech,Tier 3,Tier 2,Male,No,0,Placed,1
6.97,55,84,54,69,80.16,0,2,24,CSE,B.Tech,Tier 3,Tier 2,Male,No,0,Not Placed,0
7.06,59,88,85,62,91.47,3,2,23,AI & ML,B.Tech,Tier 1,Tier 1,Male,Yes,1,Placed,1
7.03,84,34,45,72,85.73,1,4,22,Civil,B.Tech,Tier 1,Tier 2,Male,No,3,Not Placed,0
6.47,68,44,50,69,78.08,0,0,23,ISE,B.Tech,Tier 2,Tier 3,Male,No,0,Not Placed,0
7.38,65,88,65,50,90.78,0,0,20,ISE,B.Tech,Tier 1,Tier 2,Female,Yes,0,Placed,1
7.4,76,83,53,81,66.49,4,1,20,AI & ML,B.Tech,Tier 1,Tier 1,Female,No,0,Placed,1
8.05,55,80,75,56,90.81,2,2,23,Data Science,B.Tech,Tier 3,Tier 2,Male,Yes,0,Placed,1
7.71,56,63,43,67,71.83,4,1,21,Mechanical,B.Tech,Tier 1,Tier 3,Male,No,0,Placed,1
6.88,71,59,72,60,75.93,3,1,22,Mechanical,B.Tech,Tier 1,Tier 1,Female,Yes,1,Not Placed,0
8.06,62,100,83,74,89.73,1,1,23,ECE,B.Tech,Tier 3,Tier 3,Male,No,0,Placed,1
7.63,48,88,73,66,71.06,3,0,21,CSE,B.E.,Tier 1,Tier 1,Male,No,0,Placed,1
9.61,84,70,86,54,66.14,1,1,24,CSE,B.Tech,Tier 2,Tier 1,Female,Yes,0,Placed,1
8.17,51,76,90,69,81.43,0,1,23,Data Science,B.E.,Tier 2,Tier 2,Male,No,0,Not Placed,0
6.18,64,76,75,74,96.37,2,2,22,CSE,B.Tech,Tier 1,Tier 2,Male,No,0,Not Placed,0
8.83,79,100,60,78,84.98,4,5,23,AI & ML,B.E.,Tier 2,Tier 3,Male,Yes,0,Placed,1
6.31,64,38,58,49,87.61,0,4,21,CSE,B.Tech,Tier 2,Tier 2,Male,No,0,Not Placed,0
6.86,70,83,77,70,71.39,1,0,21,ECE,B.E.,Tier 2,Tier 2,Male,Yes,0,Not Placed,0
8.06,65,95,46,76,83.93,1,0,20,CSE,B.Tech,Tier 1,Tier 1,Female,No,1,Not Placed,0
8.98,97,70,93,59,100.0,2,2,21,EEE,B.E.,Tier 2,Tier 3,Male,Yes,0,Not Placed,0
6.93,63,30,66,46,85.62,4,1,20,ECE,B.E.,Tier 3,Tier 3,Male,Yes,0,Not Placed,0
8.03,62,76,76,57,98.88,0,6,20,ECE,B.Tech,Tier 1,Tier 3,Male,Yes,0,Placed,1
9.37,90,96,76,81,79.7,3,4,24,AI & ML,B.Tech,Tier 2,Tier 3,Male,No,0,Placed,1
7.94,52,67,70,51,84.01,2,2,23,CSE,B.Tech,Tier 2,Tier 3,Female,No,1,Placed,1
7.74,73,81,76,50,67.77,3,4,24,CSE,B.Tech,Tier 3,Tier 3,Male,No,0,Placed,1
7.37,55,46,44,67,88.13,0,2,22,CSE,B.Tech,Tier 3,Tier 2,Female,No,0,Not Placed,0
7.17,81,56,84,74,76.9,1,2,24,CSE,B.E.,Tier 2,Tier 3,Female,Yes,0,Placed,1
9.19,100,86,73,71,72.23,2,4,20,CSE,B.E.,Tier 3,Tier 3,Female,Yes,0,Placed,1
8.31,89,67,76,71,78.37,1,2,23,EEE,B.E.,Tier 2,Tier 2,Female,Yes,0,Placed,1
6.23,27,71,55,66,89.56,2,1,23,CSE,B.Tech,Tier 3,Tier 2,Female,No,0,Placed,1
8.67,73,85,68,53,92.07,2,2,22,CSE,B.Tech,Tier 1,Tier 3,Male,No,0,Placed,1
7.34,65,61,69,82,78.73,4,0,22,CSE,B.Tech,Tier 3,Tier 1,Other,No,0,Placed,1
8.02,68,100,87,48,93.43,2,3,24,CSE,B.Tech,Tier 2,Tier 2,Male,No,2,Not Placed,0
8.26,64,61,70,70,83.69,2,2,23,EEE,B.E.,Tier 2,Tier 3,Female,Yes,0,Placed,1
9.04,76,95,73,75,70.32,1,0,20,CSE,B.Tech,Tier 2,Tier 2,Male,Yes,0,Placed,1
7.42,68,62,46,67,79.85,4,1,20,CSE,B.E.,Tier 1,Tier 2,Male,No,0,Placed,1
7.67,70,78,54,56,76.82,1,3,22,ECE,B.Tech,Tier 3,Tier 2,Male,No,0,Not Placed,0
9.57,59,85,74,78,75.8,1,1,23,AI & ML,B.Tech,Tier 3,Tier 2,Male,No,3,Placed,1
7.6,64,65,47,50,82.35,0,3,24,AI & ML,B.Tech,Tier 1,Tier 3,Female,Yes,0,Placed,1
6.72,67,58,82,77,73.29,5,0,23,CSE,B.E.,Tier 2,Tier 3,Male,Yes,1,Not Placed,0
8.31,65,100,88,64,67.71,5,2,23,ISE,B.Tech,Tier 2,Tier 2,Female,No,0,Placed,1
9.08,83,98,74,39,85.45,3,2,22,CSE,B.Tech,Tier 3,Tier 2,Female,Yes,0,Placed,1
9.45,100,100,94,83,79.3,4,0,21,Data Science,B.Tech,Tier 1,Tier 2,Female,No,0,Placed,1
7.15,79,70,78,73,85.41,1,1,24,Mechanical,B.Tech,Tier 3,Tier 2,Male,Yes,1,Not Placed,0
6.48,57,70,75,87,82.17,2,0,23,CSE,B.Tech,Tier 3,Tier 3,Male,No,0,Not Placed,0
7.06,100,24,52,71,77.33,3,3,21,ECE,B.Tech,Tier 2,Tier 3,Female,Yes,1,Not Placed,0
7.16,53,72,50,86,78.98,0,0,22,CSE,B.Tech,Tier 2,Tier 3,Female,Yes,0,Not Placed,0
7.97,71,82,60,76,80.93,2,4,24,Civil,B.Tech,Tier 1,Tier 3,Male,Yes,0,Not Placed,0
7.66,61,44,53,55,76.74,3,1,20,Mechanical,B.Tech,Tier 3,Tier 2,Male,No,0,Not Placed,0
9.07,47,61,78,70,90.6,0,5,21,Data Science,B.Tech,Tier 2,Tier 3,Male,No,1,Not Placed,0
6.48,80,52,71,61,79.12,4,0,20,ECE,B.Tech,Tier 2,Tier 3,Male,Yes,0,Not Placed,0
8.29,74,99,76,66,96.48,3,3,22,ECE,B.Tech,Tier 1,Tier 3,Female,Yes,0,Placed,1
8.54,82,91,85,77,87.62,2,0,22,CSE,B.E.,Tier 2,Tier 1,Male,No,1,Not Placed,0
9.52,73,68,55,45,81.34,6,2,21,CSE,B.E.,Tier 2,Tier 2,Female,Yes,0,Placed,1
8.7,68,42,66,53,83.75,2,2,22,Civil,B.Tech,Tier 2,Tier 1,Female,Yes,0,Placed,1
7.25,73,53,78,78,87.56,1,1,24,ECE,B.Tech,Tier 2,Tier 2,Female,Yes,0,Not Placed,0
8.37,89,86,59,46,66.47,1,3,21,ISE,B.Tech,Tier 3,Tier 2,Male,Yes,0,Placed,1
6.59,43,67,58,58,77.21,3,0,22,ECE,B.Tech,Tier 2,Tier 2,Male,Yes,0,Placed,1
8.95,76,91,95,51,85.84,1,4,21,ECE,B.Tech,Tier 3,Tier 2,Male,Yes,2,Placed,1
7.92,70,93,58,76,97.67,1,2,21,AI & ML,B.Tech,Tier 3,Tier 2,Male,Yes,0,Not Placed,0
8.4,84,81,78,74,78.4,2,1,23,EEE,B.Tech,Tier 2,Tier 1,Male,Yes,0,Placed,1
7.01,60,66,43,65,85.86,3,1,23,CSE,B.E.,Tier 3,Tier 1,Female,Yes,0,Not Placed,0
5.35,54,75,85,90,83.3,4,1,22,Data Science,B.E.,Tier 2,Tier 3,Male,No,0,Placed,1
8.34,70,85,78,54,64.58,2,0,20,ECE,B.Tech,Tier 3,Tier 3,Male,No,0,Placed,1
7.0,78,69,78,57,87.1,1,1,20,ECE,B.E.,Tier 1,Tier 3,Male,Yes,0,Not Placed,0
9.03,70,64,63,51,92.26,4,1,20,EEE,B.Tech,Tier 1,Tier 1,Male,Yes,0,Placed,1
7.6,64,78,64,48,68.08,3,2,23,Data Science,B.Tech,Tier 3,Tier 2,Female,Yes,3,Placed,1
6.64,56,63,62,81,82.53,2,1,22,CSE,B.Tech,Tier 3,Tier 3,Female,No,1,Not Placed,0
7.56,62,71,50,46,81.12,3,0,21,ECE,B.Tech,Tier 1,Tier 1,Female,No,0,Placed,1
8.24,55,100,88,52,78.72,6,3,22,ISE,B.Tech,Tier 3,Tier 3,Female,Yes,1,Placed,1
8.82,57,58,73,46,93.37,3,2,20,CSE,B.Tech,Tier 1,Tier 2,Male,Yes,0,Placed,1
8.2,73,55,50,51,82.24,1,4,20,Civil,B.E.,Tier 3,Tier 1,Female,Yes,0,Not Placed,0
7.89,72,58,69,66,81.61,4,3,22,EEE,B.Tech,Tier 3,Tier 3,Male,No,1,Not Placed,0
10.0,100,72,80,68,85.22,1,3,22,CSE,B.Tech,Tier 1,Tier 3,Male,Yes,0,Placed,1
9.44,63,66,77,57,78.13,2,1,24,ISE,B.Tech,Tier 2,Tier 1,Male,No,2,Placed,1
7.96,50,100,36,80,80.79,4,4,22,Data Science,B.Tech,Tier 1,Tier 3,Male,No,0,Placed,1
9.24,67,33,34,77,80.69,3,4,22,Data Science,B.Tech,Tier 3,Tier 1,Male,No,1,Placed,1
7.06,60,63,32,69,80.03,2,2,22,AI & ML,B.Tech,Tier 3,Tier 1,Male,No,1,Not Placed,0
9.92,80,93,65,82,72.46,3,3,22,Data Science,B.Tech,Tier 3,Tier 2,Female,Yes,0,Placed,1
7.48,81,41,43,72,86.17,0,1,24,Civil,B.E.,Tier 3,Tier 2,Female,Yes,3,Not Placed,0
8.07,68,78,96,65,84.96,1,4,22,CSE,B.E.,Tier 1,Tier 1,Male,Yes,1,Placed,1
8.47,67,60,45,56,83.15,4,4,24,EEE,B.E.,Tier 1,Tier 3,Male,Yes,1,Placed,1
7.22,82,60,60,60,79.27,0,3,24,ISE,B.E.,Tier 2,Tier 2,Male,No,3,Not Placed,0
7.85,75,63,58,72,92.76,2,0,20,EEE,B.E.,Tier 2,Tier 3,Male,No,2,Not Placed,0
7.75,58,100,87,65,90.12,2,3,23,ISE,B.E.,Tier 2,Tier 3,Female,Yes,1,Placed,1
8.93,90,93,83,89,81.75,4,4,21,ISE,B.Tech,Tier 1,Tier 2,Female,No,0,Placed,1
5.98,66,77,52,80,76.53,3,3,20,ISE,B.Tech,Tier 1,Tier 2,Female,No,0,Placed,1
7.12,74,81,55,83,87.49,2,4,24,CSE,B.Tech,Tier 2,Tier 1,Female,Yes,0,Placed,1
9.23,81,89,54,54,74.76,2,2,21,ECE,B.Tech,Tier 2,Tier 2,Female,Yes,0,Placed,1
8.26,77,78,75,69,87.46,1,2,22,CSE,B.E.,Tier 1,Tier 3,Male,No,3,Not Placed,0
6.97,69,52,68,71,82.25,2,1,20,CSE,B.Tech,Tier 1,Tier 2,Male,Yes,0,Not Placed,0
9.06,70,96,64,62,75.95,1,2,22,AI & ML,B.Tech,Tier 1,Tier 2,Male,Yes,0,Placed,1
8.41,82,68,61,74,84.5,3,1,21,Civil,B.Tech,Tier 2,Tier 3,Female,No,1,Placed,1
7.62,68,68,68,63,82.94,2,3,23,CSE,B.Tech,Tier 2,Tier 1,Female,No,0,Not Placed,0
9.91,86,100,89,88,74.54,4,1,20,CSE,B.Tech,Tier 3,Tier 1,Male,Yes,1,Placed,1
8.1,87,63,37,80,84.93,4,1,21,CSE,B.Tech,Tier 2,Tier 2,Male,No,0,Placed,1
7.67,61,69,75,90,82.03,4,3,22,CSE,B.Tech,Tier 3,Tier 3,Female,Yes,0,Placed,1
7.87,68,70,50,74,79.84,2,3,21,Data Science,B.Tech,Tier 3,Tier 3,Male,Yes,0,Not Placed,0
8.09,74,64,75,76,86.11,1,3,23,AI & ML,B.E.,Tier 3,Tier 1,Female,Yes,0,Placed,1
8.02,91,94,53,61,72.39,3,2,21,AI & ML,B.Tech,Tier 2,Tier 2,Female,No,1,Placed,1
8.4,59,56,55,77,80.41,2,0,22,ECE,B.E.,Tier 3,Tier 3,Female,No,0,Not Placed,0
8.81,92,88,79,79,89.15,3,3,20,AI & ML,B.E.,Tier 2,Tier 3,Male,Yes,1,Placed,1
8.6,57,57,72,69,65.05,3,1,20,Mechanical,B.E.,Tier 1,Tier 1,Male,No,0,Placed,1
7.15,65,88,56,52,100.0,3,1,21,Data Science,B.Tech,Tier 3,Tier 3,Male,Yes,1,Placed,1
9.23,71,77,100,61,91.02,0,3,23,Civil,B.E.,Tier 2,Tier 2,Female,Yes,0,Not Placed,0
8.72,64,77,67,61,68.97,0,2,24,ECE,B.Tech,Tier 3,Tier 2,Male,No,0,Not Placed,0
7.62,69,78,56,60,76.16,2,2,20,CSE,B.Tech,Tier 1,Tier 2,Female,Yes,1,Not Placed,0
7.19,48,41,71,71,75.34,0,1,21,EEE,B.Tech,Tier 2,Tier 2,Male,No,0,Not Placed,0
7.14,64,52,44,45,78.88,2,1,24,Civil,B.Tech,Tier 2,Tier 2,Male,Yes,1,Placed,1
8.58,82,76,51,53,85.19,1,0,20,EEE,B.Tech,Tier 3,Tier 1,Male,Yes,0,Not Placed,0
8.85,83,85,77,41,89.95,2,0,23,ISE,B.Tech,Tier 1,Tier 2,Male,No,2,Placed,1
7.21,59,83,65,58,86.35,2,1,22,CSE,B.Tech,Tier 2,Tier 1,Male,No,0,Placed,1
6.56,76,79,79,66,80.47,1,1,20,Data Science,B.Tech,Tier 3,Tier 2,Female,No,0,Not Placed,0
7.01,56,89,67,66,77.56,1,3,24,Civil,B.Tech,Tier 2,Tier 3,Male,No,0,Not Placed,0
9.54,93,99,58,73,82.21,4,1,22,Civil,B.Tech,Tier 1,Tier 1,Male,No,0,Placed,1
7.13,76,56,72,71,98.79,0,3,20,Data Science,B.E.,Tier 1,Tier 3,Female,No,1,Not Placed,0
7.74,51,64,52,63,90.64,1,2,23,Data Science,B.Tech,Tier 2,Tier 3,Other,Yes,2,Not Placed,0
8.32,78,90,46,82,71.78,5,1,20,CSE,B.Tech,Tier 2,Tier 3,Male,Yes,0,Placed,1
7.41,68,68,79,55,68.51,1,1,21,Civil,B.Tech,Tier 3,Tier 3,Male,Yes,0,Placed,1
7.82,63,88,37,61,89.9,4,0,23,Civil,B.Tech,Tier 2,Tier 1,Male,Yes,0,Placed,1
7.58,68,81,62,49,83.93,3,0,20,Data Science,B.E.,Tier 1,Tier 1,Male,No,0,Not Placed,0
8.8,71,55,55,93,80.36,1,5,23,ECE,B.Tech,Tier 3,Tier 2,Female,Yes,0,Not Placed,0
7.29,65,47,82,68,72.79,3,1,22,ECE,B.Tech,Tier 2,Tier 1,Male,No,2,Placed,1
9.02,98,66,67,41,83.89,1,2,23,ECE,B.Tech,Tier 2,Tier 2,Male,No,0,Not Placed,0
8.05,61,88,61,65,83.59,1,1,21,ISE,B.Tech,Tier 3,Tier 3,Male,No,0,Placed,1
9.04,58,80,38,75,75.77,2,2,23,Data Science,B.E.,Tier 2,Tier 2,Female,Yes,0,Placed,1
8.56,56,71,64,45,87.98,0,1,21,Mechanical,B.Tech,Tier 2,Tier 3,Male,Yes,0,Not Placed,0
7.06,53,69,57,78,88.7,2,3,24,ECE,B.E.,Tier 2,Tier 2,Female,Yes,0,Placed,1
7.02,68,52,70,80,85.34,4,1,22,Data Science,B.Tech,Tier 3,Tier 3,Male,Yes,0,Not Placed,0
7.17,49,89,78,73,82.11,1,3,22,Mechanical,B.E.,Tier 1,Tier 3,Male,Yes,0,Not Placed,0
6.43,64,85,73,46,84.72,2,4,23,AI & ML,B.Tech,Tier 2,Tier 2,Female,No,0,Not Placed,0
9.18,62,47,48,69,74.23,3,0,20,ISE,B.Tech,Tier 3,Tier 3,Male,No,0,Not Placed,0
8.71,86,88,71,62,88.34,3,3,24,ISE,B.Tech,Tier 2,Tier 3,Female,No,2,Not Placed,0
9.1,60,96,58,67,80.23,3,1,20,CSE,B.E.,Tier 2,Tier 3,Male,No,0,Placed,1
9.35,87,81,73,64,90.94,2,3,24,CSE,B.Tech,Tier 1,Tier 1,Female,No,0,Placed,1
6.4,76,69,57,79,81.31,2,2,23,Mechanical,B.E.,Tier 2,Tier 2,Male,Yes,0,Placed,1
8.44,81,61,53,65,87.94,4,3,24,AI & ML,B.E.,Tier 2,Tier 3,Female,Yes,0,Placed,1
8.2,81,74,80,55,81.02,2,2,22,Data Science,B.Tech,Tier 2,Tier 2,Female,Yes,0,Not Placed,0
9.02,78,69,75,55,80.17,2,1,23,ECE,B.Tech,Tier 2,Tier 2,Male,Yes,0,Placed,1
9.68,85,61,69,75,76.62,3,2,22,Mechanical,B.E.,Tier 2,Tier 3,Female,No,0,Placed,1
8.03,60,68,95,85,100.0,0,0,24,Mechanical,B.Tech,Tier 1,Tier 1,Female,No,0,Not Placed,0
7.28,78,82,70,71,89.26,1,4,24,ISE,B.Tech,Tier 3,Tier 3,Male,Yes,0,Not Placed,0
8.53,64,61,69,49,83.82,1,1,21,CSE,B.Tech,Tier 2,Tier 1,Male,Yes,2,Not Placed,0
7.1,61,40,69,41,74.33,5,0,24,EEE,B.Tech,Tier 1,Tier 3,Male,No,0,Not Placed,0
8.3,68,74,77,77,86.8,1,4,21,AI & ML,B.Tech,Tier 2,Tier 3,Female,No,0,Placed,1
8.94,68,71,78,46,85.11,1,1,23,Mechanical,B.Tech,Tier 3,Tier 2,Male,No,0,Not Placed,0
7.32,58,65,49,61,76.91,0,2,22,Mechanical,B.Tech,Tier 2,Tier 2,Male,Yes,0,Not Placed,0
7.77,56,60,44,47,72.05,1,3,22,AI & ML,B.E.,Tier 2,Tier 2,Female,No,1,Placed,1
5.29,79,25,46,61,86.45,2,3,22,ECE,B.Tech,Tier 2,Tier 2,Male,No,0,Placed,1
7.61,85,55,100,63,90.21,2,1,20,CSE,B.Tech,Tier 2,Tier 2,Female,Yes,0,Not Placed,0
7.89,60,80,58,68,80.23,2,2,23,CSE,B.Tech,Tier 2,Tier 2,Male,No,0,Placed,1
8.28,65,88,76,43,82.44,4,2,20,CSE,B.Tech,Tier 1,Tier 3,Male,No,0,Placed,1
6.35,55,57,70,72,71.13,1,2,23,CSE,B.Tech,Tier 3,Tier 3,Male,Yes,0,Not Placed,0
7.72,64,68,68,60,98.96,5,1,23,AI & ML,B.E.,Tier 2,Tier 3,Male,No,0,Not Placed,0
7.18,60,50,69,56,78.29,3,5,22,Civil,B.Tech,Tier 2,Tier 2,Male,Yes,0,Placed,1
7.59,57,48,44,59,79.22,2,1,21,AI & ML,B.Tech,Tier 2,Tier 1,Male,Yes,1,Not Placed,0
7.74,81,64,73,43,86.13,5,1,20,AI & ML,B.Tech,Tier 3,Tier 2,Female,Yes,0,Placed,1
6.53,65,38,38,83,98.76,0,1,23,EEE,B.E.,Tier 1,Tier 3,Female,Yes,0,Not Placed,0
7.9,71,68,68,58,82.03,2,0,21,CSE,B.Tech,Tier 3,Tier 3,Female,Yes,2,Placed,1
7.67,76,78,82,61,76.1,4,1,20,AI & ML,B.E.,Tier 2,Tier 1,Male,Yes,0,Placed,1
8.05,62,84,60,77,89.08,1,4,20,CSE,B.Tech,Tier 2,Tier 2,Male,No,0,Placed,1
6.73,60,81,48,91,78.43,2,3,20,ECE,B.Tech,Tier 2,Tier 2,Female,No,0,Placed,1
7.61,73,35,35,71,85.27,2,2,21,ECE,B.Tech,Tier 3,Tier 3,Male,No,0,Not Placed,0
7.26,82,43,32,71,78.16,2,2,22,ECE,B.E.,Tier 3,Tier 2,Male,No,2,Not Placed,0
8.13,60,74,75,80,70.13,1,2,20,CSE,B.Tech,Tier 2,Tier 3,Male,No,0,Placed,1
7.97,50,77,58,45,85.76,2,4,23,Data Science,B.E.,Tier 2,Tier 2,Female,Yes,0,Placed,1
7.45,56,72,54,49,64.24,1,3,22,CSE,B.Tech,Tier 2,Tier 2,Male,Yes,0,Placed,1
7.89,84,47,60,56,89.16,0,1,22,ECE,B.E.,Tier 1,Tier 2,Male,No,1,Not Placed,0
8.5,87,61,51,63,77.47,0,0,22,Data Science,B.Tech,Tier 2,Tier 2,Female,Yes,0,Placed,1
7.77,61,100,92,71,71.94,4,4,23,CSE,B.Tech,Tier 2,Tier 1,Female,Yes,0,Placed,1
6.59,83,62,100,73,78.14,2,4,22,ECE,B.Tech,Tier 2,Tier 2,Male,Yes,2,Not Placed,0
8.89,73,76,88,41,94.88,1,2,22,Data Science,B.E.,Tier 1,Tier 1,Female,No,0,Placed,1
7.29,58,72,58,68,86.92,1,3,21,CSE,B.E.,Tier 1,Tier 2,Female,Yes,0,Placed,1
7.43,66,62,63,73,80.02,0,1,22,ISE,B.Tech,Tier 3,Tier 1,Female,Yes,0,Not Placed,0
6.78,82,60,43,36,73.21,3,2,22,Data Science,B.Tech,Tier 1,Tier 1,Male,Yes,0,Not Placed,0
7.51,50,56,51,35,80.3,3,0,20,ISE,B.E.,Tier 3,Tier 1,Male,Yes,0,Placed,1
7.88,71,63,88,73,93.85,2,2,22,Mechanical,B.E.,Tier 2,Tier 2,Male,No,0,Placed,1
8.54,80,70,48,91,99.98,0,1,21,ECE,B.Tech,Tier 3,Tier 1,Male,Yes,1,Not Placed,0
9.46,68,88,41,45,74.88,0,3,24,ISE,B.Tech,Tier 1,Tier 2,Male,Yes,0,Placed,1
8.17,65,82,46,68,88.1,2,2,24,AI & ML,B.E.,Tier 3,Tier 2,Male,Yes,0,Placed,1
7.63,48,45,51,87,88.31,1,1,22,ECE,B.Tech,Tier 1,Tier 3,Male,Yes,0,Not Placed,0
7.19,62,89,86,53,75.67,5,2,23,CSE,B.Tech,Tier 2,Tier 1,Female,No,0,Placed,1
7.09,43,47,70,73,88.06,4,1,20,Data Science,B.Tech,Tier 2,Tier 1,Male,Yes,0,Placed,1
7.36,67,46,59,76,88.63,3,0,23,ECE,B.Tech,Tier 2,Tier 2,Female,No,0,Placed,1
8.27,71,80,91,66,82.21,1,2,21,ISE,B.Tech,Tier 2,Tier 3,Female,Yes,0,Placed,1
6.21,66,56,53,71,78.23,0,0,24,Data Science,B.Tech,Tier 1,Tier 3,Male,Yes,0,Placed,1
8.52,86,89,83,70,85.44,5,1,22,ISE,B.Tech,Tier 2,Tier 1,Male,No,0,Placed,1
8.23,95,79,77,69,67.05,2,2,21,Data Science,B.E.,Tier 2,Tier 2,Male,Yes,0,Placed,1
7.97,79,44,84,58,84.29,1,3,21,AI & ML,B.E.,Tier 1,Tier 3,Male,Yes,0,Not Placed,0
8.02,41,49,66,81,88.93,3,7,24,ECE,B.Tech,Tier 3,Tier 2,Female,Yes,0,Placed,1
7.65,60,76,52,39,100.0,2,3,21,Data Science,B.Tech,Tier 3,Tier 3,Male,Yes,0,Placed,1
9.13,80,50,69,65,80.27,0,4,22,ISE,B.Tech,Tier 1,Tier 2,Male,No,0,Not Placed,0
8.71,82,66,63,65,68.15,0,2,22,CSE,B.Tech,Tier 2,Tier 2,Female,Yes,2,Not Placed,0
9.2,79,80,72,72,88.4,1,1,21,Data Science,B.Tech,Tier 2,Tier 1,Male,No,0,Placed,1
8.15,85,94,73,95,83.81,0,3,24,CSE,B.Tech,Tier 1,Tier 3,Female,Yes,0,Placed,1
5.94,49,54,75,62,73.97,1,2,21,AI & ML,B.Tech,Tier 2,Tier 2,Male,Yes,0,Not Placed,0
7.85,89,83,89,69,78.34,1,6,22,ISE,B.Tech,Tier 3,Tier 1,Female,No,2,Placed,1
7.64,78,73,57,59,83.55,1,2,20,CSE,B.Tech,Tier 1,Tier 2,Male,Yes,0,Placed,1
8.8,67,61,76,77,87.49,3,4,23,AI & ML,B.Tech,Tier 3,Tier 3,Female,No,0,Placed,1
6.29,65,49,45,97,87.27,5,0,22,CSE,B.Tech,Tier 2,Tier 3,Male,Yes,1,Not Placed,0
7.18,41,73,69,56,86.98,2,2,24,CSE,B.E.,Tier 1,Tier 1,Male,No,0,Not Placed,0
7.58,67,51,77,57,90.71,0,2,24,ECE,B.Tech,Tier 1,Tier 2,Male,No,3,Not Placed,0
8.54,54,44,69,65,78.82,0,1,21,Mechanical,B.Tech,Tier 1,Tier 3,Female,No,1,Not Placed,0
7.16,71,64,77,69,73.6,1,1,24,CSE,B.E.,Tier 3,Tier 1,Male,Yes,0,Not Placed,0
6.89,61,59,42,83,80.15,3,1,21,AI & ML,B.Tech,Tier 2,Tier 2,Female,No,1,Placed,1
7.53,63,58,42,62,90.17,1,6,22,ECE,B.Tech,Tier 2,Tier 3,Male,Yes,0,Placed,1
8.11,95,87,69,78,72.93,4,3,23,EEE,B.E.,Tier 2,Tier 2,Female,Yes,0,Placed,1
7.49,69,60,70,54,78.15,4,0,23,AI & ML,B.E.,Tier 3,Tier 3,Male,Yes,0,Placed,1
7.71,65,79,89,55,71.09,3,3,21,CSE,B.Tech,Tier 1,Tier 3,Male,No,0,Placed,1
7.92,62,87,74,34,85.0,1,1,22,CSE,B.E.,Tier 3,Tier 1,Female,Yes,1,Placed,1
7.96,57,40,68,54,89.9,0,3,20,ECE,B.E.,Tier 3,Tier 2,Male,No,0,Not Placed,0
7.58,85,72,76,75,86.25,3,1,24,Civil,B.Tech,Tier 1,Tier 3,Male,Yes,0,Placed,1
7.83,63,89,61,58,77.86,2,0,22,Mechanical,B.Tech,Tier 2,Tier 2,Female,Yes,0,Not Placed,0
8.3,81,77,58,77,82.05,2,1,23,ECE,B.Tech,Tier 3,Tier 3,Female,Yes,1,Not Placed,0
7.84,69,61,82,80,80.7,2,3,23,CSE,B.E.,Tier 3,Tier 2,Male,Yes,1,Placed,1
7.16,52,54,70,69,72.27,1,5,20,ECE,B.E.,Tier 2,Tier 2,Male,No,1,Placed,1
6.46,52,62,59,61,86.8,2,1,21,Data Science,B.E.,Tier 2,Tier 2,Male,No,0,Placed,1
6.86,57,100,61,56,69.1,0,1,22,CSE,B.Tech,Tier 2,Tier 1,Female,Yes,0,Placed,1
6.9,51,61,57,85,80.88,4,4,22,ECE,B.E.,Tier 2,Tier 2,Male,Yes,0,Not Placed,0
7.82,92,65,72,56,69.22,5,3,24,CSE,B.Tech,Tier 1,Tier 2,Male,No,1,Placed,1
7.9,70,68,76,62,81.58,0,2,24,Data Science,B.E.,Tier 2,Tier 2,Female,Yes,0,Placed,1
8.0,69,86,66,66,84.63,1,3,22,Data Science,B.Tech,Tier 2,Tier 2,Male,Yes,1,Placed,1
8.1,69,80,57,83,93.24,4,2,23,ISE,B.E.,Tier 2,Tier 2,Male,Yes,0,Not Placed,0
7.74,82,88,79,50,86.9,4,2,24,CSE,B.Tech,Tier 1,Tier 2,Female,Yes,3,Placed,1
7.04,78,67,81,84,77.69,1,1,20,ISE,B.Tech,Tier 2,Tier 3,Female,No,0,Placed,1
7.4,41,91,72,86,82.0,4,1,21,CSE,B.E.,Tier 2,Tier 2,Male,Yes,0,Placed,1
8.87,66,72,44,62,78.16,1,3,24,CSE,B.Tech,Tier 3,Tier 2,Female,No,1,Placed,1
7.69,61,52,38,58,57.11,4,0,24,ISE,B.Tech,Tier 2,Tier 2,Female,Yes,0,Placed,1
7.7,75,50,77,61,83.51,2,1,24,Mechanical,B.E.,Tier 2,Tier 3,Male,Yes,0,Placed,1
6.37,70,63,70,74,61.06,3,2,21,AI & ML,B.Tech,Tier 2,Tier 3,Male,Yes,0,Placed,1
6.94,71,68,55,84,91.01,4,4,20,ECE,B.E.,Tier 2,Tier 3,Male,Yes,0,Placed,1
7.55,77,75,77,68,84.14,2,0,24,CSE,B.E.,Tier 1,Tier 1,Female,No,0,Placed,1
8.58,100,72,45,49,78.67,2,2,21,ISE,B.Tech,Tier 1,Tier 1,Male,No,0,Placed,1
8.73,83,100,80,66,86.33,5,3,21,CSE,B.Tech,Tier 2,Tier 1,Female,Yes,1,Placed,1
6.27,57,58,62,73,94.58,1,1,24,Mechanical,B.Tech,Tier 2,Tier 1,Female,Yes,0,Not Placed,0
7.66,87,74,44,93,73.99,1,1,24,AI & ML,B.Tech,Tier 3,Tier 1,Male,No,0,Not Placed,0
7.3,74,66,77,66,82.07,3,2,23,CSE,B.E.,Tier 2,Tier 3,Male,Yes,0,Placed,1
8.63,62,82,58,75,90.7,1,0,20,Civil,B.Tech,Tier 2,Tier 3,Male,No,0,Not Placed,0
8.86,66,77,80,67,66.14,2,5,24,ECE,B.E.,Tier 1,Tier 2,Male,No,0,Placed,1
6.87,80,50,64,77,91.4,2,3,20,AI & ML,B.Tech,Tier 3,Tier 3,Male,Yes,0,Not Placed,0
7.96,65,54,53,80,81.23,0,1,24,AI & ML,B.E.,Tier 2,Tier 3,Female,Yes,0,Placed,1
8.51,70,58,62,63,91.02,2,2,22,CSE,B.Tech,Tier 3,Tier 2,Male,No,0,Placed,1
8.37,94,83,76,47,85.47,2,2,21,ISE,B.Tech,Tier 2,Tier 1,Male,No,2,Not Placed,0
6.53,56,60,47,72,75.46,1,1,22,Civil,B.Tech,Tier 2,Tier 2,Male,No,0,Not Placed,0
6.89,76,63,66,81,80.74,0,4,22,ECE,B.Tech,Tier 1,Tier 2,Female,Yes,2,Not Placed,0
8.3,64,60,46,47,89.3,0,3,24,EEE,B.E.,Tier 2,Tier 2,Male,No,0,Not Placed,0
8.38,43,74,70,58,77.54,2,3,23,CSE,B.Tech,Tier 1,Tier 2,Male,Yes,0,Placed,1
8.57,85,56,69,55,81.18,3,0,22,ECE,B.Tech,Tier 3,Tier 3,Male,Yes,0,Placed,1
7.39,52,75,70,92,80.98,0,0,23,AI & ML,B.E.,Tier 2,Tier 1,Male,No,0,Not Placed,0
7.97,78,60,68,60,90.05,3,4,20,ECE,B.Tech,Tier 2,Tier 1,Female,No,3,Not Placed,0
9.62,75,100,79,82,84.66,3,3,22,CSE,B.Tech,Tier 3,Tier 2,Female,Yes,1,Placed,1
7.9,64,79,86,95,98.17,0,2,22,Data Science,B.Tech,Tier 1,Tier 2,Male,No,2,Placed,1
9.35,69,92,54,84,81.59,1,1,21,ECE,B.Tech,Tier 1,Tier 3,Male,Yes,0,Placed,1
7.3,64,82,55,77,84.11,3,1,23,Data Science,B.Tech,Tier 2,Tier 3,Female,No,0,Not Placed,0
9.44,57,51,61,52,70.64,2,3,20,AI & ML,B.Tech,Tier 1,Tier 3,Female,No,0,Not Placed,0
8.74,66,73,63,73,75.43,3,3,23,Mechanical,B.Tech,Tier 3,Tier 2,Male,Yes,0,Placed,1
7.84,85,52,73,62,72.92,2,2,21,Civil,B.Tech,Tier 2,Tier 2,Female,Yes,3,Placed,1
7.06,74,71,40,57,76.19,2,4,24,AI & ML,B.Tech,Tier 3,Tier 3,Male,No,1,Not Placed,0
8.64,79,59,26,75,95.61,4,3,21,EEE,B.Tech,Tier 1,Tier 1,Male,Yes,0,Placed,1
6.8,60,66,18,71,80.11,1,1,21,EEE,B.Tech,Tier 2,Tier 2,Male,No,1,Placed,1
8.82,58,81,98,61,79.2,1,0,21,AI & ML,B.Tech,Tier 3,Tier 2,Female,Yes,0,Placed,1
8.77,65,83,80,74,100.0,3,0,23,CSE,B.Tech,Tier 1,Tier 3,Male,No,0,Not Placed,0
8.39,70,90,56,73,98.4,3,2,22,AI & ML,B.E.,Tier 3,Tier 2,Male,No,0,Not Placed,0
7.82,48,90,69,56,100.0,3,1,20,AI & ML,B.Tech,Tier 2,Tier 3,Male,Yes,0,Not Placed,0
8.91,77,85,33,93,68.51,5,3,21,CSE,B.E.,Tier 2,Tier 1,Female,Yes,1,Placed,1
6.67,66,74,63,62,79.28,0,1,24,CSE,B.Tech,Tier 2,Tier 1,Female,Yes,1,Not Placed,0
6.87,84,68,72,62,89.59,1,3,21,ECE,B.Tech,Tier 2,Tier 3,Male,No,0,Placed,1
8.46,83,89,79,73,86.78,0,1,24,Mechanical,B.Tech,Tier 1,Tier 1,Male,Yes,0,Not Placed,0
7.83,90,76,57,91,71.95,2,2,22,CSE,B.E.,Tier 1,Tier 2,Female,Yes,0,Placed,1
8.26,91,72,67,79,81.35,2,5,21,CSE,B.E.,Tier 2,Tier 2,Female,Yes,0,Placed,1
9.09,69,65,75,55,70.47,4,4,23,CSE,B.Tech,Tier 2,Tier 3,Female,No,0,Not Placed,0
7.96,80,91,71,61,84.18,2,3,24,Data Science,B.Tech,Tier 1,Tier 2,Male,Yes,0,Not Placed,0
9.14,74,79,93,74,72.51,3,3,23,Data Science,B.Tech,Tier 2,Tier 3,Female,Yes,1,Placed,1
7.52,80,76,73,39,80.55,0,2,23,Civil,B.Tech,Tier 3,Tier 2,Female,Yes,0,Not Placed,0
7.41,83,63,56,78,97.64,4,1,21,Data Science,B.E.,Tier 1,Tier 1,Female,Yes,0,Placed,1
6.09,41,56,71,77,78.32,2,2,24,ECE,B.Tech,Tier 2,Tier 2,Female,Yes,0,Not Placed,0
6.61,55,92,56,58,92.19,3,4,21,CSE,B.Tech,Tier 1,Tier 2,Female,Yes,0,Placed,1
7.48,84,72,70,61,92.0,2,1,24,Data Science,B.Tech,Tier 1,Tier 2,Female,Yes,0,Placed,1
8.8,93,61,36,46,87.89,1,1,20,Mechanical,B.Tech,Tier 3,Tier 2,Female,Yes,1,Not Placed,0
7.8,71,60,42,73,85.95,1,1,21,Data Science,B.Tech,Tier 3,Tier 3,Female,No,0,Not Placed,0
10.0,87,90,65,87,78.14,1,0,21,AI & ML,B.E.,Tier 1,Tier 3,Female,No,0,Placed,1
10.0,83,70,79,62,67.69,2,3,20,CSE,B.E.,Tier 3,Tier 1,Male,Yes,1,Placed,1
8.11,66,90,71,71,85.18,3,2,21,AI & ML,B.Tech,Tier 2,Tier 2,Male,Yes,0,Placed,1
8.27,77,45,65,75,84.43,1,3,21,Data Science,B.Tech,Tier 3,Tier 3,Male,Yes,1,Not Placed,0
7.54,43,82,48,67,95.12,2,2,24,EEE,B.Tech,Tier 2,Tier 2,Female,No,0,Placed,1
7.28,37,78,51,73,82.85,1,2,24,CSE,B.Tech,Tier 2,Tier 3,Male,Yes,0,Placed,1
7.95,72,45,55,62,82.3,2,1,22,ECE,B.E.,Tier 2,Tier 1,Male,Yes,3,Not Placed,0
6.93,73,50,44,57,94.44,3,3,23,EEE,B.Tech,Tier 3,Tier 1,Male,No,2,Not Placed,0
7.89,97,84,73,59,81.92,5,5,24,ISE,B.E.,Tier 1,Tier 3,Male,Yes,0,Placed,1
8.85,75,87,45,71,72.29,2,1,23,EEE,B.Tech,Tier 1,Tier 3,Male,Yes,0,Placed,1
7.93,40,82,86,41,71.34,2,4,21,Data Science,B.Tech,Tier 2,Tier 2,Male,No,0,Placed,1
7.68,64,71,63,52,77.87,1,4,20,Data Science,B.Tech,Tier 1,Tier 3,Female,No,0,Placed,1
8.6,84,82,78,83,89.4,4,1,20,CSE,B.Tech,Tier 3,Tier 2,Female,No,2,Placed,1
6.45,68,53,69,74,74.27,3,0,21,AI & ML,B.Tech,Tier 2,Tier 2,Male,Yes,1,Not Placed,0
7.9,75,48,62,76,91.33,4,1,20,Mechanical,B.Tech,Tier 3,Tier 1,Female,Yes,2,Placed,1
7.0,75,36,37,81,92.77,3,2,24,CSE,B.Tech,Tier 2,Tier 2,Female,Yes,0,Not Placed,0
7.87,74,72,27,48,82.02,2,1,22,ECE,B.Tech,Tier 1,Tier 3,Female,Yes,0,Placed,1
7.16,65,62,75,67,72.31,4,4,24,CSE,B.Tech,Tier 2,Tier 2,Female,Yes,3,Placed,1
8.92,66,81,66,66,87.6,1,5,23,EEE,B.Tech,Tier 2,Tier 3,Male,Yes,0,Not Placed,0
8.92,78,73,71,74,89.3,1,1,24,CSE,B.Tech,Tier 2,Tier 2,Female,No,0,Not Placed,0
8.48,95,61,68,52,80.7,4,1,21,ECE,B.Tech,Tier 3,Tier 3,Male,Yes,1,Not Placed,0
7.67,65,70,95,52,79.1,1,1,24,Data Science,B.E.,Tier 2,Tier 1,Male,Yes,1,Not Placed,0
6.82,86,87,74,76,100.0,2,2,22,EEE,B.E.,Tier 2,Tier 3,Male,Yes,1,Not Placed,0
8.17,68,81,96,60,88.97,3,1,24,CSE,B.Tech,Tier 3,Tier 1,Female,No,0,Placed,1
7.23,66,80,75,45,81.19,1,2,21,AI & ML,B.E.,Tier 1,Tier 1,Male,No,0,Not Placed,0
9.96,83,100,73,79,85.75,1,2,21,ISE,B.Tech,Tier 1,Tier 2,Male,No,0,Placed,1
8.67,59,91,58,49,77.97,1,0,22,Data Science,B.Tech,Tier 3,Tier 2,Female,Yes,0,Placed,1
9.01,55,67,73,43,65.84,2,2,23,Data Science,B.Tech,Tier 3,Tier 3,Female,Yes,0,Placed,1
8.65,65,77,82,48,73.44,0,1,24,CSE,B.E.,Tier 3,Tier 2,Female,Yes,0,Placed,1
7.29,80,79,78,47,86.97,2,1,23,CSE,B.Tech,Tier 2,Tier 2,Female,Yes,0,Not Placed,0
6.6,80,61,60,80,72.52,2,0,24,CSE,B.Tech,Tier 1,Tier 2,Male,Yes,0,Placed,1
8.73,67,100,67,54,82.33,2,2,20,CSE,B.Tech,Tier 1,Tier 3,Female,Yes,0,Placed,1
7.15,56,41,51,68,82.74,4,3,20,ECE,B.Tech,Tier 2,Tier 2,Male,No,2,Placed,1
6.67,57,68,86,84,81.28,1,0,20,CSE,B.Tech,Tier 1,Tier 3,Female,No,2,Not Placed,0
8.76,56,88,72,52,88.66,1,1,23,Data Science,B.Tech,Tier 1,Tier 3,Female,No,0,Placed,1
7.42,62,63,54,55,75.73,2,4,20,ISE,B.Tech,Tier 2,Tier 2,Male,Yes,0,Not Placed,0
7.8,80,77,54,68,93.75,4,2,22,EEE,B.Tech,Tier 2,Tier 2,Female,Yes,0,Placed,1
7.28,57,74,66,61,69.48,0,3,22,AI & ML,B.Tech,Tier 1,Tier 3,Male,No,0,Placed,1
8.45,78,62,60,82,79.21,5,3,23,EEE,B.Tech,Tier 2,Tier 2,Male,Yes,0,Not Placed,0
8.31,67,68,47,58,83.53,2,0,20,CSE,B.Tech,Tier 2,Tier 2,Male,Yes,1,Placed,1
9.74,100,76,87,44,84.67,2,2,24,ISE,B.Tech,Tier 2,Tier 2,Female,No,0,Placed,1
6.16,58,39,44,77,63.07,4,1,22,AI & ML,B.Tech,Tier 1,Tier 3,Male,Yes,1,Placed,1
7.48,62,47,46,84,100.0,0,3,24,ECE,B.Tech,Tier 2,Tier 3,Other,Yes,1,Not Placed,0
9.93,76,88,82,65,89.93,3,1,23,EEE,B.Tech,Tier 2,Tier 3,Male,Yes,0,Placed,1
5.9,52,79,65,61,73.08,1,1,24,CSE,B.E.,Tier 3,Tier 2,Other,Yes,0,Not Placed,0
8.58,88,55,91,57,76.9,1,2,24,ECE,B.E.,Tier 3,Tier 3,Male,Yes,0,Not Placed,0
6.95,57,52,62,75,69.91,2,0,24,EEE,B.Tech,Tier 2,Tier 3,Male,Yes,0,Not Placed,0
8.24,58,72,29,59,77.72,1,1,20,ECE,B.Tech,Tier 3,Tier 2,Male,Yes,0,Not Placed,0
7.73,68,70,66,70,81.98,2,1,24,ECE,B.Tech,Tier 1,Tier 3,Male,No,0,Not Placed,0
6.9,60,46,70,49,87.16,1,5,23,Mechanical,B.Tech,Tier 3,Tier 3,Female,Yes,0,Not Placed,0
7.7,82,57,79,63,82.02,3,2,22,ECE,B.E.,Tier 2,Tier 2,Male,Yes,0,Placed,1
8.72,61,65,62,71,88.73,3,2,20,Mechanical,B.E.,Tier 1,Tier 2,Male,Yes,0,Placed,1
7.13,71,59,80,46,84.72,3,4,24,CSE,B.Tech,Tier 2,Tier 1,Male,Yes,0,Placed,1
7.76,81,98,64,94,90.42,2,3,22,CSE,B.Tech,Tier 3,Tier 1,Male,Yes,0,Placed,1
6.9,58,44,60,60,86.61,4,0,20,Mechanical,B.E.,Tier 2,Tier 3,Male,Yes,0,Not Placed,0
7.96,70,54,49,87,76.13,2,5,23,Data Science,B.Tech,Tier 3,Tier 1,Male,Yes,0,Placed,1
7.94,88,87,91,99,88.29,3,0,24,Civil,B.Tech,Tier 1,Tier 3,Male,No,0,Placed,1
7.38,68,68,72,53,91.41,4,4,22,CSE,B.Tech,Tier 3,Tier 1,Male,Yes,0,Placed,1
7.68,64,72,51,54,99.9,1,3,21,Mechanical,B.Tech,Tier 1,Tier 1,Female,No,0,Not Placed,0
7.85,64,71,74,78,82.84,3,2,21,AI & ML,B.E.,Tier 2,Tier 2,Female,Yes,0,Not Placed,0
7.92,73,100,80,69,79.44,1,0,21,Data Science,B.Tech,Tier 2,Tier 1,Male,Yes,1,Placed,1
8.72,74,87,68,54,87.2,3,0,23,CSE,B.Tech,Tier 2,Tier 3,Female,Yes,0,Placed,1
7.32,78,64,63,80,69.27,3,3,24,Civil,B.Tech,Tier 1,Tier 3,Male,No,0,Placed,1
5.86,66,76,69,60,83.31,3,1,24,CSE,B.Tech,Tier 2,Tier 3,Male,No,1,Placed,1
7.47,66,75,46,86,77.32,2,3,20,Data Science,B.E.,Tier 3,Tier 2,Male,No,0,Not Placed,0
7.45,67,64,69,60,83.17,4,2,20,CSE,B.E.,Tier 1,Tier 3,Female,Yes,0,Placed,1
8.78,61,66,58,66,78.6,1,4,24,AI & ML,B.E.,Tier 3,Tier 3,Male,Yes,1,Not Placed,0
7.67,84,59,49,75,82.59,1,1,20,ECE,B.Tech,Tier 3,Tier 3,Female,Yes,0,Not Placed,0
7.94,58,64,61,63,79.55,1,1,20,Mechanical,B.Tech,Tier 2,Tier 2,Male,Yes,1,Placed,1
8.3,66,91,80,69,80.84,3,1,21,CSE,B.E.,Tier 3,Tier 3,Male,No,0,Placed,1
6.77,69,61,82,61,65.29,4,2,20,Mechanical,B.Tech,Tier 2,Tier 2,Female,Yes,0,Placed,1
7.88,86,90,92,87,75.65,1,1,20,CSE,B.E.,Tier 3,Tier 3,Male,Yes,0,Not Placed,0
7.32,26,80,76,69,84.26,1,2,24,CSE,B.Tech,Tier 2,Tier 2,Male,Yes,0,Placed,1
8.69,61,90,87,91,78.07,2,4,21,Mechanical,B.Tech,Tier 1,Tier 2,Male,Yes,1,Placed,1
6.49,69,83,50,81,79.83,1,3,22,CSE,B.Tech,Tier 3,Tier 1,Female,No,0,Placed,1
7.77,56,79,78,70,71.68,2,2,23,ISE,B.E.,Tier 2,Tier 2,Female,Yes,0,Not Placed,0
6.51,91,33,56,57,90.43,4,3,21,Civil,B.Tech,Tier 3,Tier 2,Male,Yes,0,Placed,1
8.42,65,78,67,39,97.32,4,1,24,EEE,B.E.,Tier 3,Tier 2,Male,No,0,Placed,1
6.62,57,74,66,63,77.81,3,4,21,CSE,B.Tech,Tier 1,Tier 2,Male,No,0,Not Placed,0
7.93,61,92,35,40,81.75,2,2,20,CSE,B.Tech,Tier 2,Tier 3,Male,Yes,0,Placed,1
8.8,70,52,76,65,84.16,4,4,21,CSE,B.Tech,Tier 2,Tier 1,Female,Yes,0,Placed,1
7.0,52,85,63,58,91.96,1,4,23,CSE,B.E.,Tier 2,Tier 2,Male,Yes,0,Placed,1
6.44,82,84,93,74,78.62,3,2,22,ECE,B.Tech,Tier 2,Tier 1,Male,Yes,0,Placed,1
8.07,95,63,65,81,100.0,1,3,22,AI & ML,B.Tech,Tier 2,Tier 1,Other,Yes,0,Placed,1
8.87,78,67,50,85,75.24,5,1,24,Data Science,B.Tech,Tier 3,Tier 3,Male,Yes,1,Not Placed,0
7.68,100,59,75,84,83.15,0,4,24,ECE,B.Tech,Tier 1,Tier 1,Female,No,2,Not Placed,0
7.36,52,86,68,82,74.46,2,3,21,AI & ML,B.Tech,Tier 1,Tier 2,Male,Yes,0,Placed,1
8.23,78,75,98,42,62.21,0,2,21,ECE,B.Tech,Tier 3,Tier 2,Male,No,0,Placed,1
9.34,75,96,65,73,79.4,2,1,21,ECE,B.Tech,Tier 2,Tier 3,Male,No,0,Placed,1
9.01,90,70,54,52,81.01,2,2,21,Data Science,B.Tech,Tier 3,Tier 3,Male,No,1,Placed,1
6.44,54,79,48,65,81.16,1,2,24,Data Science,B.E.,Tier 2,Tier 1,Male,Yes,0,Not Placed,0
7.11,66,54,68,55,81.2,4,1,23,CSE,B.E.,Tier 3,Tier 3,Male,Yes,0,Placed,1
8.68,69,65,70,79,86.5,1,2,23,CSE,B.Tech,Tier 2,Tier 3,Male,Yes,1,Not Placed,0
7.39,51,78,78,63,75.15,2,1,21,Data Science,B.Tech,Tier 1,Tier 3,Male,Yes,0,Not Placed,0
6.26,58,44,77,69,81.7,3,3,21,CSE,B.Tech,Tier 1,Tier 3,Female,Yes,0,Placed,1
7.43,72,67,72,55,70.67,1,2,24,ISE,B.Tech,Tier 2,Tier 1,Female,Yes,0,Placed,1
8.11,64,100,100,63,78.97,0,0,23,CSE,B.Tech,Tier 1,Tier 2,Male,Yes,0,Placed,1
7.54,83,59,72,66,73.64,0,1,20,EEE,B.Tech,Tier 3,Tier 2,Male,Yes,0,Placed,1
8.71,75,96,93,67,76.22,5,0,22,CSE,B.Tech,Tier 1,Tier 3,Male,No,0,Not Placed,0
7.51,61,95,95,63,85.94,2,3,22,AI & ML,B.Tech,Tier 1,Tier 2,Female,Yes,0,Not Placed,0
7.14,65,56,63,73,83.35,3,4,22,Data Science,B.Tech,Tier 3,Tier 3,Male,Yes,0,Placed,1
6.83,70,55,73,54,86.92,0,2,23,Mechanical,B.Tech,Tier 2,Tier 3,Other,Yes,0,Not Placed,0
9.47,61,94,40,54,59.91,3,2,20,AI & ML,B.E.,Tier 3,Tier 2,Male,No,0,Placed,1
7.77,64,58,76,59,79.05,2,0,20,Civil,B.Tech,Tier 2,Tier 2,Male,Yes,1,Placed,1
9.45,97,76,61,71,76.98,0,1,21,CSE,B.Tech,Tier 3,Tier 3,Male,No,0,Placed,1
8.09,39,67,46,70,76.06,1,2,21,ISE,B.Tech,Tier 3,Tier 2,Female,No,0,Placed,1
8.41,85,79,69,69,85.67,0,2,22,ECE,B.E.,Tier 3,Tier 2,Male,No,0,Not Placed,0
7.38,83,74,61,67,100.0,2,3,22,EEE,B.Tech,Tier 2,Tier 2,Male,No,0,Placed,1
8.15,61,67,88,62,83.89,1,1,21,AI & ML,B.Tech,Tier 1,Tier 2,Male,No,0,Placed,1
7.29,66,64,71,56,82.25,4,3,24,CSE,B.E.,Tier 2,Tier 2,Female,Yes,0,Placed,1
7.41,78,90,54,63,90.88,2,0,21,CSE,B.Tech,Tier 2,Tier 3,Male,Yes,0,Placed,1
6.98,59,52,82,65,100.0,3,2,21,Civil,B.E.,Tier 3,Tier 2,Male,No,0,Placed,1
8.34,90,98,100,77,86.3,0,2,20,CSE,B.Tech,Tier 2,Tier 2,Male,Yes,0,Not Placed,0
7.7,80,82,65,56,77.73,2,4,23,Mechanical,B.E.,Tier 2,Tier 3,Female,Yes,1,Not Placed,0
6.92,42,96,69,66,84.51,1,1,22,AI & ML,B.Tech,Tier 1,Tier 2,Male,Yes,0,Not Placed,0
7.43,80,60,76,80,89.7,2,4,23,EEE,B.Tech,Tier 2,Tier 2,Female,No,0,Not Placed,0
7.33,60,34,28,59,77.42,3,0,20,EEE,B.Tech,Tier 1,Tier 1,Female,No,0,Not Placed,0
7.52,47,48,70,65,80.85,4,0,22,ECE,B.E.,Tier 2,Tier 2,Female,Yes,0,Placed,1
8.03,60,86,48,74,73.56,2,1,21,CSE,B.Tech,Tier 3,Tier 2,Male,Yes,0,Placed,1
6.78,56,46,51,44,90.21,2,1,21,CSE,B.Tech,Tier 3,Tier 1,Female,No,1,Not Placed,0
7.93,76,58,59,58,89.73,1,5,24,CSE,B.Tech,Tier 2,Tier 3,Male,Yes,0,Not Placed,0
8.22,66,81,48,43,78.58,3,0,23,Data Science,B.E.,Tier 2,Tier 2,Male,Yes,1,Not Placed,0
9.56,79,89,99,67,73.42,2,1,21,Data Science,B.Tech,Tier 1,Tier 2,Female,No,0,Placed,1
9.6,98,100,65,62,73.57,1,1,23,EEE,B.Tech,Tier 2,Tier 1,Male,No,0,Placed,1
6.6,54,46,78,67,87.89,1,2,21,AI & ML,B.Tech,Tier 1,Tier 2,Male,No,0,Not Placed,0
8.53,61,86,55,74,89.27,4,3,24,CSE,B.Tech,Tier 2,Tier 3,Male,Yes,2,Placed,1
9.08,67,100,79,64,86.73,2,2,20,CSE,B.Tech,Tier 2,Tier 1,Male,Yes,0,Placed,1
7.29,78,37,76,49,81.95,1,2,24,ECE,B.Tech,Tier 2,Tier 1,Male,Yes,0,Placed,1
6.49,63,50,50,69,74.23,0,4,23,ECE,B.Tech,Tier 1,Tier 2,Male,No,2,Placed,1
7.11,64,58,61,68,100.0,3,3,24,Civil,B.Tech,Tier 1,Tier 1,Male,No,0,Not Placed,0
7.58,71,72,81,54,86.89,4,3,22,CSE,B.Tech,Tier 1,Tier 2,Female,No,0,Placed,1
6.07,47,67,64,85,79.0,2,2,24,CSE,B.Tech,Tier 3,Tier 3,Female,Yes,2,Placed,1
7.91,51,59,35,58,75.71,2,2,23,Data Science,B.E.,Tier 3,Tier 3,Female,No,0,Placed,1
9.56,79,99,84,75,90.6,1,2,20,Data Science,B.Tech,Tier 2,Tier 2,Male,No,0,Not Placed,0
9.7,82,90,74,86,90.98,1,0,21,Civil,B.Tech,Tier 1,Tier 3,Male,Yes,0,Placed,1
9.03,78,93,76,62,90.49,0,2,22,AI & ML,B.Tech,Tier 2,Tier 1,Male,Yes,0,Placed,1
6.12,64,74,78,66,73.39,3,3,24,AI & ML,B.Tech,Tier 1,Tier 1,Female,Yes,0,Placed,1
7.53,87,66,53,57,71.16,1,2,24,Data Science,B.E.,Tier 2,Tier 2,Male,No,0,Placed,1
7.83,66,72,71,45,69.52,1,0,20,ISE,B.Tech,Tier 2,Tier 1,Male,Yes,0,Placed,1
7.82,68,83,100,55,89.93,1,1,21,ISE,B.Tech,Tier 2,Tier 2,Female,Yes,0,Placed,1
9.99,88,80,90,92,70.96,3,2,24,Data Science,B.Tech,Tier 1,Tier 1,Male,No,0,Placed,1
6.85,76,55,42,75,78.4,1,4,21,CSE,B.Tech,Tier 3,Tier 3,Male,Yes,0,Not Placed,0
8.72,86,76,69,87,84.5,2,2,24,AI & ML,B.Tech,Tier 2,Tier 2,Male,No,0,Placed,1
7.31,72,64,61,52,82.01,2,3,23,CSE,B.Tech,Tier 1,Tier 3,Female,Yes,3,Placed,1
9.74,100,64,92,75,82.75,1,1,20,Mechanical,B.E.,Tier 1,Tier 3,Male,No,1,Placed,1
6.79,53,78,73,57,86.34,5,3,21,AI & ML,B.E.,Tier 2,Tier 3,Female,No,0,Placed,1
6.0,60,50,57,79,75.62,1,1,23,Mechanical,B.Tech,Tier 2,Tier 2,Female,Yes,0,Not Placed,0
7.71,79,93,81,92,89.0,0,1,22,CSE,B.Tech,Tier 2,Tier 1,Male,Yes,0,Placed,1
7.8,56,85,70,53,82.72,3,1,24,CSE,B.Tech,Tier 2,Tier 3,Male,No,1,Placed,1
8.23,58,59,78,69,85.44,4,5,24,ISE,B.Tech,Tier 3,Tier 1,Male,Yes,0,Placed,1
7.42,71,76,78,96,80.03,2,2,22,CSE,B.E.,Tier 3,Tier 2,Male,Yes,0,Not Placed,0
9.27,83,68,89,61,90.03,3,2,24,Civil,B.Tech,Tier 2,Tier 1,Male,Yes,0,Placed,1
7.0,63,76,50,81,76.06,2,3,22,ECE,B.Tech,Tier 3,Tier 1,Female,No,0,Placed,1
8.26,66,66,65,65,95.98,1,0,23,Civil,B.E.,Tier 3,Tier 2,Female,Yes,0,Placed,1
8.28,72,67,48,65,76.7,1,1,24,CSE,B.Tech,Tier 2,Tier 3,Male,No,2,Not Placed,0
8.29,52,77,64,73,74.17,1,2,24,CSE,B.Tech,Tier 1,Tier 3,Female,Yes,0,Placed,1
7.23,46,65,70,61,77.33,2,3,24,ECE,B.E.,Tier 2,Tier 2,Female,Yes,0,Placed,1
8.21,92,79,67,76,72.28,2,0,20,ECE,B.E.,Tier 3,Tier 3,Female,No,0,Placed,1
9.32,89,88,75,61,85.87,0,4,24,AI & ML,B.Tech,Tier 1,Tier 2,Male,Yes,0,Placed,1
8.08,62,73,85,88,81.14,2,3,20,CSE,B.Tech,Tier 2,Tier 2,Female,Yes,0,Placed,1
7.7,78,50,44,70,78.1,0,1,21,Data Science,B.Tech,Tier 2,Tier 2,Female,Yes,0,Placed,1
8.66,68,87,85,86,68.27,2,3,21,AI & ML,B.E.,Tier 1,Tier 2,Female,Yes,0,Not Placed,0
7.71,54,99,75,70,65.41,2,3,20,AI & ML,B.Tech,Tier 3,Tier 1,Male,No,0,Placed,1
9.69,80,100,83,51,76.3,3,1,23,Mechanical,B.Tech,Tier 1,Tier 2,Male,Yes,0,Placed,1
7.63,65,68,70,45,65.32,2,4,20,AI & ML,B.E.,Tier 2,Tier 2,Male,Yes,0,Not Placed,0
7.25,56,84,57,47,75.18,4,1,21,ISE,B.Tech,Tier 2,Tier 1,Male,No,1,Not Placed,0
7.78,68,55,86,64,77.32,2,3,20,CSE,B.E.,Tier 2,Tier 2,Female,Yes,0,Placed,1
7.33,76,24,41,66,70.25,1,2,21,ISE,B.Tech,Tier 2,Tier 1,Female,Yes,0,Not Placed,0
6.35,56,69,83,53,77.2,5,1,22,AI & ML,B.Tech,Tier 2,Tier 3,Female,No,0,Not Placed,0
8.23,55,79,70,57,84.43,4,0,24,Data Science,B.Tech,Tier 1,Tier 2,Male,Yes,1,Placed,1
7.64,85,100,43,57,94.13,1,0,20,CSE,B.Tech,Tier 2,Tier 2,Female,No,0,Placed,1
8.96,49,81,69,67,92.27,1,1,20,AI & ML,B.Tech,Tier 1,Tier 1,Female,Yes,0,Placed,1
8.08,65,84,74,56,66.64,2,3,22,CSE,B.E.,Tier 2,Tier 1,Female,Yes,0,Placed,1
6.93,71,44,35,60,86.68,1,0,22,Civil,B.Tech,Tier 2,Tier 1,Male,No,1,Not Placed,0
7.52,79,77,69,62,70.1,1,2,22,ECE,B.Tech,Tier 1,Tier 1,Male,Yes,1,Placed,1
7.32,85,66,88,56,76.99,0,4,22,Civil,B.Tech,Tier 2,Tier 2,Male,Yes,1,Not Placed,0
8.54,73,57,53,76,73.75,1,2,24,Mechanical,B.E.,Tier 1,Tier 3,Female,No,0,Placed,1
7.2,52,73,44,52,71.34,2,2,22,Mechanical,B.Tech,Tier 2,Tier 3,Female,No,2,Not Placed,0
7.51,82,54,56,65,74.99,2,1,20,AI & ML,B.E.,Tier 3,Tier 2,Male,Yes,0,Not Placed,0
7.0,82,72,78,46,77.49,4,2,23,CSE,B.Tech,Tier 1,Tier 3,Male,No,0,Not Placed,0
8.11,64,79,77,65,61.35,3,3,24,Data Science,B.Tech,Tier 2,Tier 2,Male,Yes,0,Placed,1
6.99,64,45,68,69,93.67,3,4,21,ISE,B.E.,Tier 2,Tier 3,Male,Yes,0,Placed,1
8.38,67,85,75,77,67.28,1,3,21,ISE,B.Tech,Tier 1,Tier 2,Female,No,1,Placed,1
7.8,86,86,59,87,79.83,1,1,21,CSE,B.Tech,Tier 3,Tier 1,Female,No,1,Placed,1
9.37,100,64,73,48,70.78,2,1,21,ECE,B.Tech,Tier 2,Tier 2,Female,No,0,Placed,1
6.73,80,69,47,58,73.48,2,3,23,Civil,B.Tech,Tier 3,Tier 1,Male,Yes,0,Not Placed,0
6.17,67,73,65,77,78.31,1,0,20,ISE,B.E.,Tier 3,Tier 1,Male,No,2,Not Placed,0
7.25,77,74,65,94,82.89,0,6,22,ISE,B.Tech,Tier 1,Tier 1,Female,Yes,0,Placed,1
6.91,80,52,55,66,85.67,3,0,23,CSE,B.E.,Tier 2,Tier 2,Male,No,0,Placed,1
8.21,83,69,73,61,66.39,1,2,23,CSE,B.Tech,Tier 2,Tier 1,Male,No,1,Not Placed,0
7.55,74,69,81,67,82.18,1,2,21,Mechanical,B.Tech,Tier 2,Tier 1,Female,Yes,0,Placed,1
7.74,68,56,41,68,76.67,0,0,20,CSE,B.Tech,Tier 3,Tier 2,Female,Yes,0,Placed,1
7.45,70,84,68,48,69.3,1,1,24,Data Science,B.Tech,Tier 2,Tier 1,Male,No,2,Not Placed,0
8.43,74,64,50,65,77.38,1,2,24,CSE,B.E.,Tier 2,Tier 2,Other,Yes,3,Placed,1
5.92,49,39,53,61,90.3,3,2,23,CSE,B.E.,Tier 1,Tier 1,Male,Yes,1,Not Placed,0
8.57,84,61,59,49,84.56,2,3,24,EEE,B.Tech,Tier 2,Tier 1,Male,Yes,0,Placed,1
6.7,44,62,52,64,70.57,5,0,24,AI & ML,B.Tech,Tier 3,Tier 3,Male,Yes,0,Placed,1
7.79,67,65,67,53,79.11,0,4,22,EEE,B.Tech,Tier 2,Tier 3,Male,No,0,Placed,1
8.37,72,97,75,58,73.24,3,3,24,ECE,B.Tech,Tier 3,Tier 2,Female,No,0,Placed,1
8.72,57,79,58,47,88.14,2,2,20,Data Science,B.Tech,Tier 2,Tier 2,Male,No,0,Placed,1
7.81,100,72,82,65,70.28,1,1,20,Mechanical,B.Tech,Tier 1,Tier 2,Female,No,2,Placed,1
7.76,63,83,67,70,89.02,1,3,21,EEE,B.Tech,Tier 1,Tier 3,Male,Yes,3,Not Placed,0
8.48,69,55,80,72,91.33,0,6,24,CSE,B.Tech,Tier 3,Tier 1,Female,Yes,2,Placed,1
8.29,67,100,61,90,75.09,3,5,20,Mechanical,B.E.,Tier 2,Tier 2,Female,Yes,1,Placed,1
7.21,57,62,49,69,73.65,5,1,24,Civil,B.Tech,Tier 1,Tier 3,Female,No,0,Not Placed,0
8.03,68,86,73,84,68.88,2,1,20,CSE,B.E.,Tier 3,Tier 2,Male,No,0,Placed,1
7.68,52,52,52,63,89.48,1,1,21,CSE,B.E.,Tier 1,Tier 3,Female,Yes,0,Not Placed,0
8.0,45,83,77,67,90.41,3,3,22,CSE,B.E.,Tier 1,Tier 3,Male,No,0,Placed,1
8.08,57,84,67,60,89.05,2,0,22,AI & ML,B.Tech,Tier 2,Tier 2,Female,Yes,0,Placed,1
6.56,57,71,75,59,76.62,2,2,22,CSE,B.Tech,Tier 3,Tier 1,Male,No,0,Not Placed,0
7.2,46,100,93,75,84.79,1,0,20,CSE,B.Tech,Tier 1,Tier 3,Male,Yes,0,Not Placed,0
7.34,70,100,87,62,84.74,2,2,24,AI & ML,B.Tech,Tier 2,Tier 2,Male,Yes,0,Placed,1
6.9,75,69,47,44,88.37,4,2,20,EEE,B.Tech,Tier 2,Tier 2,Male,No,1,Placed,1
8.6,65,72,51,68,73.08,2,5,22,Mechanical,B.Tech,Tier 2,Tier 2,Female,Yes,3,Placed,1
8.11,73,77,54,53,83.55,0,0,23,Data Science,B.E.,Tier 1,Tier 1,Male,No,0,Placed,1
7.4,59,53,54,51,72.19,2,2,23,Civil,B.E.,Tier 3,Tier 2,Male,No,3,Not Placed,0
5.64,71,60,34,67,86.83,1,2,24,Data Science,B.E.,Tier 3,Tier 2,Female,Yes,2,Not Placed,0
7.47,81,66,75,64,78.14,1,3,20,Civil,B.Tech,Tier 2,Tier 1,Female,Yes,1,Placed,1
7.57,48,72,60,74,63.75,1,1,22,Data Science,B.Tech,Tier 1,Tier 3,Female,Yes,0,Placed,1
8.94,85,100,94,63,74.19,5,0,22,CSE,B.E.,Tier 2,Tier 3,Male,No,0,Placed,1
6.09,56,69,73,58,81.86,3,4,20,AI & ML,B.Tech,Tier 3,Tier 2,Male,Yes,0,Not Placed,0
8.6,72,70,38,34,83.23,2,1,24,CSE,B.Tech,Tier 2,Tier 2,Male,No,0,Not Placed,0
7.6,65,88,83,79,76.7,2,4,21,Data Science,B.Tech,Tier 1,Tier 2,Male,No,1,Placed,1
6.74,43,46,48,73,78.51,1,0,23,CSE,B.Tech,Tier 1,Tier 2,Male,Yes,0,Not Placed,0
6.58,62,46,87,77,81.58,2,0,23,ECE,B.Tech,Tier 2,Tier 2,Male,Yes,0,Not Placed,0
8.65,67,68,54,57,65.39,2,4,22,AI & ML,B.Tech,Tier 2,Tier 1,Male,No,0,Placed,1
9.01,60,69,68,90,81.33,2,2,21,Mechanical,B.E.,Tier 2,Tier 2,Male,No,0,Not Placed,0
8.29,73,54,57,63,94.99,1,2,24,EEE,B.Tech,Tier 2,Tier 1,Male,No,0,Placed,1
7.97,66,63,61,70,84.27,2,5,24,ECE,B.E.,Tier 3,Tier 2,Male,Yes,0,Not Placed,0
7.31,71,48,47,53,87.26,2,1,20,ISE,B.E.,Tier 2,Tier 3,Female,Yes,1,Not Placed,0
7.94,67,48,44,57,76.82,1,0,21,Civil,B.E.,Tier 3,Tier 2,Male,Yes,0,Not Placed,0
8.4,75,70,91,62,81.18,1,2,21,AI & ML,B.Tech,Tier 1,Tier 3,Female,Yes,0,Placed,1
8.48,57,64,37,76,82.3,2,5,22,AI & ML,B.Tech,Tier 3,Tier 3,Male,No,1,Not Placed,0
8.36,60,63,68,62,86.85,3,2,24,CSE,B.E.,Tier 1,Tier 3,Male,No,0,Not Placed,0
6.29,78,34,53,60,86.95,2,4,24,EEE,B.Tech,Tier 1,Tier 3,Male,Yes,0,Not Placed,0
8.83,78,85,89,69,88.74,1,2,22,ISE,B.E.,Tier 2,Tier 1,Male,No,0,Placed,1
8.06,74,71,50,66,70.52,3,1,22,Data Science,B.Tech,Tier 2,Tier 2,Other,No,0,Placed,1
8.31,60,94,75,61,70.02,1,4,24,CSE,B.E.,Tier 2,Tier 3,Male,Yes,0,Placed,1
8.05,75,93,72,32,70.38,2,2,20,CSE,B.Tech,Tier 2,Tier 3,Female,Yes,0,Placed,1
8.62,90,100,58,57,72.88,0,1,23,CSE,B.E.,Tier 3,Tier 2,Female,No,1,Not Placed,0
7.39,54,93,73,51,80.51,4,2,24,Data Science,B.Tech,Tier 2,Tier 2,Female,Yes,3,Not Placed,0
7.79,66,78,67,80,88.79,1,2,20,CSE,B.E.,Tier 1,Tier 1,Female,Yes,0,Placed,1
9.06,70,87,78,85,78.57,1,2,22,ECE,B.E.,Tier 2,Tier 2,Male,No,1,Not Placed,0
7.99,66,77,68,70,75.36,3,0,24,AI & ML,B.Tech,Tier 2,Tier 2,Male,Yes,0,Not Placed,0
7.81,66,83,90,45,81.53,0,1,21,Mechanical,B.Tech,Tier 3,Tier 2,Male,Yes,1,Not Placed,0
7.82,82,60,45,61,94.42,2,4,22,AI & ML,B.Tech,Tier 2,Tier 1,Female,Yes,1,Placed,1
8.07,52,77,59,48,78.34,1,2,24,ECE,B.Tech,Tier 2,Tier 3,Male,Yes,0,Placed,1
8.74,86,83,82,45,97.49,1,0,20,Mechanical,B.E.,Tier 1,Tier 1,Female,Yes,1,Placed,1
8.62,69,85,76,81,76.16,3,2,21,ISE,B.E.,Tier 1,Tier 2,Female,No,1,Placed,1
9.01,79,91,100,62,80.99,3,2,21,Civil,B.Tech,Tier 2,Tier 2,Male,Yes,0,Placed,1
9.39,73,100,58,62,76.55,3,3,23,CSE,B.Tech,Tier 1,Tier 2,Male,No,0,Placed,1
7.14,71,65,75,65,72.87,4,2,24,ECE,B.Tech,Tier 3,Tier 3,Female,No,0,Not Placed,0
7.48,78,92,70,57,83.23,4,0,24,CSE,B.Tech,Tier 2,Tier 1,Female,No,1,Placed,1
6.37,45,51,42,86,84.44,1,2,21,ECE,B.Tech,Tier 3,Tier 2,Male,Yes,0,Not Placed,0
9.33,73,93,83,65,94.42,3,1,23,CSE,B.Tech,Tier 2,Tier 2,Male,No,0,Placed,1
6.51,63,52,33,26,67.46,2,1,21,Civil,B.Tech,Tier 3,Tier 3,Male,No,3,Not Placed,0
7.09,62,88,26,89,88.57,0,3,20,AI & ML,B.Tech,Tier 3,Tier 2,Female,No,1,Placed,1
8.26,69,56,46,69,85.59,3,1,23,Mechanical,B.Tech,Tier 1,Tier 3,Male,Yes,0,Placed,1
7.08,38,83,50,72,91.16,0,0,22,CSE,B.Tech,Tier 2,Tier 2,Female,No,0,Not Placed,0
8.43,52,87,53,70,82.19,6,2,23,CSE,B.Tech,Tier 2,Tier 1,Male,No,1,Not Placed,0
7.36,60,53,59,80,80.81,3,2,21,EEE,B.Tech,Tier 3,Tier 3,Male,Yes,1,Not Placed,0
8.14,61,53,67,72,86.64,0,1,20,AI & ML,B.Tech,Tier 3,Tier 1,Male,Yes,1,Placed,1
9.2,72,84,85,75,80.36,1,2,23,Data Science,B.Tech,Tier 3,Tier 3,Female,Yes,0,Placed,1
8.76,77,86,68,66,98.75,1,0,24,ECE,B.Tech,Tier 2,Tier 2,Male,Yes,0,Not Placed,0
7.97,71,66,49,83,84.99,2,2,23,ECE,B.Tech,Tier 2,Tier 1,Male,Yes,0,Placed,1
7.46,62,84,63,88,84.09,3,1,24,Data Science,B.E.,Tier 3,Tier 2,Male,No,0,Not Placed,0
8.9,71,61,60,37,78.61,2,1,24,CSE,B.Tech,Tier 2,Tier 2,Male,Yes,0,Placed,1
7.71,82,64,54,60,90.22,1,2,22,Data Science,B.Tech,Tier 2,Tier 1,Female,Yes,0,Placed,1
9.82,85,94,55,59,75.64,5,2,20,ISE,B.E.,Tier 2,Tier 2,Male,Yes,0,Placed,1
9.95,64,72,37,68,79.56,3,2,24,CSE,B.E.,Tier 2,Tier 1,Male,No,0,Placed,1
9.13,83,98,71,57,89.13,0,1,23,Data Science,B.Tech,Tier 2,Tier 3,Male,No,0,Placed,1
8.55,81,81,82,57,90.17,1,6,22,CSE,B.Tech,Tier 2,Tier 3,Female,Yes,0,Placed,1
7.73,53,100,94,76,76.35,5,2,22,CSE,B.Tech,Tier 1,Tier 2,Male,No,3,Not Placed,0
6.8,83,73,82,55,74.97,1,2,21,Mechanical,B.Tech,Tier 3,Tier 2,Male,No,1,Not Placed,0
8.39,67,96,96,75,83.38,1,4,23,CSE,B.Tech,Tier 3,Tier 2,Female,No,1,Placed,1
8.22,100,83,78,57,79.85,4,3,20,CSE,B.Tech,Tier 2,Tier 1,Female,Yes,0,Placed,1
6.55,79,73,62,58,80.94,2,1,21,Data Science,B.Tech,Tier 1,Tier 2,Male,No,0,Placed,1
9.0,65,73,64,73,93.72,0,4,21,Data Science,B.Tech,Tier 2,Tier 3,Female,Yes,2,Placed,1
8.44,81,93,69,69,97.68,1,2,21,AI & ML,B.E.,Tier 3,Tier 3,Female,Yes,0,Placed,1
7.47,75,65,82,67,77.55,1,1,24,Data Science,B.Tech,Tier 1,Tier 2,Male,Yes,0,Placed,1
8.3,71,84,65,66,100.0,1,1,20,Data Science,B.Tech,Tier 1,Tier 3,Male,Yes,0,Placed,1
7.88,54,73,51,54,77.45,4,8,22,CSE,B.Tech,Tier 2,Tier 3,Male,No,1,Not Placed,0
7.75,90,77,78,77,89.0,3,3,24,EEE,B.Tech,Tier 1,Tier 2,Female,No,0,Placed,1
7.31,80,35,59,74,99.62,0,4,22,CSE,B.Tech,Tier 3,Tier 2,Male,Yes,0,Not Placed,0
8.98,57,74,70,87,61.61,0,1,20,Data Science,B.Tech,Tier 2,Tier 2,Female,No,0,Placed,1
7.08,54,100,82,51,80.62,2,3,23,ISE,B.Tech,Tier 2,Tier 2,Female,No,1,Placed,1
5.77,79,82,72,62,75.84,2,2,21,ISE,B.E.,Tier 1,Tier 3,Female,No,0,Not Placed,0
7.94,81,58,64,60,94.98,2,3,23,Civil,B.Tech,Tier 2,Tier 3,Male,No,0,Placed,1
6.65,66,72,66,74,85.9,4,4,20,CSE,B.Tech,Tier 1,Tier 2,Female,Yes,0,Placed,1
6.72,41,70,51,66,89.86,1,4,24,CSE,B.E.,Tier 2,Tier 1,Male,Yes,0,Placed,1
8.43,55,67,51,73,83.66,1,2,24,Mechanical,B.Tech,Tier 2,Tier 2,Other,No,0,Not Placed,0
6.7,55,75,75,62,84.05,1,2,20,Data Science,B.E.,Tier 2,Tier 2,Male,No,0,Placed,1
8.05,56,80,82,75,67.88,3,5,20,CSE,B.Tech,Tier 2,Tier 2,Female,No,1,Placed,1
6.34,54,82,80,78,78.47,2,1,23,CSE,B.E.,Tier 3,Tier 3,Male,Yes,1,Not Placed,0
6.67,47,57,66,60,85.33,3,1,23,CSE,B.Tech,Tier 2,Tier 3,Other,No,0,Placed,1
7.56,81,64,40,62,81.85,1,0,21,CSE,B.Tech,Tier 2,Tier 2,Male,Yes,0,Placed,1
9.68,76,95,56,81,72.36,1,5,21,Data Science,B.Tech,Tier 1,Tier 3,Female,Yes,0,Placed,1
6.18,73,66,63,40,84.39,1,2,22,ECE,B.Tech,Tier 2,Tier 3,Male,Yes,0,Placed,1
9.45,97,56,70,60,89.39,2,2,20,ECE,B.Tech,Tier 1,Tier 1,Male,Yes,0,Placed,1
7.34,76,69,55,42,80.01,2,2,24,AI & ML,B.E.,Tier 3,Tier 1,Male,No,0,Placed,1
6.73,62,49,40,73,89.5,1,2,24,CSE,B.E.,Tier 2,Tier 1,Male,Yes,0,Placed,1
7.63,62,55,46,70,79.69,1,5,23,ISE,B.Tech,Tier 3,Tier 2,Male,No,3,Not Placed,0
8.5,74,40,26,63,80.81,3,0,23,EEE,B.Tech,Tier 3,Tier 1,Male,No,0,Not Placed,0
8.94,58,77,73,43,85.94,3,1,21,AI & ML,B.Tech,Tier 2,Tier 1,Female,No,0,Placed,1
6.34,72,57,55,74,89.67,1,2,23,CSE,B.Tech,Tier 2,Tier 3,Male,Yes,0,Placed,1
6.4,66,43,47,32,73.95,3,0,20,ECE,B.Tech,Tier 1,Tier 2,Female,Yes,0,Not Placed,0
7.7,62,89,75,81,85.11,3,3,20,CSE,B.E.,Tier 1,Tier 3,Male,No,0,Placed,1
7.87,75,65,55,30,84.02,1,2,21,Data Science,B.Tech,Tier 2,Tier 2,Male,No,2,Not Placed,0
7.06,75,58,62,78,83.37,0,2,21,AI & ML,B.Tech,Tier 3,Tier 1,Male,Yes,0,Not Placed,0
8.5,67,67,64,90,92.34,2,2,21,ECE,B.Tech,Tier 2,Tier 2,Male,No,3,Placed,1
8.42,70,57,58,68,66.08,0,3,20,Data Science,B.Tech,Tier 1,Tier 3,Male,Yes,0,Not Placed,0
7.38,77,35,72,72,82.51,1,1,24,Data Science,B.Tech,Tier 3,Tier 3,Male,No,0,Not Placed,0
7.2,40,94,71,54,86.12,1,0,20,AI & ML,B.Tech,Tier 1,Tier 1,Male,Yes,0,Not Placed,0
6.9,70,73,72,76,81.98,4,5,23,Data Science,B.E.,Tier 3,Tier 2,Male,No,0,Placed,1
8.02,74,65,82,39,93.13,2,5,21,EEE,B.E.,Tier 3,Tier 3,Male,Yes,0,Placed,1
8.41,84,80,54,47,87.11,4,1,22,AI & ML,B.Tech,Tier 1,Tier 1,Female,Yes,0,Not Placed,0
7.47,80,70,58,62,71.49,2,2,23,ISE,B.Tech,Tier 2,Tier 3,Female,No,0,Placed,1
9.45,92,58,58,70,88.91,2,2,22,AI & ML,B.Tech,Tier 1,Tier 2,Female,Yes,0,Not Placed,0
9.86,85,80,90,68,77.79,4,5,23,CSE,B.Tech,Tier 2,Tier 2,Female,No,0,Placed,1
7.92,62,96,56,65,87.6,4,2,23,AI & ML,B.Tech,Tier 2,Tier 3,Male,Yes,0,Placed,1
6.77,65,88,69,80,88.43,0,2,23,ISE,B.Tech,Tier 3,Tier 3,Male,Yes,1,Placed,1
8.01,77,72,73,20,80.32,1,0,22,ISE,B.E.,Tier 2,Tier 3,Male,No,0,Not Placed,0
7.69,79,82,46,65,82.23,2,1,24,Data Science,B.Tech,Tier 2,Tier 2,Male,No,0,Placed,1
8.34,100,77,63,63,75.98,0,3,23,EEE,B.Tech,Tier 2,Tier 2,Female,Yes,0,Placed,1
7.82,81,90,68,71,82.96,1,2,20,CSE,B.Tech,Tier 1,Tier 1,Female,Yes,0,Placed,1
7.44,61,85,64,83,73.6,0,3,20,EEE,B.Tech,Tier 1,Tier 2,Female,No,0,Not Placed,0
8.12,60,57,63,48,69.14,3,1,22,EEE,B.Tech,Tier 2,Tier 3,Male,No,0,Not Placed,0
7.38,71,52,64,70,70.58,3,1,21,AI & ML,B.Tech,Tier 1,Tier 2,Male,Yes,0,Placed,1
7.91,62,78,76,76,92.39,2,3,23,AI & ML,B.E.,Tier 3,Tier 2,Male,No,1,Not Placed,0
7.21,51,70,85,64,100.0,0,3,22,CSE,B.Tech,Tier 2,Tier 3,Female,No,0,Not Placed,0
9.58,90,77,58,78,85.58,1,1,23,ECE,B.Tech,Tier 1,Tier 3,Male,No,0,Not Placed,0
8.29,76,79,100,81,88.68,3,4,20,Mechanical,B.Tech,Tier 2,Tier 3,Female,Yes,0,Placed,1
7.38,71,84,79,55,87.43,1,3,22,Data Science,B.Tech,Tier 1,Tier 1,Male,Yes,0,Not Placed,0
8.19,63,80,100,61,64.47,1,1,24,CSE,B.Tech,Tier 1,Tier 2,Male,No,0,Not Placed,0
9.37,100,58,70,67,93.73,2,2,24,AI & ML,B.E.,Tier 3,Tier 3,Other,Yes,0,Not Placed,0
7.43,62,80,54,54,82.08,2,3,21,CSE,B.Tech,Tier 3,Tier 1,Male,No,0,Not Placed,0
6.53,62,70,56,68,74.5,2,0,23,ISE,B.Tech,Tier 2,Tier 3,Female,No,3,Not Placed,0
6.69,67,86,79,74,76.7,4,5,23,CSE,B.Tech,Tier 1,Tier 3,Male,Yes,0,Not Placed,0
8.61,79,60,77,74,67.57,2,2,22,Mechanical,B.E.,Tier 2,Tier 2,Male,No,0,Placed,1
7.43,63,74,75,21,77.49,5,3,24,Data Science,B.Tech,Tier 1,Tier 3,Male,No,0,Placed,1
8.17,89,57,38,100,96.19,4,4,21,CSE,B.Tech,Tier 1,Tier 1,Male,Yes,1,Placed,1
7.2,59,62,54,77,77.91,3,1,24,CSE,B.Tech,Tier 2,Tier 3,Female,Yes,0,Placed,1
7.19,62,53,37,78,72.69,2,1,24,Data Science,B.Tech,Tier 3,Tier 1,Female,No,2,Not Placed,0
8.32,59,81,100,75,74.3,3,2,24,AI & ML,B.Tech,Tier 1,Tier 1,Male,Yes,1,Placed,1
7.25,78,74,43,75,89.91,1,0,22,CSE,B.E.,Tier 3,Tier 3,Male,Yes,0,Not Placed,0
6.42,57,48,56,63,66.59,2,1,24,ISE,B.E.,Tier 1,Tier 1,Female,Yes,2,Not Placed,0
9.1,79,97,64,65,84.71,2,2,20,CSE,B.E.,Tier 2,Tier 3,Male,Yes,0,Placed,1
6.47,76,62,65,62,69.38,1,1,21,Mechanical,B.E.,Tier 3,Tier 2,Male,Yes,0,Not Placed,0
7.21,51,54,71,70,83.49,3,1,24,Data Science,B.Tech,Tier 1,Tier 3,Female,No,0,Not Placed,0
5.82,40,46,30,80,89.52,1,0,22,Data Science,B.Tech,Tier 2,Tier 2,Male,Yes,1,Placed,1
7.82,61,54,85,40,100.0,2,2,24,ECE,B.Tech,Tier 2,Tier 2,Male,Yes,0,Not Placed,0
7.09,90,78,70,60,62.71,2,1,22,Data Science,B.Tech,Tier 2,Tier 3,Male,No,1,Not Placed,0
9.55,74,79,98,88,77.12,2,3,21,ECE,B.Tech,Tier 3,Tier 2,Female,Yes,0,Placed,1
8.42,57,84,91,55,88.77,1,2,21,Data Science,B.Tech,Tier 2,Tier 2,Male,No,2,Not Placed,0
8.53,99,89,61,65,87.29,2,1,23,CSE,B.Tech,Tier 3,Tier 2,Female,No,1,Not Placed,0
7.03,56,81,72,55,61.12,0,3,22,EEE,B.Tech,Tier 1,Tier 2,Male,Yes,0,Not Placed,0
7.16,65,47,43,57,82.73,1,0,21,CSE,B.Tech,Tier 2,Tier 2,Female,Yes,2,Placed,1
8.45,63,72,81,100,67.04,1,1,23,Data Science,B.Tech,Tier 3,Tier 2,Female,No,0,Placed,1
6.95,66,67,58,80,92.17,1,3,20,ISE,B.Tech,Tier 2,Tier 2,Male,No,0,Not Placed,0
8.04,76,87,63,49,88.27,4,2,22,ISE,B.E.,Tier 2,Tier 3,Male,Yes,0,Placed,1
7.85,60,75,100,72,67.57,3,4,20,Data Science,B.Tech,Tier 1,Tier 2,Male,Yes,0,Placed,1
6.62,72,73,57,80,70.96,0,2,24,EEE,B.Tech,Tier 3,Tier 2,Female,Yes,0,Not Placed,0
6.44,53,58,59,81,88.29,3,2,20,CSE,B.E.,Tier 3,Tier 1,Female,No,0,Not Placed,0
8.17,67,84,79,99,72.21,4,2,21,AI & ML,B.Tech,Tier 2,Tier 3,Female,No,0,Placed,1
8.17,71,72,87,80,78.17,1,6,21,CSE,B.Tech,Tier 2,Tier 1,Male,Yes,0,Placed,1
8.24,69,91,47,53,78.52,5,0,21,CSE,B.E.,Tier 2,Tier 3,Male,No,0,Placed,1
6.28,53,41,47,71,80.39,2,4,20,Civil,B.Tech,Tier 3,Tier 2,Male,No,0,Placed,1
7.53,61,82,90,64,86.83,1,6,23,ISE,B.Tech,Tier 2,Tier 2,Male,Yes,0,Not Placed,0
7.04,64,85,84,73,81.32,1,2,23,ISE,B.Tech,Tier 2,Tier 2,Male,No,0,Placed,1
5.62,61,100,87,67,88.99,5,4,23,AI & ML,B.Tech,Tier 1,Tier 2,Male,No,1,Placed,1
7.8,54,63,54,73,86.55,3,4,22,EEE,B.E.,Tier 3,Tier 2,Female,No,0,Not Placed,0
6.66,69,65,67,91,82.08,2,1,21,AI & ML,B.Tech,Tier 2,Tier 3,Female,Yes,0,Placed,1
8.32,77,69,83,87,68.22,1,3,22,AI & ML,B.E.,Tier 3,Tier 1,Male,No,0,Placed,1
7.64,40,71,83,75,68.71,5,2,23,CSE,B.Tech,Tier 1,Tier 2,Female,Yes,1,Not Placed,0
6.65,65,48,52,60,82.26,2,3,22,ECE,B.Tech,Tier 2,Tier 2,Male,Yes,0,Placed,1
7.64,65,68,62,68,85.18,3,0,23,ECE,B.Tech,Tier 1,Tier 1,Male,No,0,Placed,1
8.27,71,97,83,87,77.58,3,3,24,CSE,B.Tech,Tier 2,Tier 3,Male,No,1,Placed,1
7.43,77,97,86,50,76.7,4,4,23,CSE,B.E.,Tier 1,Tier 2,Male,No,0,Placed,1
5.92,31,64,34,83,71.0,2,3,21,EEE,B.Tech,Tier 2,Tier 3,Female,Yes,0,Not Placed,0
8.86,66,79,92,71,88.46,1,0,20,Data Science,B.Tech,Tier 3,Tier 2,Male,Yes,1,Placed,1
7.96,52,73,71,37,92.39,1,3,23,Data Science,B.Tech,Tier 2,Tier 1,Female,Yes,3,Not Placed,0
7.29,55,63,89,67,82.97,1,2,21,CSE,B.Tech,Tier 3,Tier 2,Male,No,2,Not Placed,0
7.96,79,78,52,75,72.16,2,1,21,Data Science,B.Tech,Tier 3,Tier 2,Female,No,0,Placed,1
6.69,68,76,68,47,85.73,2,4,24,Civil,B.E.,Tier 2,Tier 2,Male,Yes,0,Not Placed,0
6.01,49,60,61,62,77.03,1,3,22,AI & ML,B.Tech,Tier 2,Tier 1,Male,Yes,0,Placed,1
9.69,61,91,79,81,86.71,3,2,23,CSE,B.Tech,Tier 2,Tier 3,Male,Yes,3,Placed,1
8.41,72,67,75,48,75.41,4,3,23,ISE,B.Tech,Tier 2,Tier 1,Female,No,0,Not Placed,0
9.26,77,41,37,62,91.17,4,4,22,Mechanical,B.E.,Tier 3,Tier 1,Male,Yes,0,Placed,1
6.51,60,90,41,49,80.37,3,1,21,AI & ML,B.Tech,Tier 2,Tier 1,Male,Yes,0,Placed,1
7.41,81,77,66,50,74.73,4,6,21,AI & ML,B.Tech,Tier 3,Tier 2,Female,Yes,0,Placed,1
6.36,73,62,53,82,89.29,0,1,21,CSE,B.E.,Tier 1,Tier 2,Male,No,1,Placed,1
6.77,73,55,59,76,94.53,2,1,22,AI & ML,B.E.,Tier 2,Tier 2,Female,Yes,1,Placed,1
8.67,87,66,66,82,90.11,4,0,20,EEE,B.Tech,Tier 1,Tier 3,Male,Yes,0,Placed,1
7.63,94,50,58,92,75.6,0,0,23,Data Science,B.Tech,Tier 2,Tier 2,Male,No,0,Not Placed,0
7.64,66,70,68,79,67.04,4,2,21,ECE,B.Tech,Tier 1,Tier 3,Female,Yes,0,Not Placed,0
7.84,71,86,69,63,79.25,4,1,23,CSE,B.Tech,Tier 2,Tier 1,Female,Yes,0,Not Placed,0
8.9,79,93,64,86,79.16,3,4,22,CSE,B.E.,Tier 1,Tier 1,Female,Yes,0,Placed,1
9.17,76,67,43,62,93.59,1,3,24,Civil,B.E.,Tier 2,Tier 3,Male,Yes,0,Placed,1
8.72,72,59,34,72,71.96,2,2,24,EEE,B.E.,Tier 2,Tier 3,Male,No,2,Not Placed,0
8.29,74,55,29,87,65.04,2,5,23,CSE,B.Tech,Tier 2,Tier 1,Male,Yes,0,Placed,1
8.51,74,76,68,57,71.93,2,1,21,ECE,B.Tech,Tier 2,Tier 1,Male,Yes,3,Not Placed,0
8.19,59,81,27,48,89.0,1,4,20,CSE,B.Tech,Tier 2,Tier 3,Female,No,0,Placed,1
7.45,49,83,71,87,93.41,1,1,23,ISE,B.Tech,Tier 3,Tier 1,Male,Yes,1,Placed,1
8.44,82,87,100,42,73.22,2,2,24,CSE,B.Tech,Tier 2,Tier 3,Male,No,1,Not Placed,0
7.22,80,55,64,74,82.53,0,3,21,EEE,B.Tech,Tier 1,Tier 2,Male,Yes,0,Placed,1
8.27,93,88,65,62,73.4,1,1,22,CSE,B.Tech,Tier 1,Tier 3,Male,Yes,0,Placed,1
8.82,76,85,79,46,80.78,1,1,24,AI & ML,B.Tech,Tier 2,Tier 1,Female,Yes,1,Not Placed,0
8.53,73,71,95,61,78.54,0,2,23,Data Science,B.Tech,Tier 1,Tier 2,Male,No,0,Not Placed,0
7.33,58,68,74,66,83.67,3,0,24,Data Science,B.Tech,Tier 1,Tier 3,Male,Yes,0,Not Placed,0
6.75,63,31,57,60,86.58,4,0,24,Mechanical,B.Tech,Tier 2,Tier 2,Male,Yes,0,Placed,1
8.55,67,89,76,62,70.45,1,1,21,Data Science,B.Tech,Tier 2,Tier 2,Male,No,1,Not Placed,0
5.5,42,69,48,85,77.13,2,2,21,CSE,B.Tech,Tier 3,Tier 1,Male,Yes,0,Not Placed,0
7.72,78,61,63,98,76.37,2,5,22,CSE,B.Tech,Tier 3,Tier 3,Female,Yes,0,Not Placed,0
7.47,75,42,54,57,83.68,0,4,22,Civil,B.E.,Tier 2,Tier 3,Female,No,0,Not Placed,0
6.03,65,65,63,63,89.46,3,5,21,Data Science,B.Tech,Tier 2,Tier 3,Female,No,0,Placed,1
9.51,84,66,67,100,72.51,0,1,24,ECE,B.Tech,Tier 3,Tier 2,Male,Yes,0,Placed,1
9.04,72,89,76,48,96.45,2,1,21,CSE,B.Tech,Tier 2,Tier 3,Male,No,1,Not Placed,0
7.6,72,72,63,60,78.55,0,2,24,Mechanical,B.E.,Tier 3,Tier 2,Male,No,0,Not Placed,0
8.16,65,70,73,94,80.45,1,2,23,EEE,B.E.,Tier 3,Tier 2,Male,Yes,0,Placed,1
7.75,80,76,55,52,76.88,1,2,23,Data Science,B.Tech,Tier 1,Tier 3,Male,No,1,Placed,1
6.81,53,70,42,89,74.37,0,3,22,CSE,B.E.,Tier 3,Tier 2,Male,No,0,Placed,1
9.36,78,58,46,39,87.69,6,1,23,ISE,B.E.,Tier 1,Tier 2,Male,Yes,0,Placed,1
6.69,56,64,58,75,77.67,1,2,21,CSE,B.Tech,Tier 1,Tier 2,Female,No,0,Placed,1
7.08,59,57,61,76,77.27,1,0,21,ECE,B.Tech,Tier 2,Tier 3,Male,Yes,0,Not Placed,0
5.82,55,75,67,53,85.03,0,3,22,AI & ML,B.Tech,Tier 2,Tier 2,Female,No,0,Not Placed,0
8.94,69,76,47,69,73.97,0,5,22,EEE,B.Tech,Tier 2,Tier 2,Female,No,0,Placed,1
6.39,57,70,74,59,86.67,2,2,22,CSE,B.Tech,Tier 2,Tier 3,Male,No,0,Not Placed,0
9.48,75,93,65,70,79.72,3,0,21,Data Science,B.Tech,Tier 1,Tier 3,Female,Yes,0,Placed,1
8.19,69,92,73,59,74.59,4,2,23,AI & ML,B.E.,Tier 2,Tier 3,Female,No,0,Not Placed,0
8.31,69,66,40,82,75.17,3,5,22,Mechanical,B.Tech,Tier 3,Tier 2,Male,No,3,Not Placed,0
9.73,100,49,76,59,94.88,3,4,22,ECE,B.E.,Tier 1,Tier 3,Male,Yes,0,Not Placed,0
9.09,60,81,54,76,86.82,1,3,22,CSE,B.E.,Tier 1,Tier 3,Female,Yes,0,Placed,1
8.07,74,68,52,84,77.38,2,2,23,AI & ML,B.Tech,Tier 1,Tier 2,Male,No,0,Placed,1
9.11,86,92,84,93,87.89,3,0,24,AI & ML,B.Tech,Tier 2,Tier 2,Female,No,0,Placed,1
7.63,79,38,57,100,85.2,3,4,21,ECE,B.E.,Tier 2,Tier 1,Female,Yes,0,Placed,1
7.68,52,81,75,98,89.66,0,4,20,EEE,B.Tech,Tier 2,Tier 3,Male,No,0,Placed,1
7.68,84,75,74,74,75.48,2,0,22,Civil,B.Tech,Tier 3,Tier 3,Male,No,0,Placed,1
8.02,71,90,68,75,92.41,6,3,24,Civil,B.Tech,Tier 2,Tier 3,Male,Yes,0,Not Placed,0
6.43,58,70,73,52,77.78,0,2,22,Data Science,B.Tech,Tier 1,Tier 2,Male,Yes,0,Not Placed,0
8.26,79,58,34,48,89.76,1,5,21,AI & ML,B.Tech,Tier 1,Tier 1,Male,Yes,3,Placed,1
8.53,83,95,59,68,82.89,3,2,22,Data Science,B.Tech,Tier 3,Tier 3,Male,No,2,Placed,1
7.34,65,20,34,65,71.93,4,4,23,Mechanical,B.Tech,Tier 1,Tier 2,Male,Yes,0,Placed,1
6.5,55,62,55,50,85.6,1,0,24,EEE,B.E.,Tier 1,Tier 1,Male,No,2,Not Placed,0
5.74,56,62,61,60,75.63,2,5,22,CSE,B.Tech,Tier 2,Tier 2,Female,Yes,0,Not Placed,0
5.94,62,59,50,47,76.25,3,3,24,EEE,B.Tech,Tier 2,Tier 2,Female,Yes,2,Not Placed,0
9.63,66,77,52,57,91.47,0,3,20,AI & ML,B.E.,Tier 3,Tier 1,Female,Yes,0,Placed,1
7.95,81,89,74,50,81.62,0,4,22,Civil,B.E.,Tier 1,Tier 2,Male,Yes,1,Placed,1
8.55,80,68,75,69,76.22,0,2,21,Data Science,B.Tech,Tier 2,Tier 1,Male,No,0,Not Placed,0
6.43,38,100,93,68,86.21,1,3,20,AI & ML,B.E.,Tier 1,Tier 3,Male,No,0,Not Placed,0
8.87,82,71,71,50,87.58,2,2,20,EEE,B.Tech,Tier 2,Tier 3,Male,Yes,2,Placed,1
8.46,82,76,49,65,86.32,0,2,23,CSE,B.Tech,Tier 2,Tier 2,Male,No,0,Placed,1
8.82,56,83,87,86,90.21,1,1,22,Civil,B.Tech,Tier 2,Tier 2,Male,Yes,0,Placed,1
8.23,60,100,85,78,78.76,1,3,21,Data Science,B.Tech,Tier 1,Tier 2,Female,Yes,0,Placed,1
7.25,61,76,59,63,78.81,2,1,23,Civil,B.Tech,Tier 2,Tier 3,Male,Yes,1,Placed,1
7.83,78,87,70,58,83.63,2,1,20,ISE,B.Tech,Tier 1,Tier 2,Male,No,0,Placed,1
8.35,60,60,46,63,100.0,1,0,24,AI & ML,B.E.,Tier 1,Tier 3,Female,No,0,Not Placed,0
9.37,60,67,99,66,78.47,2,0,21,CSE,B.Tech,Tier 1,Tier 2,Male,No,0,Not Placed,0
7.93,65,58,61,61,77.51,1,3,22,Mechanical,B.Tech,Tier 3,Tier 2,Male,Yes,0,Placed,1
8.17,69,79,88,72,81.09,0,0,24,Data Science,B.Tech,Tier 2,Tier 1,Female,No,0,Placed,1
8.11,73,97,78,81,65.38,1,2,21,CSE,B.Tech,Tier 3,Tier 2,Female,No,1,Placed,1
7.73,64,95,56,52,76.32,0,1,24,CSE,B.Tech,Tier 3,Tier 3,Female,No,0,Not Placed,0
9.13,72,100,79,53,79.96,5,1,24,AI & ML,B.Tech,Tier 1,Tier 3,Male,Yes,0,Placed,1
8.65,73,60,43,64,74.73,2,1,21,CSE,B.Tech,Tier 1,Tier 3,Male,Yes,0,Not Placed,0
6.41,85,46,51,75,89.43,2,3,23,Data Science,B.E.,Tier 3,Tier 1,Male,No,2,Not Placed,0
8.02,76,89,45,76,70.44,2,5,24,ECE,B.Tech,Tier 3,Tier 3,Male,Yes,0,Placed,1
8.62,80,61,77,50,89.35,0,1,20,Civil,B.Tech,Tier 2,Tier 1,Male,Yes,0,Placed,1
7.88,60,72,58,74,81.72,3,5,22,EEE,B.E.,Tier 1,Tier 2,Female,No,0,Not Placed,0
9.7,68,79,77,80,72.87,1,6,23,Data Science,B.E.,Tier 3,Tier 3,Male,Yes,0,Not Placed,0
8.27,81,78,45,38,77.46,1,1,21,Data Science,B.Tech,Tier 1,Tier 2,Male,Yes,1,Placed,1
7.58,78,100,65,43,84.62,3,3,20,CSE,B.Tech,Tier 2,Tier 1,Male,No,0,Placed,1
9.06,78,85,34,77,79.46,0,3,23,Data Science,B.Tech,Tier 3,Tier 2,Male,No,0,Not Placed,0
8.45,69,93,49,41,74.95,0,3,20,CSE,B.E.,Tier 2,Tier 3,Male,Yes,0,Placed,1
7.53,93,70,48,76,77.9,2,2,23,ECE,B.Tech,Tier 2,Tier 3,Male,Yes,1,Not Placed,0
7.51,81,92,73,69,78.88,4,3,23,CSE,B.Tech,Tier 1,Tier 3,Female,Yes,0,Placed,1
8.17,66,66,78,79,85.95,0,2,20,CSE,B.Tech,Tier 3,Tier 2,Male,No,0,Placed,1
9.11,98,21,39,97,82.53,2,1,20,EEE,B.Tech,Tier 1,Tier 2,Male,No,0,Not Placed,0
7.0,68,84,62,55,75.89,2,1,21,Data Science,B.Tech,Tier 2,Tier 3,Female,Yes,0,Placed,1
7.19,58,67,67,67,91.81,2,1,23,ECE,B.Tech,Tier 2,Tier 2,Male,Yes,0,Not Placed,0
7.3,69,87,69,48,84.83,5,3,21,CSE,B.Tech,Tier 1,Tier 2,Male,No,0,Not Placed,0
8.35,76,79,62,64,100.0,1,2,23,Mechanical,B.E.,Tier 1,Tier 3,Male,Yes,0,Not Placed,0
7.3,51,60,78,66,97.07,1,4,22,CSE,B.Tech,Tier 3,Tier 3,Male,No,3,Not Placed,0
8.85,75,45,59,58,93.93,3,3,21,Civil,B.Tech,Tier 2,Tier 3,Female,Yes,0,Placed,1
6.98,62,98,90,80,99.59,1,4,21,CSE,B.E.,Tier 1,Tier 1,Male,No,1,Placed,1
8.53,73,89,71,61,82.92,2,2,21,ECE,B.Tech,Tier 3,Tier 2,Male,Yes,1,Placed,1
7.59,73,54,66,56,89.72,0,3,20,ECE,B.Tech,Tier 2,Tier 2,Male,Yes,2,Not Placed,0
7.04,87,65,64,76,78.37,1,4,23,AI & ML,B.Tech,Tier 1,Tier 3,Female,Yes,0,Placed,1
7.33,63,86,52,46,75.77,0,5,22,Data Science,B.Tech,Tier 2,Tier 2,Male,Yes,0,Not Placed,0
8.38,77,95,85,88,87.68,4,2,22,CSE,B.Tech,Tier 3,Tier 2,Female,No,0,Placed,1
8.03,71,79,59,54,83.44,3,2,21,AI & ML,B.E.,Tier 2,Tier 2,Male,No,1,Placed,1
8.81,68,95,100,60,80.1,0,6,20,Data Science,B.Tech,Tier 2,Tier 3,Male,Yes,0,Placed,1
9.23,65,64,76,50,74.33,1,3,23,AI & ML,B.Tech,Tier 2,Tier 2,Male,Yes,2,Not Placed,0
6.38,60,54,43,67,72.93,3,1,23,EEE,B.E.,Tier 3,Tier 3,Male,No,0,Not Placed,0
6.83,59,63,67,86,88.75,1,2,20,CSE,B.Tech,Tier 1,Tier 2,Male,No,0,Placed,1
8.7,72,81,43,84,60.69,2,4,24,ISE,B.Tech,Tier 3,Tier 1,Other,Yes,0,Placed,1
8.47,78,100,52,68,62.41,3,1,22,AI & ML,B.Tech,Tier 2,Tier 2,Male,Yes,0,Placed,1
7.55,66,72,54,53,95.0,4,0,22,CSE,B.Tech,Tier 2,Tier 2,Other,No,0,Placed,1
9.16,67,80,67,68,82.64,2,2,20,AI & ML,B.Tech,Tier 3,Tier 3,Male,Yes,0,Placed,1
7.88,80,47,69,20,76.29,3,1,20,AI & ML,B.Tech,Tier 1,Tier 3,Female,No,0,Placed,1
7.56,99,61,79,50,89.52,2,0,24,CSE,B.Tech,Tier 3,Tier 3,Male,Yes,1,Not Placed,0
7.94,69,83,58,78,87.7,2,3,23,Data Science,B.E.,Tier 2,Tier 1,Male,Yes,0,Placed,1
7.33,79,91,87,57,86.74,0,0,22,ISE,B.E.,Tier 3,Tier 1,Male,No,1,Not Placed,0
7.92,83,68,83,53,84.99,1,4,24,AI & ML,B.Tech,Tier 2,Tier 2,Male,Yes,0,Placed,1
8.38,66,100,66,76,74.5,1,3,24,AI & ML,B.Tech,Tier 2,Tier 1,Female,Yes,0,Placed,1
7.73,81,100,85,73,82.51,1,3,24,Data Science,B.Tech,Tier 2,Tier 3,Male,Yes,0,Placed,1
7.03,89,57,34,66,80.72,4,3,22,EEE,B.E.,Tier 3,Tier 1,Male,Yes,0,Placed,1
6.7,49,48,72,73,64.13,1,4,23,AI & ML,B.Tech,Tier 1,Tier 2,Female,Yes,0,Not Placed,0
9.88,88,62,35,92,90.25,1,0,24,ECE,B.E.,Tier 1,Tier 2,Male,Yes,0,Not Placed,0
7.51,71,82,78,65,78.61,1,0,21,CSE,B.Tech,Tier 2,Tier 2,Female,Yes,0,Placed,1
7.12,72,78,63,68,79.91,3,3,21,ISE,B.Tech,Tier 2,Tier 2,Male,No,0,Placed,1
8.91,82,76,49,67,71.39,2,3,20,ECE,B.Tech,Tier 3,Tier 1,Female,Yes,1,Placed,1
7.91,67,78,51,43,80.61,4,1,24,AI & ML,B.Tech,Tier 2,Tier 1,Male,Yes,0,Placed,1
7.67,86,64,59,56,85.28,1,5,20,Mechanical,B.Tech,Tier 1,Tier 3,Male,No,0,Placed,1
7.98,75,49,44,25,87.58,3,1,22,EEE,B.Tech,Tier 2,Tier 2,Female,No,0,Not Placed,0
7.51,56,75,55,56,80.72,2,1,23,CSE,B.Tech,Tier 1,Tier 3,Male,Yes,0,Placed,1
8.17,73,85,75,68,78.13,2,3,20,CSE,B.E.,Tier 2,Tier 2,Female,Yes,0,Placed,1
7.9,83,80,75,63,78.02,1,2,21,AI & ML,B.Tech,Tier 2,Tier 3,Female,No,0,Not Placed,0
7.04,75,62,51,60,77.12,3,4,24,EEE,B.Tech,Tier 2,Tier 2,Other,No,0,Placed,1
7.4,49,70,46,64,90.13,1,1,22,Civil,B.Tech,Tier 3,Tier 1,Male,No,1,Not Placed,0
7.52,52,79,56,62,86.22,4,0,21,CSE,B.Tech,Tier 1,Tier 1,Male,No,0,Not Placed,0
7.1,76,73,70,40,76.6,0,4,23,CSE,B.Tech,Tier 2,Tier 3,Male,Yes,1,Not Placed,0
7.15,49,72,74,67,77.15,0,5,24,CSE,B.Tech,Tier 2,Tier 3,Other,No,0,Not Placed,0
7.43,71,85,97,74,83.74,4,2,24,EEE,B.Tech,Tier 3,Tier 1,Male,No,0,Placed,1
6.45,47,52,50,81,84.07,4,1,20,Data Science,B.Tech,Tier 2,Tier 2,Male,No,0,Not Placed,0
8.44,67,77,42,60,93.73,2,1,24,ISE,B.Tech,Tier 2,Tier 3,Male,Yes,1,Placed,1
7.97,67,73,41,51,82.6,2,2,22,CSE,B.Tech,Tier 2,Tier 3,Female,No,0,Placed,1
8.37,83,53,88,72,86.21,2,2,21,Mechanical,B.Tech,Tier 3,Tier 2,Female,No,0,Not Placed,0
8.15,70,71,76,75,75.29,1,5,24,CSE,B.Tech,Tier 3,Tier 1,Male,Yes,2,Placed,1
7.14,48,66,100,60,90.6,0,2,22,Data Science,B.Tech,Tier 2,Tier 2,Male,Yes,0,Not Placed,0
7.2,81,64,57,20,83.47,1,1,24,Mechanical,B.E.,Tier 2,Tier 3,Male,No,0,Placed,1
7.34,79,77,56,49,100.0,4,1,24,Mechanical,B.Tech,Tier 2,Tier 2,Female,Yes,0,Placed,1
7.92,71,87,36,83,77.55,3,4,20,CSE,B.Tech,Tier 1,Tier 2,Male,Yes,0,Placed,1
7.65,92,76,60,75,86.32,2,2,24,Data Science,B.Tech,Tier 1,Tier 2,Male,No,0,Placed,1
6.57,54,66,53,75,88.69,2,1,20,AI & ML,B.Tech,Tier 2,Tier 2,Male,No,0,Placed,1
6.52,75,57,58,72,84.71,1,0,22,CSE,B.Tech,Tier 1,Tier 2,Male,Yes,0,Placed,1
8.17,63,100,67,57,96.44,0,1,22,AI & ML,B.Tech,Tier 3,Tier 1,Female,Yes,0,Placed,1
7.83,68,53,44,57,88.06,0,1,20,Data Science,B.Tech,Tier 1,Tier 2,Male,No,0,Not Placed,0
8.28,64,70,77,64,73.48,6,4,21,AI & ML,B.E.,Tier 2,Tier 3,Male,Yes,0,Placed,1
7.17,47,51,56,66,82.09,1,3,22,ISE,B.E.,Tier 2,Tier 2,Female,Yes,1,Not Placed,0
7.98,88,48,45,67,81.58,1,2,23,Civil,B.Tech,Tier 2,Tier 1,Male,Yes,1,Placed,1
7.53,63,58,63,83,82.65,2,3,24,Civil,B.Tech,Tier 2,Tier 2,Male,Yes,1,Not Placed,0
8.28,59,78,66,71,80.07,2,4,23,ISE,B.Tech,Tier 2,Tier 2,Male,Yes,2,Not Placed,0
7.17,69,61,79,39,83.38,1,3,22,AI & ML,B.Tech,Tier 2,Tier 2,Female,Yes,0,Not Placed,0
7.72,81,79,44,67,85.32,4,5,21,ECE,B.E.,Tier 3,Tier 2,Male,No,0,Placed,1
9.0,53,66,53,62,83.02,1,1,21,Data Science,B.Tech,Tier 2,Tier 3,Male,Yes,0,Placed,1
6.49,66,79,49,89,80.8,0,1,21,CSE,B.Tech,Tier 2,Tier 1,Male,Yes,0,Placed,1
7.9,65,65,41,76,83.32,0,0,20,ECE,B.Tech,Tier 1,Tier 3,Female,No,0,Not Placed,0
9.01,81,90,69,79,91.69,2,3,22,AI & ML,B.E.,Tier 2,Tier 2,Male,No,2,Placed,1
6.46,66,58,91,64,81.77,1,1,22,AI & ML,B.E.,Tier 2,Tier 2,Male,No,2,Not Placed,0
7.23,55,71,74,74,80.23,2,5,24,Civil,B.Tech,Tier 2,Tier 3,Female,Yes,0,Placed,1
8.47,58,69,82,53,72.11,1,0,24,Data Science,B.Tech,Tier 3,Tier 2,Male,No,0,Placed,1
7.78,59,57,65,78,85.47,1,1,20,EEE,B.Tech,Tier 3,Tier 2,Male,Yes,1,Not Placed,0
7.47,62,73,77,66,80.4,3,3,22,CSE,B.E.,Tier 2,Tier 2,Female,Yes,0,Placed,1
6.92,60,76,53,81,72.87,3,1,20,ISE,B.Tech,Tier 3,Tier 3,Female,Yes,0,Placed,1
7.68,78,56,75,59,80.21,3,2,22,CSE,B.Tech,Tier 1,Tier 2,Male,No,0,Placed,1
9.13,73,90,67,72,90.48,3,3,20,CSE,B.Tech,Tier 2,Tier 2,Male,Yes,0,Placed,1
7.53,59,47,88,78,86.54,2,4,21,Mechanical,B.Tech,Tier 2,Tier 2,Male,Yes,0,Not Placed,0
7.17,69,63,49,59,82.82,1,2,22,ISE,B.Tech,Tier 1,Tier 2,Female,Yes,0,Placed,1
7.51,67,90,66,56,76.6,3,1,20,Data Science,B.E.,Tier 1,Tier 2,Female,No,1,Placed,1
8.86,86,89,89,66,73.75,3,1,22,ISE,B.Tech,Tier 2,Tier 3,Female,Yes,2,Placed,1
8.35,96,80,63,65,73.9,1,0,23,AI & ML,B.E.,Tier 1,Tier 2,Male,Yes,0,Not Placed,0
6.44,51,56,59,52,77.13,1,2,23,AI & ML,B.Tech,Tier 3,Tier 2,Female,No,1,Not Placed,0
9.19,88,91,79,81,85.79,2,4,20,CSE,B.E.,Tier 2,Tier 2,Male,No,0,Placed,1
7.78,82,84,61,70,87.57,1,1,20,CSE,B.Tech,Tier 3,Tier 1,Male,No,0,Placed,1
6.56,62,75,70,70,71.52,2,1,21,Data Science,B.E.,Tier 2,Tier 2,Female,No,0,Not Placed,0
7.58,55,64,34,80,68.43,0,2,24,Data Science,B.Tech,Tier 3,Tier 2,Male,Yes,1,Not Placed,0
8.73,82,53,36,38,79.46,2,2,24,EEE,B.Tech,Tier 3,Tier 2,Male,Yes,0,Placed,1
7.58,46,86,94,75,81.84,0,3,23,CSE,B.Tech,Tier 3,Tier 2,Male,Yes,0,Not Placed,0
8.31,60,59,79,86,92.36,3,0,24,AI & ML,B.Tech,Tier 3,Tier 2,Male,Yes,0,Placed,1
8.87,72,90,80,73,80.7,1,3,23,Civil,B.Tech,Tier 3,Tier 3,Male,Yes,0,Not Placed,0
7.3,72,79,89,70,80.99,3,2,24,AI & ML,B.E.,Tier 1,Tier 2,Female,Yes,1,Placed,1
7.41,60,69,83,59,80.75,1,2,21,CSE,B.Tech,Tier 1,Tier 2,Male,Yes,0,Not Placed,0
9.02,86,88,73,52,93.13,4,3,21,Data Science,B.Tech,Tier 2,Tier 3,Female,Yes,2,Not Placed,0
7.59,66,53,81,90,90.79,4,1,20,CSE,B.Tech,Tier 2,Tier 2,Male,Yes,0,Placed,1
7.36,67,60,55,62,88.13,2,0,23,EEE,B.E.,Tier 1,Tier 2,Male,Yes,0,Not Placed,0
7.14,67,70,63,79,96.18,4,0,21,CSE,B.Tech,Tier 1,Tier 2,Male,Yes,0,Placed,1
8.66,86,94,79,58,70.61,2,4,24,AI & ML,B.Tech,Tier 3,Tier 3,Other,Yes,0,Placed,1
7.86,78,89,75,76,88.7,1,4,20,ISE,B.E.,Tier 2,Tier 2,Male,Yes,0,Placed,1
7.09,62,85,87,62,92.33,3,1,24,ECE,B.Tech,Tier 1,Tier 1,Female,Yes,0,Placed,1
7.56,73,82,49,71,91.64,4,2,21,Data Science,B.Tech,Tier 3,Tier 3,Male,Yes,0,Not Placed,0
9.63,79,56,35,67,83.04,5,1,23,CSE,B.Tech,Tier 2,Tier 2,Male,Yes,0,Not Placed,0
9.03,69,76,79,53,78.72,1,1,22,Data Science,B.Tech,Tier 2,Tier 3,Female,No,0,Placed,1
6.91,65,71,81,66,79.92,2,4,22,CSE,B.Tech,Tier 1,Tier 3,Male,Yes,0,Not Placed,0
8.02,77,50,48,43,78.02,2,3,24,ECE,B.Tech,Tier 1,Tier 2,Male,No,0,Placed,1
6.93,81,61,68,90,87.24,1,4,23,AI & ML,B.Tech,Tier 2,Tier 2,Male,No,0,Not Placed,0
7.69,75,50,45,64,90.99,3,1,21,CSE,B.Tech,Tier 2,Tier 1,Male,No,0,Placed,1
6.84,50,73,84,59,90.44,1,3,20,Mechanical,B.Tech,Tier 2,Tier 2,Female,Yes,0,Placed,1
8.72,57,70,77,62,75.17,2,1,20,Data Science,B.Tech,Tier 1,Tier 1,Female,Yes,0,Not Placed,0
6.39,62,80,70,68,87.53,0,3,20,AI & ML,B.Tech,Tier 3,Tier 3,Female,No,0,Not Placed,0
8.66,77,84,42,66,71.13,2,2,21,CSE,B.E.,Tier 3,Tier 3,Female,No,2,Not Placed,0
8.1,75,66,86,33,89.62,3,3,20,ECE,B.Tech,Tier 2,Tier 3,Male,Yes,0,Not Placed,0
7.51,77,65,56,52,90.06,1,4,24,CSE,B.Tech,Tier 2,Tier 3,Female,No,0,Placed,1
7.87,75,50,47,53,80.87,5,1,20,Mechanical,B.Tech,Tier 2,Tier 1,Male,Yes,0,Placed,1
8.35,69,59,47,56,95.52,1,1,20,Mechanical,B.Tech,Tier 1,Tier 2,Female,No,0,Not Placed,0
8.55,65,64,78,67,65.23,2,4,24,ECE,B.E.,Tier 2,Tier 2,Male,Yes,1,Placed,1
7.5,63,64,62,47,67.65,5,5,20,CSE,B.Tech,Tier 2,Tier 3,Male,No,0,Not Placed,0
8.57,76,66,65,73,79.84,1,2,21,CSE,B.Tech,Tier 2,Tier 2,Female,Yes,0,Placed,1
8.83,97,81,84,89,86.5,2,1,21,ECE,B.Tech,Tier 3,Tier 2,Female,No,0,Placed,1
7.68,58,82,81,73,79.96,2,3,24,AI & ML,B.Tech,Tier 2,Tier 3,Male,No,2,Placed,1
7.31,63,58,32,51,79.4,2,0,24,CSE,B.Tech,Tier 1,Tier 3,Male,No,0,Not Placed,0
8.25,45,83,59,63,83.93,2,1,21,CSE,B.Tech,Tier 2,Tier 3,Male,No,0,Not Placed,0
8.6,85,87,62,88,67.39,1,2,20,CSE,B.Tech,Tier 2,Tier 1,Female,No,2,Placed,1
7.58,73,81,79,58,77.95,2,4,20,AI & ML,B.Tech,Tier 2,Tier 2,Male,Yes,1,Placed,1
7.09,68,56,42,88,97.16,0,3,24,AI & ML,B.Tech,Tier 3,Tier 1,Male,No,1,Not Placed,0
8.11,59,73,85,67,64.73,2,1,24,ISE,B.E.,Tier 1,Tier 3,Male,Yes,0,Placed,1
6.81,69,30,45,61,88.45,1,4,20,ECE,B.Tech,Tier 1,Tier 1,Female,No,1,Not Placed,0
8.13,57,56,78,66,76.87,3,2,24,Mechanical,B.E.,Tier 1,Tier 2,Female,Yes,0,Placed,1
8.91,84,100,75,45,84.67,5,1,20,CSE,B.Tech,Tier 3,Tier 2,Female,Yes,3,Not Placed,0
7.41,69,21,46,53,67.88,2,0,24,AI & ML,B.Tech,Tier 3,Tier 2,Female,Yes,0,Not Placed,0
7.66,81,90,64,64,80.44,2,2,22,AI & ML,B.Tech,Tier 2,Tier 2,Female,Yes,0,Placed,1
7.4,67,100,72,66,95.34,4,2,24,CSE,B.E.,Tier 2,Tier 2,Male,Yes,1,Placed,1
8.77,98,100,99,63,91.35,2,1,22,CSE,B.Tech,Tier 3,Tier 3,Male,No,0,Not Placed,0
7.69,48,68,76,53,74.26,0,0,21,AI & ML,B.Tech,Tier 2,Tier 1,Male,Yes,0,Placed,1
7.86,73,48,59,86,93.05,2,6,23,ECE,B.Tech,Tier 2,Tier 2,Female,No,0,Placed,1
7.88,78,70,69,67,93.13,4,4,22,CSE,B.Tech,Tier 2,Tier 3,Male,Yes,0,Placed,1
6.79,89,65,54,71,79.93,0,0,23,CSE,B.Tech,Tier 2,Tier 3,Male,Yes,0,Placed,1
7.0,80,74,90,84,80.25,2,2,21,ECE,B.E.,Tier 1,Tier 2,Male,No,0,Not Placed,0
6.33,80,61,56,87,78.84,1,2,24,CSE,B.Tech,Tier 3,Tier 3,Male,Yes,0,Placed,1
6.86,75,60,89,54,66.8,5,1,20,Civil,B.Tech,Tier 2,Tier 3,Male,No,1,Placed,1
8.31,77,43,75,66,69.51,3,2,21,EEE,B.Tech,Tier 2,Tier 3,Female,Yes,0,Placed,1
7.96,71,100,52,88,75.16,3,0,22,CSE,B.Tech,Tier 2,Tier 2,Female,No,0,Not Placed,0
8.11,56,100,100,77,82.83,2,1,22,CSE,B.Tech,Tier 2,Tier 2,Female,No,3,Not Placed,0
8.09,63,58,50,82,99.79,2,2,23,ISE,B.E.,Tier 1,Tier 3,Male,Yes,0,Not Placed,0
7.15,79,63,62,95,97.55,3,1,21,AI & ML,B.Tech,Tier 2,Tier 1,Male,No,0,Not Placed,0
6.78,84,64,62,69,82.5,2,2,22,Data Science,B.Tech,Tier 3,Tier 3,Male,Yes,0,Placed,1
7.54,56,93,38,45,65.82,0,1,23,AI & ML,B.E.,Tier 2,Tier 1,Male,Yes,3,Not Placed,0
6.08,89,50,37,72,82.77,2,3,24,CSE,B.Tech,Tier 3,Tier 3,Female,Yes,0,Placed,1
7.85,60,59,70,71,70.54,4,3,20,ECE,B.Tech,Tier 2,Tier 2,Male,No,0,Placed,1
7.96,72,70,61,85,86.22,0,0,22,CSE,B.Tech,Tier 3,Tier 2,Male,No,0,Placed,1
8.47,89,80,47,42,84.16,0,1,22,ECE,B.Tech,Tier 2,Tier 2,Male,Yes,1,Placed,1
6.17,62,73,73,66,79.74,2,1,23,AI & ML,B.Tech,Tier 3,Tier 2,Female,No,0,Not Placed,0
9.51,72,92,76,64,84.08,1,2,20,Data Science,B.E.,Tier 2,Tier 3,Male,Yes,1,Placed,1
8.22,54,59,46,68,78.63,3,3,22,Data Science,B.Tech,Tier 2,Tier 2,Male,Yes,1,Placed,1
7.18,97,67,59,75,85.39,2,2,23,Mechanical,B.Tech,Tier 2,Tier 1,Male,No,0,Not Placed,0
7.39,69,60,77,54,89.53,3,1,21,EEE,B.Tech,Tier 2,Tier 2,Male,Yes,0,Not Placed,0
7.58,58,100,73,55,89.29,2,0,24,CSE,B.Tech,Tier 2,Tier 1,Female,No,0,Placed,1
9.24,89,85,68,58,72.96,2,3,23,CSE,B.E.,Tier 2,Tier 3,Female,Yes,1,Not Placed,0
8.25,67,62,40,49,82.24,3,0,21,CSE,B.E.,Tier 2,Tier 3,Male,No,0,Not Placed,0
7.31,64,83,61,95,76.41,1,0,21,CSE,B.E.,Tier 3,Tier 2,Male,Yes,0,Placed,1
6.66,78,61,60,79,79.91,2,2,23,ECE,B.E.,Tier 1,Tier 1,Female,No,0,Not Placed,0
7.7,86,68,47,60,74.48,0,0,24,CSE,B.Tech,Tier 3,Tier 3,Male,Yes,1,Placed,1
9.15,74,65,64,92,80.21,4,2,23,ISE,B.E.,Tier 3,Tier 2,Female,No,0,Placed,1
8.78,80,87,47,65,84.56,3,3,21,CSE,B.E.,Tier 2,Tier 2,Male,Yes,0,Placed,1
6.0,64,78,48,80,77.24,1,2,23,CSE,B.Tech,Tier 1,Tier 3,Male,No,0,Not Placed,0
6.8,64,44,70,52,73.26,2,3,23,CSE,B.Tech,Tier 1,Tier 3,Male,No,0,Placed,1
7.48,81,78,83,94,92.54,2,1,22,EEE,B.Tech,Tier 2,Tier 2,Male,Yes,1,Placed,1
6.59,50,64,58,58,79.75,4,0,23,AI & ML,B.Tech,Tier 2,Tier 2,Male,Yes,0,Placed,1
7.53,65,74,50,71,78.08,1,0,23,CSE,B.Tech,Tier 3,Tier 2,Female,Yes,0,Placed,1
9.1,79,94,97,69,84.44,2,3,20,Data Science,B.Tech,Tier 1,Tier 1,Male,No,0,Placed,1
8.83,70,76,85,73,70.38,3,4,21,AI & ML,B.Tech,Tier 1,Tier 3,Male,Yes,1,Placed,1
8.08,70,88,64,71,95.05,0,0,23,Civil,B.E.,Tier 2,Tier 2,Male,Yes,0,Placed,1
7.7,73,68,56,60,85.12,0,3,21,Data Science,B.Tech,Tier 3,Tier 2,Female,No,0,Not Placed,0
7.73,68,54,78,59,91.32,2,2,22,CSE,B.Tech,Tier 1,Tier 2,Male,No,0,Placed,1
7.54,50,73,61,60,91.08,1,2,21,ECE,B.Tech,Tier 2,Tier 2,Female,Yes,0,Placed,1
8.9,73,78,53,60,83.59,1,3,21,AI & ML,B.Tech,Tier 2,Tier 3,Male,Yes,0,Placed,1
8.24,90,97,63,48,84.39,1,2,23,Data Science,B.E.,Tier 2,Tier 3,Female,Yes,0,Placed,1
9.23,51,75,59,75,85.5,0,2,24,CSE,B.Tech,Tier 1,Tier 2,Male,No,1,Not Placed,0
7.52,79,71,73,80,78.25,2,2,22,Mechanical,B.Tech,Tier 2,Tier 1,Female,No,1,Not Placed,0
7.47,75,71,73,81,98.76,1,0,24,Mechanical,B.Tech,Tier 2,Tier 2,Male,Yes,0,Placed,1
7.03,77,93,66,44,82.93,2,3,23,Data Science,B.Tech,Tier 1,Tier 1,Female,No,2,Not Placed,0
7.35,87,79,47,53,77.48,1,1,23,ISE,B.Tech,Tier 3,Tier 3,Male,No,0,Not Placed,0
8.97,70,84,68,63,83.52,1,3,22,Data Science,B.Tech,Tier 2,Tier 3,Male,Yes,0,Placed,1
7.14,63,71,56,60,80.88,2,3,20,Mechanical,B.Tech,Tier 2,Tier 3,Male,Yes,0,Placed,1
8.31,37,83,67,52,75.6,2,3,21,AI & ML,B.Tech,Tier 2,Tier 3,Male,Yes,0,Not Placed,0
7.56,76,43,43,69,83.73,2,1,24,ECE,B.Tech,Tier 1,Tier 1,Female,No,0,Not Placed,0
6.93,63,71,71,70,87.32,4,2,21,ECE,B.E.,Tier 2,Tier 3,Male,No,0,Placed,1
6.74,49,47,52,75,88.3,2,2,21,AI & ML,B.Tech,Tier 2,Tier 3,Male,No,2,Not Placed,0
9.36,79,72,84,44,88.43,2,2,22,CSE,B.Tech,Tier 1,Tier 3,Female,No,2,Not Placed,0
7.33,78,64,54,64,89.93,5,3,21,AI & ML,B.Tech,Tier 2,Tier 2,Male,Yes,0,Not Placed,0
7.25,34,58,69,86,93.57,0,3,20,Data Science,B.Tech,Tier 3,Tier 3,Female,No,0,Not Placed,0
6.78,60,68,58,99,98.12,2,2,20,ISE,B.Tech,Tier 1,Tier 2,Male,No,0,Not Placed,0
7.7,82,71,70,85,87.66,5,2,22,ISE,B.Tech,Tier 3,Tier 3,Female,No,1,Not Placed,0
7.36,72,63,63,73,88.0,1,3,23,ECE,B.E.,Tier 1,Tier 2,Male,No,0,Not Placed,0
7.79,70,60,60,75,67.3,4,2,22,AI & ML,B.E.,Tier 3,Tier 1,Female,Yes,1,Not Placed,0
7.36,70,72,64,92,83.69,2,2,20,Data Science,B.Tech,Tier 1,Tier 3,Male,Yes,1,Not Placed,0
8.31,91,69,55,74,87.01,6,0,24,Data Science,B.E.,Tier 2,Tier 3,Male,Yes,0,Placed,1
8.21,74,93,78,71,88.36,4,0,23,AI & ML,B.Tech,Tier 2,Tier 3,Male,No,0,Not Placed,0
6.56,64,47,58,78,76.8,3,4,22,ECE,B.Tech,Tier 3,Tier 2,Male,No,0,Not Placed,0
7.04,48,72,65,37,87.04,5,4,24,CSE,B.Tech,Tier 2,Tier 3,Female,Yes,0,Not Placed,0
6.87,43,69,55,72,91.5,1,1,21,EEE,B.Tech,Tier 1,Tier 1,Male,No,0,Placed,1
8.21,77,52,45,60,82.6,0,6,24,Mechanical,B.Tech,Tier 2,Tier 2,Male,Yes,0,Placed,1
8.58,65,87,90,70,88.2,0,1,22,CSE,B.Tech,Tier 2,Tier 2,Female,Yes,0,Placed,1
7.87,48,91,87,71,85.15,2,7,22,CSE,B.Tech,Tier 3,Tier 2,Female,Yes,1,Placed,1
7.94,74,78,46,65,82.45,1,1,22,EEE,B.Tech,Tier 3,Tier 3,Male,Yes,0,Not Placed,0
8.5,65,65,82,66,90.13,0,2,21,Civil,B.Tech,Tier 2,Tier 2,Male,No,0,Not Placed,0
7.57,67,72,66,60,74.24,4,3,23,CSE,B.Tech,Tier 2,Tier 3,Female,No,0,Not Placed,0
6.94,69,64,99,71,82.64,4,2,22,EEE,B.E.,Tier 1,Tier 2,Male,Yes,0,Placed,1
8.61,55,65,61,66,100.0,0,1,21,ECE,B.Tech,Tier 2,Tier 2,Male,Yes,3,Not Placed,0
7.0,86,86,82,78,93.59,2,1,22,CSE,B.Tech,Tier 1,Tier 3,Female,No,0,Placed,1
8.05,59,98,63,85,77.5,0,1,24,ISE,B.Tech,Tier 2,Tier 1,Male,Yes,1,Placed,1
7.03,62,77,62,76,99.67,3,2,21,Mechanical,B.Tech,Tier 2,Tier 2,Male,No,0,Placed,1
7.85,89,52,81,64,71.03,1,1,21,Mechanical,B.Tech,Tier 3,Tier 2,Female,No,0,Not Placed,0
5.34,30,49,55,84,99.12,0,0,22,EEE,B.E.,Tier 2,Tier 1,Female,No,0,Not Placed,0
8.06,79,71,62,79,87.84,3,4,24,AI & ML,B.E.,Tier 2,Tier 3,Male,Yes,0,Placed,1
8.02,72,87,38,71,84.49,1,2,24,CSE,B.Tech,Tier 1,Tier 2,Male,Yes,1,Not Placed,0
7.06,59,56,57,61,80.45,2,0,21,CSE,B.Tech,Tier 2,Tier 2,Male,Yes,3,Not Placed,0
7.48,60,72,64,77,72.74,4,1,20,Mechanical,B.Tech,Tier 1,Tier 1,Male,Yes,0,Placed,1
8.16,66,68,54,75,86.96,3,3,24,CSE,B.E.,Tier 1,Tier 2,Male,Yes,0,Placed,1
8.2,95,78,65,65,93.91,1,2,23,CSE,B.Tech,Tier 3,Tier 2,Female,Yes,0,Placed,1
6.87,77,49,66,50,87.33,4,1,20,Civil,B.E.,Tier 1,Tier 3,Female,Yes,1,Placed,1
7.7,59,73,75,60,71.93,0,2,22,Data Science,B.Tech,Tier 2,Tier 2,Male,No,1,Placed,1
7.99,65,72,77,70,68.89,3,1,20,EEE,B.Tech,Tier 2,Tier 1,Female,No,0,Placed,1
8.73,73,100,95,93,86.57,2,1,24,Data Science,B.E.,Tier 2,Tier 2,Female,No,0,Placed,1
6.17,86,56,92,73,87.16,1,3,23,Data Science,B.E.,Tier 1,Tier 3,Male,No,0,Not Placed,0
6.29,48,49,69,54,79.12,0,1,22,EEE,B.E.,Tier 3,Tier 2,Male,Yes,0,Placed,1
7.69,81,60,72,79,83.85,2,1,24,Civil,B.E.,Tier 3,Tier 1,Male,No,0,Placed,1
8.47,68,98,45,64,78.04,5,5,22,CSE,B.Tech,Tier 2,Tier 2,Male,Yes,3,Placed,1
6.39,72,65,80,46,79.05,6,6,20,CSE,B.Tech,Tier 2,Tier 2,Male,No,0,Placed,1
7.82,67,64,61,39,88.66,3,4,23,CSE,B.Tech,Tier 3,Tier 3,Female,No,0,Not Placed,0
8.61,78,39,75,63,78.58,4,2,21,ECE,B.E.,Tier 2,Tier 1,Male,No,0,Not Placed,0
6.79,51,72,72,76,76.16,1,2,22,ISE,B.Tech,Tier 3,Tier 2,Male,No,0,Not Placed,0
8.38,95,89,56,76,72.27,4,2,21,CSE,B.Tech,Tier 3,Tier 1,Female,Yes,0,Placed,1
8.48,73,63,72,63,91.39,1,2,23,CSE,B.Tech,Tier 2,Tier 2,Male,Yes,1,Placed,1
7.73,87,63,72,68,74.59,2,0,20,ISE,B.Tech,Tier 3,Tier 3,Female,Yes,2,Placed,1
8.29,55,56,63,62,100.0,5,4,24,ECE,B.E.,Tier 2,Tier 3,Male,Yes,0,Placed,1
8.69,67,77,80,63,85.37,2,0,20,CSE,B.E.,Tier 2,Tier 2,Male,Yes,0,Not Placed,0
8.08,76,82,77,43,93.08,1,1,21,CSE,B.E.,Tier 2,Tier 3,Male,Yes,0,Placed,1
8.26,64,65,50,55,87.82,1,1,22,Data Science,B.Tech,Tier 3,Tier 3,Female,Yes,0,Not Placed,0
8.37,74,64,61,82,67.86,0,0,22,ECE,B.Tech,Tier 1,Tier 2,Female,Yes,0,Placed,1
8.05,63,80,75,72,83.02,1,0,24,AI & ML,B.Tech,Tier 1,Tier 3,Male,Yes,2,Not Placed,0
7.31,71,81,63,44,84.08,2,2,23,Data Science,B.Tech,Tier 1,Tier 2,Female,Yes,0,Placed,1
7.27,77,68,68,51,77.42,2,2,21,EEE,B.Tech,Tier 2,Tier 3,Female,No,1,Placed,1
9.77,82,69,92,53,76.78,5,1,24,Civil,B.Tech,Tier 2,Tier 1,Male,No,0,Placed,1
6.42,70,52,50,53,93.69,2,1,20,Mechanical,B.Tech,Tier 2,Tier 1,Male,Yes,2,Placed,1
8.11,59,74,51,72,74.79,4,4,22,ECE,B.Tech,Tier 2,Tier 2,Male,No,0,Placed,1
6.87,71,54,49,57,70.94,0,1,24,CSE,B.E.,Tier 2,Tier 2,Male,No,1,Not Placed,0
7.25,65,95,51,73,91.92,3,0,22,ISE,B.Tech,Tier 1,Tier 2,Male,No,0,Placed,1
8.33,84,73,81,62,81.45,4,3,20,CSE,B.Tech,Tier 2,Tier 2,Male,Yes,0,Not Placed,0
7.28,55,76,63,56,78.19,4,0,23,ECE,B.E.,Tier 3,Tier 3,Male,No,0,Placed,1
6.9,47,92,75,68,87.87,3,3,22,CSE,B.E.,Tier 2,Tier 2,Male,Yes,1,Placed,1
7.36,71,74,79,54,83.61,3,2,24,Data Science,B.E.,Tier 2,Tier 3,Male,Yes,1,Placed,1
8.59,85,94,42,84,75.4,2,3,21,CSE,B.Tech,Tier 2,Tier 3,Male,Yes,0,Placed,1
7.69,68,100,65,46,96.9,1,4,20,ISE,B.Tech,Tier 1,Tier 1,Female,Yes,0,Placed,1
6.42,55,59,68,48,80.75,2,1,22,ECE,B.Tech,Tier 2,Tier 3,Female,Yes,0,Not Placed,0
6.43,58,44,52,65,80.28,2,0,20,AI & ML,B.Tech,Tier 2,Tier 2,Male,Yes,0,Not Placed,0
7.39,67,53,60,80,73.44,1,2,21,ECE,B.Tech,Tier 2,Tier 2,Male,No,0,Placed,1
6.71,73,83,64,51,83.49,2,0,20,AI & ML,B.Tech,Tier 1,Tier 2,Female,No,1,Placed,1
9.46,72,99,57,73,78.68,2,2,22,Data Science,B.E.,Tier 1,Tier 2,Female,Yes,0,Placed,1
6.19,59,77,74,74,81.58,1,1,22,CSE,B.Tech,Tier 2,Tier 2,Male,No,0,Not Placed,0
8.13,67,68,45,64,80.14,2,3,22,EEE,B.Tech,Tier 3,Tier 2,Male,Yes,0,Not Placed,0
8.53,60,87,89,58,65.11,2,0,21,Civil,B.E.,Tier 1,Tier 2,Female,No,0,Placed,1
8.99,62,75,81,49,96.44,0,6,20,ISE,B.Tech,Tier 1,Tier 1,Female,Yes,3,Not Placed,0
8.31,70,67,94,58,79.37,5,0,20,ECE,B.Tech,Tier 3,Tier 1,Female,No,0,Not Placed,0
7.15,81,65,62,64,89.3,3,1,24,EEE,B.Tech,Tier 1,Tier 3,Male,Yes,2,Not Placed,0
7.7,69,62,54,48,74.56,1,1,21,EEE,B.E.,Tier 2,Tier 1,Male,Yes,0,Not Placed,0
7.57,71,69,23,59,75.94,0,2,21,ECE,B.Tech,Tier 2,Tier 2,Female,Yes,0,Placed,1
7.04,67,41,54,62,84.28,0,0,22,ECE,B.Tech,Tier 2,Tier 1,Male,Yes,0,Not Placed,0
7.6,95,43,68,63,80.9,2,2,24,AI & ML,B.E.,Tier 1,Tier 1,Female,No,0,Placed,1
7.37,56,71,62,74,71.0,0,2,23,AI & ML,B.Tech,Tier 1,Tier 1,Male,Yes,0,Not Placed,0
8.39,63,55,65,63,71.24,2,3,22,Data Science,B.Tech,Tier 2,Tier 2,Male,Yes,0,Not Placed,0
8.83,68,61,62,72,85.48,1,2,24,Civil,B.E.,Tier 3,Tier 2,Female,Yes,0,Placed,1
7.52,73,66,83,54,83.53,3,1,22,Data Science,B.Tech,Tier 2,Tier 2,Male,Yes,3,Placed,1
7.11,52,82,65,47,85.11,2,2,23,CSE,B.Tech,Tier 3,Tier 2,Female,Yes,0,Placed,1
6.71,50,56,87,54,80.13,3,0,24,AI & ML,B.E.,Tier 2,Tier 1,Female,No,0,Placed,1
6.27,68,58,50,62,78.33,1,1,23,Civil,B.Tech,Tier 1,Tier 2,Male,Yes,2,Not Placed,0
7.35,75,73,68,63,77.46,0,2,20,EEE,B.Tech,Tier 2,Tier 3,Male,Yes,0,Placed,1
7.41,49,84,57,78,87.65,0,3,24,Data Science,B.Tech,Tier 2,Tier 2,Male,Yes,0,Placed,1
7.62,67,95,71,51,77.48,2,3,22,ECE,B.Tech,Tier 1,Tier 2,Male,No,0,Placed,1
7.08,67,79,88,100,81.41,1,1,20,AI & ML,B.Tech,Tier 2,Tier 3,Male,Yes,1,Not Placed,0
8.18,64,66,81,53,74.61,1,2,21,CSE,B.Tech,Tier 3,Tier 3,Male,No,0,Not Placed,0
8.14,77,64,61,46,80.11,1,3,22,EEE,B.Tech,Tier 1,Tier 2,Male,No,0,Placed,1
7.45,53,77,65,93,63.69,1,4,24,CSE,B.Tech,Tier 3,Tier 3,Male,No,0,Not Placed,0
8.33,75,90,85,67,78.65,1,3,21,Data Science,B.Tech,Tier 2,Tier 3,Female,No,1,Placed,1
8.12,73,54,89,72,82.66,1,0,20,EEE,B.E.,Tier 3,Tier 2,Male,No,2,Placed,1
6.14,55,53,69,80,71.35,4,1,20,ISE,B.Tech,Tier 1,Tier 2,Male,Yes,0,Not Placed,0
8.29,76,88,67,87,91.08,1,1,20,Mechanical,B.Tech,Tier 2,Tier 2,Female,Yes,0,Placed,1
7.22,90,71,83,68,85.95,3,4,22,Data Science,B.Tech,Tier 3,Tier 2,Male,Yes,2,Placed,1
9.09,85,93,65,42,86.69,1,3,23,Mechanical,B.E.,Tier 3,Tier 3,Male,Yes,0,Not Placed,0
7.2,45,42,77,84,75.19,4,1,24,ECE,B.Tech,Tier 3,Tier 2,Female,No,0,Placed,1
7.05,57,79,54,59,87.61,0,1,23,EEE,B.Tech,Tier 2,Tier 2,Male,Yes,0,Placed,1
8.37,62,98,100,69,63.95,1,3,21,CSE,B.Tech,Tier 1,Tier 2,Male,Yes,2,Not Placed,0
7.05,85,83,69,69,79.18,1,2,23,ISE,B.Tech,Tier 3,Tier 2,Male,No,1,Placed,1
8.35,83,57,80,52,70.41,3,4,20,Data Science,B.Tech,Tier 2,Tier 2,Male,Yes,0,Not Placed,0
8.33,82,69,76,70,77.7,0,1,23,EEE,B.Tech,Tier 2,Tier 2,Female,No,0,Not Placed,0
6.48,44,42,60,78,72.53,3,3,20,EEE,B.Tech,Tier 2,Tier 3,Female,Yes,0,Placed,1
7.97,86,51,55,60,64.64,2,4,21,CSE,B.Tech,Tier 2,Tier 3,Male,Yes,0,Not Placed,0
8.23,83,37,54,69,77.33,3,3,20,Civil,B.E.,Tier 2,Tier 2,Male,No,1,Placed,1
9.72,88,86,77,87,76.23,2,3,24,CSE,B.Tech,Tier 1,Tier 3,Male,No,0,Placed,1
7.06,64,67,56,71,84.94,0,4,22,AI & ML,B.Tech,Tier 2,Tier 2,Male,No,0,Placed,1
6.44,44,58,84,76,76.68,3,2,24,CSE,B.Tech,Tier 3,Tier 3,Male,Yes,1,Not Placed,0
8.4,66,55,59,48,62.69,3,3,24,ISE,B.Tech,Tier 2,Tier 2,Male,No,1,Placed,1
7.03,70,58,74,49,92.08,2,1,22,ECE,B.Tech,Tier 3,Tier 1,Male,No,0,Not Placed,0
7.93,75,84,66,69,92.48,2,0,20,Mechanical,B.Tech,Tier 3,Tier 2,Female,No,0,Not Placed,0
5.33,74,66,61,60,100.0,2,5,22,Data Science,B.Tech,Tier 2,Tier 3,Male,Yes,1,Not Placed,0
7.46,69,74,68,49,91.59,2,2,23,Data Science,B.Tech,Tier 3,Tier 3,Female,Yes,0,Not Placed,0
6.56,57,59,65,80,87.54,1,3,24,Data Science,B.Tech,Tier 1,Tier 3,Female,Yes,1,Not Placed,0
8.25,65,68,52,75,83.14,0,4,20,Data Science,B.Tech,Tier 2,Tier 2,Female,No,1,Not Placed,0
8.51,59,71,68,86,78.29,2,2,24,CSE,B.Tech,Tier 2,Tier 2,Other,Yes,1,Not Placed,0
7.06,68,95,99,61,74.87,5,1,22,Data Science,B.Tech,Tier 1,Tier 3,Male,Yes,1,Placed,1
7.8,91,65,92,89,98.3,5,0,22,Mechanical,B.Tech,Tier 1,Tier 1,Male,Yes,0,Placed,1
8.1,86,64,75,83,78.72,1,2,22,Mechanical,B.Tech,Tier 3,Tier 3,Female,No,1,Placed,1
6.5,65,56,44,58,92.89,3,1,22,Civil,B.E.,Tier 3,Tier 2,Female,No,0,Not Placed,0
8.56,67,77,99,74,82.14,2,4,21,ISE,B.E.,Tier 3,Tier 3,Male,Yes,0,Not Placed,0
6.36,58,74,70,73,91.74,2,1,21,CSE,B.E.,Tier 2,Tier 2,Male,Yes,0,Placed,1
7.52,53,44,66,36,88.08,5,2,21,ECE,B.E.,Tier 2,Tier 1,Female,No,0,Placed,1
6.92,63,66,49,84,79.53,2,3,21,CSE,B.Tech,Tier 1,Tier 2,Male,No,0,Not Placed,0
8.41,92,63,37,100,91.38,0,1,23,EEE,B.Tech,Tier 2,Tier 2,Male,Yes,0,Placed,1
6.7,48,81,65,74,83.18,5,1,22,CSE,B.E.,Tier 2,Tier 1,Female,Yes,0,Placed,1
7.92,64,87,57,96,84.63,1,5,23,CSE,B.E.,Tier 2,Tier 3,Female,No,1,Not Placed,0
8.08,71,47,33,47,79.99,3,0,22,Mechanical,B.E.,Tier 1,Tier 1,Female,Yes,0,Placed,1
8.98,68,76,39,65,73.65,2,1,21,Civil,B.Tech,Tier 3,Tier 2,Male,No,0,Placed,1
7.85,79,63,40,70,74.4,3,2,22,Mechanical,B.E.,Tier 2,Tier 1,Male,No,1,Placed,1
8.48,66,74,73,70,89.59,0,2,20,CSE,B.E.,Tier 2,Tier 3,Female,Yes,0,Not Placed,0
8.16,60,59,53,95,83.72,4,1,23,ECE,B.E.,Tier 1,Tier 3,Female,No,0,Not Placed,0
8.21,65,86,57,49,85.03,1,1,22,EEE,B.Tech,Tier 2,Tier 1,Male,No,0,Placed,1
10.0,78,82,58,73,67.15,2,1,23,Data Science,B.E.,Tier 2,Tier 2,Male,No,0,Placed,1
8.12,71,74,68,54,86.46,3,0,24,EEE,B.Tech,Tier 3,Tier 3,Other,No,0,Placed,1
8.98,77,78,60,58,82.55,4,4,21,Civil,B.Tech,Tier 1,Tier 3,Male,Yes,1,Placed,1
8.65,89,78,40,66,80.23,1,1,22,ISE,B.E.,Tier 1,Tier 2,Male,Yes,0,Not Placed,0
9.21,64,85,74,70,83.9,3,3,20,CSE,B.Tech,Tier 2,Tier 3,Male,Yes,0,Placed,1
6.65,63,38,29,75,81.85,4,4,24,CSE,B.Tech,Tier 1,Tier 2,Male,No,0,Placed,1
7.67,44,79,61,61,100.0,4,0,23,ISE,B.Tech,Tier 1,Tier 2,Male,Yes,0,Not Placed,0
8.84,59,71,66,49,77.97,2,3,24,CSE,B.Tech,Tier 1,Tier 1,Female,No,2,Not Placed,0
8.2,74,96,73,68,74.53,2,1,24,Data Science,B.Tech,Tier 3,Tier 2,Male,Yes,0,Placed,1
7.43,71,63,58,87,95.23,6,4,23,Data Science,B.Tech,Tier 2,Tier 1,Male,No,0,Placed,1
6.97,68,61,41,29,79.43,2,1,23,ISE,B.Tech,Tier 2,Tier 3,Female,No,0,Placed,1
5.04,73,67,83,72,91.21,3,1,21,AI & ML,B.Tech,Tier 1,Tier 2,Male,No,2,Not Placed,0
8.21,78,62,73,79,76.46,1,1,20,ISE,B.Tech,Tier 1,Tier 2,Female,No,0,Placed,1
8.23,57,93,59,56,79.78,1,1,20,CSE,B.Tech,Tier 3,Tier 2,Male,Yes,2,Placed,1
6.15,72,83,64,77,75.11,2,1,21,AI & ML,B.E.,Tier 3,Tier 2,Male,Yes,0,Placed,1
8.19,57,89,66,58,83.82,3,4,24,CSE,B.Tech,Tier 1,Tier 3,Male,Yes,0,Placed,1
7.91,100,90,47,56,98.01,2,2,22,Data Science,B.Tech,Tier 3,Tier 2,Male,No,0,Placed,1
8.11,77,87,70,69,90.57,2,2,20,ECE,B.Tech,Tier 3,Tier 1,Female,Yes,0,Placed,1
8.37,65,100,78,74,82.34,3,4,23,AI & ML,B.E.,Tier 3,Tier 2,Female,Yes,0,Placed,1
6.65,62,79,62,83,66.42,1,1,21,AI & ML,B.Tech,Tier 2,Tier 3,Male,No,0,Not Placed,0
8.43,92,86,59,71,79.18,2,0,22,AI & ML,B.Tech,Tier 2,Tier 2,Female,Yes,2,Placed,1
8.95,64,78,88,79,79.77,4,3,21,CSE,B.E.,Tier 1,Tier 3,Female,Yes,0,Placed,1
8.49,65,96,72,86,89.7,4,1,20,AI & ML,B.E.,Tier 2,Tier 2,Female,No,0,Placed,1
7.33,74,48,76,52,86.14,3,1,23,ISE,B.Tech,Tier 2,Tier 2,Male,Yes,0,Placed,1
6.98,78,33,64,57,90.97,1,2,22,Mechanical,B.Tech,Tier 2,Tier 2,Male,No,0,Not Placed,0
7.32,73,69,54,74,80.09,4,3,23,CSE,B.Tech,Tier 2,Tier 2,Female,Yes,2,Placed,1
9.14,54,63,60,55,78.87,3,3,23,CSE,B.E.,Tier 1,Tier 2,Male,Yes,3,Placed,1
8.52,63,100,76,46,84.28,3,1,24,Data Science,B.Tech,Tier 3,Tier 3,Female,Yes,0,Placed,1
5.0,57,59,76,71,75.63,2,3,21,CSE,B.Tech,Tier 2,Tier 3,Male,Yes,0,Not Placed,0
7.56,81,97,98,85,85.82,2,3,24,Data Science,B.Tech,Tier 2,Tier 3,Male,Yes,0,Not Placed,0
7.68,71,50,61,97,82.39,3,2,23,ECE,B.E.,Tier 1,Tier 3,Male,Yes,0,Not Placed,0
8.23,74,98,52,56,70.06,0,3,20,CSE,B.Tech,Tier 3,Tier 2,Male,Yes,0,Placed,1
7.74,61,80,44,67,86.02,4,0,21,EEE,B.Tech,Tier 1,Tier 3,Female,Yes,0,Not Placed,0
8.76,40,77,46,71,77.8,4,5,20,Mechanical,B.E.,Tier 1,Tier 2,Female,Yes,0,Placed,1
7.24,50,57,69,68,97.38,2,3,22,CSE,B.E.,Tier 1,Tier 3,Male,Yes,0,Placed,1
8.79,80,65,68,71,72.31,2,1,24,Mechanical,B.E.,Tier 1,Tier 1,Male,No,0,Placed,1
7.54,84,83,66,65,81.9,3,0,20,CSE,B.Tech,Tier 2,Tier 2,Female,No,1,Not Placed,0
8.0,79,100,65,76,85.62,1,2,24,CSE,B.Tech,Tier 2,Tier 2,Male,Yes,0,Placed,1
7.3,66,36,66,64,79.78,0,3,22,CSE,B.Tech,Tier 2,Tier 2,Female,Yes,0,Placed,1
7.38,52,86,55,69,92.46,1,0,23,CSE,B.Tech,Tier 2,Tier 2,Other,Yes,0,Not Placed,0
8.08,65,49,53,60,67.91,1,1,24,EEE,B.Tech,Tier 1,Tier 3,Female,Yes,1,Not Placed,0
7.69,78,43,86,68,93.95,2,0,20,ECE,B.E.,Tier 3,Tier 3,Male,No,0,Placed,1
8.18,59,58,76,89,88.62,2,2,24,EEE,B.Tech,Tier 2,Tier 2,Male,Yes,0,Placed,1
7.88,84,83,82,75,84.29,1,1,22,AI & ML,B.Tech,Tier 3,Tier 3,Male,No,0,Placed,1
7.33,77,75,62,66,67.86,0,2,22,AI & ML,B.Tech,Tier 3,Tier 2,Female,Yes,0,Placed,1
6.72,69,50,54,62,83.3,2,0,23,AI & ML,B.E.,Tier 2,Tier 1,Male,Yes,1,Placed,1
8.77,79,74,64,63,74.72,2,1,22,EEE,B.E.,Tier 3,Tier 3,Male,Yes,1,Placed,1
6.31,38,66,80,69,70.37,4,0,23,ISE,B.Tech,Tier 2,Tier 3,Female,Yes,1,Placed,1
7.56,63,62,89,61,94.86,2,3,22,CSE,B.Tech,Tier 1,Tier 3,Female,Yes,0,Not Placed,0
8.55,72,73,81,64,91.35,2,3,20,ECE,B.Tech,Tier 2,Tier 1,Male,Yes,0,Placed,1
7.32,58,79,51,68,68.21,0,2,24,AI & ML,B.Tech,Tier 1,Tier 2,Female,Yes,0,Placed,1
7.67,84,75,66,47,91.61,2,1,21,Data Science,B.E.,Tier 3,Tier 2,Female,No,0,Placed,1
7.1,46,69,59,62,90.98,2,7,24,Mechanical,B.Tech,Tier 2,Tier 1,Female,No,0,Placed,1
7.05,69,70,58,70,88.58,0,0,22,CSE,B.E.,Tier 2,Tier 3,Male,Yes,2,Not Placed,0
8.23,75,61,60,60,87.43,1,1,20,CSE,B.E.,Tier 1,Tier 2,Male,Yes,2,Not Placed,0
7.48,55,52,79,51,87.18,2,3,20,Mechanical,B.E.,Tier 2,Tier 1,Female,Yes,1,Not Placed,0
7.29,57,98,68,66,90.13,2,1,22,AI & ML,B.E.,Tier 1,Tier 2,Male,No,0,Not Placed,0
7.61,62,37,50,51,73.11,2,3,24,Mechanical,B.Tech,Tier 3,Tier 2,Female,Yes,1,Placed,1
8.14,70,78,61,61,74.13,2,2,24,Data Science,B.Tech,Tier 1,Tier 1,Male,No,2,Placed,1
8.15,79,64,53,73,86.47,1,3,22,Data Science,B.Tech,Tier 2,Tier 1,Male,No,0,Placed,1
5.98,57,61,63,50,89.76,3,2,21,EEE,B.Tech,Tier 2,Tier 1,Male,Yes,3,Placed,1
8.16,61,55,50,79,77.5,0,3,20,Data Science,B.Tech,Tier 1,Tier 1,Male,No,0,Placed,1
8.87,65,100,70,65,86.75,0,1,23,CSE,B.Tech,Tier 2,Tier 2,Male,No,0,Placed,1
7.31,86,82,77,41,78.16,1,5,24,CSE,B.Tech,Tier 1,Tier 2,Other,Yes,0,Placed,1
6.64,59,59,67,74,71.08,2,4,21,Data Science,B.Tech,Tier 2,Tier 2,Female,No,0,Not Placed,0
5.88,66,73,75,54,71.82,0,3,22,CSE,B.E.,Tier 2,Tier 1,Female,Yes,0,Not Placed,0
7.49,63,50,63,74,86.44,1,3,22,ECE,B.Tech,Tier 3,Tier 2,Female,Yes,0,Placed,1
7.86,55,74,79,60,84.19,3,2,21,Civil,B.Tech,Tier 1,Tier 1,Female,Yes,1,Placed,1
8.59,67,82,82,74,86.48,2,3,20,Data Science,B.E.,Tier 1,Tier 2,Female,No,1,Not Placed,0
7.43,80,97,55,54,77.54,1,0,21,Data Science,B.E.,Tier 1,Tier 2,Male,Yes,2,Placed,1
8.65,63,77,60,62,73.52,1,5,22,CSE,B.Tech,Tier 2,Tier 3,Male,Yes,1,Not Placed,0
6.91,66,60,59,49,81.23,4,2,23,ECE,B.E.,Tier 1,Tier 2,Male,No,0,Placed,1
8.16,74,68,79,79,74.37,2,0,21,EEE,B.Tech,Tier 1,Tier 2,Male,Yes,0,Placed,1
7.41,81,83,69,70,89.52,1,0,22,CSE,B.Tech,Tier 2,Tier 1,Male,Yes,1,Not Placed,0
7.36,83,72,81,60,85.86,0,1,20,ISE,B.Tech,Tier 3,Tier 1,Female,Yes,0,Placed,1
8.33,63,89,85,84,73.86,1,0,20,CSE,B.E.,Tier 2,Tier 1,Female,Yes,0,Placed,1
8.33,67,88,58,55,65.39,5,3,20,CSE,B.Tech,Tier 1,Tier 2,Male,Yes,0,Placed,1
7.78,53,59,25,63,70.53,2,2,20,ECE,B.Tech,Tier 3,Tier 2,Male,Yes,0,Placed,1
7.36,72,94,100,49,73.5,3,4,24,CSE,B.Tech,Tier 1,Tier 2,Male,Yes,0,Placed,1
8.49,65,62,75,75,86.99,4,1,23,EEE,B.Tech,Tier 1,Tier 2,Female,No,1,Placed,1
7.97,68,62,52,84,81.7,3,4,23,CSE,B.Tech,Tier 1,Tier 2,Male,Yes,0,Placed,1
9.92,58,65,77,54,72.54,3,4,20,ECE,B.Tech,Tier 2,Tier 2,Male,No,0,Placed,1
7.1,57,52,50,75,88.45,3,4,21,EEE,B.Tech,Tier 2,Tier 1,Male,Yes,0,Not Placed,0
7.24,66,60,73,26,79.76,4,2,22,ECE,B.Tech,Tier 2,Tier 1,Male,Yes,0,Not Placed,0
8.51,70,61,75,42,89.72,3,2,20,ECE,B.E.,Tier 3,Tier 1,Female,No,1,Not Placed,0
9.31,91,96,68,71,76.32,3,2,21,CSE,B.Tech,Tier 2,Tier 3,Other,Yes,0,Placed,1
8.36,56,59,62,46,68.85,1,0,20,ECE,B.Tech,Tier 3,Tier 2,Male,Yes,2,Not Placed,0
7.19,73,64,78,69,86.63,1,2,21,Data Science,B.E.,Tier 2,Tier 3,Female,No,0,Placed,1
6.34,45,65,80,75,88.46,2,1,23,Mechanical,B.Tech,Tier 3,Tier 2,Female,Yes,0,Placed,1
7.34,78,58,67,55,80.9,1,0,21,ECE,B.E.,Tier 2,Tier 3,Other,Yes,0,Placed,1
7.86,81,63,49,35,78.77,1,0,22,CSE,B.Tech,Tier 3,Tier 1,Female,Yes,2,Not Placed,0
7.29,66,78,91,71,90.07,1,0,23,ECE,B.Tech,Tier 1,Tier 2,Male,No,1,Placed,1
8.48,65,79,64,57,90.85,2,0,21,CSE,B.Tech,Tier 3,Tier 3,Female,Yes,1,Not Placed,0
7.14,87,49,64,63,65.4,2,4,20,ECE,B.Tech,Tier 1,Tier 2,Male,No,0,Placed,1
6.42,67,62,69,62,76.09,1,2,23,ISE,B.Tech,Tier 3,Tier 1,Female,Yes,0,Not Placed,0
9.06,86,85,86,60,61.41,2,3,22,CSE,B.Tech,Tier 3,Tier 1,Male,Yes,0,Placed,1
7.96,45,83,67,61,84.27,2,1,21,ISE,B.Tech,Tier 2,Tier 2,Female,Yes,0,Placed,1
10.0,68,90,78,82,85.27,2,4,20,Data Science,B.Tech,Tier 3,Tier 2,Female,No,0,Placed,1
8.86,77,77,50,43,71.44,6,1,23,ECE,B.Tech,Tier 1,Tier 2,Male,Yes,0,Placed,1
8.47,63,60,62,75,63.65,3,0,24,AI & ML,B.Tech,Tier 2,Tier 2,Male,No,1,Not Placed,0
6.59,56,51,62,59,84.25,1,2,24,ISE,B.Tech,Tier 2,Tier 1,Male,No,0,Not Placed,0
7.89,70,66,75,57,83.62,1,1,23,ECE,B.Tech,Tier 3,Tier 3,Male,Yes,0,Placed,1
7.32,71,71,79,72,75.28,3,2,22,Mechanical,B.Tech,Tier 2,Tier 3,Male,No,0,Not Placed,0
7.96,71,85,55,66,83.55,2,3,21,Mechanical,B.E.,Tier 2,Tier 3,Male,No,1,Placed,1
6.27,54,73,57,33,86.86,4,2,20,CSE,B.Tech,Tier 2,Tier 1,Male,Yes,0,Not Placed,0
6.53,52,74,66,60,80.65,3,1,21,CSE,B.Tech,Tier 2,Tier 2,Female,No,3,Not Placed,0
7.92,58,63,45,62,76.59,2,3,21,Mechanical,B.Tech,Tier 2,Tier 3,Female,Yes,0,Placed,1
7.39,67,54,48,62,99.46,2,0,21,ECE,B.Tech,Tier 1,Tier 3,Female,No,1,Not Placed,0
8.05,67,78,100,67,85.67,2,0,21,Data Science,B.E.,Tier 2,Tier 1,Male,Yes,0,Placed,1
7.36,75,71,57,69,75.23,3,3,23,EEE,B.Tech,Tier 1,Tier 2,Male,Yes,2,Not Placed,0
8.44,66,89,69,63,83.58,2,1,20,ECE,B.Tech,Tier 2,Tier 3,Female,No,0,Not Placed,0
8.11,64,70,81,37,88.63,0,4,23,AI & ML,B.E.,Tier 2,Tier 2,Female,Yes,0,Placed,1
7.25,68,72,59,74,92.2,1,2,24,ISE,B.Tech,Tier 2,Tier 3,Male,No,0,Placed,1
7.24,58,46,55,78,84.89,3,1,22,CSE,B.E.,Tier 2,Tier 1,Female,No,0,Placed,1
8.09,81,71,51,74,70.97,1,3,21,ISE,B.Tech,Tier 2,Tier 2,Female,No,0,Placed,1
9.3,82,98,85,65,78.31,2,2,23,ISE,B.Tech,Tier 3,Tier 2,Male,No,0,Not Placed,0
8.86,97,85,85,82,75.92,4,1,22,CSE,B.Tech,Tier 1,Tier 2,Male,Yes,0,Placed,1
8.51,97,95,88,79,88.54,0,3,21,Data Science,B.Tech,Tier 2,Tier 1,Male,Yes,0,Placed,1
7.37,93,78,68,100,86.93,4,1,22,CSE,B.Tech,Tier 1,Tier 3,Male,No,0,Placed,1
7.81,72,63,63,63,73.2,1,3,24,Mechanical,B.Tech,Tier 2,Tier 3,Male,Yes,0,Placed,1
7.98,65,83,60,76,74.16,1,1,20,Data Science,B.Tech,Tier 3,Tier 3,Male,No,2,Not Placed,0
8.07,80,57,51,75,74.87,2,6,20,EEE,B.E.,Tier 3,Tier 3,Male,Yes,1,Placed,1
8.26,67,72,71,70,93.11,0,1,21,EEE,B.Tech,Tier 1,Tier 3,Male,Yes,0,Placed,1
7.22,78,59,45,79,57.73,3,2,21,CSE,B.Tech,Tier 1,Tier 1,Female,Yes,0,Placed,1
6.68,82,73,54,57,77.88,2,3,24,AI & ML,B.Tech,Tier 3,Tier 3,Male,Yes,1,Placed,1
7.99,71,49,60,89,90.85,3,3,24,EEE,B.Tech,Tier 1,Tier 1,Male,Yes,0,Not Placed,0
7.27,63,47,71,97,80.05,5,5,21,ECE,B.E.,Tier 1,Tier 2,Male,No,1,Placed,1
8.4,59,100,99,55,84.95,2,0,20,AI & ML,B.Tech,Tier 2,Tier 3,Male,Yes,2,Placed,1
7.74,55,78,46,86,89.52,4,2,24,Mechanical,B.Tech,Tier 1,Tier 3,Female,Yes,0,Placed,1
9.0,82,88,85,78,75.53,3,3,20,Data Science,B.Tech,Tier 2,Tier 1,Male,No,0,Placed,1
7.3,68,57,72,54,89.82,4,2,22,EEE,B.Tech,Tier 3,Tier 1,Male,No,0,Not Placed,0
7.69,59,75,48,61,88.11,4,4,23,ECE,B.Tech,Tier 3,Tier 1,Female,Yes,0,Not Placed,0
9.08,76,80,62,78,90.57,3,0,22,CSE,B.Tech,Tier 2,Tier 3,Female,Yes,0,Placed,1
6.89,33,96,98,45,87.77,2,0,20,CSE,B.Tech,Tier 1,Tier 3,Male,Yes,0,Not Placed,0
7.47,83,48,58,66,82.29,4,3,22,Mechanical,B.E.,Tier 2,Tier 2,Male,No,0,Not Placed,0
8.28,91,87,70,68,79.2,4,5,21,CSE,B.Tech,Tier 3,Tier 2,Male,No,0,Placed,1
9.75,88,71,74,98,80.78,4,0,23,Data Science,B.Tech,Tier 1,Tier 3,Female,Yes,1,Placed,1
7.38,77,74,80,66,69.1,1,4,24,ECE,B.Tech,Tier 3,Tier 2,Male,Yes,0,Placed,1
8.03,81,79,74,57,80.55,3,0,24,Mechanical,B.Tech,Tier 1,Tier 2,Male,Yes,0,Placed,1
6.53,68,57,69,73,89.64,3,2,20,CSE,B.Tech,Tier 2,Tier 2,Male,Yes,0,Not Placed,0
6.88,64,52,56,76,90.14,3,0,20,Civil,B.E.,Tier 3,Tier 2,Female,Yes,1,Not Placed,0
8.64,83,79,61,74,91.97,2,4,24,CSE,B.Tech,Tier 3,Tier 2,Male,Yes,0,Not Placed,0
7.81,90,54,39,44,85.37,1,2,22,ECE,B.Tech,Tier 2,Tier 2,Male,No,2,Not Placed,0
7.62,65,52,39,43,82.29,3,1,23,ECE,B.Tech,Tier 2,Tier 2,Male,No,1,Not Placed,0
5.35,57,92,55,79,95.27,1,4,24,CSE,B.Tech,Tier 2,Tier 3,Male,No,0,Placed,1
7.14,60,81,68,59,77.08,2,4,20,AI & ML,B.E.,Tier 3,Tier 2,Female,No,0,Placed,1
8.07,71,63,76,64,85.52,0,1,23,CSE,B.Tech,Tier 2,Tier 3,Female,Yes,0,Placed,1
7.83,67,93,55,83,77.71,2,3,21,Data Science,B.Tech,Tier 2,Tier 2,Male,Yes,0,Placed,1
7.47,61,69,47,58,91.46,1,1,20,CSE,B.Tech,Tier 1,Tier 3,Male,Yes,0,Placed,1
8.29,67,87,61,70,81.65,3,3,20,CSE,B.Tech,Tier 2,Tier 2,Male,Yes,0,Placed,1
7.44,71,49,49,41,97.33,4,2,22,Mechanical,B.E.,Tier 3,Tier 2,Male,No,0,Not Placed,0
8.05,73,90,79,73,94.09,1,1,24,EEE,B.Tech,Tier 3,Tier 2,Male,Yes,0,Placed,1
8.76,74,65,29,75,91.24,3,3,24,EEE,B.Tech,Tier 2,Tier 2,Female,No,1,Placed,1
5.82,75,35,54,80,80.11,1,1,21,ECE,B.E.,Tier 2,Tier 3,Female,Yes,0,Not Placed,0
7.82,63,54,72,80,82.88,2,2,22,ECE,B.Tech,Tier 2,Tier 1,Female,Yes,0,Placed,1
7.99,93,76,63,83,85.06,2,5,22,CSE,B.Tech,Tier 1,Tier 3,Female,No,0,Placed,1
8.02,83,56,74,100,69.97,0,2,21,Civil,B.Tech,Tier 1,Tier 2,Male,No,0,Placed,1
7.9,82,100,81,45,78.52,3,2,23,Data Science,B.Tech,Tier 2,Tier 2,Other,No,0,Not Placed,0
7.77,68,63,41,54,77.18,2,0,21,ECE,B.Tech,Tier 3,Tier 2,Male,Yes,0,Placed,1
6.6,56,77,73,43,83.26,2,4,20,CSE,B.Tech,Tier 2,Tier 3,Female,Yes,0,Not Placed,0
7.27,72,85,81,69,69.27,0,4,23,ISE,B.Tech,Tier 1,Tier 2,Female,No,2,Not Placed,0
8.07,77,56,63,64,79.22,1,3,24,CSE,B.Tech,Tier 2,Tier 2,Male,Yes,1,Not Placed,0
8.44,89,72,74,100,65.09,2,3,20,CSE,B.Tech,Tier 1,Tier 2,Male,Yes,1,Not Placed,0
9.06,70,85,98,62,70.92,4,3,21,CSE,B.Tech,Tier 3,Tier 2,Male,Yes,1,Placed,1
7.21,53,59,78,90,82.95,4,1,21,ECE,B.Tech,Tier 2,Tier 3,Female,Yes,0,Placed,1
8.07,69,55,66,73,77.01,0,0,20,Mechanical,B.E.,Tier 3,Tier 2,Male,Yes,0,Not Placed,0
7.46,69,68,54,41,76.76,0,2,21,CSE,B.E.,Tier 2,Tier 1,Male,No,0,Not Placed,0
8.05,45,57,73,86,98.81,2,2,24,ECE,B.Tech,Tier 2,Tier 1,Female,Yes,0,Placed,1
9.02,100,84,54,78,86.39,2,2,21,CSE,B.Tech,Tier 2,Tier 3,Female,Yes,2,Placed,1
7.12,67,65,41,69,83.92,2,3,21,CSE,B.Tech,Tier 3,Tier 3,Female,No,0,Not Placed,0
7.97,85,80,84,71,73.6,2,1,20,ECE,B.Tech,Tier 1,Tier 2,Female,No,1,Placed,1
8.12,54,95,79,61,89.72,2,4,21,AI & ML,B.E.,Tier 2,Tier 2,Female,Yes,0,Placed,1
9.01,76,84,79,69,82.04,5,2,20,ECE,B.Tech,Tier 1,Tier 2,Male,Yes,1,Placed,1
7.73,67,82,75,67,98.67,1,0,23,CSE,B.Tech,Tier 3,Tier 1,Female,Yes,0,Not Placed,0
9.16,86,89,73,63,84.06,3,2,23,Data Science,B.Tech,Tier 2,Tier 2,Male,Yes,0,Placed,1
8.17,71,72,78,74,81.08,2,3,24,ECE,B.Tech,Tier 3,Tier 3,Male,No,0,Placed,1
6.96,78,58,76,71,86.84,3,2,20,Data Science,B.Tech,Tier 3,Tier 2,Female,Yes,1,Not Placed,0
7.54,58,44,30,53,79.35,1,2,21,Data Science,B.Tech,Tier 1,Tier 1,Male,No,0,Not Placed,0
7.17,86,60,44,62,74.13,1,1,20,CSE,B.Tech,Tier 2,Tier 1,Female,Yes,0,Not Placed,0
6.03,67,63,82,81,82.11,4,2,20,ISE,B.Tech,Tier 3,Tier 2,Female,Yes,0,Placed,1
7.65,77,77,49,82,85.42,1,1,23,CSE,B.Tech,Tier 2,Tier 3,Male,Yes,1,Placed,1
7.85,68,57,70,73,76.01,2,3,24,Mechanical,B.Tech,Tier 2,Tier 2,Male,Yes,0,Placed,1
7.64,48,80,63,81,91.17,3,1,20,Data Science,B.Tech,Tier 3,Tier 2,Female,Yes,0,Not Placed,0
8.43,75,63,61,81,77.73,2,3,24,CSE,B.Tech,Tier 1,Tier 1,Male,Yes,0,Not Placed,0
7.37,50,61,29,74,85.36,3,2,22,CSE,B.Tech,Tier 1,Tier 1,Male,Yes,0,Placed,1
8.19,75,83,59,70,86.28,2,5,21,Data Science,B.Tech,Tier 2,Tier 2,Male,Yes,0,Placed,1
7.92,67,98,76,68,75.75,1,4,22,Data Science,B.Tech,Tier 1,Tier 2,Female,Yes,0,Placed,1
7.32,85,53,47,71,88.13,2,5,24,CSE,B.Tech,Tier 2,Tier 1,Male,Yes,1,Placed,1
7.92,78,47,26,47,100.0,0,3,23,ECE,B.E.,Tier 1,Tier 2,Female,Yes,2,Placed,1
8.51,71,68,75,62,74.48,0,5,23,CSE,B.Tech,Tier 3,Tier 2,Male,No,0,Placed,1
7.52,70,49,42,70,86.47,4,1,24,EEE,B.Tech,Tier 3,Tier 2,Female,No,0,Not Placed,0
6.18,58,58,58,36,80.57,2,1,20,EEE,B.Tech,Tier 3,Tier 3,Female,No,0,Placed,1
8.19,70,100,75,65,84.81,1,0,20,CSE,B.E.,Tier 1,Tier 1,Female,Yes,0,Placed,1
8.56,69,82,65,66,82.89,2,2,23,CSE,B.E.,Tier 3,Tier 2,Female,Yes,0,Placed,1
8.44,83,92,65,58,78.4,2,4,23,Data Science,B.Tech,Tier 1,Tier 2,Female,No,0,Not Placed,0
8.45,71,91,83,89,93.79,2,3,22,CSE,B.Tech,Tier 2,Tier 2,Male,Yes,0,Placed,1
8.36,66,66,60,81,84.61,0,1,21,CSE,B.Tech,Tier 1,Tier 2,Male,No,0,Not Placed,0
6.23,50,56,79,48,82.9,1,1,22,CSE,B.E.,Tier 2,Tier 1,Male,No,0,Placed,1
8.27,67,80,83,56,79.8,2,5,20,ECE,B.Tech,Tier 1,Tier 1,Female,No,2,Not Placed,0
7.31,63,49,26,44,79.28,0,3,24,Mechanical,B.Tech,Tier 1,Tier 1,Male,No,1,Not Placed,0
8.82,55,67,95,58,85.13,0,0,21,CSE,B.Tech,Tier 1,Tier 2,Male,Yes,0,Not Placed,0
6.09,58,52,78,55,78.56,3,1,24,CSE,B.E.,Tier 2,Tier 2,Male,Yes,0,Not Placed,0
9.47,55,88,89,52,79.18,1,4,22,Civil,B.Tech,Tier 3,Tier 3,Male,Yes,1,Placed,1
9.29,80,58,54,47,82.63,3,3,24,EEE,B.Tech,Tier 2,Tier 2,Male,Yes,0,Placed,1
6.42,79,65,55,69,70.55,0,4,21,Civil,B.Tech,Tier 3,Tier 2,Female,Yes,0,Placed,1
7.61,85,52,24,65,89.42,1,6,24,CSE,B.Tech,Tier 2,Tier 3,Male,No,0,Not Placed,0
8.63,87,52,47,89,88.68,0,2,24,EEE,B.Tech,Tier 3,Tier 2,Female,Yes,0,Not Placed,0
8.17,91,68,49,59,70.5,1,1,22,ECE,B.Tech,Tier 3,Tier 3,Female,Yes,0,Placed,1
7.08,60,58,52,62,96.18,1,3,22,Mechanical,B.Tech,Tier 2,Tier 3,Female,Yes,1,Not Placed,0
7.16,56,60,54,86,87.71,4,2,21,EEE,B.Tech,Tier 3,Tier 2,Female,Yes,0,Placed,1
10.0,82,74,49,68,90.45,3,4,21,Mechanical,B.Tech,Tier 3,Tier 3,Male,Yes,0,Placed,1
7.77,61,23,64,82,84.94,2,1,20,Mechanical,B.Tech,Tier 1,Tier 2,Female,Yes,0,Placed,1
8.66,74,95,75,57,83.24,5,4,21,CSE,B.Tech,Tier 1,Tier 3,Male,Yes,0,Not Placed,0
6.53,60,68,64,60,81.84,2,3,21,AI & ML,B.Tech,Tier 3,Tier 2,Male,Yes,0,Placed,1
6.41,75,93,100,50,82.45,2,1,22,Data Science,B.E.,Tier 3,Tier 3,Male,Yes,0,Not Placed,0
7.33,69,100,79,70,96.29,5,2,23,ISE,B.E.,Tier 3,Tier 2,Female,Yes,0,Placed,1
8.59,71,61,47,68,67.2,1,3,24,Mechanical,B.Tech,Tier 3,Tier 2,Female,Yes,2,Not Placed,0
6.92,59,48,70,81,98.99,2,1,23,EEE,B.Tech,Tier 2,Tier 3,Other,No,3,Placed,1
7.88,67,80,87,57,88.53,1,0,24,CSE,B.E.,Tier 3,Tier 3,Female,Yes,3,Not Placed,0
7.67,82,98,91,71,77.37,2,4,20,ECE,B.Tech,Tier 3,Tier 1,Male,No,0,Placed,1
7.73,67,59,81,87,92.0,2,1,22,CSE,B.E.,Tier 2,Tier 3,Male,Yes,1,Placed,1
8.63,73,86,76,78,84.25,1,1,24,ISE,B.Tech,Tier 2,Tier 2,Female,No,0,Placed,1
6.49,37,67,55,51,80.95,1,0,20,Civil,B.Tech,Tier 1,Tier 2,Male,No,0,Placed,1
8.75,95,50,33,65,100.0,0,3,21,CSE,B.E.,Tier 2,Tier 2,Female,Yes,0,Not Placed,0
8.21,78,69,88,47,86.79,0,2,22,Data Science,B.E.,Tier 2,Tier 2,Female,Yes,0,Placed,1
8.67,77,82,80,85,76.2,1,1,24,ISE,B.Tech,Tier 2,Tier 3,Male,No,0,Not Placed,0
7.62,69,75,71,66,80.29,4,1,23,ISE,B.Tech,Tier 3,Tier 1,Female,No,0,Not Placed,0
7.3,64,94,84,66,81.69,1,1,21,ISE,B.Tech,Tier 3,Tier 2,Female,No,0,Placed,1
10.0,61,75,73,63,97.33,2,2,21,Civil,B.E.,Tier 3,Tier 1,Female,Yes,0,Placed,1
7.77,76,64,52,55,83.57,4,1,23,CSE,B.Tech,Tier 2,Tier 3,Female,Yes,0,Placed,1
9.21,81,72,63,54,74.49,3,2,23,EEE,B.Tech,Tier 2,Tier 3,Male,Yes,0,Placed,1
7.91,88,84,64,91,66.01,2,1,22,AI & ML,B.E.,Tier 3,Tier 2,Female,Yes,2,Placed,1
6.15,39,60,30,71,87.97,1,0,24,CSE,B.Tech,Tier 1,Tier 1,Male,Yes,0,Not Placed,0
8.76,55,86,95,75,79.07,2,2,22,CSE,B.Tech,Tier 3,Tier 3,Male,Yes,0,Placed,1
7.21,46,79,75,54,75.38,1,2,22,AI & ML,B.Tech,Tier 1,Tier 2,Female,Yes,0,Placed,1
8.05,67,88,88,58,86.3,1,3,21,AI & ML,B.Tech,Tier 1,Tier 2,Female,No,0,Placed,1
7.49,68,67,60,64,92.01,4,2,22,Civil,B.Tech,Tier 3,Tier 3,Female,Yes,0,Placed,1
7.99,51,79,95,67,86.39,3,2,22,ISE,B.Tech,Tier 1,Tier 3,Male,Yes,0,Not Placed,0
7.55,84,82,69,62,87.24,2,1,23,ECE,B.E.,Tier 2,Tier 2,Female,No,0,Placed,1
6.79,70,68,64,63,81.38,1,2,23,ECE,B.Tech,Tier 3,Tier 3,Female,No,2,Not Placed,0
5.99,44,100,47,74,96.33,2,1,21,ISE,B.Tech,Tier 1,Tier 2,Male,Yes,0,Placed,1
7.89,63,100,77,56,84.36,2,1,21,EEE,B.Tech,Tier 1,Tier 3,Male,Yes,1,Placed,1
6.53,51,58,76,90,86.05,5,2,22,Data Science,B.E.,Tier 1,Tier 1,Female,Yes,3,Not Placed,0
6.68,55,49,69,51,98.86,0,4,21,CSE,B.E.,Tier 1,Tier 1,Male,No,0,Not Placed,0
8.59,76,82,82,61,94.6,1,0,21,CSE,B.Tech,Tier 3,Tier 3,Female,Yes,2,Placed,1
8.94,72,95,55,88,81.74,3,5,24,AI & ML,B.Tech,Tier 1,Tier 2,Male,No,0,Placed,1
7.86,71,62,55,60,67.57,4,1,20,Civil,B.E.,Tier 3,Tier 3,Male,Yes,1,Placed,1
7.27,73,64,69,60,76.48,3,0,24,AI & ML,B.Tech,Tier 2,Tier 3,Female,Yes,0,Not Placed,0
7.67,84,43,81,80,77.65,2,5,20,ECE,B.Tech,Tier 1,Tier 3,Female,Yes,1,Not Placed,0
7.6,64,75,82,67,67.49,1,2,24,ECE,B.Tech,Tier 3,Tier 3,Female,Yes,0,Placed,1
7.55,76,83,72,56,73.62,2,4,23,CSE,B.Tech,Tier 1,Tier 1,Female,No,0,Placed,1
5.74,68,76,75,72,76.79,1,2,20,Data Science,B.Tech,Tier 2,Tier 2,Male,No,0,Not Placed,0
6.13,77,69,52,89,75.2,1,3,24,CSE,B.Tech,Tier 2,Tier 3,Female,No,0,Not Placed,0
8.56,66,60,53,57,74.97,1,2,20,Mechanical,B.Tech,Tier 3,Tier 3,Female,Yes,0,Not Placed,0
7.42,82,79,100,58,82.09,2,0,24,Civil,B.Tech,Tier 2,Tier 2,Female,Yes,0,Placed,1
6.82,47,60,50,39,91.39,2,4,21,Data Science,B.Tech,Tier 3,Tier 3,Male,Yes,0,Not Placed,0
7.06,56,38,68,67,74.04,4,1,24,AI & ML,B.E.,Tier 3,Tier 3,Male,Yes,0,Not Placed,0
7.78,83,77,80,47,92.98,0,0,21,AI & ML,B.Tech,Tier 1,Tier 2,Male,No,0,Placed,1
6.54,46,96,85,82,86.34,1,2,21,ISE,B.Tech,Tier 1,Tier 3,Male,Yes,0,Placed,1
8.53,84,80,90,27,64.8,1,0,20,CSE,B.E.,Tier 2,Tier 1,Female,No,0,Placed,1
10.0,87,100,75,79,86.44,1,1,22,Civil,B.E.,Tier 2,Tier 2,Male,Yes,0,Placed,1
8.4,69,94,67,57,97.86,0,1,20,Data Science,B.Tech,Tier 2,Tier 2,Male,Yes,2,Placed,1
8.13,76,77,65,65,88.91,4,4,22,ISE,B.Tech,Tier 2,Tier 2,Male,Yes,0,Placed,1
7.08,77,73,67,68,84.49,2,2,24,CSE,B.Tech,Tier 1,Tier 1,Male,Yes,0,Placed,1
8.5,68,85,51,59,80.48,1,1,22,AI & ML,B.E.,Tier 1,Tier 1,Female,Yes,2,Placed,1
8.11,84,85,47,57,82.23,4,1,21,Data Science,B.E.,Tier 1,Tier 2,Male,No,0,Not Placed,0
8.28,72,67,47,60,74.38,2,2,21,ECE,B.Tech,Tier 3,Tier 1,Male,No,1,Placed,1
6.6,58,41,57,77,76.12,3,4,22,EEE,B.Tech,Tier 2,Tier 2,Male,Yes,0,Not Placed,0
8.44,59,54,35,57,88.99,2,2,23,ISE,B.Tech,Tier 2,Tier 2,Male,Yes,0,Placed,1
6.9,76,73,58,83,81.84,2,1,23,CSE,B.Tech,Tier 2,Tier 3,Female,Yes,0,Placed,1
7.64,74,69,81,53,94.37,1,0,24,CSE,B.E.,Tier 3,Tier 3,Male,Yes,1,Not Placed,0
7.48,57,60,67,74,69.65,0,2,24,ECE,B.Tech,Tier 1,Tier 3,Female,No,0,Not Placed,0
8.95,75,69,61,59,83.19,2,2,23,Data Science,B.E.,Tier 2,Tier 3,Male,No,2,Placed,1
9.16,86,71,59,61,75.68,2,2,20,ECE,B.Tech,Tier 2,Tier 2,Male,Yes,0,Placed,1
7.16,88,100,51,64,67.3,4,2,20,AI & ML,B.Tech,Tier 1,Tier 2,Male,Yes,1,Placed,1
8.64,53,99,75,52,77.83,0,0,20,Data Science,B.Tech,Tier 3,Tier 3,Female,No,1,Placed,1
7.8,65,71,44,33,74.46,1,5,21,Data Science,B.Tech,Tier 1,Tier 1,Male,Yes,1,Not Placed,0
7.14,68,70,66,62,91.71,1,2,21,ECE,B.Tech,Tier 2,Tier 1,Male,No,0,Placed,1
6.02,67,73,67,48,83.22,0,2,24,AI & ML,B.Tech,Tier 2,Tier 2,Male,No,1,Not Placed,0
7.34,40,68,50,62,78.22,1,2,21,CSE,B.Tech,Tier 1,Tier 1,Male,No,2,Not Placed,0
7.95,63,57,75,58,83.17,0,1,24,ISE,B.Tech,Tier 1,Tier 2,Female,Yes,0,Not Placed,0
9.15,90,89,66,68,80.14,6,2,21,CSE,B.Tech,Tier 2,Tier 2,Male,Yes,0,Not Placed,0
6.22,81,55,46,80,83.37,3,2,22,Mechanical,B.Tech,Tier 2,Tier 2,Male,Yes,1,Placed,1
7.73,76,81,74,63,86.39,1,3,20,CSE,B.Tech,Tier 3,Tier 3,Male,No,0,Placed,1
6.65,56,59,66,69,79.81,2,4,23,EEE,B.Tech,Tier 1,Tier 3,Female,No,0,Not Placed,0
7.97,86,81,62,58,87.34,1,2,21,Civil,B.Tech,Tier 2,Tier 2,Male,No,0,Placed,1
7.43,56,56,51,66,72.56,4,1,20,ISE,B.Tech,Tier 2,Tier 2,Male,No,0,Not Placed,0
8.97,84,93,83,70,80.57,3,1,22,Data Science,B.Tech,Tier 2,Tier 3,Male,No,0,Placed,1
8.87,67,100,36,61,72.28,2,0,23,Data Science,B.E.,Tier 3,Tier 2,Male,No,0,Placed,1
7.79,76,70,48,67,74.99,3,1,22,AI & ML,B.E.,Tier 1,Tier 1,Female,Yes,1,Placed,1
7.72,66,68,66,53,82.01,3,2,20,CSE,B.E.,Tier 1,Tier 2,Male,No,0,Not Placed,0
8.29,70,68,63,71,89.86,0,2,23,EEE,B.E.,Tier 2,Tier 3,Female,No,1,Placed,1
7.43,56,74,48,54,85.92,0,6,20,CSE,B.Tech,Tier 1,Tier 2,Female,Yes,0,Not Placed,0
7.82,70,68,62,84,82.04,2,1,23,Data Science,B.Tech,Tier 2,Tier 2,Male,Yes,1,Not Placed,0
7.8,69,94,47,65,76.19,1,1,23,EEE,B.E.,Tier 2,Tier 3,Male,Yes,0,Not Placed,0
8.49,89,78,36,72,62.31,2,5,20,Mechanical,B.E.,Tier 1,Tier 3,Male,No,1,Placed,1
7.17,66,57,70,66,80.32,1,4,22,Data Science,B.Tech,Tier 1,Tier 3,Other,No,0,Placed,1
8.41,32,69,100,67,82.63,5,1,24,CSE,B.Tech,Tier 2,Tier 2,Male,Yes,0,Placed,1
10.0,70,77,74,54,76.52,2,1,20,Mechanical,B.Tech,Tier 1,Tier 1,Male,No,0,Placed,1
7.43,56,100,80,77,86.7,4,1,24,Data Science,B.Tech,Tier 1,Tier 2,Female,No,2,Placed,1
8.24,59,41,45,62,85.0,2,2,20,ECE,B.E.,Tier 2,Tier 2,Female,Yes,0,Placed,1
7.46,71,54,61,70,74.77,2,1,21,CSE,B.Tech,Tier 1,Tier 3,Male,No,0,Placed,1
7.84,37,67,61,60,87.15,2,1,21,Data Science,B.E.,Tier 2,Tier 2,Male,No,0,Not Placed,0
7.48,71,60,47,90,87.84,2,0,22,CSE,B.Tech,Tier 1,Tier 2,Female,No,0,Placed,1
8.72,64,76,69,75,94.69,3,2,22,AI & ML,B.E.,Tier 3,Tier 3,Male,Yes,1,Placed,1
8.56,60,82,76,68,94.06,1,3,22,Data Science,B.Tech,Tier 1,Tier 3,Male,No,0,Placed,1
7.45,61,62,79,77,72.38,1,1,20,CSE,B.Tech,Tier 1,Tier 2,Female,No,0,Not Placed,0
7.6,63,42,60,59,71.47,1,1,23,EEE,B.Tech,Tier 1,Tier 3,Male,Yes,0,Not Placed,0
8.15,84,70,47,53,84.99,1,1,24,ISE,B.Tech,Tier 2,Tier 1,Male,No,0,Not Placed,0
6.75,67,53,87,74,93.0,4,4,24,CSE,B.Tech,Tier 2,Tier 3,Female,No,1,Not Placed,0
5.97,54,74,83,49,89.21,5,0,21,CSE,B.Tech,Tier 2,Tier 2,Male,Yes,0,Not Placed,0
7.62,61,69,51,78,81.38,3,1,22,CSE,B.Tech,Tier 1,Tier 2,Male,No,0,Not Placed,0
6.56,65,50,72,81,81.57,2,2,23,Mechanical,B.Tech,Tier 1,Tier 1,Male,No,0,Not Placed,0
6.81,64,66,73,52,83.89,0,1,21,ECE,B.E.,Tier 1,Tier 3,Female,No,2,Not Placed,0
5.98,71,69,50,88,78.17,2,1,20,CSE,B.Tech,Tier 3,Tier 2,Male,No,0,Placed,1
8.3,94,63,42,69,89.76,1,3,22,ECE,B.Tech,Tier 2,Tier 2,Male,Yes,0,Placed,1
8.46,71,66,60,61,71.23,2,1,20,CSE,B.Tech,Tier 2,Tier 3,Female,Yes,0,Not Placed,0
7.2,62,72,67,49,84.53,5,1,24,Civil,B.E.,Tier 1,Tier 1,Male,Yes,0,Not Placed,0
8.72,55,61,29,91,84.33,3,0,21,ECE,B.E.,Tier 2,Tier 1,Male,Yes,0,Placed,1
7.11,63,55,77,61,90.47,3,4,24,EEE,B.Tech,Tier 1,Tier 2,Male,Yes,1,Placed,1
7.23,69,59,51,77,95.47,3,4,20,CSE,B.Tech,Tier 3,Tier 3,Male,Yes,0,Not Placed,0
7.96,87,84,71,63,85.09,1,2,23,CSE,B.Tech,Tier 2,Tier 3,Male,No,1,Placed,1
7.59,68,85,53,62,68.65,1,1,20,ISE,B.Tech,Tier 1,Tier 2,Male,No,0,Not Placed,0
8.78,68,78,56,71,78.31,3,2,22,CSE,B.Tech,Tier 2,Tier 1,Male,Yes,0,Placed,1
7.92,72,47,44,70,89.15,3,3,22,Mechanical,B.Tech,Tier 3,Tier 2,Male,No,0,Placed,1
8.22,72,66,75,68,84.1,6,1,23,CSE,B.Tech,Tier 3,Tier 3,Male,No,0,Placed,1
7.9,72,74,43,58,87.02,1,2,24,CSE,B.Tech,Tier 1,Tier 2,Female,Yes,1,Not Placed,0
7.67,40,31,30,71,77.1,3,2,22,CSE,B.Tech,Tier 1,Tier 2,Male,Yes,0,Not Placed,0
8.37,46,80,93,98,80.71,1,0,21,Data Science,B.Tech,Tier 3,Tier 2,Male,No,0,Not Placed,0
7.42,72,61,90,72,67.13,0,1,23,EEE,B.E.,Tier 2,Tier 3,Male,No,0,Not Placed,0
8.88,58,68,80,87,86.63,1,1,21,CSE,B.Tech,Tier 1,Tier 1,Male,Yes,1,Placed,1
7.77,84,85,74,73,80.51,4,1,20,Civil,B.Tech,Tier 2,Tier 2,Male,Yes,1,Placed,1
8.41,71,59,50,98,84.96,5,0,24,EEE,B.Tech,Tier 2,Tier 1,Female,No,0,Placed,1
8.63,75,78,87,70,79.1,0,1,23,Data Science,B.Tech,Tier 2,Tier 2,Male,Yes,0,Placed,1
8.95,75,100,63,84,71.37,0,1,22,AI & ML,B.Tech,Tier 1,Tier 1,Female,Yes,1,Placed,1
6.74,80,94,84,83,85.63,1,2,20,CSE,B.E.,Tier 3,Tier 2,Male,Yes,0,Placed,1
6.8,57,71,78,77,85.16,0,3,23,AI & ML,B.Tech,Tier 2,Tier 2,Male,No,1,Not Placed,0
6.2,61,65,44,66,78.5,1,1,24,Data Science,B.Tech,Tier 1,Tier 2,Male,No,0,Not Placed,0
7.08,67,84,55,43,84.28,2,4,20,CSE,B.Tech,Tier 2,Tier 1,Male,Yes,0,Placed,1
7.2,54,84,44,51,84.89,2,3,22,AI & ML,B.Tech,Tier 2,Tier 2,Female,Yes,0,Placed,1
8.25,77,57,50,46,82.8,2,0,20,AI & ML,B.Tech,Tier 2,Tier 3,Male,Yes,0,Placed,1
8.53,76,83,100,47,89.81,3,0,20,CSE,B.Tech,Tier 2,Tier 3,Male,Yes,0,Not Placed,0
7.15,55,73,45,51,72.33,2,2,22,Mechanical,B.Tech,Tier 3,Tier 3,Male,No,0,Not Placed,0
7.73,63,68,68,75,90.42,3,1,22,Data Science,B.Tech,Tier 2,Tier 1,Male,No,0,Placed,1
7.58,57,81,98,53,81.27,0,2,23,AI & ML,B.Tech,Tier 1,Tier 3,Female,Yes,0,Placed,1
6.73,58,70,72,59,85.72,3,1,20,Civil,B.Tech,Tier 1,Tier 1,Male,Yes,0,Placed,1
7.98,79,100,100,75,90.46,5,1,22,AI & ML,B.Tech,Tier 2,Tier 3,Male,Yes,1,Placed,1
9.5,78,79,74,55,76.35,4,1,24,CSE,B.E.,Tier 1,Tier 3,Male,No,0,Placed,1
8.15,76,69,75,81,68.21,0,2,21,EEE,B.Tech,Tier 1,Tier 3,Male,Yes,1,Placed,1
8.12,77,78,73,55,71.01,2,5,23,AI & ML,B.Tech,Tier 2,Tier 1,Male,Yes,0,Placed,1
8.98,93,100,59,82,90.64,5,1,22,ISE,B.Tech,Tier 1,Tier 2,Male,Yes,0,Placed,1
7.85,71,86,56,77,85.39,0,3,20,AI & ML,B.Tech,Tier 3,Tier 2,Male,Yes,0,Placed,1
8.58,71,85,78,48,97.1,1,1,20,ECE,B.E.,Tier 2,Tier 3,Male,No,1,Placed,1
7.46,67,80,74,80,87.93,2,1,21,AI & ML,B.E.,Tier 2,Tier 2,Male,No,0,Placed,1
8.53,60,62,41,71,71.02,3,2,23,CSE,B.Tech,Tier 3,Tier 2,Male,Yes,1,Not Placed,0
8.51,76,79,73,56,94.02,2,2,24,CSE,B.Tech,Tier 1,Tier 3,Male,Yes,0,Placed,1
8.99,72,69,68,52,78.83,2,0,24,EEE,B.E.,Tier 3,Tier 2,Male,No,2,Not Placed,0
7.43,59,51,57,97,87.71,4,3,24,Mechanical,B.Tech,Tier 2,Tier 2,Female,Yes,1,Placed,1
8.42,76,59,55,67,86.76,0,4,20,ECE,B.E.,Tier 3,Tier 3,Male,Yes,0,Not Placed,0
7.92,87,82,93,61,76.87,2,2,22,ISE,B.Tech,Tier 2,Tier 3,Male,Yes,0,Placed,1
8.28,65,45,53,54,83.45,1,0,24,Civil,B.Tech,Tier 3,Tier 2,Male,Yes,0,Not Placed,0
9.46,76,88,71,94,88.77,1,2,24,CSE,B.Tech,Tier 2,Tier 2,Male,No,0,Placed,1
6.15,72,76,74,54,95.45,0,1,23,AI & ML,B.Tech,Tier 3,Tier 2,Male,No,2,Not Placed,0
7.19,58,83,60,67,72.67,2,3,20,Data Science,B.Tech,Tier 3,Tier 3,Male,Yes,0,Placed,1
6.29,62,65,77,66,98.78,4,4,21,CSE,B.Tech,Tier 3,Tier 2,Male,No,0,Not Placed,0
6.89,73,79,59,63,85.61,4,3,23,CSE,B.Tech,Tier 2,Tier 2,Male,Yes,3,Not Placed,0
8.08,69,46,76,85,79.57,1,0,21,Civil,B.Tech,Tier 2,Tier 2,Female,Yes,0,Placed,1
7.29,76,77,71,69,71.02,2,1,21,ISE,B.Tech,Tier 1,Tier 3,Male,No,2,Not Placed,0
8.88,68,80,60,91,80.66,3,3,22,ISE,B.E.,Tier 1,Tier 2,Male,No,0,Placed,1
7.47,64,51,75,91,72.23,3,4,22,AI & ML,B.E.,Tier 2,Tier 2,Male,No,0,Placed,1
7.15,79,66,65,53,72.71,1,2,22,ISE,B.Tech,Tier 1,Tier 3,Male,Yes,0,Placed,1
7.72,91,49,46,67,77.01,0,1,24,EEE,B.Tech,Tier 1,Tier 2,Male,Yes,0,Placed,1
7.58,65,68,48,57,83.77,2,3,20,ECE,B.E.,Tier 3,Tier 3,Male,Yes,2,Placed,1
8.49,73,82,67,70,80.85,1,3,21,CSE,B.Tech,Tier 1,Tier 2,Female,Yes,3,Placed,1
8.25,59,70,42,41,95.87,0,0,21,Data Science,B.Tech,Tier 3,Tier 2,Male,No,0,Not Placed,0
8.58,85,95,85,47,82.54,2,1,22,CSE,B.E.,Tier 1,Tier 1,Female,Yes,1,Not Placed,0
6.73,58,63,66,73,93.04,0,3,22,EEE,B.E.,Tier 3,Tier 3,Male,No,1,Not Placed,0
8.05,68,87,87,53,69.09,3,5,20,Data Science,B.Tech,Tier 1,Tier 2,Female,Yes,0,Placed,1
7.35,67,64,49,64,81.78,4,2,20,CSE,B.Tech,Tier 1,Tier 1,Female,Yes,0,Placed,1
8.1,64,70,84,71,73.51,4,4,23,CSE,B.Tech,Tier 2,Tier 2,Male,Yes,1,Not Placed,0
8.66,58,79,62,65,84.19,1,1,20,CSE,B.E.,Tier 2,Tier 3,Male,No,0,Not Placed,0
8.45,64,84,44,65,79.65,2,0,21,CSE,B.E.,Tier 2,Tier 1,Female,Yes,0,Not Placed,0
6.42,55,41,37,64,63.2,1,2,22,CSE,B.E.,Tier 2,Tier 2,Male,No,0,Not Placed,0
8.03,76,67,59,51,89.54,5,4,22,ISE,B.Tech,Tier 1,Tier 2,Female,No,0,Placed,1
8.04,86,64,72,57,72.22,2,1,23,CSE,B.Tech,Tier 3,Tier 1,Female,Yes,0,Placed,1
9.04,58,67,78,46,67.98,4,1,23,ECE,B.E.,Tier 2,Tier 2,Male,Yes,0,Placed,1
7.26,67,82,73,82,72.1,2,2,23,EEE,B.Tech,Tier 2,Tier 3,Male,No,0,Not Placed,0
7.84,71,55,78,68,71.55,0,1,24,Mechanical,B.E.,Tier 1,Tier 3,Male,No,3,Not Placed,0
7.29,70,63,66,80,82.78,3,0,21,AI & ML,B.E.,Tier 3,Tier 2,Male,No,0,Placed,1
7.31,75,82,53,46,91.37,3,1,23,Data Science,B.E.,Tier 1,Tier 2,Female,Yes,0,Placed,1
6.53,47,36,52,44,80.37,0,1,22,Civil,B.Tech,Tier 1,Tier 2,Male,Yes,1,Not Placed,0
8.2,70,87,78,73,85.15,2,3,23,Mechanical,B.Tech,Tier 3,Tier 2,Female,Yes,1,Placed,1
6.62,46,57,34,90,83.53,2,1,24,Mechanical,B.E.,Tier 3,Tier 3,Male,Yes,1,Placed,1
8.9,84,50,59,62,80.73,0,0,23,EEE,B.Tech,Tier 2,Tier 2,Female,Yes,0,Not Placed,0
7.74,84,54,91,70,85.09,1,1,24,ECE,B.Tech,Tier 3,Tier 2,Female,No,0,Not Placed,0
8.89,87,76,47,40,84.21,1,3,24,ISE,B.Tech,Tier 1,Tier 2,Female,Yes,0,Not Placed,0
8.47,74,86,71,42,73.07,2,0,20,ISE,B.E.,Tier 2,Tier 1,Male,No,0,Placed,1
7.48,45,63,54,51,77.74,2,3,24,ECE,B.E.,Tier 1,Tier 3,Male,Yes,0,Not Placed,0
9.35,76,80,67,79,73.89,5,4,21,Data Science,B.E.,Tier 2,Tier 1,Male,Yes,0,Placed,1
7.96,63,100,77,69,91.66,4,0,24,ISE,B.Tech,Tier 2,Tier 3,Male,Yes,0,Placed,1
8.48,60,67,66,82,83.62,3,1,24,CSE,B.Tech,Tier 2,Tier 1,Male,Yes,0,Placed,1
7.53,64,75,76,60,79.87,2,1,21,ECE,B.E.,Tier 1,Tier 3,Male,Yes,0,Placed,1
7.15,60,95,100,100,72.5,2,2,23,CSE,B.Tech,Tier 2,Tier 3,Female,Yes,0,Placed,1
6.15,42,50,48,62,86.4,3,0,21,Mechanical,B.E.,Tier 2,Tier 3,Female,No,0,Not Placed,0
8.05,59,87,71,76,84.04,4,2,22,Civil,B.Tech,Tier 1,Tier 3,Male,Yes,0,Placed,1
8.73,60,92,92,67,86.99,1,1,23,ISE,B.Tech,Tier 3,Tier 2,Female,Yes,0,Placed,1
7.79,66,98,81,72,95.46,0,1,21,CSE,B.Tech,Tier 2,Tier 2,Male,Yes,0,Not Placed,0
8.74,74,80,58,76,75.76,3,3,21,CSE,B.Tech,Tier 1,Tier 2,Male,No,3,Not Placed,0
7.49,53,61,52,51,88.26,2,2,23,Mechanical,B.E.,Tier 2,Tier 2,Male,Yes,0,Placed,1
8.53,53,82,44,58,79.1,1,6,23,EEE,B.Tech,Tier 3,Tier 2,Female,No,1,Placed,1
6.97,82,57,50,75,80.1,3,2,23,Civil,B.Tech,Tier 2,Tier 2,Male,Yes,0,Placed,1
9.03,76,83,44,61,82.2,1,4,24,Civil,B.Tech,Tier 2,Tier 2,Male,Yes,0,Placed,1
8.14,72,78,61,67,97.44,2,2,23,CSE,B.Tech,Tier 1,Tier 1,Female,Yes,0,Placed,1
8.86,58,100,67,46,65.73,3,1,24,Civil,B.E.,Tier 1,Tier 1,Male,Yes,1,Placed,1
7.35,77,70,78,61,95.9,2,4,21,Data Science,B.Tech,Tier 3,Tier 2,Male,Yes,0,Placed,1
8.18,67,79,65,85,86.67,2,3,22,Data Science,B.Tech,Tier 1,Tier 2,Male,No,1,Not Placed,0
7.23,52,91,73,65,73.96,1,3,23,AI & ML,B.E.,Tier 1,Tier 3,Female,Yes,0,Not Placed,0
9.06,100,94,97,60,82.2,4,3,21,Data Science,B.E.,Tier 3,Tier 3,Female,Yes,0,Placed,1
10.0,64,95,65,70,86.32,3,3,21,AI & ML,B.Tech,Tier 2,Tier 1,Female,Yes,0,Placed,1
6.2,63,34,65,82,84.11,3,0,20,Civil,B.Tech,Tier 2,Tier 1,Female,Yes,0,Not Placed,0
8.14,70,76,76,69,79.39,2,2,23,ISE,B.Tech,Tier 1,Tier 2,Female,No,1,Placed,1
8.68,63,80,68,60,78.53,1,2,22,CSE,B.Tech,Tier 3,Tier 3,Female,Yes,1,Not Placed,0
6.55,56,58,66,60,80.87,2,2,22,ISE,B.Tech,Tier 3,Tier 3,Male,No,0,Not Placed,0
7.48,54,64,79,64,84.8,3,0,24,CSE,B.Tech,Tier 2,Tier 1,Male,Yes,0,Placed,1
9.86,93,90,65,66,72.35,1,1,21,Data Science,B.Tech,Tier 2,Tier 1,Female,Yes,3,Placed,1
8.95,89,100,73,89,100.0,0,3,24,AI & ML,B.Tech,Tier 2,Tier 2,Male,No,0,Not Placed,0
8.25,73,77,59,53,84.64,2,0,20,AI & ML,B.Tech,Tier 2,Tier 2,Male,Yes,0,Placed,1
6.72,71,81,51,77,81.55,6,2,21,AI & ML,B.Tech,Tier 2,Tier 2,Female,No,0,Placed,1
8.55,61,100,63,60,90.75,2,0,20,ISE,B.Tech,Tier 2,Tier 2,Female,No,0,Not Placed,0
7.06,43,40,54,73,80.27,2,2,23,Data Science,B.Tech,Tier 2,Tier 3,Female,Yes,0,Placed,1
8.26,61,35,51,69,76.62,0,3,24,Civil,B.Tech,Tier 1,Tier 1,Female,No,0,Not Placed,0
9.63,87,75,31,57,91.21,1,2,20,Data Science,B.Tech,Tier 2,Tier 2,Male,No,0,Not Placed,0
8.4,84,100,69,80,76.26,1,5,22,AI & ML,B.E.,Tier 3,Tier 3,Male,Yes,0,Placed,1
7.28,71,54,69,51,72.09,0,0,21,ECE,B.E.,Tier 1,Tier 2,Female,No,3,Not Placed,0
8.2,59,83,61,64,75.49,1,2,24,CSE,B.E.,Tier 1,Tier 1,Female,No,0,Placed,1
8.01,64,80,76,60,82.21,3,1,21,CSE,B.Tech,Tier 2,Tier 3,Female,No,2,Not Placed,0
7.85,82,55,65,66,82.23,3,2,20,CSE,B.Tech,Tier 1,Tier 2,Female,Yes,0,Not Placed,0
7.64,79,72,64,79,80.25,1,1,24,Data Science,B.Tech,Tier 1,Tier 3,Male,Yes,1,Placed,1
8.06,58,91,80,72,92.81,5,1,20,CSE,B.Tech,Tier 2,Tier 2,Female,Yes,0,Placed,1
7.55,47,70,71,75,82.85,2,4,21,Data Science,B.Tech,Tier 3,Tier 3,Female,Yes,0,Placed,1
7.43,66,62,50,57,84.87,1,1,20,ISE,B.Tech,Tier 2,Tier 2,Female,Yes,0,Not Placed,0
8.22,64,80,77,50,82.93,1,2,21,CSE,B.Tech,Tier 2,Tier 3,Male,Yes,0,Placed,1
5.81,51,54,80,63,89.5,3,2,23,CSE,B.Tech,Tier 2,Tier 1,Male,Yes,2,Not Placed,0
6.4,57,20,43,73,67.92,5,1,24,CSE,B.Tech,Tier 2,Tier 3,Female,Yes,1,Placed,1
7.9,76,49,69,57,77.14,2,2,20,Civil,B.Tech,Tier 2,Tier 2,Male,Yes,0,Not Placed,0
8.39,72,65,48,33,65.13,4,0,21,Mechanical,B.Tech,Tier 3,Tier 2,Female,Yes,0,Not Placed,0
8.03,94,75,55,92,70.59,1,1,23,CSE,B.Tech,Tier 1,Tier 1,Male,No,0,Placed,1
8.22,81,52,69,56,65.58,6,3,23,EEE,B.Tech,Tier 1,Tier 1,Male,Yes,0,Placed,1
6.58,47,52,51,43,81.79,4,5,24,Data Science,B.Tech,Tier 3,Tier 2,Male,Yes,0,Placed,1
7.3,77,37,34,64,81.63,1,2,21,CSE,B.Tech,Tier 2,Tier 3,Male,Yes,0,Placed,1
7.0,42,92,53,70,82.03,1,0,20,ISE,B.E.,Tier 2,Tier 3,Male,No,0,Placed,1
7.68,78,54,48,85,76.96,2,3,22,ISE,B.Tech,Tier 3,Tier 2,Male,Yes,0,Placed,1
7.2,76,67,60,61,82.49,1,2,24,CSE,B.Tech,Tier 2,Tier 2,Female,No,2,Not Placed,0
8.78,78,75,46,65,85.62,6,1,22,ECE,B.Tech,Tier 3,Tier 2,Male,Yes,0,Placed,1
8.06,86,71,52,74,79.22,2,5,23,ISE,B.Tech,Tier 3,Tier 2,Male,Yes,0,Placed,1
7.47,88,63,65,72,80.77,3,3,24,Data Science,B.E.,Tier 1,Tier 3,Female,No,1,Placed,1
8.35,77,81,55,58,64.06,1,6,24,ECE,B.Tech,Tier 2,Tier 3,Male,Yes,0,Placed,1
9.04,67,70,37,66,82.93,1,4,21,ISE,B.Tech,Tier 2,Tier 3,Male,Yes,0,Not Placed,0
7.04,69,63,50,57,80.53,5,3,24,AI & ML,B.E.,Tier 1,Tier 2,Female,Yes,0,Placed,1
8.49,81,40,48,100,76.77,1,1,24,Mechanical,B.Tech,Tier 2,Tier 3,Male,No,0,Placed,1
7.35,70,76,60,84,67.61,1,5,22,AI & ML,B.Tech,Tier 2,Tier 1,Male,Yes,0,Placed,1
7.74,66,83,66,76,84.96,1,3,24,Data Science,B.Tech,Tier 3,Tier 1,Female,No,0,Placed,1
5.99,70,35,35,62,90.96,2,3,21,ECE,B.E.,Tier 3,Tier 2,Male,No,0,Not Placed,0
8.17,71,62,27,72,91.53,6,2,24,AI & ML,B.Tech,Tier 3,Tier 3,Female,Yes,0,Placed,1
6.47,81,70,69,80,95.85,0,2,20,EEE,B.E.,Tier 3,Tier 1,Female,Yes,0,Placed,1
8.03,87,59,31,69,89.83,2,2,22,EEE,B.Tech,Tier 2,Tier 3,Male,No,0,Placed,1
6.71,49,61,62,55,73.87,3,1,24,EEE,B.E.,Tier 1,Tier 2,Male,Yes,0,Not Placed,0
7.1,71,85,73,62,87.56,0,1,20,ISE,B.Tech,Tier 3,Tier 3,Male,No,0,Not Placed,0
9.31,69,68,53,75,57.28,1,3,23,CSE,B.Tech,Tier 3,Tier 2,Female,Yes,1,Placed,1
7.96,62,77,58,49,80.84,1,4,24,AI & ML,B.E.,Tier 1,Tier 3,Male,Yes,0,Placed,1
8.66,74,45,61,67,80.33,2,1,23,Data Science,B.Tech,Tier 1,Tier 2,Male,Yes,1,Placed,1
8.3,84,78,62,34,86.29,2,1,20,Civil,B.E.,Tier 3,Tier 3,Male,Yes,1,Placed,1
9.45,100,100,48,89,75.05,6,1,21,AI & ML,B.Tech,Tier 3,Tier 2,Male,No,0,Not Placed,0
9.31,80,67,77,59,75.83,4,2,22,EEE,B.Tech,Tier 1,Tier 1,Female,No,0,Placed,1
6.02,78,91,94,72,77.36,3,2,20,CSE,B.Tech,Tier 2,Tier 3,Male,Yes,2,Placed,1
6.71,50,88,71,77,93.19,1,6,23,AI & ML,B.Tech,Tier 2,Tier 3,Male,Yes,0,Placed,1
7.38,51,50,65,71,78.08,3,2,20,Mechanical,B.Tech,Tier 2,Tier 2,Male,Yes,2,Not Placed,0
8.62,52,87,77,67,86.4,4,0,24,Data Science,B.Tech,Tier 2,Tier 2,Male,Yes,2,Not Placed,0
7.07,84,45,54,54,86.48,0,2,24,Civil,B.E.,Tier 2,Tier 2,Male,No,0,Not Placed,0
8.42,78,100,85,92,85.12,1,1,21,CSE,B.Tech,Tier 1,Tier 3,Male,No,0,Not Placed,0
7.67,84,94,56,73,77.4,1,2,24,ISE,B.E.,Tier 2,Tier 1,Female,Yes,1,Placed,1
7.58,73,86,46,59,88.4,3,0,22,CSE,B.Tech,Tier 3,Tier 2,Male,No,0,Placed,1
8.91,52,80,100,73,93.63,2,2,20,Data Science,B.E.,Tier 1,Tier 1,Male,Yes,0,Placed,1
7.48,82,66,59,87,87.03,1,0,21,Data Science,B.Tech,Tier 2,Tier 2,Male,Yes,0,Placed,1
8.43,74,100,88,68,81.83,5,3,24,Data Science,B.Tech,Tier 1,Tier 3,Female,Yes,0,Placed,1
7.76,47,58,53,69,80.57,1,1,24,Data Science,B.Tech,Tier 3,Tier 2,Male,No,0,Not Placed,0
7.86,78,72,73,56,79.52,1,0,20,ECE,B.E.,Tier 2,Tier 2,Female,Yes,0,Placed,1
7.3,62,47,50,43,65.47,2,3,21,ECE,B.Tech,Tier 2,Tier 1,Male,Yes,2,Not Placed,0
6.24,89,45,44,86,85.8,0,1,24,CSE,B.Tech,Tier 1,Tier 2,Female,Yes,0,Placed,1
7.59,82,65,66,83,79.79,1,3,21,ECE,B.Tech,Tier 2,Tier 1,Male,No,0,Not Placed,0
7.88,100,69,69,33,96.77,5,2,20,EEE,B.E.,Tier 2,Tier 3,Male,Yes,0,Placed,1
7.81,62,92,60,65,92.39,0,1,21,CSE,B.Tech,Tier 1,Tier 3,Female,No,0,Placed,1
7.79,70,75,85,62,81.52,1,0,23,EEE,B.Tech,Tier 3,Tier 2,Male,Yes,2,Placed,1
8.29,77,64,67,55,78.16,1,1,23,ECE,B.E.,Tier 2,Tier 1,Male,Yes,1,Placed,1
8.79,53,100,50,85,88.34,2,1,22,CSE,B.Tech,Tier 2,Tier 2,Female,No,0,Placed,1
10.0,67,78,72,60,82.23,3,1,22,EEE,B.Tech,Tier 1,Tier 3,Female,Yes,0,Placed,1
7.0,76,86,72,55,81.76,3,0,22,AI & ML,B.E.,Tier 1,Tier 2,Female,Yes,0,Placed,1
6.88,62,49,60,55,75.86,0,5,24,Data Science,B.E.,Tier 1,Tier 3,Male,Yes,0,Not Placed,0
8.67,75,79,58,62,84.98,2,4,22,Mechanical,B.Tech,Tier 1,Tier 3,Male,Yes,1,Placed,1
7.77,62,84,38,50,95.51,1,2,21,Mechanical,B.E.,Tier 1,Tier 2,Male,Yes,0,Placed,1
7.99,76,64,75,53,85.1,3,0,21,ISE,B.Tech,Tier 2,Tier 2,Male,No,2,Not Placed,0
7.54,69,82,61,75,79.75,1,2,22,CSE,B.Tech,Tier 2,Tier 2,Other,No,2,Placed,1
9.98,95,72,67,72,72.43,3,3,23,CSE,B.Tech,Tier 3,Tier 3,Male,Yes,0,Placed,1
7.33,61,85,63,74,74.6,1,3,21,CSE,B.Tech,Tier 3,Tier 2,Male,Yes,1,Placed,1
8.6,69,59,87,32,74.79,1,1,22,Data Science,B.Tech,Tier 3,Tier 3,Female,Yes,0,Placed,1
7.86,71,77,82,85,60.13,4,1,20,ISE,B.E.,Tier 2,Tier 2,Male,No,0,Placed,1
7.25,77,60,39,67,77.42,0,1,22,AI & ML,B.Tech,Tier 2,Tier 1,Male,No,0,Not Placed,0
5.88,55,61,56,50,72.47,0,1,24,Data Science,B.Tech,Tier 1,Tier 3,Female,No,0,Not Placed,0
6.74,87,75,71,83,76.95,1,0,24,ECE,B.Tech,Tier 2,Tier 3,Male,No,0,Placed,1
8.69,58,100,67,50,82.56,2,1,21,ISE,B.E.,Tier 3,Tier 3,Female,Yes,1,Placed,1
7.8,73,57,64,72,85.12,3,1,24,AI & ML,B.Tech,Tier 2,Tier 2,Male,Yes,0,Placed,1
6.79,92,61,74,78,72.33,0,1,23,CSE,B.Tech,Tier 2,Tier 2,Female,No,3,Not Placed,0
6.4,66,67,75,75,83.18,3,4,20,CSE,B.Tech,Tier 3,Tier 2,Male,No,0,Placed,1
8.93,74,58,69,78,91.84,1,2,21,AI & ML,B.Tech,Tier 2,Tier 2,Male,Yes,0,Placed,1
7.34,63,65,54,90,93.77,3,3,24,EEE,B.Tech,Tier 2,Tier 2,Female,No,0,Placed,1
7.35,82,48,64,100,82.94,1,0,21,ECE,B.Tech,Tier 1,Tier 2,Male,No,0,Not Placed,0
7.21,59,73,78,43,90.29,1,3,22,Data Science,B.Tech,Tier 2,Tier 1,Male,No,0,Placed,1
6.86,79,87,62,73,88.34,1,2,22,CSE,B.Tech,Tier 1,Tier 3,Female,Yes,1,Not Placed,0
8.0,77,87,86,51,79.2,1,3,22,Data Science,B.Tech,Tier 1,Tier 3,Male,Yes,0,Not Placed,0
8.61,63,30,48,58,86.31,3,4,23,Civil,B.Tech,Tier 2,Tier 2,Female,Yes,0,Placed,1
9.16,59,72,69,81,70.62,1,4,23,EEE,B.E.,Tier 3,Tier 3,Female,Yes,0,Placed,1
7.68,68,99,82,56,76.91,3,0,23,CSE,B.Tech,Tier 1,Tier 3,Male,Yes,0,Not Placed,0
9.67,83,85,80,62,89.61,4,2,21,AI & ML,B.Tech,Tier 2,Tier 2,Female,No,0,Not Placed,0
7.72,67,38,72,79,77.02,2,3,20,ECE,B.E.,Tier 3,Tier 3,Male,No,0,Not Placed,0
8.39,57,70,72,69,82.23,2,1,20,Mechanical,B.Tech,Tier 3,Tier 3,Female,Yes,1,Placed,1
9.75,75,77,73,77,93.39,3,2,23,ISE,B.E.,Tier 3,Tier 2,Female,Yes,0,Placed,1
8.12,55,84,77,60,83.69,0,2,20,Data Science,B.Tech,Tier 2,Tier 2,Female,No,2,Not Placed,0
7.25,76,72,69,84,82.56,0,3,24,Data Science,B.Tech,Tier 1,Tier 1,Male,Yes,0,Placed,1
9.4,58,100,46,51,72.11,1,0,20,AI & ML,B.E.,Tier 2,Tier 3,Male,Yes,0,Placed,1
7.94,70,82,88,40,86.41,5,2,24,CSE,B.Tech,Tier 3,Tier 3,Male,No,3,Placed,1
9.25,60,92,58,74,90.68,5,4,21,CSE,B.Tech,Tier 2,Tier 3,Male,Yes,0,Placed,1
7.91,62,80,85,82,80.55,2,2,22,CSE,B.Tech,Tier 3,Tier 3,Female,Yes,1,Placed,1
7.4,58,72,60,46,77.85,2,0,22,Mechanical,B.Tech,Tier 2,Tier 2,Female,Yes,0,Placed,1
8.89,79,79,69,61,82.68,2,3,22,Data Science,B.Tech,Tier 1,Tier 2,Male,Yes,0,Placed,1
7.5,60,47,74,51,76.62,1,2,21,Data Science,B.Tech,Tier 2,Tier 1,Male,Yes,2,Placed,1
7.18,60,62,72,39,75.57,2,2,23,Data Science,B.Tech,Tier 1,Tier 3,Male,No,0,Not Placed,0
8.01,67,57,50,55,82.83,0,2,24,Mechanical,B.Tech,Tier 1,Tier 2,Male,Yes,0,Placed,1
7.09,64,100,62,61,86.47,1,3,22,Data Science,B.E.,Tier 2,Tier 3,Male,Yes,0,Placed,1
8.66,67,71,57,63,76.02,4,0,23,ECE,B.Tech,Tier 3,Tier 1,Male,Yes,0,Placed,1
7.14,82,72,56,94,89.38,1,1,23,AI & ML,B.Tech,Tier 3,Tier 2,Male,No,0,Not Placed,0
9.53,76,86,80,55,77.15,3,1,21,ISE,B.E.,Tier 2,Tier 3,Male,No,0,Not Placed,0
7.46,54,52,69,38,79.7,5,1,21,CSE,B.Tech,Tier 1,Tier 1,Male,Yes,0,Not Placed,0
7.72,85,79,57,94,81.43,1,5,22,CSE,B.Tech,Tier 2,Tier 2,Male,No,0,Placed,1
7.33,60,42,41,80,92.95,1,2,20,EEE,B.Tech,Tier 2,Tier 2,Male,No,0,Not Placed,0
7.19,67,53,72,50,73.83,2,1,23,Civil,B.Tech,Tier 1,Tier 3,Female,No,0,Not Placed,0
8.28,79,60,30,55,84.85,3,2,20,CSE,B.Tech,Tier 1,Tier 2,Male,Yes,2,Placed,1
7.5,60,77,71,60,76.68,3,4,23,Data Science,B.Tech,Tier 2,Tier 2,Female,No,1,Placed,1
7.57,61,74,92,56,84.45,3,3,22,Data Science,B.Tech,Tier 1,Tier 3,Female,No,0,Placed,1
5.98,58,36,61,65,79.86,1,3,22,CSE,B.Tech,Tier 2,Tier 2,Female,No,1,Not Placed,0
6.9,59,33,70,49,86.59,4,2,22,EEE,B.Tech,Tier 2,Tier 1,Male,No,0,Placed,1
7.84,72,70,48,71,74.21,3,4,21,CSE,B.E.,Tier 2,Tier 3,Male,Yes,0,Placed,1
8.2,55,90,79,61,98.62,1,3,23,Mechanical,B.E.,Tier 2,Tier 1,Male,Yes,3,Not Placed,0
9.57,88,86,60,53,76.95,5,4,20,Civil,B.Tech,Tier 3,Tier 3,Male,No,3,Not Placed,0
8.67,93,81,81,71,76.43,3,4,23,ISE,B.Tech,Tier 3,Tier 3,Male,Yes,0,Placed,1
6.8,63,83,58,77,80.26,2,2,23,ECE,B.Tech,Tier 3,Tier 3,Male,Yes,0,Placed,1
9.42,75,82,77,100,55.0,1,0,23,CSE,B.Tech,Tier 2,Tier 2,Male,Yes,0,Placed,1
9.8,62,90,50,86,77.47,1,1,20,ISE,B.E.,Tier 2,Tier 3,Male,Yes,0,Placed,1
9.99,61,87,100,64,92.36,0,0,24,Data Science,B.Tech,Tier 2,Tier 2,Female,No,0,Placed,1
6.31,51,93,70,35,83.73,0,0,24,AI & ML,B.Tech,Tier 3,Tier 1,Male,No,0,Not Placed,0
7.17,67,76,68,59,79.87,0,3,24,EEE,B.Tech,Tier 2,Tier 1,Male,Yes,0,Not Placed,0
9.96,91,85,93,37,81.55,5,1,21,EEE,B.Tech,Tier 3,Tier 2,Female,No,0,Placed,1
6.35,48,72,52,74,99.14,2,0,21,ISE,B.E.,Tier 1,Tier 2,Male,Yes,0,Not Placed,0
7.35,69,56,81,66,72.39,6,1,22,Civil,B.Tech,Tier 2,Tier 3,Female,Yes,0,Placed,1
7.52,66,47,38,68,86.88,3,3,21,Mechanical,B.Tech,Tier 2,Tier 2,Male,No,0,Placed,1
8.81,94,56,53,69,88.41,2,2,20,EEE,B.Tech,Tier 2,Tier 2,Male,Yes,0,Placed,1
7.1,78,58,59,67,77.6,3,2,21,Data Science,B.Tech,Tier 1,Tier 2,Male,Yes,3,Not Placed,0
6.79,65,50,73,61,74.47,3,0,21,CSE,B.Tech,Tier 2,Tier 3,Male,Yes,0,Placed,1
7.44,38,53,37,82,89.3,2,3,21,Data Science,B.Tech,Tier 2,Tier 2,Male,Yes,2,Placed,1
5.42,44,81,59,65,83.29,3,1,23,Data Science,B.Tech,Tier 2,Tier 1,Male,Yes,0,Placed,1
9.79,81,95,47,76,87.64,4,3,21,Data Science,B.Tech,Tier 2,Tier 1,Female,No,1,Placed,1
8.84,46,100,75,93,84.33,1,0,22,Data Science,B.Tech,Tier 2,Tier 1,Male,No,1,Placed,1
6.56,65,63,53,53,81.16,1,1,21,EEE,B.E.,Tier 1,Tier 2,Male,Yes,2,Placed,1
8.19,72,92,63,88,71.53,1,2,24,CSE,B.Tech,Tier 3,Tier 2,Female,No,0,Placed,1
7.34,74,60,78,69,82.08,1,1,21,ISE,B.E.,Tier 2,Tier 3,Male,No,0,Not Placed,0
8.33,74,100,70,71,90.58,0,4,21,Mechanical,B.Tech,Tier 2,Tier 2,Male,Yes,1,Placed,1
8.08,68,51,66,65,77.98,2,4,20,ISE,B.Tech,Tier 1,Tier 2,Male,Yes,0,Placed,1
7.52,67,56,48,63,79.28,1,1,24,CSE,B.Tech,Tier 3,Tier 2,Male,Yes,0,Placed,1
8.08,81,75,78,80,73.91,3,1,22,CSE,B.Tech,Tier 2,Tier 2,Male,Yes,2,Not Placed,0
7.94,55,49,87,57,83.32,1,1,23,Data Science,B.Tech,Tier 2,Tier 1,Other,Yes,0,Placed,1
7.86,72,84,95,57,78.18,3,1,21,CSE,B.E.,Tier 1,Tier 3,Male,Yes,0,Not Placed,0
7.35,43,60,69,65,72.81,2,1,23,CSE,B.Tech,Tier 1,Tier 3,Female,No,1,Not Placed,0
6.72,59,84,73,97,74.6,1,0,20,ISE,B.Tech,Tier 3,Tier 1,Male,Yes,2,Not Placed,0
8.38,64,69,89,50,88.25,2,2,23,EEE,B.Tech,Tier 1,Tier 3,Male,No,0,Placed,1
6.68,81,61,59,49,70.61,2,1,22,AI & ML,B.Tech,Tier 2,Tier 1,Male,Yes,0,Placed,1
8.08,96,53,69,78,91.76,2,1,23,ECE,B.Tech,Tier 2,Tier 1,Female,Yes,1,Not Placed,0
7.47,67,77,64,85,81.66,2,5,21,CSE,B.Tech,Tier 1,Tier 1,Male,No,0,Placed,1
7.28,63,82,28,70,84.08,1,2,24,AI & ML,B.Tech,Tier 2,Tier 2,Male,Yes,0,Placed,1
6.7,44,54,70,76,82.49,1,1,23,ECE,B.Tech,Tier 3,Tier 3,Female,No,1,Not Placed,0
9.61,69,82,72,83,73.99,3,6,22,AI & ML,B.E.,Tier 2,Tier 3,Male,Yes,0,Not Placed,0
7.77,66,54,72,71,82.86,1,3,22,Civil,B.Tech,Tier 2,Tier 2,Female,No,2,Not Placed,0
8.79,65,81,80,58,86.07,1,1,22,CSE,B.Tech,Tier 3,Tier 2,Female,No,0,Placed,1
8.1,57,73,81,74,79.91,0,0,21,CSE,B.Tech,Tier 2,Tier 1,Male,Yes,0,Placed,1
5.96,48,46,68,63,85.0,4,2,21,CSE,B.Tech,Tier 1,Tier 3,Male,Yes,0,Not Placed,0
7.1,72,38,40,65,80.93,2,1,21,ECE,B.Tech,Tier 1,Tier 2,Male,Yes,1,Placed,1
6.87,71,74,81,48,93.98,3,1,23,AI & ML,B.E.,Tier 3,Tier 3,Male,No,0,Placed,1
7.99,78,88,72,60,85.93,2,2,20,Data Science,B.Tech,Tier 3,Tier 3,Male,Yes,0,Placed,1
7.37,78,73,61,41,77.41,2,2,24,CSE,B.Tech,Tier 3,Tier 1,Male,No,0,Placed,1
6.96,64,51,55,47,81.53,2,2,23,EEE,B.Tech,Tier 2,Tier 1,Female,No,0,Not Placed,0
9.29,68,83,58,74,71.65,0,1,24,AI & ML,B.Tech,Tier 3,Tier 2,Female,Yes,0,Not Placed,0
9.21,87,100,80,72,73.15,0,2,20,CSE,B.Tech,Tier 1,Tier 2,Female,No,0,Placed,1
7.91,81,74,68,61,71.38,2,3,22,Civil,B.Tech,Tier 2,Tier 2,Male,Yes,1,Placed,1
7.73,73,69,68,40,77.69,3,1,24,ECE,B.Tech,Tier 1,Tier 2,Male,No,2,Placed,1
7.87,68,86,69,53,82.51,2,4,22,ISE,B.Tech,Tier 3,Tier 2,Female,Yes,0,Placed,1
7.57,75,45,49,61,82.1,3,0,22,Data Science,B.Tech,Tier 2,Tier 3,Female,Yes,0,Not Placed,0
5.66,28,78,63,68,74.15,1,2,24,CSE,B.E.,Tier 1,Tier 1,Female,No,1,Not Placed,0
6.12,38,68,61,75,60.61,3,2,24,Mechanical,B.Tech,Tier 2,Tier 2,Female,No,0,Not Placed,0
6.26,48,54,29,78,78.48,1,1,23,CSE,B.Tech,Tier 3,Tier 3,Male,Yes,0,Not Placed,0
8.91,76,100,76,100,75.4,3,3,21,AI & ML,B.Tech,Tier 1,Tier 1,Female,No,0,Placed,1
7.98,78,83,55,87,80.17,2,4,21,CSE,B.Tech,Tier 3,Tier 1,Female,Yes,0,Placed,1
8.62,75,49,51,51,80.31,1,4,22,AI & ML,B.Tech,Tier 3,Tier 2,Male,Yes,0,Not Placed,0
8.21,64,60,78,93,77.86,1,3,24,Data Science,B.Tech,Tier 1,Tier 1,Male,No,0,Not Placed,0
8.15,77,70,53,87,85.84,1,4,23,Civil,B.Tech,Tier 1,Tier 2,Female,No,1,Placed,1
6.79,55,70,57,79,81.14,2,1,22,CSE,B.Tech,Tier 1,Tier 1,Male,Yes,0,Not Placed,0
8.72,55,69,62,67,95.23,4,2,24,ISE,B.E.,Tier 2,Tier 1,Female,No,0,Placed,1
8.48,66,94,59,50,80.46,0,5,24,CSE,B.Tech,Tier 1,Tier 1,Male,Yes,1,Placed,1
7.36,60,60,67,67,98.08,2,1,22,CSE,B.Tech,Tier 3,Tier 2,Male,No,0,Not Placed,0
7.12,72,55,64,54,82.0,3,3,20,CSE,B.Tech,Tier 3,Tier 2,Female,Yes,0,Placed,1
8.06,72,63,64,50,92.03,2,2,20,Data Science,B.Tech,Tier 2,Tier 3,Female,Yes,2,Not Placed,0
8.93,79,83,55,59,91.01,1,2,24,Data Science,B.E.,Tier 1,Tier 2,Female,Yes,0,Placed,1
7.54,70,95,62,63,71.34,1,3,22,AI & ML,B.Tech,Tier 1,Tier 3,Male,Yes,0,Not Placed,0
7.39,57,76,68,72,75.48,0,1,21,CSE,B.E.,Tier 2,Tier 3,Other,Yes,0,Placed,1
7.41,72,100,59,59,71.08,1,3,24,Data Science,B.Tech,Tier 1,Tier 3,Male,Yes,2,Not Placed,0
7.52,46,89,56,79,89.79,3,3,24,CSE,B.Tech,Tier 2,Tier 1,Male,Yes,0,Not Placed,0
7.12,62,58,64,82,73.02,0,5,22,CSE,B.E.,Tier 2,Tier 3,Male,No,2,Placed,1
6.6,57,67,54,57,78.04,2,2,24,ECE,B.Tech,Tier 2,Tier 3,Male,Yes,1,Not Placed,0
7.94,67,81,65,59,84.49,2,0,24,ISE,B.Tech,Tier 1,Tier 3,Male,Yes,0,Placed,1
5.38,38,58,62,70,80.9,1,0,21,CSE,B.Tech,Tier 2,Tier 2,Male,Yes,0,Not Placed,0
8.92,69,83,78,53,87.0,1,2,21,CSE,B.Tech,Tier 1,Tier 1,Female,Yes,1,Placed,1
7.06,58,80,85,75,77.88,1,3,22,CSE,B.Tech,Tier 2,Tier 3,Male,No,0,Placed,1
8.55,54,64,62,65,80.13,1,0,23,CSE,B.Tech,Tier 2,Tier 2,Other,Yes,1,Placed,1
7.77,68,71,72,81,95.36,0,3,22,EEE,B.Tech,Tier 1,Tier 2,Female,No,0,Not Placed,0
7.12,47,37,64,38,98.49,0,1,24,ECE,B.Tech,Tier 2,Tier 1,Male,No,0,Not Placed,0
7.78,85,64,87,64,83.42,4,0,22,CSE,B.Tech,Tier 2,Tier 3,Female,No,0,Placed,1
7.87,76,71,60,65,84.39,1,2,22,ECE,B.Tech,Tier 2,Tier 3,Male,No,0,Placed,1
8.56,69,77,59,71,84.16,2,1,21,CSE,B.Tech,Tier 3,Tier 3,Male,Yes,1,Placed,1
6.62,48,78,68,46,93.49,5,2,22,Data Science,B.Tech,Tier 3,Tier 3,Male,Yes,0,Not Placed,0
7.65,81,75,100,76,69.67,4,6,23,ECE,B.Tech,Tier 2,Tier 2,Female,Yes,1,Not Placed,0
7.36,66,62,78,64,81.89,4,1,23,CSE,B.Tech,Tier 1,Tier 3,Male,Yes,0,Not Placed,0
7.58,47,63,77,58,78.33,2,2,24,ISE,B.E.,Tier 2,Tier 2,Female,No,0,Placed,1
7.09,58,58,68,60,90.09,2,0,20,Mechanical,B.Tech,Tier 2,Tier 3,Male,Yes,1,Placed,1
6.63,70,96,91,78,85.41,3,0,23,CSE,B.Tech,Tier 2,Tier 3,Female,No,0,Not Placed,0
7.14,63,66,74,69,80.8,4,3,22,CSE,B.E.,Tier 3,Tier 1,Male,No,1,Placed,1
7.77,50,81,59,61,95.55,2,3,24,CSE,B.E.,Tier 1,Tier 3,Male,Yes,1,Placed,1
8.68,70,70,59,59,89.52,0,1,20,AI & ML,B.Tech,Tier 3,Tier 3,Female,No,1,Placed,1
8.71,55,81,72,95,67.13,2,2,22,AI & ML,B.Tech,Tier 2,Tier 2,Male,Yes,0,Not Placed,0
6.95,74,43,51,87,79.51,0,2,22,Mechanical,B.E.,Tier 1,Tier 3,Male,Yes,1,Placed,1
7.3,79,69,68,66,77.67,2,0,22,EEE,B.Tech,Tier 2,Tier 3,Female,No,0,Not Placed,0
8.43,69,88,50,64,71.61,2,0,24,Mechanical,B.Tech,Tier 1,Tier 2,Male,Yes,0,Placed,1
9.57,69,69,60,76,92.46,4,1,22,Data Science,B.E.,Tier 1,Tier 2,Male,No,0,Placed,1
9.32,86,80,76,65,68.61,4,3,21,AI & ML,B.Tech,Tier 1,Tier 3,Female,No,0,Not Placed,0
8.94,79,94,68,83,66.83,1,2,20,ECE,B.Tech,Tier 2,Tier 1,Female,Yes,1,Placed,1
9.09,83,51,65,56,80.03,1,3,22,Data Science,B.E.,Tier 3,Tier 2,Female,No,1,Not Placed,0
7.44,75,57,57,54,69.58,3,1,22,ECE,B.Tech,Tier 2,Tier 2,Male,No,2,Not Placed,0
7.72,66,63,50,75,79.86,1,1,24,ISE,B.E.,Tier 1,Tier 2,Male,No,1,Placed,1
7.45,54,51,74,78,69.27,2,1,24,ECE,B.E.,Tier 2,Tier 2,Female,Yes,0,Not Placed,0
8.83,77,86,94,31,70.88,1,1,23,EEE,B.E.,Tier 3,Tier 1,Male,Yes,0,Placed,1
6.9,80,59,81,50,83.65,0,0,24,CSE,B.E.,Tier 1,Tier 1,Male,Yes,0,Placed,1
5.9,57,79,78,72,92.77,1,1,21,Civil,B.Tech,Tier 2,Tier 3,Male,Yes,1,Not Placed,0
8.78,96,75,48,81,81.35,2,3,21,CSE,B.Tech,Tier 2,Tier 3,Male,No,0,Placed,1
7.6,69,82,84,57,85.18,2,3,20,EEE,B.Tech,Tier 1,Tier 1,Male,No,1,Not Placed,0
7.04,71,74,67,52,85.13,2,2,21,Data Science,B.Tech,Tier 1,Tier 2,Male,No,1,Placed,1
6.56,45,58,53,66,76.45,2,1,21,Mechanical,B.Tech,Tier 2,Tier 2,Male,Yes,0,Placed,1
6.58,42,74,40,63,79.28,1,0,22,CSE,B.Tech,Tier 1,Tier 2,Female,No,0,Not Placed,0
8.99,73,56,40,69,74.1,3,2,22,ISE,B.Tech,Tier 1,Tier 1,Male,No,0,Placed,1
8.14,50,73,88,64,82.2,2,1,23,ISE,B.Tech,Tier 3,Tier 2,Female,No,0,Placed,1
8.49,78,92,81,84,90.65,1,0,20,Data Science,B.Tech,Tier 2,Tier 2,Male,Yes,0,Placed,1
7.48,73,67,76,58,91.79,4,2,24,Mechanical,B.Tech,Tier 3,Tier 3,Female,Yes,0,Placed,1
7.78,57,61,60,52,80.74,3,4,22,ISE,B.Tech,Tier 2,Tier 2,Male,No,0,Not Placed,0
8.27,79,69,58,49,90.15,4,3,20,ECE,B.Tech,Tier 3,Tier 1,Female,No,0,Placed,1
6.0,69,49,64,52,86.97,4,0,22,Data Science,B.Tech,Tier 1,Tier 2,Male,No,0,Not Placed,0
8.61,56,64,82,35,76.83,3,2,21,Data Science,B.Tech,Tier 3,Tier 2,Other,Yes,0,Placed,1
7.31,61,49,62,51,93.11,6,3,24,ISE,B.Tech,Tier 2,Tier 1,Female,No,0,Not Placed,0
8.72,82,58,56,65,71.76,2,3,24,CSE,B.E.,Tier 3,Tier 2,Male,Yes,0,Placed,1
9.01,82,60,76,39,94.66,1,1,21,Mechanical,B.Tech,Tier 3,Tier 1,Male,No,0,Not Placed,0
7.48,69,85,86,74,59.16,2,1,24,CSE,B.Tech,Tier 1,Tier 3,Female,Yes,0,Placed,1
7.16,56,54,71,71,77.56,4,2,23,AI & ML,B.E.,Tier 1,Tier 1,Female,Yes,0,Not Placed,0
7.65,53,79,82,73,77.69,2,1,21,CSE,B.Tech,Tier 1,Tier 2,Female,Yes,0,Placed,1
7.41,71,95,54,59,81.34,3,3,23,EEE,B.E.,Tier 1,Tier 3,Male,Yes,0,Placed,1
8.25,86,80,71,76,87.14,2,3,21,CSE,B.E.,Tier 2,Tier 1,Female,No,0,Placed,1
7.62,58,46,73,39,88.86,2,1,22,CSE,B.Tech,Tier 2,Tier 2,Male,No,1,Not Placed,0
8.39,80,60,63,65,88.2,2,4,22,EEE,B.Tech,Tier 2,Tier 3,Female,No,0,Placed,1
9.44,75,100,39,64,80.78,2,1,20,CSE,B.E.,Tier 1,Tier 3,Female,Yes,3,Not Placed,0
8.45,65,88,70,81,88.1,2,0,24,Data Science,B.E.,Tier 3,Tier 3,Male,Yes,0,Not Placed,0
8.65,78,75,87,67,91.89,2,2,22,EEE,B.Tech,Tier 3,Tier 2,Male,Yes,0,Placed,1
6.59,58,92,73,40,83.54,4,2,24,Data Science,B.Tech,Tier 3,Tier 2,Male,Yes,0,Placed,1
7.97,82,34,54,58,100.0,5,3,23,Mechanical,B.Tech,Tier 2,Tier 2,Female,No,0,Placed,1
7.97,91,57,52,50,79.23,1,2,21,Data Science,B.Tech,Tier 1,Tier 1,Male,No,0,Not Placed,0
7.76,79,84,63,57,68.52,1,4,21,Data Science,B.Tech,Tier 1,Tier 2,Female,No,0,Placed,1
7.66,76,42,58,50,77.69,2,3,23,ECE,B.Tech,Tier 2,Tier 3,Male,Yes,0,Placed,1
9.5,81,77,81,50,79.91,1,1,21,ECE,B.Tech,Tier 2,Tier 3,Female,No,0,Not Placed,0
7.45,59,100,66,40,93.85,0,5,22,Data Science,B.Tech,Tier 1,Tier 3,Male,Yes,0,Placed,1
7.62,78,63,45,62,84.33,1,1,24,ISE,B.Tech,Tier 1,Tier 3,Female,Yes,1,Not Placed,0
7.83,72,91,55,52,75.69,3,2,20,CSE,B.Tech,Tier 2,Tier 2,Male,Yes,0,Placed,1
8.25,64,71,48,34,79.75,2,4,24,CSE,B.Tech,Tier 2,Tier 3,Male,Yes,1,Placed,1
6.3,100,60,44,46,84.88,0,0,23,CSE,B.Tech,Tier 3,Tier 1,Male,Yes,1,Not Placed,0
9.99,91,73,82,76,77.05,1,4,21,Data Science,B.Tech,Tier 3,Tier 1,Female,Yes,0,Placed,1
7.77,68,79,57,55,77.31,2,2,23,Data Science,B.Tech,Tier 2,Tier 3,Male,Yes,0,Not Placed,0
8.35,85,90,60,83,71.13,1,3,23,CSE,B.E.,Tier 2,Tier 3,Male,No,0,Placed,1
8.34,63,49,38,69,89.26,5,0,24,Mechanical,B.Tech,Tier 3,Tier 1,Female,No,0,Placed,1
9.11,58,84,92,46,81.33,2,4,20,AI & ML,B.Tech,Tier 2,Tier 3,Male,No,0,Placed,1
8.32,82,95,60,53,77.85,2,2,22,Data Science,B.E.,Tier 2,Tier 3,Male,Yes,0,Placed,1
7.68,78,80,76,100,68.33,1,1,22,AI & ML,B.Tech,Tier 2,Tier 2,Female,No,0,Placed,1
8.42,72,65,90,77,75.24,2,1,21,Civil,B.Tech,Tier 2,Tier 2,Female,No,1,Placed,1
8.02,53,94,100,71,88.99,0,2,24,CSE,B.Tech,Tier 2,Tier 3,Male,No,0,Placed,1
8.06,71,63,42,60,85.84,4,2,20,Civil,B.Tech,Tier 2,Tier 3,Male,No,0,Not Placed,0
6.48,93,81,83,83,76.92,4,2,20,CSE,B.E.,Tier 3,Tier 1,Male,No,2,Not Placed,0
7.33,51,78,81,49,91.95,2,3,24,Civil,B.Tech,Tier 2,Tier 2,Female,No,0,Placed,1
9.08,65,46,57,63,93.08,0,0,21,EEE,B.E.,Tier 2,Tier 3,Male,No,1,Not Placed,0
6.57,69,71,66,74,82.5,3,2,22,CSE,B.Tech,Tier 2,Tier 3,Male,No,0,Not Placed,0
8.55,81,58,61,71,83.35,1,2,23,EEE,B.Tech,Tier 1,Tier 2,Female,No,0,Placed,1
7.78,95,37,63,39,80.62,1,2,24,AI & ML,B.E.,Tier 2,Tier 3,Male,Yes,0,Placed,1
7.68,81,64,84,85,88.61,2,0,22,Data Science,B.Tech,Tier 3,Tier 3,Female,No,0,Placed,1
7.49,57,41,47,69,88.55,5,3,22,EEE,B.Tech,Tier 2,Tier 3,Male,No,0,Not Placed,0
8.41,63,68,66,62,92.41,3,5,22,AI & ML,B.E.,Tier 3,Tier 3,Female,No,0,Not Placed,0
8.35,82,82,78,70,81.46,4,2,24,CSE,B.Tech,Tier 1,Tier 3,Male,Yes,0,Placed,1
8.14,59,89,56,70,95.86,0,1,22,CSE,B.Tech,Tier 2,Tier 3,Male,Yes,0,Placed,1
8.46,66,48,62,55,77.31,4,2,23,Data Science,B.Tech,Tier 1,Tier 2,Male,No,0,Placed,1
7.43,63,64,51,45,81.3,2,3,24,AI & ML,B.Tech,Tier 3,Tier 2,Female,No,1,Not Placed,0
6.91,86,69,82,91,85.13,1,2,24,ECE,B.Tech,Tier 1,Tier 3,Male,No,1,Placed,1
6.36,66,80,42,54,75.39,1,4,23,CSE,B.Tech,Tier 1,Tier 2,Male,Yes,0,Placed,1
9.45,88,74,57,74,66.35,3,0,24,Mechanical,B.Tech,Tier 1,Tier 3,Female,No,0,Placed,1
6.86,69,56,67,68,74.44,0,3,20,AI & ML,B.Tech,Tier 2,Tier 1,Male,Yes,0,Not Placed,0
8.47,63,76,31,56,71.13,0,1,23,ISE,B.Tech,Tier 1,Tier 3,Male,Yes,0,Placed,1
7.91,86,69,69,72,87.88,1,5,23,Mechanical,B.Tech,Tier 1,Tier 1,Male,No,0,Placed,1
6.15,46,75,64,67,76.12,2,5,23,Data Science,B.Tech,Tier 2,Tier 2,Female,Yes,0,Not Placed,0
7.6,72,49,50,64,79.73,1,6,23,EEE,B.E.,Tier 2,Tier 3,Male,No,1,Not Placed,0
7.96,74,94,87,85,77.48,2,1,22,CSE,B.Tech,Tier 3,Tier 2,Male,Yes,0,Placed,1
8.19,58,89,50,88,70.03,1,2,21,ECE,B.Tech,Tier 2,Tier 1,Male,No,1,Placed,1
8.41,80,50,66,92,83.61,2,2,23,EEE,B.Tech,Tier 1,Tier 2,Male,No,0,Placed,1
8.39,86,83,77,79,78.32,6,2,24,ECE,B.E.,Tier 3,Tier 2,Male,No,0,Placed,1
7.36,80,84,68,56,73.76,2,1,24,ISE,B.Tech,Tier 2,Tier 2,Male,No,0,Not Placed,0
8.74,55,100,88,65,96.08,1,5,22,CSE,B.Tech,Tier 1,Tier 2,Male,Yes,2,Placed,1
7.07,63,68,51,84,75.15,2,1,21,CSE,B.Tech,Tier 3,Tier 2,Male,No,1,Not Placed,0
9.56,80,55,49,42,83.03,2,2,22,Civil,B.E.,Tier 2,Tier 2,Female,No,0,Placed,1
8.85,80,100,77,70,88.88,2,2,23,CSE,B.Tech,Tier 3,Tier 3,Male,Yes,1,Placed,1
7.22,70,82,54,76,84.52,4,1,22,ECE,B.Tech,Tier 2,Tier 3,Female,No,1,Not Placed,0
8.24,65,67,54,38,81.37,1,1,24,ECE,B.Tech,Tier 2,Tier 2,Female,No,0,Not Placed,0
6.04,75,74,74,60,85.18,1,0,20,CSE,B.Tech,Tier 2,Tier 3,Male,Yes,0,Placed,1
7.85,68,35,35,70,65.89,1,3,21,Mechanical,B.Tech,Tier 3,Tier 2,Male,Yes,0,Placed,1
9.94,67,91,78,66,79.11,0,0,23,CSE,B.Tech,Tier 1,Tier 2,Male,No,1,Not Placed,0
6.68,59,55,41,85,78.1,1,3,24,EEE,B.Tech,Tier 2,Tier 2,Male,Yes,3,Not Placed,0
7.69,96,83,64,55,84.93,2,4,24,CSE,B.E.,Tier 2,Tier 1,Male,Yes,0,Not Placed,0
8.17,52,84,78,73,71.94,0,1,22,CSE,B.E.,Tier 3,Tier 3,Male,Yes,0,Not Placed,0
6.02,52,54,57,66,77.66,3,3,22,AI & ML,B.Tech,Tier 2,Tier 2,Male,Yes,3,Not Placed,0
8.38,61,66,59,71,67.36,2,2,22,AI & ML,B.Tech,Tier 1,Tier 3,Female,No,0,Placed,1
8.54,79,89,71,65,73.33,0,1,21,CSE,B.Tech,Tier 1,Tier 2,Male,No,2,Placed,1
6.76,58,85,62,49,90.66,5,6,20,CSE,B.E.,Tier 2,Tier 2,Female,Yes,1,Placed,1
8.52,79,90,43,52,84.1,1,6,20,CSE,B.Tech,Tier 2,Tier 3,Male,Yes,0,Placed,1
9.08,58,84,74,83,94.07,5,4,24,Civil,B.Tech,Tier 3,Tier 2,Female,Yes,3,Placed,1
6.47,59,49,39,60,90.29,0,2,24,CSE,B.Tech,Tier 3,Tier 3,Male,Yes,0,Placed,1
10.0,69,89,58,69,87.95,2,2,23,AI & ML,B.Tech,Tier 1,Tier 2,Female,No,0,Placed,1
7.14,27,87,88,57,83.28,3,2,23,ECE,B.E.,Tier 2,Tier 2,Male,No,0,Not Placed,0
8.59,61,80,71,79,91.72,3,1,22,AI & ML,B.Tech,Tier 3,Tier 2,Male,Yes,0,Placed,1
8.13,56,96,88,91,88.49,3,4,24,CSE,B.Tech,Tier 2,Tier 2,Male,Yes,0,Placed,1
8.43,72,84,71,67,82.52,2,3,22,ECE,B.Tech,Tier 3,Tier 2,Female,No,0,Placed,1
7.96,63,88,92,90,81.49,3,2,20,CSE,B.Tech,Tier 2,Tier 2,Male,Yes,0,Placed,1
7.98,69,59,63,49,74.83,3,4,22,CSE,B.Tech,Tier 1,Tier 3,Other,Yes,1,Not Placed,0
10.0,81,60,67,77,72.44,2,1,23,Civil,B.Tech,Tier 2,Tier 2,Female,No,0,Placed,1
9.18,77,100,88,63,74.0,0,4,22,CSE,B.Tech,Tier 2,Tier 1,Male,Yes,1,Placed,1
9.49,79,83,61,58,79.17,0,1,21,Data Science,B.Tech,Tier 3,Tier 2,Female,Yes,3,Not Placed,0
6.71,41,83,100,62,77.69,2,3,22,CSE,B.Tech,Tier 3,Tier 3,Female,No,1,Placed,1
7.8,62,54,58,53,77.75,2,1,22,ECE,B.Tech,Tier 1,Tier 2,Male,Yes,1,Placed,1
7.47,70,50,64,67,85.58,2,2,20,Mechanical,B.Tech,Tier 2,Tier 3,Male,Yes,0,Placed,1
9.06,100,77,49,69,90.28,2,0,21,EEE,B.Tech,Tier 1,Tier 2,Male,Yes,1,Not Placed,0
7.91,64,87,81,73,81.02,1,2,24,AI & ML,B.E.,Tier 2,Tier 3,Male,No,1,Not Placed,0
7.99,67,76,72,48,86.85,4,1,24,ECE,B.E.,Tier 3,Tier 2,Male,Yes,0,Placed,1
8.12,87,44,76,65,72.21,1,1,24,Mechanical,B.Tech,Tier 1,Tier 2,Female,Yes,0,Not Placed,0
7.23,47,73,64,78,91.07,2,0,22,ISE,B.Tech,Tier 2,Tier 3,Male,Yes,3,Not Placed,0
8.54,68,80,77,78,66.67,4,2,20,CSE,B.Tech,Tier 1,Tier 2,Female,Yes,0,Placed,1
9.76,83,78,56,61,69.25,0,1,23,CSE,B.Tech,Tier 3,Tier 3,Male,Yes,0,Placed,1
7.01,58,70,63,57,83.74,3,4,22,Mechanical,B.E.,Tier 1,Tier 1,Male,Yes,0,Not Placed,0
7.0,70,34,36,82,80.37,1,1,20,CSE,B.Tech,Tier 2,Tier 2,Male,Yes,0,Not Placed,0
7.82,49,84,71,73,92.51,4,2,20,ECE,B.Tech,Tier 2,Tier 1,Female,Yes,0,Placed,1
7.12,62,83,76,77,80.18,2,0,23,Data Science,B.E.,Tier 3,Tier 3,Female,Yes,2,Placed,1
7.63,65,92,75,68,91.19,1,0,21,CSE,B.Tech,Tier 1,Tier 2,Female,Yes,0,Not Placed,0
7.74,75,96,87,48,68.54,1,1,21,CSE,B.Tech,Tier 1,Tier 1,Female,Yes,2,Not Placed,0
7.44,78,67,86,75,88.07,0,3,21,ECE,B.Tech,Tier 1,Tier 1,Male,Yes,0,Placed,1
7.32,65,79,36,69,72.28,2,2,22,AI & ML,B.Tech,Tier 1,Tier 3,Male,Yes,0,Placed,1
9.59,80,96,77,67,83.48,1,2,24,CSE,B.E.,Tier 3,Tier 2,Male,No,1,Not Placed,0
6.85,73,46,61,67,94.24,1,2,21,Mechanical,B.Tech,Tier 2,Tier 2,Female,Yes,0,Not Placed,0
8.45,42,72,79,58,78.66,2,0,22,ECE,B.Tech,Tier 2,Tier 1,Male,No,1,Not Placed,0
7.7,65,70,84,70,91.51,1,0,23,CSE,B.E.,Tier 3,Tier 2,Female,No,0,Not Placed,0
8.56,81,95,72,41,67.92,3,3,22,AI & ML,B.Tech,Tier 1,Tier 2,Male,No,0,Placed,1
9.33,70,100,57,72,82.22,1,2,21,ISE,B.Tech,Tier 2,Tier 3,Male,No,0,Placed,1
6.95,57,47,72,63,67.22,3,2,20,ECE,B.Tech,Tier 2,Tier 1,Male,Yes,0,Not Placed,0
8.51,69,77,57,76,79.83,3,5,21,Data Science,B.Tech,Tier 2,Tier 1,Female,Yes,0,Placed,1
6.45,62,67,73,56,86.6,2,2,21,ISE,B.E.,Tier 2,Tier 3,Female,No,0,Not Placed,0
9.56,72,83,73,68,73.32,4,2,23,CSE,B.Tech,Tier 3,Tier 3,Male,Yes,1,Placed,1
7.65,75,78,48,43,78.68,4,2,22,AI & ML,B.Tech,Tier 3,Tier 3,Male,Yes,0,Not Placed,0
6.43,45,47,64,43,94.19,1,0,21,CSE,B.Tech,Tier 2,Tier 1,Female,Yes,1,Not Placed,0
8.29,66,73,53,53,72.19,3,2,20,AI & ML,B.Tech,Tier 3,Tier 2,Female,Yes,2,Placed,1
6.76,47,69,57,67,87.47,0,0,20,CSE,B.E.,Tier 2,Tier 2,Male,No,0,Not Placed,0
8.14,64,97,56,78,76.39,2,2,21,CSE,B.Tech,Tier 2,Tier 1,Male,Yes,2,Not Placed,0
10.0,96,73,43,64,83.22,2,1,22,CSE,B.Tech,Tier 1,Tier 2,Male,Yes,0,Placed,1
6.05,56,76,75,85,77.59,1,2,21,CSE,B.Tech,Tier 3,Tier 1,Male,Yes,0,Placed,1
6.74,60,69,66,83,85.16,4,3,23,Data Science,B.Tech,Tier 2,Tier 1,Male,No,0,Placed,1
8.92,72,64,40,78,78.97,4,4,21,CSE,B.Tech,Tier 1,Tier 2,Female,No,0,Placed,1
8.09,58,57,74,62,82.91,2,3,22,AI & ML,B.Tech,Tier 2,Tier 2,Female,Yes,0,Placed,1
8.42,94,44,28,95,87.88,2,2,24,Data Science,B.E.,Tier 2,Tier 3,Female,Yes,1,Not Placed,0
8.1,61,64,57,65,80.81,6,5,21,ISE,B.Tech,Tier 1,Tier 2,Male,No,0,Placed,1
5.89,55,75,58,57,81.3,5,4,21,ECE,B.E.,Tier 2,Tier 2,Male,Yes,0,Not Placed,0
7.62,59,86,84,51,87.04,1,2,23,AI & ML,B.Tech,Tier 3,Tier 2,Female,No,0,Placed,1
8.6,89,62,54,77,77.83,2,4,21,CSE,B.Tech,Tier 1,Tier 1,Male,No,0,Not Placed,0
8.67,71,100,80,53,87.84,1,2,23,Data Science,B.Tech,Tier 2,Tier 3,Female,No,0,Not Placed,0
8.04,98,65,50,40,78.77,2,4,22,EEE,B.E.,Tier 3,Tier 1,Male,Yes,0,Placed,1
8.95,76,72,94,63,67.51,1,0,23,EEE,B.Tech,Tier 2,Tier 3,Male,No,2,Placed,1
8.54,79,76,70,78,84.26,2,3,22,ECE,B.Tech,Tier 3,Tier 3,Female,No,0,Placed,1
7.97,70,87,65,69,77.09,2,1,24,CSE,B.Tech,Tier 2,Tier 3,Male,No,0,Placed,1
7.76,85,59,43,57,100.0,3,1,23,ECE,B.Tech,Tier 2,Tier 2,Male,Yes,0,Placed,1
8.28,63,58,75,64,62.05,2,2,21,ISE,B.Tech,Tier 1,Tier 2,Male,Yes,0,Placed,1
8.82,85,59,61,75,70.88,2,1,23,Civil,B.Tech,Tier 3,Tier 2,Male,Yes,0,Placed,1
8.39,80,75,65,64,84.24,4,3,23,CSE,B.Tech,Tier 3,Tier 2,Male,Yes,0,Placed,1
7.48,43,59,30,71,87.6,1,1,20,AI & ML,B.Tech,Tier 3,Tier 3,Female,Yes,0,Not Placed,0
8.09,83,99,88,84,75.49,1,1,24,CSE,B.E.,Tier 1,Tier 1,Male,Yes,0,Placed,1
6.81,62,82,51,65,92.46,6,1,22,AI & ML,B.Tech,Tier 1,Tier 3,Male,Yes,1,Not Placed,0
6.29,67,51,60,69,71.59,2,1,20,ECE,B.Tech,Tier 2,Tier 3,Male,No,1,Not Placed,0
7.27,63,59,42,68,83.91,3,0,20,ECE,B.Tech,Tier 1,Tier 1,Female,No,0,Placed,1
9.38,77,83,62,60,88.0,3,3,22,EEE,B.Tech,Tier 3,Tier 2,Female,Yes,2,Placed,1
8.88,74,100,88,77,76.64,3,0,22,AI & ML,B.Tech,Tier 1,Tier 2,Male,Yes,2,Placed,1
7.16,70,68,46,65,74.68,0,3,21,EEE,B.Tech,Tier 3,Tier 1,Male,No,0,Placed,1
8.13,56,68,68,78,88.56,2,0,21,EEE,B.Tech,Tier 3,Tier 3,Female,No,0,Placed,1
7.79,69,89,68,71,87.49,2,2,20,CSE,B.Tech,Tier 2,Tier 2,Female,No,1,Placed,1
9.54,85,57,77,64,87.78,1,2,24,Civil,B.E.,Tier 1,Tier 2,Female,No,2,Placed,1
7.08,59,79,93,40,73.72,3,1,24,Data Science,B.Tech,Tier 2,Tier 1,Male,Yes,0,Not Placed,0
6.98,64,100,98,49,94.87,2,1,22,AI & ML,B.Tech,Tier 1,Tier 3,Male,No,1,Not Placed,0
7.2,65,64,52,76,72.81,2,1,24,CSE,B.Tech,Tier 2,Tier 2,Female,Yes,0,Placed,1
7.11,75,85,78,70,65.54,3,1,24,ISE,B.Tech,Tier 1,Tier 2,Male,Yes,0,Placed,1
7.66,100,65,56,92,84.19,3,4,24,EEE,B.Tech,Tier 1,Tier 3,Female,No,2,Placed,1
8.25,85,64,82,29,73.49,3,5,24,Mechanical,B.Tech,Tier 2,Tier 3,Female,Yes,0,Placed,1
7.11,83,84,76,85,77.45,2,2,23,Data Science,B.Tech,Tier 1,Tier 2,Female,No,0,Placed,1
8.26,65,85,84,71,82.32,2,0,23,CSE,B.Tech,Tier 2,Tier 3,Male,No,2,Not Placed,0
6.56,68,60,74,51,83.94,0,2,21,ISE,B.Tech,Tier 3,Tier 2,Male,No,0,Not Placed,0
7.36,66,74,60,60,69.44,3,2,22,ECE,B.Tech,Tier 1,Tier 1,Male,No,0,Placed,1
9.44,61,96,69,58,86.3,2,2,23,Data Science,B.Tech,Tier 1,Tier 2,Male,Yes,0,Placed,1
8.41,86,53,60,65,89.53,0,1,21,ECE,B.Tech,Tier 3,Tier 3,Male,Yes,0,Placed,1
6.55,68,77,54,69,97.92,2,0,21,CSE,B.Tech,Tier 3,Tier 3,Male,Yes,0,Not Placed,0
6.39,41,75,100,79,76.07,1,1,21,AI & ML,B.E.,Tier 1,Tier 1,Female,Yes,0,Not Placed,0
7.73,80,75,57,56,88.69,3,3,21,ECE,B.E.,Tier 2,Tier 1,Male,No,0,Placed,1
8.37,75,77,62,66,98.27,0,1,23,CSE,B.E.,Tier 1,Tier 3,Male,Yes,0,Placed,1
7.05,71,79,51,72,82.28,2,1,20,CSE,B.Tech,Tier 1,Tier 2,Male,Yes,0,Placed,1
8.91,70,79,74,55,87.68,3,2,21,Mechanical,B.Tech,Tier 2,Tier 2,Female,Yes,0,Placed,1
9.19,78,80,54,69,85.24,0,3,20,Data Science,B.Tech,Tier 1,Tier 2,Male,No,0,Not Placed,0
7.91,71,75,73,90,89.34,3,5,23,CSE,B.Tech,Tier 1,Tier 3,Male,Yes,0,Placed,1
6.45,78,56,68,79,76.79,1,1,23,Data Science,B.E.,Tier 2,Tier 1,Female,No,1,Not Placed,0
5.66,40,62,51,50,75.83,2,0,24,ISE,B.Tech,Tier 1,Tier 2,Male,Yes,2,Placed,1
5.89,64,61,65,55,95.12,2,3,20,Mechanical,B.Tech,Tier 3,Tier 1,Male,No,0,Not Placed,0
6.74,76,78,57,63,80.71,0,2,21,AI & ML,B.Tech,Tier 1,Tier 1,Male,No,0,Not Placed,0
7.64,82,73,58,66,92.87,5,1,21,CSE,B.Tech,Tier 1,Tier 3,Male,Yes,0,Placed,1
7.18,63,50,52,37,73.09,0,3,20,Mechanical,B.Tech,Tier 2,Tier 3,Male,No,0,Not Placed,0
10.0,79,91,92,62,83.24,0,1,24,Mechanical,B.Tech,Tier 1,Tier 1,Male,Yes,0,Placed,1
7.56,70,74,84,77,91.77,4,1,20,CSE,B.Tech,Tier 1,Tier 3,Female,Yes,1,Placed,1
8.01,67,86,79,94,87.08,3,2,23,CSE,B.E.,Tier 1,Tier 1,Male,Yes,0,Placed,1
7.71,62,98,100,46,79.68,2,2,21,Mechanical,B.Tech,Tier 3,Tier 1,Male,No,2,Not Placed,0
7.75,82,53,41,66,80.72,2,0,22,EEE,B.E.,Tier 1,Tier 1,Male,Yes,1,Not Placed,0
7.72,73,80,69,100,89.32,4,1,23,Data Science,B.E.,Tier 1,Tier 2,Male,Yes,0,Placed,1
6.88,64,78,41,59,92.59,5,2,22,CSE,B.Tech,Tier 3,Tier 2,Male,Yes,0,Not Placed,0
5.85,49,75,85,56,73.99,4,2,22,ISE,B.Tech,Tier 1,Tier 3,Female,Yes,0,Not Placed,0
7.61,78,57,31,55,75.79,6,3,23,Mechanical,B.E.,Tier 1,Tier 3,Male,Yes,1,Placed,1
8.18,77,82,82,58,74.41,1,0,23,AI & ML,B.Tech,Tier 1,Tier 2,Female,No,2,Not Placed,0
7.79,47,57,70,80,85.16,3,0,24,Mechanical,B.Tech,Tier 3,Tier 2,Male,No,0,Placed,1
6.53,50,68,66,87,80.87,0,3,23,CSE,B.Tech,Tier 2,Tier 2,Female,Yes,0,Not Placed,0
8.58,87,100,78,81,79.74,3,5,22,EEE,B.Tech,Tier 1,Tier 1,Female,Yes,0,Placed,1
9.71,81,93,55,57,84.47,1,2,24,Data Science,B.Tech,Tier 1,Tier 2,Male,Yes,0,Placed,1
8.93,64,93,59,65,84.89,1,2,24,CSE,B.Tech,Tier 3,Tier 3,Male,No,0,Not Placed,0
8.0,68,77,81,73,84.77,2,1,21,Mechanical,B.Tech,Tier 1,Tier 2,Male,Yes,0,Placed,1
6.59,70,86,87,78,75.01,1,2,23,AI & ML,B.Tech,Tier 1,Tier 1,Female,Yes,0,Not Placed,0
7.68,51,53,70,59,76.26,3,5,23,CSE,B.Tech,Tier 2,Tier 1,Female,No,0,Not Placed,0
8.63,81,74,57,79,86.79,4,3,23,ECE,B.Tech,Tier 3,Tier 3,Male,No,1,Placed,1
7.31,77,81,97,74,75.2,3,1,21,CSE,B.E.,Tier 3,Tier 3,Female,Yes,0,Placed,1
8.34,88,89,26,66,75.71,0,5,24,AI & ML,B.Tech,Tier 1,Tier 2,Female,Yes,1,Placed,1
6.66,77,70,73,48,79.15,4,0,24,CSE,B.Tech,Tier 2,Tier 2,Male,Yes,1,Not Placed,0
6.84,63,80,60,85,74.75,3,1,20,CSE,B.Tech,Tier 2,Tier 2,Female,Yes,0,Placed,1
8.61,79,66,62,68,66.44,1,2,23,Data Science,B.E.,Tier 2,Tier 2,Male,No,2,Placed,1
6.59,83,70,54,63,71.08,1,2,23,AI & ML,B.E.,Tier 2,Tier 3,Female,Yes,1,Not Placed,0
9.55,80,74,67,87,87.06,1,2,23,Data Science,B.Tech,Tier 1,Tier 1,Female,No,0,Placed,1
7.85,68,75,72,69,75.61,2,4,23,CSE,B.Tech,Tier 1,Tier 1,Male,Yes,0,Placed,1
8.55,81,58,69,84,69.19,1,5,23,EEE,B.Tech,Tier 3,Tier 2,Male,Yes,0,Not Placed,0
8.93,71,89,70,59,100.0,2,3,24,AI & ML,B.E.,Tier 1,Tier 1,Male,Yes,0,Not Placed,0
9.65,83,100,65,71,70.01,3,1,22,CSE,B.Tech,Tier 2,Tier 3,Female,No,0,Placed,1
8.94,54,57,39,66,85.82,3,1,23,Civil,B.Tech,Tier 2,Tier 3,Female,Yes,0,Not Placed,0
9.62,57,74,77,70,85.08,1,3,20,Data Science,B.Tech,Tier 1,Tier 2,Female,No,0,Placed,1
7.85,69,76,68,50,80.31,1,3,22,CSE,B.Tech,Tier 2,Tier 1,Male,Yes,0,Placed,1
7.6,54,94,92,58,100.0,2,3,20,CSE,B.Tech,Tier 1,Tier 3,Male,Yes,0,Not Placed,0
8.66,76,72,52,61,78.87,0,2,21,CSE,B.Tech,Tier 3,Tier 2,Male,Yes,0,Placed,1
7.6,81,51,54,65,79.45,1,4,20,Mechanical,B.Tech,Tier 2,Tier 1,Male,No,0,Not Placed,0
5.81,49,44,68,74,90.9,2,0,21,Civil,B.E.,Tier 1,Tier 3,Male,Yes,1,Not Placed,0
8.09,50,77,87,79,73.13,1,1,21,CSE,B.Tech,Tier 1,Tier 3,Female,Yes,0,Placed,1
7.13,78,45,27,68,84.6,3,2,21,ECE,B.Tech,Tier 2,Tier 3,Male,Yes,1,Placed,1
9.73,69,100,89,69,80.19,2,0,22,CSE,B.Tech,Tier 2,Tier 3,Female,No,0,Placed,1
7.63,69,96,95,88,70.17,2,0,21,CSE,B.E.,Tier 2,Tier 2,Male,Yes,0,Placed,1
7.22,86,66,79,56,79.75,3,0,20,CSE,B.Tech,Tier 2,Tier 2,Male,No,0,Not Placed,0
6.98,61,48,52,82,83.15,0,1,24,ISE,B.Tech,Tier 2,Tier 2,Male,Yes,0,Not Placed,0
7.93,66,54,37,61,89.69,0,1,22,CSE,B.Tech,Tier 3,Tier 3,Male,No,1,Not Placed,0
8.82,54,99,60,75,63.47,2,0,20,Mechanical,B.Tech,Tier 2,Tier 2,Male,No,0,Not Placed,0
8.18,49,80,83,45,100.0,1,2,20,ISE,B.Tech,Tier 1,Tier 2,Male,No,0,Not Placed,0
7.92,57,61,45,78,68.43,1,3,23,AI & ML,B.Tech,Tier 1,Tier 2,Male,Yes,0,Placed,1
8.19,72,48,41,76,81.15,0,1,21,Mechanical,B.Tech,Tier 3,Tier 2,Male,Yes,0,Placed,1
7.87,83,100,72,77,74.12,0,5,21,AI & ML,B.Tech,Tier 2,Tier 2,Male,Yes,0,Placed,1
8.74,73,66,61,46,77.16,2,1,24,Data Science,B.Tech,Tier 3,Tier 3,Female,No,0,Not Placed,0
5.83,45,50,61,67,74.19,0,2,24,Mechanical,B.Tech,Tier 3,Tier 2,Male,No,1,Not Placed,0
8.34,92,78,73,55,85.11,3,2,22,ECE,B.E.,Tier 3,Tier 2,Male,No,0,Placed,1
7.35,88,77,50,62,87.4,4,5,22,Civil,B.Tech,Tier 2,Tier 1,Male,Yes,3,Not Placed,0
7.9,80,82,67,58,84.28,0,1,21,AI & ML,B.E.,Tier 3,Tier 2,Female,Yes,1,Not Placed,0
8.61,92,47,71,71,94.28,0,2,20,AI & ML,B.Tech,Tier 3,Tier 2,Female,Yes,0,Not Placed,0
8.26,70,71,47,85,68.52,2,2,21,CSE,B.Tech,Tier 1,Tier 2,Male,Yes,0,Not Placed,0
9.26,72,81,69,90,79.88,3,3,22,ISE,B.E.,Tier 2,Tier 3,Male,Yes,0,Placed,1
7.9,54,54,56,76,71.81,5,2,23,ECE,B.Tech,Tier 2,Tier 2,Male,No,2,Not Placed,0
9.17,75,85,100,57,89.52,1,0,22,ECE,B.Tech,Tier 2,Tier 2,Female,Yes,0,Placed,1
8.79,96,86,63,61,71.91,2,2,24,Data Science,B.Tech,Tier 1,Tier 1,Female,No,0,Placed,1
7.8,64,61,90,65,91.3,3,4,21,ECE,B.Tech,Tier 3,Tier 2,Female,Yes,0,Placed,1
9.54,50,92,53,76,72.1,1,2,20,EEE,B.Tech,Tier 2,Tier 2,Male,Yes,0,Placed,1
9.33,75,100,71,95,70.4,1,2,22,CSE,B.Tech,Tier 1,Tier 2,Male,Yes,0,Placed,1
7.4,65,47,52,98,87.7,0,3,24,Mechanical,B.Tech,Tier 3,Tier 3,Female,Yes,0,Not Placed,0
7.39,51,69,56,58,85.6,3,1,20,Data Science,B.Tech,Tier 3,Tier 3,Male,Yes,0,Not Placed,0
9.03,75,87,93,65,76.02,2,2,20,Data Science,B.Tech,Tier 3,Tier 2,Female,No,0,Placed,1
7.97,67,74,43,70,79.81,3,1,21,Data Science,B.Tech,Tier 1,Tier 3,Male,No,0,Not Placed,0
7.07,54,100,91,64,79.99,3,0,23,CSE,B.E.,Tier 2,Tier 1,Male,No,0,Placed,1
8.7,78,61,62,66,86.72,3,2,22,Data Science,B.Tech,Tier 2,Tier 3,Male,No,0,Placed,1
6.5,69,74,63,89,83.77,1,2,20,Data Science,B.Tech,Tier 2,Tier 3,Male,No,0,Not Placed,0
7.76,63,87,78,65,87.08,1,1,24,AI & ML,B.E.,Tier 3,Tier 2,Male,No,0,Placed,1
7.54,69,60,31,65,84.61,1,4,23,AI & ML,B.E.,Tier 2,Tier 2,Male,Yes,0,Not Placed,0
5.89,51,64,73,96,99.71,2,3,22,Mechanical,B.E.,Tier 3,Tier 1,Female,No,0,Not Placed,0
7.88,94,45,63,57,71.58,1,3,22,EEE,B.Tech,Tier 1,Tier 3,Female,Yes,0,Placed,1
8.71,88,71,56,72,83.39,0,2,20,Mechanical,B.Tech,Tier 3,Tier 1,Male,No,0,Placed,1
6.7,50,23,50,62,76.66,2,1,21,ECE,B.Tech,Tier 2,Tier 3,Male,Yes,0,Not Placed,0
6.71,46,93,64,68,98.54,1,3,22,CSE,B.Tech,Tier 2,Tier 3,Male,Yes,0,Placed,1
7.69,77,73,61,64,70.68,1,0,22,CSE,B.Tech,Tier 2,Tier 2,Male,Yes,1,Placed,1
6.56,46,75,79,61,90.5,2,2,20,Mechanical,B.Tech,Tier 2,Tier 1,Male,No,3,Not Placed,0
8.37,62,60,55,52,73.71,4,3,22,CSE,B.E.,Tier 2,Tier 3,Male,Yes,0,Placed,1
5.69,57,50,74,75,84.66,0,1,24,ECE,B.Tech,Tier 3,Tier 2,Female,Yes,0,Placed,1
8.34,64,95,81,59,78.85,1,1,24,CSE,B.Tech,Tier 3,Tier 2,Female,Yes,0,Placed,1
8.74,71,72,60,67,85.49,0,1,20,CSE,B.Tech,Tier 2,Tier 2,Female,No,1,Not Placed,0
8.18,85,86,74,90,76.05,2,1,22,CSE,B.Tech,Tier 2,Tier 2,Male,Yes,1,Placed,1
8.5,77,72,46,83,84.35,3,1,22,CSE,B.Tech,Tier 1,Tier 2,Male,Yes,0,Placed,1
7.47,64,35,71,62,95.29,1,0,24,Civil,B.Tech,Tier 2,Tier 1,Male,No,1,Not Placed,0
9.65,100,73,62,40,87.16,4,3,23,Civil,B.Tech,Tier 3,Tier 2,Male,Yes,0,Placed,1
6.55,56,76,73,100,73.65,4,3,24,AI & ML,B.E.,Tier 1,Tier 3,Female,Yes,0,Not Placed,0
9.04,72,85,42,56,79.56,4,2,20,Mechanical,B.E.,Tier 2,Tier 2,Female,Yes,0,Placed,1
8.75,70,77,71,66,68.91,4,1,23,CSE,B.Tech,Tier 3,Tier 3,Male,Yes,1,Not Placed,0
9.04,51,83,79,62,65.73,3,3,24,CSE,B.Tech,Tier 1,Tier 3,Male,Yes,3,Placed,1
7.03,68,69,54,61,83.68,2,2,21,Mechanical,B.Tech,Tier 3,Tier 3,Female,No,1,Placed,1
5.48,57,35,35,58,74.06,6,5,21,CSE,B.Tech,Tier 1,Tier 2,Male,No,0,Not Placed,0
7.41,51,67,36,86,84.63,2,1,23,ECE,B.Tech,Tier 3,Tier 3,Male,Yes,2,Placed,1
6.92,67,50,52,43,78.72,1,1,24,ECE,B.Tech,Tier 1,Tier 2,Female,No,0,Placed,1
7.28,100,79,81,42,88.55,1,2,22,AI & ML,B.Tech,Tier 2,Tier 2,Male,Yes,0,Placed,1
9.85,96,78,67,74,85.93,2,1,20,CSE,B.Tech,Tier 3,Tier 3,Male,No,0,Placed,1
7.69,40,100,98,72,83.52,1,3,23,AI & ML,B.Tech,Tier 3,Tier 3,Female,Yes,1,Placed,1
10.0,65,98,94,63,80.91,4,1,22,Mechanical,B.Tech,Tier 3,Tier 3,Male,No,0,Placed,1
7.62,82,69,79,58,89.0,0,4,22,EEE,B.Tech,Tier 2,Tier 3,Male,Yes,0,Placed,1
7.22,64,81,72,67,74.84,2,1,24,CSE,B.E.,Tier 1,Tier 2,Male,Yes,0,Not Placed,0
7.78,62,85,66,63,73.55,1,1,22,CSE,B.Tech,Tier 1,Tier 3,Female,No,1,Not Placed,0
8.03,86,73,60,63,84.65,1,4,24,Data Science,B.Tech,Tier 2,Tier 1,Female,Yes,2,Placed,1
10.0,82,76,71,90,90.76,3,1,22,CSE,B.E.,Tier 3,Tier 2,Male,Yes,0,Placed,1
7.83,81,91,57,84,85.25,2,4,23,EEE,B.E.,Tier 2,Tier 2,Male,Yes,3,Placed,1
9.43,75,76,100,82,80.09,3,4,24,Data Science,B.Tech,Tier 2,Tier 3,Female,Yes,1,Placed,1
8.09,74,86,46,61,78.76,1,2,22,Data Science,B.E.,Tier 1,Tier 3,Male,No,2,Not Placed,0
7.48,62,52,50,80,76.73,3,2,21,ISE,B.Tech,Tier 2,Tier 2,Male,No,0,Not Placed,0
9.06,86,71,55,48,74.07,1,3,24,CSE,B.Tech,Tier 2,Tier 3,Male,Yes,2,Placed,1
10.0,69,77,61,78,74.98,1,3,23,Mechanical,B.Tech,Tier 3,Tier 2,Male,No,0,Placed,1
7.62,82,76,73,63,70.27,5,1,20,CSE,B.Tech,Tier 2,Tier 3,Male,No,0,Placed,1
7.19,94,47,58,73,77.2,4,0,24,AI & ML,B.E.,Tier 3,Tier 3,Male,No,0,Not Placed,0
7.54,67,78,66,66,76.33,0,2,21,Data Science,B.Tech,Tier 1,Tier 2,Male,Yes,0,Placed,1
6.28,75,52,43,66,80.94,1,3,22,ECE,B.Tech,Tier 2,Tier 3,Male,Yes,0,Placed,1
8.27,77,48,65,44,75.73,2,2,21,AI & ML,B.Tech,Tier 3,Tier 2,Female,Yes,2,Not Placed,0
8.46,47,85,74,69,82.73,1,3,24,AI & ML,B.Tech,Tier 1,Tier 2,Female,No,0,Placed,1
6.68,83,60,78,68,100.0,3,0,20,CSE,B.Tech,Tier 2,Tier 2,Male,No,0,Placed,1
7.43,66,80,59,79,81.09,5,0,21,CSE,B.Tech,Tier 2,Tier 2,Male,Yes,0,Placed,1
6.97,73,52,80,77,88.93,3,2,23,ISE,B.E.,Tier 1,Tier 2,Female,Yes,0,Placed,1
7.73,64,86,87,83,91.71,3,4,21,EEE,B.Tech,Tier 2,Tier 2,Female,Yes,1,Placed,1
9.42,55,81,74,84,73.01,0,0,22,Data Science,B.Tech,Tier 1,Tier 2,Male,Yes,1,Placed,1
7.91,69,66,42,73,77.0,3,0,20,ISE,B.Tech,Tier 3,Tier 3,Female,Yes,0,Placed,1
9.08,78,96,61,51,89.97,2,1,21,ISE,B.Tech,Tier 1,Tier 3,Female,No,0,Placed,1
5.26,45,54,60,66,73.88,1,3,22,CSE,B.E.,Tier 1,Tier 3,Female,No,3,Not Placed,0
7.51,73,94,60,100,93.86,1,1,23,Mechanical,B.Tech,Tier 3,Tier 3,Male,Yes,0,Placed,1
7.52,78,50,46,71,82.59,3,0,20,ECE,B.Tech,Tier 3,Tier 2,Male,Yes,0,Placed,1
6.99,61,59,64,35,74.0,5,0,21,Data Science,B.Tech,Tier 3,Tier 2,Female,Yes,1,Not Placed,0
7.63,59,54,86,78,90.07,2,3,24,ECE,B.E.,Tier 2,Tier 3,Female,Yes,0,Placed,1
10.0,87,87,71,72,78.74,1,2,24,Data Science,B.Tech,Tier 2,Tier 1,Male,Yes,0,Placed,1
7.8,53,73,59,78,78.52,3,4,20,Mechanical,B.Tech,Tier 2,Tier 2,Female,Yes,1,Placed,1
8.82,68,52,34,61,89.64,2,1,23,ECE,B.Tech,Tier 2,Tier 2,Male,No,0,Placed,1
8.55,65,68,72,80,88.94,3,2,22,Mechanical,B.Tech,Tier 2,Tier 1,Male,No,0,Placed,1
6.68,78,100,82,60,80.52,4,0,20,ISE,B.E.,Tier 1,Tier 2,Male,Yes,1,Placed,1
7.7,78,72,66,30,82.39,1,4,23,CSE,B.Tech,Tier 1,Tier 2,Male,Yes,0,Placed,1
7.27,83,78,63,53,93.06,2,2,20,CSE,B.Tech,Tier 2,Tier 3,Male,Yes,0,Not Placed,0
7.12,70,50,49,69,76.82,0,4,21,CSE,B.Tech,Tier 2,Tier 2,Male,Yes,0,Placed,1
7.59,83,100,55,67,76.79,4,5,21,CSE,B.Tech,Tier 2,Tier 3,Male,Yes,1,Placed,1
7.34,68,49,60,56,88.85,1,1,24,CSE,B.E.,Tier 3,Tier 2,Female,No,0,Not Placed,0
8.66,55,76,77,67,85.7,2,1,22,Mechanical,B.Tech,Tier 2,Tier 1,Male,Yes,2,Placed,1
8.61,59,90,50,50,90.78,6,2,23,Civil,B.Tech,Tier 1,Tier 3,Female,Yes,0,Placed,1
7.33,36,73,57,50,81.26,1,3,23,CSE,B.E.,Tier 1,Tier 1,Female,Yes,1,Placed,1
9.09,85,97,76,59,74.16,3,3,22,ISE,B.Tech,Tier 2,Tier 1,Female,Yes,2,Placed,1
6.42,57,72,56,63,75.32,1,1,22,CSE,B.Tech,Tier 1,Tier 1,Male,Yes,0,Placed,1
8.17,61,100,55,79,75.34,3,2,23,CSE,B.Tech,Tier 1,Tier 3,Female,Yes,0,Placed,1
9.13,70,90,77,92,72.11,2,3,21,CSE,B.E.,Tier 1,Tier 3,Female,Yes,0,Placed,1
7.67,64,76,77,60,87.9,3,1,23,Mechanical,B.Tech,Tier 3,Tier 2,Male,No,0,Not Placed,0
8.99,71,43,81,56,89.25,2,3,24,Data Science,B.Tech,Tier 1,Tier 3,Male,Yes,0,Placed,1
8.1,77,68,38,53,69.74,3,1,23,Data Science,B.Tech,Tier 2,Tier 2,Male,No,2,Placed,1
8.4,89,86,77,63,74.09,1,2,24,CSE,B.Tech,Tier 2,Tier 3,Female,No,0,Placed,1
8.23,85,91,75,77,88.3,5,3,21,ISE,B.Tech,Tier 1,Tier 2,Male,Yes,0,Placed,1
8.5,64,86,67,69,78.74,6,2,24,AI & ML,B.E.,Tier 1,Tier 3,Female,Yes,0,Placed,1
7.62,68,68,70,75,82.35,1,6,21,CSE,B.Tech,Tier 1,Tier 3,Other,Yes,1,Not Placed,0
6.83,63,51,60,81,83.12,6,2,20,ECE,B.E.,Tier 2,Tier 2,Male,No,0,Not Placed,0
5.0,77,59,49,67,77.62,2,2,22,AI & ML,B.E.,Tier 3,Tier 3,Female,Yes,0,Not Placed,0
7.84,59,54,65,61,77.27,1,0,20,Civil,B.Tech,Tier 2,Tier 1,Male,No,1,Not Placed,0
8.86,93,43,73,73,85.34,1,2,21,ECE,B.Tech,Tier 2,Tier 3,Male,Yes,2,Not Placed,0
6.73,72,20,15,70,97.12,2,1,24,Mechanical,B.Tech,Tier 3,Tier 3,Female,No,0,Not Placed,0
7.06,80,76,71,70,61.06,2,2,24,Data Science,B.E.,Tier 2,Tier 3,Male,Yes,0,Not Placed,0
6.48,82,61,54,65,85.87,2,8,22,ECE,B.Tech,Tier 2,Tier 1,Female,Yes,1,Not Placed,0
8.39,71,46,43,42,82.54,1,1,20,EEE,B.Tech,Tier 2,Tier 2,Female,No,0,Not Placed,0
7.63,64,80,68,38,79.61,2,0,21,Data Science,B.Tech,Tier 2,Tier 3,Male,Yes,0,Not Placed,0
7.94,73,77,80,96,96.31,2,1,20,ECE,B.E.,Tier 3,Tier 2,Male,Yes,1,Not Placed,0
8.94,86,82,74,65,76.94,4,3,21,ISE,B.Tech,Tier 3,Tier 1,Male,Yes,1,Placed,1
6.49,85,60,79,54,80.49,2,4,20,EEE,B.Tech,Tier 2,Tier 1,Male,No,2,Not Placed,0
7.96,76,41,66,91,92.14,2,2,22,Mechanical,B.Tech,Tier 1,Tier 2,Female,No,1,Placed,1
8.22,76,61,50,88,78.84,1,4,24,Data Science,B.Tech,Tier 2,Tier 2,Male,Yes,0,Placed,1
7.6,73,84,87,87,75.77,1,5,20,CSE,B.Tech,Tier 1,Tier 2,Female,Yes,0,Not Placed,0
8.37,72,71,84,56,84.2,4,3,20,CSE,B.Tech,Tier 1,Tier 3,Female,No,1,Not Placed,0
7.0,81,92,65,60,81.59,1,2,21,ISE,B.Tech,Tier 1,Tier 3,Female,Yes,0,Placed,1
8.43,85,97,74,70,76.97,2,2,23,AI & ML,B.E.,Tier 2,Tier 2,Female,Yes,0,Placed,1
8.28,100,78,54,45,75.52,2,1,21,CSE,B.Tech,Tier 1,Tier 3,Female,Yes,0,Placed,1
9.78,64,57,43,90,96.48,1,4,20,CSE,B.Tech,Tier 2,Tier 2,Male,No,0,Placed,1
8.24,76,74,77,61,75.24,2,2,20,Data Science,B.Tech,Tier 2,Tier 3,Male,No,0,Not Placed,0
8.49,59,89,75,57,79.21,3,0,20,ISE,B.Tech,Tier 2,Tier 3,Male,Yes,0,Placed,1
5.93,65,72,84,60,79.11,0,1,20,ISE,B.Tech,Tier 1,Tier 3,Female,Yes,0,Not Placed,0
7.01,76,60,81,55,83.31,2,2,20,Mechanical,B.E.,Tier 2,Tier 3,Male,No,0,Not Placed,0
8.01,79,70,52,81,73.92,1,2,21,EEE,B.Tech,Tier 3,Tier 3,Male,Yes,0,Placed,1
7.96,64,72,100,68,97.96,2,3,20,ISE,B.E.,Tier 1,Tier 2,Male,Yes,2,Not Placed,0
8.14,55,73,86,62,65.2,0,1,24,CSE,B.Tech,Tier 3,Tier 2,Male,No,1,Not Placed,0
6.26,72,33,51,71,85.61,4,1,21,Data Science,B.E.,Tier 3,Tier 1,Male,Yes,0,Placed,1
7.47,83,75,84,75,78.38,1,2,24,CSE,B.Tech,Tier 2,Tier 1,Male,Yes,0,Placed,1
8.74,67,70,39,81,75.15,4,4,20,CSE,B.Tech,Tier 1,Tier 3,Female,No,2,Placed,1
8.27,79,86,90,75,93.51,1,1,23,Mechanical,B.Tech,Tier 2,Tier 2,Male,Yes,0,Placed,1
8.35,75,86,70,47,68.89,2,1,20,Data Science,B.E.,Tier 1,Tier 2,Male,Yes,2,Placed,1
7.77,66,58,45,62,66.86,2,2,20,ECE,B.Tech,Tier 1,Tier 2,Male,Yes,0,Placed,1
7.99,52,68,59,71,90.19,2,1,21,CSE,B.E.,Tier 1,Tier 2,Female,No,0,Not Placed,0
9.11,59,41,55,69,76.92,0,1,22,Mechanical,B.E.,Tier 1,Tier 2,Male,No,0,Not Placed,0
8.12,73,75,76,87,72.74,1,1,20,CSE,B.Tech,Tier 2,Tier 3,Male,Yes,0,Placed,1
8.9,67,85,77,84,73.9,1,0,21,CSE,B.Tech,Tier 1,Tier 1,Female,No,0,Placed,1
7.73,54,71,78,80,74.68,1,1,24,Civil,B.Tech,Tier 2,Tier 2,Male,Yes,0,Placed,1
9.35,68,92,44,63,87.44,3,3,20,CSE,B.Tech,Tier 2,Tier 3,Female,No,1,Not Placed,0
7.25,74,97,89,98,86.49,6,0,22,CSE,B.Tech,Tier 3,Tier 3,Male,No,2,Placed,1
8.94,79,100,72,80,87.83,2,3,21,ECE,B.Tech,Tier 2,Tier 1,Male,Yes,3,Placed,1
8.7,75,81,68,63,80.3,6,5,22,Data Science,B.E.,Tier 2,Tier 2,Male,No,0,Placed,1
8.33,70,62,87,47,79.62,2,1,24,CSE,B.Tech,Tier 2,Tier 2,Male,No,0,Not Placed,0
8.09,82,98,69,52,90.47,1,1,22,AI & ML,B.Tech,Tier 2,Tier 3,Other,No,0,Not Placed,0
7.45,75,68,61,76,68.36,1,0,22,CSE,B.Tech,Tier 2,Tier 2,Male,No,0,Not Placed,0
6.67,65,74,71,69,77.89,2,2,21,AI & ML,B.Tech,Tier 3,Tier 2,Male,Yes,0,Placed,1
8.7,73,50,64,34,72.93,1,0,24,AI & ML,B.Tech,Tier 2,Tier 3,Male,Yes,1,Placed,1
7.51,47,44,65,45,81.68,3,3,21,CSE,B.Tech,Tier 2,Tier 3,Female,Yes,0,Placed,1
8.71,61,71,33,75,81.04,3,5,21,ISE,B.Tech,Tier 3,Tier 2,Male,Yes,0,Placed,1
7.46,68,66,49,55,87.11,2,3,22,Data Science,B.Tech,Tier 1,Tier 2,Male,Yes,0,Placed,1
6.58,67,62,54,86,70.82,1,2,21,CSE,B.E.,Tier 2,Tier 2,Male,Yes,1,Placed,1
6.95,64,41,51,65,87.83,5,2,20,Mechanical,B.Tech,Tier 3,Tier 1,Male,Yes,0,Not Placed,0
8.21,95,92,82,76,75.22,3,1,20,CSE,B.Tech,Tier 1,Tier 3,Male,No,0,Placed,1
8.47,58,45,55,76,69.09,1,2,24,Mechanical,B.Tech,Tier 2,Tier 2,Male,Yes,0,Placed,1
8.58,71,68,52,67,86.8,2,3,20,Mechanical,B.E.,Tier 2,Tier 3,Female,Yes,0,Placed,1
7.62,53,89,74,72,70.36,0,2,23,Data Science,B.Tech,Tier 1,Tier 2,Female,No,0,Not Placed,0
7.45,85,73,54,69,89.32,1,1,21,ISE,B.Tech,Tier 1,Tier 1,Male,Yes,0,Placed,1
8.37,76,60,53,85,88.18,1,4,21,CSE,B.Tech,Tier 3,Tier 1,Female,No,0,Placed,1
7.42,61,84,52,58,89.07,2,2,20,EEE,B.Tech,Tier 1,Tier 1,Female,Yes,0,Placed,1
7.15,60,61,61,69,85.85,0,1,22,ISE,B.Tech,Tier 1,Tier 1,Male,Yes,0,Placed,1
6.5,52,99,100,55,79.54,1,1,21,CSE,B.Tech,Tier 2,Tier 3,Female,Yes,2,Not Placed,0
9.04,82,100,91,68,96.36,2,2,23,CSE,B.E.,Tier 3,Tier 2,Female,Yes,1,Placed,1
6.9,67,62,51,77,85.39,0,2,24,Data Science,B.Tech,Tier 1,Tier 3,Male,Yes,0,Not Placed,0
8.84,55,95,75,74,84.44,1,0,21,CSE,B.E.,Tier 1,Tier 2,Male,Yes,0,Placed,1
6.51,56,57,72,67,87.96,2,2,22,EEE,B.Tech,Tier 1,Tier 3,Male,Yes,0,Placed,1
7.31,58,74,48,71,79.26,4,1,22,AI & ML,B.E.,Tier 2,Tier 2,Male,Yes,0,Placed,1
7.22,76,71,58,83,98.57,3,1,22,Data Science,B.Tech,Tier 2,Tier 3,Male,Yes,0,Not Placed,0
9.19,77,74,68,97,93.74,2,5,22,ECE,B.Tech,Tier 3,Tier 1,Male,Yes,1,Placed,1
6.07,83,47,51,58,92.87,3,2,21,ECE,B.Tech,Tier 3,Tier 2,Female,Yes,0,Placed,1
6.35,81,71,91,67,87.83,4,4,23,ECE,B.Tech,Tier 3,Tier 1,Male,No,0,Placed,1
7.26,73,67,43,31,80.26,5,1,21,ECE,B.Tech,Tier 2,Tier 2,Male,Yes,0,Placed,1
8.3,75,92,62,50,88.8,3,2,20,Data Science,B.Tech,Tier 1,Tier 2,Male,No,1,Placed,1
5.1,63,31,49,77,86.96,4,1,24,Data Science,B.E.,Tier 3,Tier 2,Male,No,0,Placed,1
8.35,92,69,65,84,84.66,2,1,20,CSE,B.Tech,Tier 1,Tier 3,Female,Yes,0,Not Placed,0
7.79,62,58,50,64,85.85,3,3,21,EEE,B.Tech,Tier 1,Tier 3,Female,Yes,1,Placed,1
7.81,77,100,81,50,74.72,4,3,22,CSE,B.Tech,Tier 1,Tier 3,Male,No,2,Not Placed,0
8.02,61,58,55,65,80.19,3,1,22,AI & ML,B.E.,Tier 1,Tier 2,Male,Yes,0,Placed,1
8.58,72,68,58,58,87.12,2,1,23,AI & ML,B.Tech,Tier 2,Tier 3,Male,No,0,Placed,1
8.4,85,79,74,59,59.9,1,1,24,ISE,B.Tech,Tier 1,Tier 3,Other,Yes,0,Placed,1
7.65,58,89,77,69,92.1,2,0,21,Data Science,B.Tech,Tier 2,Tier 2,Male,No,0,Placed,1
7.79,71,80,71,74,86.32,3,3,21,Mechanical,B.Tech,Tier 1,Tier 1,Male,Yes,2,Placed,1
7.74,96,57,57,44,82.04,3,2,20,ECE,B.E.,Tier 1,Tier 3,Female,Yes,0,Not Placed,0
6.11,59,57,60,56,80.95,3,3,23,CSE,B.Tech,Tier 3,Tier 3,Male,Yes,1,Placed,1
7.93,87,51,54,64,84.9,2,0,22,ECE,B.E.,Tier 3,Tier 3,Female,Yes,0,Not Placed,0
7.43,71,49,55,65,80.89,3,2,23,CSE,B.Tech,Tier 2,Tier 2,Female,No,0,Placed,1
6.41,78,63,59,72,92.26,2,4,23,ECE,B.Tech,Tier 1,Tier 2,Female,No,0,Not Placed,0
7.48,69,62,100,44,80.72,3,3,22,AI & ML,B.Tech,Tier 1,Tier 2,Male,No,1,Not Placed,0
7.51,65,77,49,85,78.59,2,4,21,ECE,B.Tech,Tier 2,Tier 3,Female,No,0,Placed,1
8.02,57,82,88,41,70.08,1,1,22,CSE,B.Tech,Tier 1,Tier 2,Male,Yes,0,Not Placed,0
9.09,100,68,44,77,68.17,0,4,24,EEE,B.Tech,Tier 1,Tier 3,Female,Yes,0,Placed,1
6.75,51,62,44,62,80.34,2,1,21,ECE,B.Tech,Tier 3,Tier 2,Female,Yes,0,Not Placed,0
7.4,82,51,48,57,76.69,1,3,21,Civil,B.Tech,Tier 1,Tier 2,Male,Yes,1,Placed,1
6.57,50,75,90,65,79.56,2,2,24,EEE,B.Tech,Tier 3,Tier 2,Male,Yes,2,Placed,1
8.2,77,99,66,69,86.17,2,2,20,Data Science,B.E.,Tier 1,Tier 2,Female,No,1,Placed,1
8.59,86,64,71,65,66.73,0,2,22,CSE,B.Tech,Tier 1,Tier 2,Female,Yes,0,Not Placed,0
7.77,100,96,68,67,76.83,2,3,21,AI & ML,B.Tech,Tier 1,Tier 3,Female,Yes,0,Placed,1
7.78,70,88,85,69,76.85,3,5,22,Civil,B.Tech,Tier 2,Tier 2,Female,Yes,1,Placed,1
8.76,76,64,59,66,83.02,1,1,24,EEE,B.Tech,Tier 2,Tier 3,Male,Yes,0,Placed,1
10.0,98,85,56,65,81.15,0,0,23,Data Science,B.Tech,Tier 2,Tier 3,Male,Yes,1,Placed,1
6.03,81,73,52,59,62.49,2,2,24,AI & ML,B.E.,Tier 3,Tier 2,Female,Yes,0,Not Placed,0
7.95,99,60,53,79,85.66,3,1,20,AI & ML,B.Tech,Tier 1,Tier 2,Male,Yes,0,Placed,1
7.1,75,56,53,38,77.11,1,3,21,Mechanical,B.Tech,Tier 2,Tier 2,Male,Yes,0,Placed,1
9.36,78,73,68,70,92.45,4,3,22,ECE,B.Tech,Tier 2,Tier 2,Male,No,0,Placed,1
5.48,49,39,26,59,81.41,3,1,23,AI & ML,B.Tech,Tier 3,Tier 2,Male,Yes,0,Not Placed,0
6.43,59,48,72,88,76.0,0,2,20,Data Science,B.Tech,Tier 2,Tier 3,Male,No,0,Not Placed,0
6.64,70,50,75,68,83.1,1,2,24,ECE,B.E.,Tier 2,Tier 2,Male,Yes,0,Placed,1
7.52,72,73,46,68,82.0,2,2,24,ISE,B.Tech,Tier 3,Tier 3,Female,Yes,0,Placed,1
8.21,74,74,91,59,79.45,2,0,22,CSE,B.Tech,Tier 1,Tier 2,Male,No,1,Placed,1
6.74,72,60,47,66,92.09,0,4,20,Civil,B.Tech,Tier 3,Tier 2,Other,No,0,Placed,1
7.78,91,100,86,66,87.89,2,4,24,CSE,B.Tech,Tier 3,Tier 2,Female,Yes,0,Placed,1
6.57,66,37,37,83,64.37,1,2,23,Mechanical,B.Tech,Tier 1,Tier 3,Male,No,0,Not Placed,0
8.39,72,49,41,59,82.12,2,2,24,CSE,B.Tech,Tier 3,Tier 3,Male,Yes,0,Not Placed,0
5.92,39,70,59,39,87.36,2,4,23,AI & ML,B.Tech,Tier 1,Tier 2,Male,No,3,Not Placed,0
8.21,71,98,82,51,87.32,4,4,22,CSE,B.Tech,Tier 1,Tier 1,Male,No,0,Placed,1
7.57,55,20,40,42,90.43,1,3,23,Civil,B.Tech,Tier 3,Tier 1,Male,No,0,Not Placed,0
8.59,81,65,92,82,80.52,2,3,22,Data Science,B.Tech,Tier 2,Tier 2,Male,No,2,Placed,1
7.33,79,35,44,73,89.67,3,2,22,Data Science,B.Tech,Tier 1,Tier 3,Male,No,0,Not Placed,0
7.54,56,52,99,67,82.91,0,1,24,Mechanical,B.Tech,Tier 1,Tier 3,Female,Yes,1,Not Placed,0
7.38,49,59,50,64,77.01,5,2,20,ECE,B.Tech,Tier 2,Tier 1,Male,No,0,Placed,1
8.59,64,57,57,70,85.45,2,1,20,ECE,B.Tech,Tier 1,Tier 2,Male,Yes,2,Not Placed,0
7.35,47,70,50,55,93.71,3,1,20,Mechanical,B.E.,Tier 1,Tier 2,Female,No,0,Placed,1
7.26,70,65,79,65,62.03,1,0,24,EEE,B.Tech,Tier 2,Tier 3,Male,Yes,0,Placed,1
7.94,77,56,47,48,82.19,0,4,21,Civil,B.Tech,Tier 3,Tier 2,Male,Yes,0,Placed,1
7.38,72,89,68,66,83.68,2,0,21,ISE,B.Tech,Tier 1,Tier 3,Female,Yes,1,Not Placed,0
8.92,81,97,70,36,89.49,0,2,21,CSE,B.Tech,Tier 3,Tier 1,Male,No,1,Placed,1
8.7,73,77,74,34,76.81,2,1,21,CSE,B.Tech,Tier 2,Tier 2,Female,No,2,Not Placed,0
6.46,58,64,63,62,80.41,2,4,22,ISE,B.Tech,Tier 2,Tier 3,Female,Yes,0,Not Placed,0
9.06,93,84,79,53,61.66,2,1,21,AI & ML,B.E.,Tier 2,Tier 3,Male,Yes,0,Placed,1
7.78,74,71,64,72,84.46,1,2,22,Data Science,B.E.,Tier 2,Tier 2,Male,No,2,Not Placed,0
8.41,56,64,85,73,90.14,1,0,24,ECE,B.Tech,Tier 1,Tier 3,Female,No,0,Placed,1
8.61,72,80,59,47,95.17,1,3,23,ECE,B.E.,Tier 1,Tier 3,Other,No,0,Placed,1
7.36,74,69,68,51,88.51,4,4,22,CSE,B.Tech,Tier 2,Tier 1,Male,No,0,Placed,1
9.48,56,97,67,31,95.1,4,3,24,Data Science,B.Tech,Tier 3,Tier 3,Male,No,1,Placed,1
7.87,86,81,70,51,89.45,3,2,22,Mechanical,B.Tech,Tier 3,Tier 1,Male,Yes,0,Placed,1
8.38,82,76,45,63,73.05,1,1,23,Data Science,B.E.,Tier 2,Tier 2,Male,Yes,0,Placed,1
8.89,63,86,76,89,83.77,0,1,21,CSE,B.Tech,Tier 1,Tier 2,Female,Yes,0,Placed,1
6.6,77,60,52,47,71.54,1,1,22,ECE,B.Tech,Tier 2,Tier 2,Female,Yes,0,Placed,1
7.77,88,94,70,68,79.83,4,2,22,AI & ML,B.Tech,Tier 2,Tier 2,Female,No,0,Placed,1
8.67,74,85,57,62,81.77,1,0,22,CSE,B.Tech,Tier 2,Tier 2,Female,No,2,Not Placed,0
9.02,60,85,81,39,85.06,3,0,24,CSE,B.E.,Tier 3,Tier 2,Female,No,0,Placed,1
6.9,43,74,60,71,92.16,2,5,20,CSE,B.Tech,Tier 1,Tier 2,Male,No,0,Not Placed,0
6.38,62,63,38,45,89.94,4,2,23,CSE,B.E.,Tier 3,Tier 2,Female,Yes,0,Not Placed,0
8.79,66,93,60,82,92.06,0,1,20,AI & ML,B.Tech,Tier 2,Tier 3,Female,No,1,Not Placed,0
7.1,54,66,55,72,80.8,1,3,24,Mechanical,B.Tech,Tier 3,Tier 2,Female,No,1,Placed,1
7.45,73,78,80,55,58.17,1,2,20,Mechanical,B.Tech,Tier 2,Tier 2,Male,No,0,Not Placed,0
9.44,69,87,76,78,91.48,2,1,23,Data Science,B.Tech,Tier 3,Tier 2,Male,No,0,Placed,1
7.95,64,66,56,81,93.07,3,0,21,ISE,B.Tech,Tier 2,Tier 3,Female,Yes,1,Placed,1
8.0,70,63,65,51,84.7,2,5,24,Mechanical,B.Tech,Tier 2,Tier 3,Female,No,0,Placed,1
6.6,84,53,81,62,84.72,5,0,22,ISE,B.E.,Tier 3,Tier 3,Male,Yes,3,Placed,1
7.44,44,41,28,77,75.62,0,1,20,CSE,B.Tech,Tier 1,Tier 3,Male,Yes,0,Not Placed,0
7.76,69,83,84,51,78.68,1,2,23,ECE,B.Tech,Tier 3,Tier 2,Male,Yes,0,Not Placed,0
8.02,69,53,76,59,92.84,1,1,24,CSE,B.Tech,Tier 1,Tier 1,Male,No,1,Not Placed,0
7.29,54,30,85,74,83.54,3,3,24,EEE,B.Tech,Tier 2,Tier 2,Male,No,1,Not Placed,0
6.38,59,52,74,88,76.97,3,4,20,ECE,B.E.,Tier 1,Tier 2,Male,Yes,0,Not Placed,0
7.89,69,86,70,77,86.84,3,4,23,CSE,B.Tech,Tier 2,Tier 1,Male,Yes,0,Placed,1
7.28,74,67,59,62,96.6,1,0,22,CSE,B.Tech,Tier 2,Tier 1,Male,No,3,Not Placed,0
8.97,64,58,57,67,87.95,4,1,23,ECE,B.E.,Tier 2,Tier 1,Male,Yes,0,Placed,1
8.49,55,59,49,88,80.61,4,0,21,AI & ML,B.Tech,Tier 3,Tier 2,Female,No,0,Placed,1
7.59,71,68,87,44,78.56,1,1,21,CSE,B.Tech,Tier 3,Tier 3,Female,No,0,Placed,1
9.09,80,77,43,78,85.34,0,1,24,AI & ML,B.Tech,Tier 2,Tier 2,Male,No,0,Placed,1
9.89,79,100,69,79,85.68,1,3,20,CSE,B.Tech,Tier 2,Tier 3,Female,Yes,2,Placed,1
6.86,57,89,68,86,93.69,4,1,24,Data Science,B.Tech,Tier 1,Tier 2,Male,No,0,Placed,1
8.96,56,68,80,61,93.76,0,0,23,Data Science,B.Tech,Tier 1,Tier 2,Male,No,0,Placed,1
6.52,65,73,73,62,68.09,2,3,21,Data Science,B.Tech,Tier 1,Tier 1,Female,Yes,0,Not Placed,0
8.47,87,78,62,74,79.6,0,4,23,ECE,B.Tech,Tier 2,Tier 1,Male,Yes,1,Placed,1
8.45,78,64,80,55,65.79,2,1,21,Civil,B.E.,Tier 1,Tier 1,Other,Yes,0,Placed,1
8.16,80,80,62,52,90.38,0,3,20,CSE,B.Tech,Tier 3,Tier 3,Female,Yes,0,Placed,1
7.57,46,64,67,48,81.82,1,1,21,AI & ML,B.E.,Tier 3,Tier 3,Male,No,3,Not Placed,0
7.8,49,100,61,51,82.27,3,2,24,Mechanical,B.Tech,Tier 3,Tier 2,Male,Yes,0,Not Placed,0
9.21,81,95,95,79,74.96,0,2,21,Data Science,B.Tech,Tier 1,Tier 2,Female,Yes,0,Placed,1
9.1,74,100,90,72,79.29,2,2,24,Data Science,B.Tech,Tier 2,Tier 2,Male,Yes,0,Not Placed,0
8.18,50,60,84,68,81.07,1,0,22,Data Science,B.E.,Tier 2,Tier 2,Female,No,0,Placed,1
7.17,65,68,47,66,81.68,0,2,22,AI & ML,B.E.,Tier 2,Tier 2,Male,Yes,0,Placed,1
8.44,83,85,67,62,71.94,1,2,23,AI & ML,B.Tech,Tier 1,Tier 2,Female,No,0,Placed,1
7.59,56,84,77,61,77.8,4,0,21,AI & ML,B.Tech,Tier 1,Tier 2,Male,No,0,Placed,1
8.25,82,88,49,70,89.5,2,1,23,CSE,B.Tech,Tier 3,Tier 3,Female,No,0,Not Placed,0
8.99,87,45,56,74,81.96,2,1,21,ECE,B.Tech,Tier 2,Tier 1,Female,No,0,Placed,1
7.72,92,54,59,58,91.03,4,1,22,Data Science,B.Tech,Tier 2,Tier 2,Female,Yes,0,Placed,1
7.96,61,53,51,83,88.0,6,2,23,EEE,B.Tech,Tier 2,Tier 2,Male,Yes,0,Placed,1
8.87,85,63,74,61,74.63,2,1,24,EEE,B.E.,Tier 3,Tier 1,Male,Yes,0,Placed,1
9.34,92,81,56,60,76.31,1,0,24,CSE,B.Tech,Tier 3,Tier 2,Male,Yes,0,Placed,1
8.35,62,63,74,68,90.39,3,2,22,EEE,B.E.,Tier 2,Tier 3,Female,Yes,1,Placed,1
8.36,51,89,36,69,90.98,3,2,23,AI & ML,B.Tech,Tier 2,Tier 2,Female,No,3,Not Placed,0
7.98,54,66,60,65,85.87,2,2,23,ISE,B.Tech,Tier 2,Tier 1,Female,Yes,0,Placed,1
8.28,59,97,65,72,73.28,1,4,23,CSE,B.Tech,Tier 2,Tier 3,Female,Yes,0,Not Placed,0
8.88,76,60,77,57,86.26,3,1,21,AI & ML,B.Tech,Tier 1,Tier 2,Female,No,0,Placed,1
7.71,65,87,83,83,85.22,1,3,20,CSE,B.Tech,Tier 3,Tier 2,Male,Yes,0,Placed,1
9.32,92,83,60,56,81.12,4,3,21,CSE,B.Tech,Tier 2,Tier 2,Female,No,0,Placed,1
8.15,64,94,76,68,79.3,1,0,21,CSE,B.Tech,Tier 1,Tier 2,Male,No,0,Not Placed,0
7.88,63,69,51,62,76.64,2,1,24,CSE,B.Tech,Tier 2,Tier 3,Male,No,0,Not Placed,0
7.62,66,87,82,50,71.39,2,1,20,EEE,B.Tech,Tier 1,Tier 3,Male,Yes,0,Not Placed,0
8.34,70,81,66,85,67.91,3,4,24,ISE,B.E.,Tier 1,Tier 3,Male,Yes,1,Placed,1
7.29,74,74,74,58,95.55,6,3,21,Civil,B.Tech,Tier 2,Tier 3,Male,No,0,Not Placed,0
7.37,59,97,81,73,99.24,5,4,21,CSE,B.Tech,Tier 2,Tier 2,Male,No,0,Placed,1
7.58,71,71,71,70,80.34,4,0,20,Data Science,B.Tech,Tier 1,Tier 2,Male,No,0,Placed,1
9.92,96,81,76,54,63.94,3,1,20,ISE,B.Tech,Tier 2,Tier 3,Male,No,0,Placed,1
7.65,73,100,70,81,85.15,3,3,22,CSE,B.E.,Tier 2,Tier 2,Male,Yes,0,Placed,1
6.35,77,82,59,65,72.59,2,2,23,Data Science,B.Tech,Tier 1,Tier 2,Male,No,0,Placed,1
7.48,61,81,74,60,87.3,0,2,22,CSE,B.Tech,Tier 1,Tier 2,Male,Yes,0,Placed,1
9.24,65,63,52,65,76.87,0,0,22,EEE,B.Tech,Tier 1,Tier 3,Male,No,2,Not Placed,0
7.49,61,66,53,76,81.59,3,1,21,Data Science,B.E.,Tier 2,Tier 2,Other,Yes,0,Placed,1
7.94,69,86,57,58,87.74,1,0,23,CSE,B.Tech,Tier 1,Tier 2,Male,No,1,Not Placed,0
6.52,49,84,93,98,92.07,3,2,24,CSE,B.Tech,Tier 3,Tier 2,Male,No,1,Placed,1
7.87,62,95,55,74,67.38,1,1,21,CSE,B.Tech,Tier 2,Tier 1,Male,Yes,0,Placed,1
8.02,79,63,61,74,70.42,1,2,22,ISE,B.E.,Tier 3,Tier 3,Male,Yes,0,Placed,1
5.77,38,60,62,43,79.57,1,4,20,ISE,B.Tech,Tier 2,Tier 2,Male,Yes,0,Not Placed,0
8.62,60,76,55,78,83.01,4,2,22,CSE,B.E.,Tier 2,Tier 2,Male,No,1,Placed,1
7.1,60,46,46,55,78.26,1,6,23,EEE,B.E.,Tier 2,Tier 2,Female,No,0,Not Placed,0
7.94,91,84,40,75,67.23,2,0,20,CSE,B.Tech,Tier 3,Tier 3,Female,Yes,1,Placed,1
6.91,83,69,61,76,70.79,6,0,23,ECE,B.Tech,Tier 2,Tier 3,Male,Yes,0,Placed,1
8.03,68,63,52,32,74.58,3,2,20,Civil,B.E.,Tier 1,Tier 3,Female,Yes,0,Not Placed,0
6.12,54,65,80,48,78.81,2,1,24,ECE,B.Tech,Tier 2,Tier 1,Other,Yes,0,Placed,1
9.05,94,67,67,41,79.21,3,2,23,ECE,B.Tech,Tier 2,Tier 3,Female,Yes,0,Placed,1
6.72,45,61,32,58,96.53,4,2,22,Mechanical,B.E.,Tier 2,Tier 2,Male,No,0,Not Placed,0
7.87,78,83,62,66,87.76,4,2,20,Data Science,B.Tech,Tier 3,Tier 2,Other,Yes,2,Placed,1
7.89,60,82,54,57,70.15,0,2,23,EEE,B.Tech,Tier 2,Tier 2,Male,No,0,Not Placed,0
7.03,61,54,60,74,80.61,1,3,20,ISE,B.Tech,Tier 1,Tier 3,Male,Yes,2,Not Placed,0
7.63,57,55,58,65,93.47,1,0,22,Mechanical,B.Tech,Tier 3,Tier 1,Male,Yes,0,Placed,1
6.42,57,58,72,49,65.26,4,5,24,AI & ML,B.E.,Tier 3,Tier 3,Other,Yes,1,Not Placed,0
8.73,63,100,67,68,76.96,3,0,21,CSE,B.Tech,Tier 2,Tier 1,Male,No,1,Placed,1
9.05,77,80,39,75,80.64,2,3,20,EEE,B.Tech,Tier 2,Tier 3,Male,No,1,Placed,1
8.85,75,78,96,70,81.67,3,1,23,EEE,B.Tech,Tier 2,Tier 1,Male,No,0,Placed,1
8.47,58,85,86,43,88.25,1,2,21,EEE,B.E.,Tier 1,Tier 1,Male,No,1,Not Placed,0
7.79,93,73,53,77,71.09,1,3,23,ISE,B.Tech,Tier 1,Tier 3,Male,No,1,Placed,1
6.93,62,88,57,72,90.78,2,2,20,CSE,B.Tech,Tier 2,Tier 2,Male,No,0,Not Placed,0
7.15,55,62,84,78,91.38,1,5,21,CSE,B.E.,Tier 1,Tier 2,Male,Yes,3,Not Placed,0
6.9,78,72,65,61,79.54,0,2,23,Data Science,B.E.,Tier 2,Tier 3,Female,Yes,0,Not Placed,0
7.44,66,51,56,83,81.38,4,3,22,CSE,B.Tech,Tier 1,Tier 3,Male,Yes,0,Placed,1
8.69,74,92,72,66,74.8,1,2,23,CSE,B.Tech,Tier 2,Tier 1,Male,Yes,0,Placed,1
7.62,99,75,69,73,88.87,0,2,21,CSE,B.E.,Tier 3,Tier 1,Female,No,0,Placed,1
9.06,77,63,81,43,83.75,1,1,22,CSE,B.Tech,Tier 3,Tier 2,Male,No,0,Placed,1
7.54,48,83,32,53,87.07,2,2,24,EEE,B.Tech,Tier 2,Tier 3,Male,Yes,0,Not Placed,0
8.68,69,58,56,30,85.51,3,4,22,CSE,B.Tech,Tier 3,Tier 2,Female,No,0,Placed,1
7.89,63,83,58,58,90.61,2,2,24,ISE,B.E.,Tier 3,Tier 3,Male,No,1,Placed,1
7.11,71,100,59,61,76.41,1,1,23,AI & ML,B.Tech,Tier 2,Tier 2,Male,No,0,Not Placed,0
7.68,61,96,83,66,85.1,1,1,22,CSE,B.Tech,Tier 2,Tier 2,Male,Yes,0,Placed,1
8.99,64,84,47,65,79.63,2,1,24,EEE,B.E.,Tier 1,Tier 3,Male,Yes,0,Placed,1
9.39,93,83,100,44,72.51,2,5,24,AI & ML,B.E.,Tier 2,Tier 1,Male,Yes,0,Placed,1
7.18,81,55,53,72,93.17,0,2,21,Data Science,B.E.,Tier 3,Tier 2,Female,No,0,Placed,1
7.03,58,28,56,81,76.13,0,0,21,ECE,B.Tech,Tier 1,Tier 3,Female,Yes,0,Not Placed,0
7.61,79,58,55,61,79.51,0,4,22,Data Science,B.Tech,Tier 2,Tier 3,Male,No,1,Not Placed,0
6.82,72,75,54,50,93.5,2,2,22,CSE,B.E.,Tier 1,Tier 3,Female,Yes,2,Not Placed,0
7.15,60,72,53,48,86.05,1,5,23,AI & ML,B.E.,Tier 2,Tier 3,Male,Yes,2,Not Placed,0
7.97,83,73,46,74,75.59,3,0,24,Data Science,B.Tech,Tier 1,Tier 1,Male,Yes,1,Not Placed,0
7.85,78,97,81,51,66.1,0,2,24,Mechanical,B.E.,Tier 2,Tier 1,Male,No,1,Not Placed,0
7.61,78,75,70,51,85.46,1,1,21,AI & ML,B.Tech,Tier 2,Tier 2,Male,Yes,0,Not Placed,0
7.41,71,86,100,69,71.28,1,1,20,CSE,B.E.,Tier 2,Tier 1,Male,No,0,Not Placed,0
8.37,80,79,81,45,76.08,2,4,24,Data Science,B.Tech,Tier 3,Tier 2,Female,No,1,Not Placed,0
7.13,74,72,43,45,92.93,3,3,24,ECE,B.Tech,Tier 2,Tier 2,Female,Yes,0,Placed,1
8.14,64,66,100,63,96.07,1,0,23,ECE,B.Tech,Tier 3,Tier 1,Female,Yes,1,Placed,1
8.07,67,83,44,66,78.2,2,5,20,ISE,B.E.,Tier 2,Tier 2,Male,Yes,1,Placed,1
7.47,54,88,66,59,82.49,5,2,20,CSE,B.Tech,Tier 2,Tier 2,Male,No,0,Placed,1
7.38,62,86,70,59,79.98,2,0,23,CSE,B.Tech,Tier 2,Tier 3,Male,Yes,3,Not Placed,0
8.27,67,74,73,84,94.96,1,0,21,AI & ML,B.Tech,Tier 1,Tier 3,Male,Yes,1,Placed,1
8.23,73,85,53,36,83.61,1,1,21,CSE,B.Tech,Tier 1,Tier 3,Male,Yes,0,Placed,1
7.49,61,84,91,62,91.59,3,2,24,CSE,B.Tech,Tier 1,Tier 2,Female,No,0,Placed,1
7.36,65,76,80,85,78.91,4,0,24,CSE,B.Tech,Tier 2,Tier 2,Female,No,0,Placed,1
6.18,77,87,100,66,92.41,1,1,21,Data Science,B.Tech,Tier 3,Tier 2,Female,No,0,Not Placed,0
8.09,93,55,82,61,76.72,3,2,21,Mechanical,B.Tech,Tier 2,Tier 3,Male,No,0,Placed,1
9.2,75,72,89,54,75.39,2,2,24,ECE,B.Tech,Tier 2,Tier 3,Male,Yes,0,Placed,1
7.85,38,85,78,75,73.88,4,1,24,AI & ML,B.Tech,Tier 2,Tier 2,Male,Yes,0,Placed,1
7.56,58,62,70,47,84.77,2,3,23,Data Science,B.Tech,Tier 1,Tier 2,Male,Yes,2,Placed,1
6.29,78,50,57,66,77.05,2,0,21,CSE,B.Tech,Tier 1,Tier 1,Male,No,0,Not Placed,0
6.45,68,71,62,81,90.6,1,1,24,AI & ML,B.Tech,Tier 2,Tier 2,Male,Yes,0,Not Placed,0
8.16,50,60,67,65,84.09,5,2,23,EEE,B.Tech,Tier 2,Tier 1,Female,No,0,Placed,1
6.24,63,68,65,74,94.29,2,2,24,Mechanical,B.Tech,Tier 1,Tier 1,Female,No,0,Not Placed,0
6.74,56,48,66,48,99.0,1,2,20,ISE,B.Tech,Tier 3,Tier 3,Male,No,0,Not Placed,0
7.27,78,85,55,43,91.47,1,1,22,CSE,B.Tech,Tier 2,Tier 2,Male,No,0,Not Placed,0
7.06,88,42,51,57,83.87,1,3,20,CSE,B.E.,Tier 1,Tier 1,Female,Yes,0,Not Placed,0
8.32,59,87,69,59,60.99,2,2,21,ISE,B.Tech,Tier 3,Tier 1,Female,No,0,Placed,1
7.2,71,92,72,67,83.94,3,1,21,ISE,B.Tech,Tier 1,Tier 2,Male,No,0,Placed,1
10.0,65,94,66,77,73.43,4,1,22,ECE,B.Tech,Tier 2,Tier 2,Male,No,1,Placed,1
8.14,81,94,81,77,67.62,1,2,22,Data Science,B.Tech,Tier 2,Tier 3,Male,No,0,Not Placed,0
8.88,42,74,54,76,68.58,1,1,23,CSE,B.Tech,Tier 2,Tier 3,Male,Yes,0,Placed,1
8.08,71,79,52,71,83.32,1,1,21,CSE,B.Tech,Tier 1,Tier 3,Male,Yes,0,Not Placed,0
6.44,61,46,22,81,79.92,2,3,21,ECE,B.Tech,Tier 2,Tier 2,Male,Yes,2,Placed,1
8.54,69,83,47,77,73.39,1,1,21,Data Science,B.Tech,Tier 2,Tier 1,Male,No,0,Not Placed,0
9.14,67,77,62,65,74.39,2,2,24,Mechanical,B.Tech,Tier 2,Tier 2,Female,Yes,1,Placed,1
8.83,70,55,64,50,89.61,0,4,22,CSE,B.E.,Tier 2,Tier 3,Male,Yes,0,Not Placed,0
7.16,81,66,73,100,98.91,2,1,21,AI & ML,B.E.,Tier 2,Tier 2,Male,Yes,0,Placed,1
6.52,38,69,67,73,74.87,2,0,21,ISE,B.E.,Tier 2,Tier 3,Other,No,0,Placed,1
7.98,75,48,58,60,93.37,1,4,22,Data Science,B.Tech,Tier 2,Tier 2,Female,No,0,Placed,1
7.54,59,82,77,69,78.27,0,3,23,EEE,B.Tech,Tier 2,Tier 2,Female,Yes,2,Not Placed,0
7.59,70,62,45,65,78.6,1,1,20,CSE,B.Tech,Tier 1,Tier 3,Female,No,0,Not Placed,0
8.38,86,71,78,68,90.77,1,2,20,Civil,B.Tech,Tier 1,Tier 3,Male,Yes,0,Placed,1
8.4,77,59,57,65,93.49,1,2,21,Mechanical,B.Tech,Tier 2,Tier 1,Male,Yes,0,Placed,1
9.49,75,100,58,54,84.17,4,0,24,ISE,B.Tech,Tier 2,Tier 3,Male,No,2,Placed,1
6.31,54,64,72,36,85.81,1,2,24,AI & ML,B.Tech,Tier 3,Tier 3,Other,No,2,Not Placed,0
8.12,51,78,49,61,81.54,0,4,21,Data Science,B.Tech,Tier 2,Tier 1,Female,Yes,1,Placed,1
8.08,78,36,55,89,82.55,3,2,24,ECE,B.Tech,Tier 3,Tier 2,Female,No,0,Not Placed,0
6.7,60,52,25,84,74.83,4,2,22,ECE,B.E.,Tier 2,Tier 3,Female,Yes,3,Placed,1
7.26,74,71,100,72,81.64,5,0,20,ISE,B.Tech,Tier 2,Tier 3,Male,No,0,Placed,1
8.59,70,49,67,82,81.52,5,5,20,ECE,B.Tech,Tier 2,Tier 2,Female,Yes,0,Placed,1
7.74,74,62,71,63,76.59,3,4,22,Data Science,B.Tech,Tier 2,Tier 3,Male,Yes,0,Placed,1
9.58,58,79,71,57,81.38,1,5,22,CSE,B.Tech,Tier 2,Tier 2,Male,Yes,0,Placed,1
6.87,81,71,61,70,100.0,4,2,22,Civil,B.Tech,Tier 1,Tier 3,Male,Yes,0,Not Placed,0
8.81,50,64,58,56,88.51,1,3,24,Civil,B.Tech,Tier 3,Tier 1,Male,No,3,Placed,1
8.23,76,100,80,75,77.05,1,2,22,CSE,B.Tech,Tier 1,Tier 2,Male,Yes,0,Placed,1
8.42,76,90,100,62,86.13,2,3,23,AI & ML,B.E.,Tier 2,Tier 2,Female,No,0,Placed,1
9.18,84,89,67,62,94.93,3,1,24,CSE,B.E.,Tier 2,Tier 1,Male,Yes,0,Placed,1
8.44,76,83,88,46,69.28,3,2,21,CSE,B.Tech,Tier 3,Tier 2,Male,No,1,Placed,1
7.89,53,91,60,60,79.32,4,3,22,AI & ML,B.Tech,Tier 3,Tier 1,Male,Yes,0,Placed,1
7.99,70,59,84,91,84.47,2,1,21,Mechanical,B.Tech,Tier 2,Tier 2,Male,No,0,Not Placed,0
8.08,73,75,80,59,75.56,1,5,23,EEE,B.Tech,Tier 2,Tier 1,Male,No,1,Not Placed,0
8.86,76,100,70,54,84.82,0,3,21,CSE,B.E.,Tier 3,Tier 2,Male,Yes,0,Placed,1
6.76,68,58,79,91,86.65,2,4,21,CSE,B.Tech,Tier 2,Tier 2,Female,Yes,0,Placed,1
8.42,80,77,71,43,88.53,5,1,24,ECE,B.E.,Tier 2,Tier 3,Male,Yes,0,Placed,1
7.57,58,61,58,73,80.58,3,3,21,AI & ML,B.Tech,Tier 3,Tier 2,Female,Yes,0,Placed,1
8.34,79,55,72,58,81.47,2,2,23,EEE,B.E.,Tier 3,Tier 1,Female,No,2,Placed,1
6.44,70,43,43,70,91.23,2,1,20,CSE,B.Tech,Tier 2,Tier 2,Male,No,1,Not Placed,0
9.3,82,98,86,66,81.02,3,2,21,CSE,B.Tech,Tier 2,Tier 3,Male,Yes,2,Placed,1
8.34,74,80,68,70,87.7,2,1,22,ECE,B.Tech,Tier 1,Tier 1,Male,No,0,Placed,1
8.4,63,69,64,64,89.69,2,3,23,ECE,B.E.,Tier 2,Tier 2,Male,No,1,Not Placed,0
8.35,88,54,50,69,87.43,0,2,21,EEE,B.Tech,Tier 1,Tier 3,Male,No,0,Not Placed,0
9.14,77,59,75,55,89.32,2,1,22,Data Science,B.Tech,Tier 1,Tier 1,Female,Yes,0,Placed,1
8.5,41,78,99,70,77.96,0,5,23,AI & ML,B.Tech,Tier 2,Tier 2,Female,No,1,Not Placed,0
6.55,76,60,46,45,89.64,4,2,22,AI & ML,B.E.,Tier 2,Tier 3,Male,No,0,Placed,1
8.56,67,71,46,65,77.55,5,2,22,ISE,B.Tech,Tier 2,Tier 1,Male,No,2,Placed,1
8.37,71,51,70,57,76.67,1,4,22,ECE,B.E.,Tier 2,Tier 3,Male,Yes,0,Not Placed,0
7.53,79,52,74,81,91.79,3,4,23,Data Science,B.E.,Tier 3,Tier 2,Female,Yes,0,Not Placed,0
6.93,64,83,51,56,90.68,4,0,24,CSE,B.Tech,Tier 1,Tier 3,Female,Yes,0,Placed,1
10.0,88,83,74,73,83.62,0,1,24,Civil,B.Tech,Tier 1,Tier 3,Male,Yes,2,Placed,1
7.09,52,70,51,85,75.77,3,2,23,EEE,B.Tech,Tier 2,Tier 2,Male,No,0,Placed,1
8.1,65,96,28,96,81.44,2,3,23,Data Science,B.Tech,Tier 3,Tier 2,Female,No,0,Placed,1
7.99,68,73,80,81,78.48,2,2,22,AI & ML,B.Tech,Tier 2,Tier 2,Female,Yes,0,Not Placed,0
7.78,62,65,65,89,72.04,2,1,23,CSE,B.Tech,Tier 2,Tier 3,Female,Yes,0,Placed,1
6.3,53,51,52,86,67.75,1,3,21,CSE,B.Tech,Tier 1,Tier 2,Male,Yes,0,Placed,1
7.34,67,92,100,79,82.9,1,2,21,EEE,B.Tech,Tier 2,Tier 3,Female,Yes,0,Placed,1
7.03,44,65,40,55,85.14,2,3,21,ISE,B.Tech,Tier 1,Tier 1,Female,No,1,Not Placed,0
6.67,67,89,62,66,84.6,2,3,22,CSE,B.E.,Tier 2,Tier 2,Male,Yes,0,Not Placed,0
8.03,82,76,61,54,85.71,2,1,21,CSE,B.Tech,Tier 3,Tier 2,Male,Yes,2,Not Placed,0
6.22,66,51,57,49,87.45,4,3,21,CSE,B.Tech,Tier 2,Tier 3,Male,Yes,2,Placed,1
8.05,58,60,55,59,79.31,2,5,20,Mechanical,B.Tech,Tier 2,Tier 1,Female,No,0,Placed,1
9.6,76,100,79,100,87.72,0,2,21,CSE,B.Tech,Tier 1,Tier 1,Male,No,0,Placed,1
7.02,49,70,76,62,76.14,1,1,24,EEE,B.Tech,Tier 3,Tier 2,Male,Yes,0,Not Placed,0
7.73,63,44,51,57,73.57,2,2,20,ECE,B.E.,Tier 3,Tier 3,Female,Yes,0,Not Placed,0
8.6,59,42,44,51,83.63,3,1,21,ECE,B.E.,Tier 1,Tier 2,Female,Yes,0,Placed,1
8.07,83,84,60,80,88.57,0,4,21,CSE,B.E.,Tier 1,Tier 2,Male,No,0,Placed,1
8.26,82,73,72,56,72.34,2,2,24,CSE,B.Tech,Tier 2,Tier 2,Female,No,0,Placed,1
8.63,78,73,68,82,84.16,2,1,20,ISE,B.Tech,Tier 2,Tier 2,Female,Yes,0,Not Placed,0
8.13,66,86,84,76,84.84,1,2,21,AI & ML,B.Tech,Tier 1,Tier 2,Male,No,0,Placed,1
7.85,56,66,77,80,73.3,1,3,23,CSE,B.Tech,Tier 2,Tier 1,Male,Yes,0,Placed,1
8.32,62,89,90,67,80.43,1,1,21,Civil,B.E.,Tier 2,Tier 1,Male,No,1,Placed,1
7.78,66,91,71,47,89.72,2,5,24,AI & ML,B.Tech,Tier 3,Tier 2,Male,No,0,Placed,1
8.66,87,75,29,80,83.72,2,0,24,EEE,B.Tech,Tier 2,Tier 1,Female,Yes,1,Placed,1
7.15,68,75,44,58,85.92,1,0,20,AI & ML,B.Tech,Tier 1,Tier 3,Female,No,0,Not Placed,0
7.3,75,100,62,81,91.6,5,0,21,Data Science,B.Tech,Tier 2,Tier 3,Female,Yes,0,Placed,1
5.78,53,61,71,98,75.06,3,3,20,CSE,B.Tech,Tier 1,Tier 3,Male,No,1,Not Placed,0
7.35,58,77,61,50,87.11,1,0,21,Civil,B.Tech,Tier 2,Tier 2,Female,Yes,0,Placed,1
6.34,57,64,60,58,75.68,2,0,24,Civil,B.E.,Tier 1,Tier 3,Male,No,0,Not Placed,0
6.64,67,56,61,63,85.18,1,5,23,ISE,B.E.,Tier 2,Tier 1,Male,Yes,0,Not Placed,0
7.08,62,75,78,86,74.55,1,2,22,ISE,B.E.,Tier 3,Tier 2,Female,No,1,Not Placed,0
7.56,75,87,79,55,86.6,3,3,20,CSE,B.Tech,Tier 1,Tier 2,Male,No,0,Placed,1
7.97,66,98,94,46,83.69,1,1,24,CSE,B.E.,Tier 3,Tier 3,Male,Yes,2,Not Placed,0
8.26,54,55,52,77,92.79,1,3,22,Civil,B.E.,Tier 1,Tier 2,Female,Yes,0,Not Placed,0
7.41,55,100,64,58,91.78,3,4,20,CSE,B.E.,Tier 3,Tier 3,Male,No,0,Not Placed,0
7.9,57,62,65,64,79.45,3,2,21,ECE,B.Tech,Tier 3,Tier 2,Male,Yes,1,Not Placed,0
7.31,68,49,57,45,86.56,1,1,23,Data Science,B.E.,Tier 2,Tier 3,Female,No,1,Not Placed,0
8.25,66,61,37,59,84.0,2,4,22,Civil,B.Tech,Tier 2,Tier 2,Female,No,1,Placed,1
6.98,61,73,52,49,79.91,3,0,24,CSE,B.Tech,Tier 1,Tier 1,Female,No,0,Placed,1
9.54,82,96,83,61,86.85,2,2,22,CSE,B.E.,Tier 2,Tier 2,Male,No,0,Placed,1
7.3,70,74,65,83,78.09,2,0,21,Mechanical,B.E.,Tier 3,Tier 2,Male,No,1,Placed,1
6.58,45,65,61,70,83.87,6,3,20,Data Science,B.Tech,Tier 2,Tier 3,Female,No,0,Placed,1
8.6,62,79,70,91,100.0,2,4,22,Mechanical,B.Tech,Tier 2,Tier 3,Male,Yes,0,Placed,1
7.57,87,61,67,58,73.64,3,2,24,AI & ML,B.E.,Tier 1,Tier 2,Male,Yes,0,Placed,1
7.88,53,65,61,54,88.56,4,3,20,CSE,B.Tech,Tier 2,Tier 2,Male,Yes,0,Not Placed,0
8.92,62,72,60,78,83.85,1,2,20,Civil,B.Tech,Tier 3,Tier 3,Male,Yes,0,Placed,1
7.61,65,29,59,77,86.92,4,1,24,ECE,B.E.,Tier 2,Tier 2,Female,Yes,0,Placed,1
8.24,61,78,55,89,78.57,2,1,21,Data Science,B.Tech,Tier 2,Tier 3,Male,Yes,0,Placed,1
7.55,72,67,61,43,73.32,0,3,20,CSE,B.Tech,Tier 3,Tier 2,Male,Yes,2,Not Placed,0
6.6,72,80,82,61,81.97,3,4,22,AI & ML,B.Tech,Tier 2,Tier 3,Female,Yes,1,Placed,1
7.51,68,90,30,67,78.6,6,0,21,AI & ML,B.E.,Tier 2,Tier 1,Male,Yes,0,Not Placed,0
6.44,53,100,83,52,83.23,2,1,22,AI & ML,B.Tech,Tier 3,Tier 2,Female,Yes,0,Placed,1
7.38,50,55,64,42,73.89,3,2,23,CSE,B.Tech,Tier 2,Tier 2,Male,Yes,1,Placed,1
6.76,73,62,70,82,91.91,3,2,22,CSE,B.E.,Tier 3,Tier 2,Other,Yes,0,Placed,1
7.68,77,83,65,69,92.3,3,3,22,EEE,B.Tech,Tier 1,Tier 2,Male,Yes,0,Placed,1
7.37,70,82,100,59,83.77,0,0,24,ECE,B.E.,Tier 1,Tier 2,Female,Yes,0,Placed,1
7.46,52,81,80,100,92.24,4,2,22,Data Science,B.Tech,Tier 1,Tier 3,Male,No,0,Not Placed,0
8.88,70,51,71,64,89.13,3,2,23,CSE,B.E.,Tier 1,Tier 2,Male,Yes,1,Placed,1
7.49,58,51,48,51,75.03,6,1,24,Civil,B.Tech,Tier 2,Tier 2,Male,No,0,Not Placed,0
7.13,49,58,45,55,67.83,3,1,23,ECE,B.E.,Tier 1,Tier 3,Female,Yes,0,Placed,1
7.52,83,97,71,50,77.85,0,5,22,CSE,B.Tech,Tier 2,Tier 2,Male,No,0,Placed,1
8.25,68,50,71,44,70.16,4,1,20,Data Science,B.Tech,Tier 3,Tier 3,Male,Yes,0,Not Placed,0
8.78,77,84,59,64,84.3,2,0,20,CSE,B.Tech,Tier 3,Tier 3,Female,No,0,Placed,1
7.44,73,84,50,72,74.08,2,0,24,Data Science,B.Tech,Tier 2,Tier 3,Male,No,1,Not Placed,0
8.72,71,92,92,67,97.95,2,5,23,AI & ML,B.Tech,Tier 2,Tier 3,Male,No,0,Not Placed,0
8.3,67,91,64,72,75.55,2,3,22,AI & ML,B.Tech,Tier 3,Tier 3,Male,Yes,0,Placed,1
7.99,74,75,50,68,87.5,4,0,20,Civil,B.Tech,Tier 2,Tier 1,Male,Yes,0,Placed,1
7.98,73,63,50,73,87.31,2,3,21,CSE,B.Tech,Tier 1,Tier 1,Female,Yes,3,Placed,1
7.75,59,79,58,63,81.77,1,1,24,Mechanical,B.Tech,Tier 2,Tier 2,Male,No,0,Not Placed,0
6.95,55,53,58,78,82.26,3,2,23,Civil,B.E.,Tier 1,Tier 2,Male,No,0,Not Placed,0
8.36,67,75,65,64,97.72,0,0,21,ECE,B.E.,Tier 3,Tier 2,Male,No,0,Placed,1
6.24,78,59,72,85,79.16,4,3,21,ECE,B.Tech,Tier 2,Tier 2,Female,Yes,0,Not Placed,0
7.6,43,56,67,55,82.33,1,5,20,CSE,B.Tech,Tier 2,Tier 2,Female,No,0,Not Placed,0
9.95,95,85,76,86,66.64,1,0,22,AI & ML,B.E.,Tier 1,Tier 3,Male,Yes,0,Placed,1
8.32,72,48,80,84,66.21,3,4,20,CSE,B.Tech,Tier 2,Tier 3,Male,Yes,0,Placed,1
9.27,100,91,76,40,78.39,2,2,20,Data Science,B.Tech,Tier 1,Tier 2,Male,Yes,0,Placed,1
7.49,78,45,64,74,76.22,4,7,21,CSE,B.Tech,Tier 2,Tier 2,Male,Yes,1,Not Placed,0
7.76,82,74,91,67,80.03,3,0,23,Data Science,B.E.,Tier 2,Tier 3,Male,Yes,0,Placed,1
6.77,80,66,40,78,86.74,3,1,23,EEE,B.E.,Tier 1,Tier 2,Male,Yes,0,Not Placed,0
8.68,82,64,70,85,73.78,2,1,21,CSE,B.Tech,Tier 1,Tier 3,Female,No,0,Placed,1
9.0,68,84,61,77,67.96,2,1,22,Civil,B.Tech,Tier 3,Tier 2,Female,No,0,Placed,1
9.84,69,79,60,61,100.0,5,2,20,ECE,B.E.,Tier 2,Tier 3,Male,No,1,Placed,1
7.97,74,60,81,61,75.97,5,4,21,EEE,B.Tech,Tier 1,Tier 3,Male,Yes,0,Placed,1
6.9,54,81,34,68,86.82,3,2,24,AI & ML,B.Tech,Tier 2,Tier 2,Male,Yes,0,Placed,1
7.92,66,71,20,25,80.48,3,3,24,Data Science,B.E.,Tier 3,Tier 3,Male,No,1,Placed,1
8.33,69,78,46,87,85.49,2,3,24,Mechanical,B.Tech,Tier 3,Tier 2,Male,No,0,Not Placed,0
10.0,87,74,67,70,76.02,3,2,21,ECE,B.Tech,Tier 3,Tier 3,Female,Yes,2,Placed,1
7.5,63,55,50,57,88.71,0,1,20,Civil,B.Tech,Tier 1,Tier 2,Female,No,0,Placed,1
10.0,92,91,70,62,82.28,1,0,20,AI & ML,B.Tech,Tier 1,Tier 1,Male,Yes,2,Placed,1
6.75,48,56,53,59,86.28,2,2,23,CSE,B.Tech,Tier 1,Tier 3,Male,Yes,0,Not Placed,0
6.94,78,56,48,73,84.83,1,1,22,Civil,B.Tech,Tier 2,Tier 3,Female,No,1,Placed,1
6.74,60,67,52,56,95.15,1,0,22,Data Science,B.Tech,Tier 2,Tier 2,Male,No,0,Placed,1
6.89,76,93,71,83,73.27,0,0,22,CSE,B.Tech,Tier 2,Tier 3,Male,Yes,0,Placed,1
6.84,47,84,60,54,78.7,2,4,21,AI & ML,B.Tech,Tier 3,Tier 3,Male,Yes,0,Placed,1
7.49,73,64,36,50,77.24,2,0,20,Data Science,B.Tech,Tier 2,Tier 2,Male,No,0,Not Placed,0
8.23,68,95,99,52,81.38,2,2,21,CSE,B.E.,Tier 3,Tier 3,Male,Yes,0,Placed,1
7.46,89,48,95,71,81.57,3,3,22,EEE,B.Tech,Tier 2,Tier 3,Male,Yes,1,Placed,1
7.53,65,85,79,69,80.15,2,1,21,ISE,B.Tech,Tier 3,Tier 3,Male,Yes,0,Placed,1
7.86,63,79,88,89,65.55,3,2,23,ECE,B.Tech,Tier 2,Tier 2,Male,Yes,0,Not Placed,0
9.11,76,66,68,60,88.96,2,1,20,CSE,B.Tech,Tier 2,Tier 2,Male,Yes,0,Placed,1
9.23,73,100,94,71,89.72,2,1,22,EEE,B.Tech,Tier 1,Tier 1,Male,Yes,0,Placed,1
8.83,61,77,63,66,89.96,3,4,23,ECE,B.E.,Tier 3,Tier 3,Female,Yes,0,Placed,1
7.41,37,67,57,45,82.16,1,0,21,AI & ML,B.Tech,Tier 3,Tier 3,Female,Yes,0,Not Placed,0
6.98,69,78,66,54,74.67,1,3,22,CSE,B.Tech,Tier 1,Tier 2,Male,Yes,0,Not Placed,0
7.76,88,88,86,69,71.94,4,1,24,CSE,B.Tech,Tier 1,Tier 3,Male,Yes,0,Placed,1
8.39,86,86,71,97,66.41,3,0,23,CSE,B.Tech,Tier 1,Tier 3,Male,Yes,0,Placed,1
7.88,54,53,64,58,73.16,2,0,20,ECE,B.Tech,Tier 1,Tier 2,Male,Yes,0,Not Placed,0
8.22,73,92,55,74,86.81,2,0,21,Civil,B.E.,Tier 2,Tier 3,Female,Yes,0,Placed,1
7.96,90,79,78,49,74.88,0,2,22,ISE,B.Tech,Tier 1,Tier 2,Male,No,0,Not Placed,0
7.99,72,81,65,47,81.36,4,3,20,AI & ML,B.Tech,Tier 1,Tier 2,Male,No,0,Placed,1
7.16,58,37,38,71,84.41,2,3,21,EEE,B.E.,Tier 2,Tier 1,Male,Yes,1,Not Placed,0
7.47,69,70,76,60,84.05,2,3,23,CSE,B.E.,Tier 3,Tier 2,Male,Yes,0,Placed,1
8.42,68,65,51,59,76.63,2,0,24,CSE,B.Tech,Tier 2,Tier 3,Male,Yes,1,Not Placed,0
7.03,49,61,36,62,78.53,2,3,21,CSE,B.Tech,Tier 2,Tier 2,Female,No,0,Placed,1
8.69,77,92,71,58,85.37,1,1,22,CSE,B.Tech,Tier 1,Tier 2,Other,Yes,1,Not Placed,0
7.02,64,100,85,60,81.83,3,3,24,CSE,B.E.,Tier 2,Tier 2,Female,Yes,0,Not Placed,0
8.09,61,99,65,37,79.81,2,1,21,ISE,B.Tech,Tier 3,Tier 3,Male,Yes,0,Not Placed,0
9.44,100,86,68,64,80.79,2,4,20,CSE,B.Tech,Tier 2,Tier 3,Male,Yes,0,Placed,1
7.37,94,74,80,88,85.76,1,1,20,Data Science,B.E.,Tier 1,Tier 3,Female,No,1,Not Placed,0
8.3,84,76,53,58,87.91,2,2,24,CSE,B.Tech,Tier 1,Tier 3,Male,Yes,2,Not Placed,0
9.81,76,68,65,60,72.42,2,3,21,ISE,B.Tech,Tier 2,Tier 2,Female,Yes,0,Placed,1
7.84,72,59,78,72,78.21,2,1,21,CSE,B.Tech,Tier 2,Tier 2,Male,Yes,0,Placed,1
8.89,71,67,79,54,72.04,1,1,22,CSE,B.E.,Tier 2,Tier 2,Female,Yes,0,Not Placed,0
10.0,82,77,83,55,68.88,1,4,22,ECE,B.E.,Tier 3,Tier 2,Male,No,2,Placed,1
8.01,49,84,63,82,85.46,4,1,23,Mechanical,B.Tech,Tier 2,Tier 1,Male,No,1,Placed,1
7.03,64,51,46,55,85.09,1,3,22,EEE,B.Tech,Tier 3,Tier 1,Female,Yes,0,Not Placed,0
7.74,82,51,57,58,74.76,2,1,23,EEE,B.Tech,Tier 1,Tier 3,Male,Yes,1,Placed,1
7.05,57,59,54,76,82.04,1,1,24,Mechanical,B.E.,Tier 1,Tier 3,Female,No,0,Not Placed,0
7.75,52,85,92,72,92.94,1,2,21,CSE,B.Tech,Tier 3,Tier 2,Male,Yes,1,Not Placed,0
7.43,57,70,52,49,82.29,4,2,20,CSE,B.Tech,Tier 1,Tier 2,Female,No,0,Not Placed,0
7.58,71,69,100,69,75.43,3,2,20,ISE,B.Tech,Tier 2,Tier 1,Male,No,0,Placed,1
7.33,56,80,60,69,70.96,3,2,20,AI & ML,B.Tech,Tier 2,Tier 2,Male,No,0,Placed,1
9.4,67,62,75,86,79.66,1,3,20,EEE,B.E.,Tier 1,Tier 2,Male,No,0,Placed,1
8.15,62,64,37,61,72.03,0,6,22,EEE,B.Tech,Tier 3,Tier 2,Male,Yes,1,Not Placed,0
8.94,81,100,74,77,92.1,0,3,23,Data Science,B.E.,Tier 3,Tier 2,Female,No,0,Placed,1
8.03,73,98,66,68,78.22,1,1,22,Civil,B.Tech,Tier 2,Tier 3,Male,No,0,Placed,1
7.56,64,63,40,76,78.42,1,5,24,Data Science,B.Tech,Tier 2,Tier 2,Female,Yes,0,Not Placed,0
7.43,75,60,61,78,75.54,2,6,23,CSE,B.Tech,Tier 1,Tier 2,Male,Yes,0,Not Placed,0
7.2,56,56,53,57,83.57,1,3,22,CSE,B.Tech,Tier 2,Tier 2,Male,Yes,2,Not Placed,0
7.2,75,85,82,78,76.29,1,1,24,ECE,B.E.,Tier 2,Tier 2,Female,Yes,1,Placed,1
7.79,68,77,50,52,91.91,0,3,20,Mechanical,B.Tech,Tier 3,Tier 2,Female,No,0,Placed,1
8.17,74,75,33,72,78.56,3,0,22,ISE,B.Tech,Tier 3,Tier 1,Male,Yes,0,Not Placed,0
8.41,69,89,70,63,87.21,4,3,24,Data Science,B.Tech,Tier 1,Tier 2,Male,No,0,Placed,1
7.08,73,93,60,65,81.49,2,4,24,AI & ML,B.Tech,Tier 2,Tier 3,Female,No,3,Not Placed,0
8.18,75,64,50,74,83.9,3,2,22,ECE,B.E.,Tier 2,Tier 3,Male,No,1,Not Placed,0
7.48,60,78,76,51,75.23,1,2,20,ECE,B.E.,Tier 1,Tier 2,Male,No,0,Not Placed,0
6.14,59,67,65,52,72.03,2,0,20,Civil,B.Tech,Tier 1,Tier 2,Male,No,0,Not Placed,0
7.73,80,49,57,58,85.89,0,1,24,CSE,B.Tech,Tier 2,Tier 3,Female,No,0,Not Placed,0
8.39,92,63,44,61,80.41,1,1,24,Civil,B.Tech,Tier 2,Tier 2,Female,Yes,0,Not Placed,0
7.17,63,61,62,64,92.63,0,1,23,CSE,B.Tech,Tier 3,Tier 3,Male,Yes,1,Not Placed,0
8.89,67,73,72,56,78.62,3,3,20,ISE,B.Tech,Tier 3,Tier 3,Male,Yes,0,Placed,1
7.34,67,61,68,93,87.63,3,2,20,Mechanical,B.E.,Tier 2,Tier 2,Male,Yes,0,Placed,1
7.15,75,81,62,68,74.37,6,2,23,CSE,B.E.,Tier 2,Tier 2,Male,Yes,3,Placed,1
8.35,70,69,80,84,89.74,3,0,22,EEE,B.E.,Tier 2,Tier 3,Female,Yes,0,Placed,1
7.15,64,100,89,41,75.39,4,1,21,CSE,B.Tech,Tier 2,Tier 1,Male,Yes,0,Not Placed,0
8.56,56,96,72,81,82.83,3,1,22,CSE,B.E.,Tier 2,Tier 1,Female,Yes,3,Placed,1
8.83,90,90,59,52,86.94,1,2,20,Data Science,B.E.,Tier 2,Tier 3,Male,No,0,Placed,1
9.71,67,100,70,58,74.19,3,2,22,CSE,B.Tech,Tier 3,Tier 1,Female,No,1,Placed,1
7.76,92,83,70,75,89.27,2,2,24,ECE,B.Tech,Tier 2,Tier 1,Female,Yes,0,Placed,1
6.39,77,45,56,71,89.7,2,3,21,ECE,B.E.,Tier 3,Tier 1,Male,No,0,Not Placed,0
6.76,66,86,94,69,88.74,2,3,23,Data Science,B.E.,Tier 2,Tier 2,Male,Yes,0,Placed,1
6.97,76,68,64,68,91.33,1,1,21,ISE,B.Tech,Tier 2,Tier 2,Female,No,0,Placed,1
8.08,75,45,17,68,86.63,1,3,24,EEE,B.Tech,Tier 2,Tier 3,Male,Yes,0,Placed,1
9.69,49,64,35,64,83.99,0,0,22,ECE,B.Tech,Tier 1,Tier 3,Female,No,1,Not Placed,0
8.6,87,87,69,72,90.77,0,2,22,ECE,B.Tech,Tier 2,Tier 2,Male,Yes,3,Not Placed,0
8.4,68,52,63,59,64.58,1,2,20,Civil,B.Tech,Tier 2,Tier 2,Male,Yes,0,Placed,1
6.92,71,65,88,56,80.77,3,3,22,EEE,B.Tech,Tier 1,Tier 2,Other,Yes,0,Placed,1
7.48,80,87,69,49,83.47,1,5,20,AI & ML,B.Tech,Tier 2,Tier 2,Female,No,0,Not Placed,0
7.86,65,74,68,76,89.68,2,1,24,CSE,B.Tech,Tier 2,Tier 2,Male,Yes,1,Placed,1
8.17,60,83,82,58,88.72,1,1,22,CSE,B.Tech,Tier 2,Tier 1,Male,Yes,0,Not Placed,0
8.69,61,85,92,48,87.53,3,3,22,CSE,B.Tech,Tier 2,Tier 1,Male,No,0,Not Placed,0
7.9,80,63,44,55,97.65,2,4,22,Civil,B.Tech,Tier 1,Tier 3,Male,Yes,0,Placed,1
7.45,43,65,37,65,71.9,2,3,20,EEE,B.E.,Tier 3,Tier 2,Female,No,0,Not Placed,0
7.39,70,100,88,75,90.72,2,1,24,AI & ML,B.Tech,Tier 1,Tier 3,Male,Yes,0,Not Placed,0
7.3,59,69,56,65,66.33,0,5,22,CSE,B.E.,Tier 2,Tier 2,Male,Yes,0,Placed,1
8.19,73,64,48,37,90.46,2,0,21,EEE,B.Tech,Tier 1,Tier 2,Male,Yes,0,Not Placed,0
7.65,64,56,76,42,94.08,2,5,23,Data Science,B.Tech,Tier 2,Tier 2,Male,Yes,0,Placed,1
9.11,69,80,43,55,77.38,2,3,21,Mechanical,B.E.,Tier 2,Tier 2,Male,Yes,0,Placed,1
6.48,41,55,77,49,82.9,3,1,21,EEE,B.Tech,Tier 2,Tier 3,Male,No,0,Not Placed,0
7.22,65,77,87,70,86.08,2,3,20,ISE,B.Tech,Tier 1,Tier 1,Female,No,0,Placed,1
9.29,71,63,42,63,70.57,1,2,23,ECE,B.E.,Tier 2,Tier 1,Female,No,0,Not Placed,0
8.15,61,72,73,84,73.5,2,4,24,Data Science,B.E.,Tier 3,Tier 1,Male,Yes,0,Not Placed,0
8.22,97,79,62,47,88.25,0,1,22,AI & ML,B.Tech,Tier 3,Tier 2,Female,Yes,2,Not Placed,0
8.76,61,88,86,67,82.33,2,5,20,Data Science,B.E.,Tier 1,Tier 2,Male,Yes,2,Placed,1
7.68,79,79,84,77,86.15,3,2,20,EEE,B.E.,Tier 1,Tier 2,Male,No,0,Placed,1
6.98,35,81,80,78,86.81,2,4,21,Civil,B.E.,Tier 2,Tier 2,Female,Yes,1,Not Placed,0
7.95,74,70,51,81,74.56,5,1,20,Civil,B.Tech,Tier 1,Tier 2,Male,No,0,Placed,1
7.09,59,72,60,63,75.12,4,1,23,ECE,B.Tech,Tier 1,Tier 1,Male,Yes,0,Placed,1
6.23,61,72,52,78,68.31,3,4,21,AI & ML,B.E.,Tier 2,Tier 2,Female,Yes,0,Placed,1
8.45,69,96,60,47,85.61,2,1,24,CSE,B.E.,Tier 1,Tier 3,Male,Yes,0,Placed,1
7.16,77,86,100,79,84.63,0,3,22,ISE,B.Tech,Tier 3,Tier 2,Female,Yes,0,Not Placed,0
7.47,53,100,77,94,77.7,4,1,23,CSE,B.Tech,Tier 1,Tier 3,Male,Yes,0,Placed,1
8.5,59,99,79,79,89.51,2,4,20,ECE,B.Tech,Tier 1,Tier 2,Male,Yes,0,Placed,1
6.74,67,33,51,55,81.96,3,1,21,Mechanical,B.Tech,Tier 1,Tier 3,Female,No,0,Placed,1
7.43,70,80,100,58,86.36,1,0,24,Data Science,B.Tech,Tier 2,Tier 2,Female,Yes,0,Placed,1
7.87,71,62,63,80,78.96,3,2,24,CSE,B.Tech,Tier 1,Tier 2,Male,No,2,Placed,1
7.45,84,76,65,42,83.9,2,2,22,CSE,B.Tech,Tier 1,Tier 3,Male,Yes,2,Placed,1
7.44,64,74,69,57,86.32,1,0,20,CSE,B.E.,Tier 3,Tier 3,Male,Yes,0,Not Placed,0
8.58,85,83,49,48,77.21,0,1,21,ISE,B.Tech,Tier 1,Tier 2,Female,No,1,Placed,1
7.42,52,65,66,77,94.85,5,5,21,CSE,B.Tech,Tier 2,Tier 2,Male,No,0,Placed,1
7.98,76,79,48,92,84.96,3,2,20,CSE,B.Tech,Tier 2,Tier 1,Female,Yes,0,Placed,1
8.5,69,54,56,57,89.36,1,1,24,Mechanical,B.Tech,Tier 3,Tier 3,Male,Yes,0,Placed,1
5.91,52,42,62,77,73.98,1,1,20,AI & ML,B.Tech,Tier 2,Tier 3,Male,Yes,0,Not Placed,0
6.54,62,81,86,89,88.02,2,0,23,Data Science,B.E.,Tier 3,Tier 1,Male,Yes,0,Placed,1
6.72,75,40,63,36,82.22,2,0,21,ECE,B.Tech,Tier 1,Tier 2,Female,No,0,Placed,1
8.21,82,64,72,51,73.11,2,0,24,Data Science,B.Tech,Tier 1,Tier 3,Male,No,0,Placed,1
7.42,100,79,93,99,69.56,3,2,23,CSE,B.Tech,Tier 2,Tier 2,Male,Yes,1,Placed,1
7.87,70,77,58,52,77.89,1,1,22,ECE,B.Tech,Tier 2,Tier 2,Female,No,0,Placed,1
8.54,40,52,78,57,92.41,0,1,22,Civil,B.E.,Tier 3,Tier 1,Female,Yes,0,Placed,1
7.25,65,71,65,77,84.09,2,1,21,EEE,B.Tech,Tier 2,Tier 2,Male,Yes,1,Placed,1
7.15,67,63,68,48,85.73,0,3,24,ECE,B.Tech,Tier 1,Tier 2,Male,No,0,Not Placed,0
7.05,57,75,89,63,69.36,2,3,22,CSE,B.E.,Tier 1,Tier 1,Female,Yes,0,Not Placed,0
7.11,60,53,31,55,67.55,4,0,21,ISE,B.Tech,Tier 3,Tier 1,Female,No,0,Not Placed,0
7.62,39,86,90,79,76.48,2,1,20,AI & ML,B.Tech,Tier 2,Tier 2,Male,No,0,Not Placed,0
7.54,55,52,17,75,78.24,2,1,21,Data Science,B.Tech,Tier 2,Tier 2,Female,Yes,0,Not Placed,0
7.07,85,52,63,49,86.17,5,6,20,Mechanical,B.E.,Tier 2,Tier 3,Male,Yes,1,Placed,1
8.05,76,78,50,36,67.48,2,2,23,Civil,B.Tech,Tier 3,Tier 3,Female,No,0,Placed,1
7.61,56,77,74,90,79.03,2,1,20,ECE,B.Tech,Tier 1,Tier 2,Female,No,0,Placed,1
7.35,71,72,71,66,75.49,1,2,22,ECE,B.E.,Tier 2,Tier 3,Male,Yes,0,Placed,1
8.03,66,63,58,66,81.23,3,2,20,CSE,B.Tech,Tier 3,Tier 2,Female,Yes,0,Placed,1
6.77,53,76,74,61,89.04,3,2,21,AI & ML,B.E.,Tier 2,Tier 2,Male,No,0,Not Placed,0
6.91,70,68,67,78,82.18,0,1,24,CSE,B.Tech,Tier 2,Tier 2,Female,Yes,0,Not Placed,0
6.89,63,64,66,67,84.61,3,2,24,Data Science,B.E.,Tier 1,Tier 1,Female,Yes,0,Placed,1
8.39,72,81,54,83,79.01,1,2,20,Data Science,B.Tech,Tier 1,Tier 3,Male,Yes,0,Placed,1
7.02,71,97,72,69,91.44,2,3,23,CSE,B.E.,Tier 1,Tier 3,Female,Yes,0,Placed,1
7.78,56,71,86,79,96.13,1,2,22,ECE,B.E.,Tier 1,Tier 2,Female,Yes,0,Not Placed,0
6.62,62,69,75,65,79.85,3,1,24,CSE,B.Tech,Tier 2,Tier 1,Male,Yes,0,Not Placed,0
6.98,69,41,58,36,86.55,4,1,21,EEE,B.Tech,Tier 2,Tier 2,Female,Yes,0,Not Placed,0
7.57,86,74,75,70,74.13,1,3,21,ISE,B.Tech,Tier 1,Tier 3,Other,No,0,Placed,1
9.07,78,96,78,66,86.5,0,2,22,Civil,B.E.,Tier 1,Tier 3,Male,No,1,Not Placed,0
10.0,100,82,80,56,89.76,0,1,24,EEE,B.E.,Tier 3,Tier 2,Female,Yes,0,Placed,1
7.41,79,95,90,77,80.7,3,4,22,Data Science,B.E.,Tier 2,Tier 3,Male,No,2,Not Placed,0
7.63,83,69,46,71,90.75,1,1,23,EEE,B.Tech,Tier 1,Tier 2,Male,Yes,2,Placed,1
8.18,49,61,57,64,76.03,1,2,20,Data Science,B.Tech,Tier 2,Tier 2,Male,Yes,0,Placed,1
7.55,66,76,63,70,89.29,3,1,21,Data Science,B.Tech,Tier 3,Tier 2,Male,No,0,Not Placed,0
7.88,96,79,82,65,96.48,1,1,20,AI & ML,B.E.,Tier 1,Tier 1,Female,Yes,0,Placed,1
7.95,68,70,68,58,98.95,1,2,23,CSE,B.Tech,Tier 1,Tier 2,Male,No,0,Placed,1
7.47,83,58,34,52,77.16,1,0,24,AI & ML,B.Tech,Tier 3,Tier 3,Male,Yes,1,Not Placed,0
7.98,68,65,81,55,81.64,3,5,21,ECE,B.Tech,Tier 2,Tier 2,Male,Yes,0,Not Placed,0
8.08,75,53,56,40,79.4,3,3,22,Civil,B.E.,Tier 2,Tier 2,Male,Yes,0,Placed,1
7.63,79,92,72,52,95.21,0,4,24,AI & ML,B.E.,Tier 2,Tier 3,Female,Yes,0,Placed,1
7.14,59,88,57,77,70.68,2,1,23,CSE,B.Tech,Tier 2,Tier 1,Male,No,0,Not Placed,0
6.46,65,61,38,80,79.5,3,2,20,ECE,B.Tech,Tier 3,Tier 3,Male,Yes,0,Placed,1
7.88,68,71,65,49,90.58,1,3,21,Mechanical,B.Tech,Tier 3,Tier 2,Male,No,1,Not Placed,0
8.17,63,93,82,75,85.46,3,1,21,CSE,B.Tech,Tier 2,Tier 3,Male,Yes,1,Not Placed,0
7.91,84,100,68,65,84.51,3,3,21,CSE,B.Tech,Tier 2,Tier 3,Female,Yes,0,Placed,1
8.46,63,81,71,69,78.69,2,2,20,Civil,B.E.,Tier 2,Tier 3,Male,Yes,0,Placed,1
7.47,66,63,68,79,100.0,1,0,22,ECE,B.E.,Tier 3,Tier 3,Male,Yes,3,Placed,1
8.29,90,95,93,73,72.95,2,1,21,CSE,B.Tech,Tier 2,Tier 3,Female,Yes,0,Placed,1
7.12,87,60,37,81,97.76,2,1,23,CSE,B.E.,Tier 2,Tier 2,Male,Yes,0,Placed,1
7.24,81,77,90,100,79.95,2,1,23,CSE,B.E.,Tier 1,Tier 3,Female,Yes,1,Not Placed,0
8.55,96,69,72,55,92.2,3,3,20,Data Science,B.E.,Tier 3,Tier 2,Male,Yes,0,Not Placed,0
9.53,84,100,69,77,95.89,5,4,24,AI & ML,B.Tech,Tier 2,Tier 1,Female,No,0,Placed,1
8.17,74,70,63,53,86.96,2,4,20,ISE,B.Tech,Tier 3,Tier 1,Male,Yes,0,Placed,1
6.23,51,100,100,70,65.4,2,0,23,CSE,B.Tech,Tier 3,Tier 3,Male,No,0,Placed,1
8.12,62,53,50,65,81.61,2,1,22,ISE,B.Tech,Tier 1,Tier 2,Male,Yes,0,Placed,1
9.08,75,80,61,56,58.76,1,2,23,CSE,B.Tech,Tier 1,Tier 2,Male,No,0,Placed,1
8.58,72,69,81,61,82.05,1,2,21,ISE,B.Tech,Tier 3,Tier 2,Female,Yes,0,Placed,1
8.26,71,61,67,78,80.23,0,4,20,CSE,B.Tech,Tier 1,Tier 3,Female,No,2,Placed,1
7.37,65,60,53,85,89.23,2,0,21,Mechanical,B.Tech,Tier 3,Tier 3,Male,No,0,Placed,1
7.58,74,75,66,67,76.57,0,2,24,ISE,B.Tech,Tier 2,Tier 3,Female,No,0,Placed,1
8.25,56,81,77,75,79.69,1,3,24,Data Science,B.Tech,Tier 3,Tier 1,Male,No,0,Not Placed,0
9.03,81,47,28,45,86.21,6,3,20,Mechanical,B.Tech,Tier 1,Tier 2,Male,Yes,2,Not Placed,0
6.03,72,40,86,63,74.63,1,3,22,EEE,B.Tech,Tier 2,Tier 2,Male,Yes,0,Not Placed,0
7.69,96,64,82,68,67.23,1,1,21,CSE,B.Tech,Tier 2,Tier 3,Male,No,0,Not Placed,0
8.71,73,100,74,66,91.2,3,2,24,CSE,B.Tech,Tier 1,Tier 1,Male,Yes,0,Placed,1
9.4,79,89,61,77,70.88,0,2,21,ECE,B.Tech,Tier 1,Tier 3,Male,No,0,Placed,1
6.34,62,63,52,51,86.12,2,3,20,CSE,B.Tech,Tier 2,Tier 3,Male,No,1,Not Placed,0
8.89,57,73,71,66,80.95,1,1,20,ECE,B.Tech,Tier 2,Tier 1,Male,Yes,0,Placed,1
8.48,79,68,56,51,85.06,0,2,22,CSE,B.Tech,Tier 3,Tier 2,Female,Yes,0,Placed,1
8.01,53,68,87,43,84.09,6,4,20,AI & ML,B.Tech,Tier 3,Tier 1,Female,No,0,Not Placed,0
7.09,75,58,51,64,93.83,4,2,22,AI & ML,B.Tech,Tier 1,Tier 2,Male,No,0,Placed,1
9.76,79,91,96,53,77.44,1,4,20,CSE,B.E.,Tier 2,Tier 2,Other,Yes,0,Not Placed,0
8.66,93,92,91,56,82.2,1,4,20,Data Science,B.E.,Tier 2,Tier 1,Female,Yes,1,Not Placed,0
7.21,43,77,67,85,84.64,1,1,24,AI & ML,B.Tech,Tier 1,Tier 3,Male,No,0,Placed,1
7.61,66,77,76,72,77.46,1,0,20,CSE,B.Tech,Tier 2,Tier 3,Female,Yes,0,Placed,1
8.45,67,57,100,71,81.39,3,3,22,ECE,B.Tech,Tier 3,Tier 3,Male,Yes,0,Not Placed,0
7.89,55,93,56,69,72.64,0,4,22,Data Science,B.Tech,Tier 2,Tier 2,Male,Yes,0,Not Placed,0
6.71,48,83,65,67,82.86,1,3,23,ECE,B.Tech,Tier 3,Tier 1,Male,Yes,0,Placed,1
7.52,64,71,56,31,77.41,3,1,22,AI & ML,B.Tech,Tier 2,Tier 1,Female,No,0,Not Placed,0
7.05,56,60,49,80,84.77,4,1,24,Civil,B.E.,Tier 3,Tier 1,Female,Yes,0,Placed,1
7.37,59,73,62,85,82.62,5,1,24,CSE,B.Tech,Tier 2,Tier 1,Male,No,0,Placed,1
7.81,69,76,68,72,76.87,5,0,20,Mechanical,B.Tech,Tier 3,Tier 2,Male,Yes,0,Placed,1
8.48,83,66,67,41,90.41,3,1,20,ECE,B.Tech,Tier 2,Tier 1,Male,No,0,Not Placed,0
8.35,84,77,47,88,83.32,1,3,24,ECE,B.E.,Tier 2,Tier 3,Female,No,2,Not Placed,0
8.32,85,63,82,74,75.89,0,1,21,Civil,B.Tech,Tier 1,Tier 1,Female,Yes,1,Placed,1
7.81,51,89,71,59,78.52,2,1,21,AI & ML,B.Tech,Tier 2,Tier 3,Male,Yes,3,Placed,1
8.4,69,80,65,74,88.5,1,2,21,Civil,B.Tech,Tier 2,Tier 2,Female,No,0,Not Placed,0
9.14,87,85,66,66,82.76,1,1,24,CSE,B.E.,Tier 1,Tier 2,Female,Yes,0,Placed,1
6.89,70,70,81,68,83.52,0,3,23,ECE,B.Tech,Tier 3,Tier 3,Male,Yes,0,Placed,1
8.83,85,98,86,52,83.08,0,4,20,CSE,B.Tech,Tier 3,Tier 3,Male,Yes,1,Placed,1
7.52,76,67,56,55,72.9,3,1,24,CSE,B.Tech,Tier 1,Tier 2,Male,Yes,0,Not Placed,0
8.12,85,61,77,66,60.19,1,2,24,Mechanical,B.Tech,Tier 2,Tier 3,Male,No,0,Not Placed,0
10.0,75,100,46,54,88.16,2,0,23,Data Science,B.Tech,Tier 2,Tier 2,Female,No,1,Not Placed,0
9.69,56,31,48,30,81.4,1,2,24,EEE,B.Tech,Tier 1,Tier 2,Female,Yes,0,Placed,1
8.94,67,68,63,73,70.16,1,0,21,EEE,B.Tech,Tier 2,Tier 2,Male,Yes,1,Not Placed,0
7.13,80,57,71,58,92.15,6,4,24,CSE,B.E.,Tier 2,Tier 2,Female,Yes,0,Not Placed,0
7.72,73,85,67,78,91.2,3,1,24,Data Science,B.E.,Tier 3,Tier 2,Male,Yes,3,Not Placed,0
5.98,62,43,58,55,85.24,2,0,22,EEE,B.Tech,Tier 3,Tier 3,Male,Yes,0,Placed,1
8.34,67,56,51,88,81.6,1,0,22,EEE,B.Tech,Tier 2,Tier 3,Female,Yes,0,Placed,1
6.6,89,73,87,77,72.51,1,1,24,EEE,B.Tech,Tier 2,Tier 1,Male,Yes,0,Placed,1
9.1,88,82,57,80,67.9,2,1,23,Data Science,B.Tech,Tier 2,Tier 1,Male,No,1,Placed,1
8.1,49,49,52,48,69.53,0,4,21,CSE,B.Tech,Tier 2,Tier 1,Male,No,0,Placed,1
6.05,62,65,51,83,92.73,1,2,22,CSE,B.Tech,Tier 2,Tier 3,Male,No,0,Not Placed,0
7.83,58,51,54,60,89.83,1,2,24,ECE,B.Tech,Tier 2,Tier 1,Female,Yes,0,Not Placed,0
8.12,82,100,87,37,77.21,1,3,20,Data Science,B.Tech,Tier 3,Tier 3,Female,Yes,1,Placed,1
5.97,57,40,43,37,85.43,2,3,21,ISE,B.Tech,Tier 1,Tier 3,Female,No,0,Not Placed,0
7.21,64,81,70,73,75.19,4,2,20,EEE,B.Tech,Tier 2,Tier 2,Male,Yes,0,Placed,1
8.28,70,100,81,82,84.65,3,1,23,ISE,B.Tech,Tier 2,Tier 2,Male,Yes,0,Placed,1
5.96,68,33,46,87,91.81,3,2,20,Data Science,B.Tech,Tier 1,Tier 2,Female,No,0,Placed,1
7.39,81,67,93,81,83.67,0,2,24,CSE,B.Tech,Tier 2,Tier 1,Male,No,1,Not Placed,0
7.42,65,88,62,88,90.32,0,3,23,AI & ML,B.Tech,Tier 2,Tier 1,Male,Yes,0,Not Placed,0
8.49,82,73,67,77,94.18,4,5,24,EEE,B.Tech,Tier 2,Tier 2,Female,Yes,0,Not Placed,0
6.76,69,69,77,63,89.88,1,3,20,CSE,B.Tech,Tier 3,Tier 1,Female,Yes,1,Placed,1
7.5,58,63,59,44,81.84,1,1,24,Mechanical,B.E.,Tier 2,Tier 2,Female,No,0,Placed,1
8.53,74,54,55,47,85.59,3,2,24,ECE,B.Tech,Tier 2,Tier 2,Male,Yes,0,Placed,1
6.36,53,81,82,64,75.95,3,3,24,Civil,B.Tech,Tier 3,Tier 1,Male,Yes,0,Not Placed,0
5.96,50,47,69,66,75.15,0,2,24,AI & ML,B.Tech,Tier 1,Tier 3,Male,No,0,Not Placed,0
8.03,71,77,68,91,94.04,0,2,20,Data Science,B.Tech,Tier 2,Tier 2,Male,Yes,0,Placed,1
6.98,58,81,64,100,72.73,2,1,21,AI & ML,B.E.,Tier 1,Tier 1,Male,Yes,0,Placed,1
8.82,77,100,89,42,100.0,2,1,23,Data Science,B.Tech,Tier 3,Tier 2,Female,No,0,Not Placed,0
6.5,50,65,58,84,68.22,3,4,24,Mechanical,B.Tech,Tier 2,Tier 3,Male,Yes,0,Not Placed,0
7.54,85,90,67,62,83.28,3,3,23,ECE,B.Tech,Tier 2,Tier 3,Female,Yes,0,Placed,1
7.33,51,76,87,70,86.46,1,1,21,CSE,B.Tech,Tier 2,Tier 3,Female,No,0,Not Placed,0
7.64,54,79,58,61,77.77,5,0,22,CSE,B.E.,Tier 1,Tier 3,Male,Yes,0,Placed,1
5.84,62,62,51,70,79.65,1,1,21,CSE,B.Tech,Tier 1,Tier 2,Male,Yes,0,Placed,1
6.77,59,72,52,67,90.87,1,2,22,Data Science,B.Tech,Tier 1,Tier 3,Female,Yes,1,Not Placed,0
7.68,69,55,76,68,70.27,3,3,22,Civil,B.E.,Tier 1,Tier 2,Female,Yes,0,Not Placed,0
8.97,58,91,74,65,88.87,3,0,21,CSE,B.Tech,Tier 2,Tier 2,Male,No,0,Placed,1
6.75,59,96,68,73,73.82,1,2,22,Data Science,B.E.,Tier 3,Tier 3,Female,No,0,Placed,1
8.83,59,68,30,60,76.85,3,2,23,Mechanical,B.E.,Tier 2,Tier 1,Female,Yes,3,Placed,1
7.72,69,48,64,68,73.34,0,2,22,ECE,B.Tech,Tier 2,Tier 3,Male,Yes,0,Placed,1
7.45,68,63,69,79,81.14,1,3,23,Mechanical,B.E.,Tier 2,Tier 3,Male,No,0,Placed,1
6.94,61,60,49,47,76.23,0,2,22,Mechanical,B.Tech,Tier 2,Tier 2,Female,Yes,0,Placed,1
7.46,70,94,83,50,75.59,3,3,23,CSE,B.Tech,Tier 3,Tier 3,Male,No,0,Not Placed,0
7.17,58,52,56,63,78.79,1,4,21,CSE,B.Tech,Tier 3,Tier 3,Male,Yes,1,Placed,1
8.76,70,92,100,58,78.88,4,1,23,Data Science,B.E.,Tier 2,Tier 1,Male,Yes,0,Not Placed,0
7.57,100,60,56,71,91.34,3,1,22,Data Science,B.Tech,Tier 2,Tier 3,Female,Yes,3,Placed,1
6.34,58,42,35,75,84.37,2,1,24,Mechanical,B.E.,Tier 3,Tier 3,Male,Yes,0,Not Placed,0
9.06,86,80,60,71,82.29,2,4,22,ECE,B.Tech,Tier 2,Tier 1,Male,Yes,0,Not Placed,0
9.15,55,62,47,26,70.49,3,3,23,EEE,B.Tech,Tier 3,Tier 2,Male,No,1,Not Placed,0
8.17,58,81,85,52,76.42,2,5,23,ISE,B.Tech,Tier 2,Tier 1,Female,Yes,0,Placed,1
7.35,66,72,77,97,86.81,4,3,23,ISE,B.E.,Tier 2,Tier 1,Male,Yes,0,Placed,1
8.03,85,79,61,75,86.25,4,5,21,CSE,B.Tech,Tier 2,Tier 2,Male,Yes,1,Not Placed,0
8.52,80,70,79,75,80.99,1,0,21,Data Science,B.Tech,Tier 3,Tier 2,Male,Yes,0,Not Placed,0
7.11,54,55,79,86,82.0,2,1,20,CSE,B.Tech,Tier 2,Tier 3,Male,Yes,0,Not Placed,0
7.47,55,43,61,65,88.72,3,3,22,ISE,B.Tech,Tier 2,Tier 1,Male,Yes,1,Not Placed,0
8.46,79,74,70,70,75.95,4,2,21,Data Science,B.Tech,Tier 2,Tier 3,Male,No,0,Placed,1
8.48,62,80,90,82,89.38,3,2,24,CSE,B.Tech,Tier 1,Tier 1,Female,No,0,Placed,1
8.22,74,79,70,63,85.75,2,3,20,AI & ML,B.Tech,Tier 1,Tier 2,Male,Yes,0,Placed,1
7.21,49,64,72,71,72.22,2,2,22,Data Science,B.E.,Tier 2,Tier 1,Female,Yes,0,Placed,1
8.22,64,74,57,67,75.89,1,3,21,ECE,B.Tech,Tier 1,Tier 2,Male,No,0,Placed,1
8.39,76,100,84,70,93.96,6,3,21,AI & ML,B.Tech,Tier 3,Tier 1,Male,Yes,1,Placed,1
8.53,42,70,89,49,85.84,3,1,23,EEE,B.E.,Tier 2,Tier 1,Male,Yes,0,Placed,1
8.98,86,94,49,72,75.45,4,2,20,Data Science,B.Tech,Tier 3,Tier 3,Female,Yes,0,Placed,1
8.61,83,86,77,66,76.16,1,1,22,AI & ML,B.Tech,Tier 1,Tier 3,Female,Yes,1,Placed,1
8.62,62,85,68,60,79.77,4,3,21,ISE,B.Tech,Tier 2,Tier 1,Male,No,1,Placed,1
8.11,77,100,52,49,86.4,4,1,24,ECE,B.Tech,Tier 3,Tier 1,Male,No,2,Not Placed,0
7.6,64,67,82,67,89.51,2,5,24,CSE,B.E.,Tier 3,Tier 1,Female,Yes,0,Placed,1
9.8,95,94,66,69,69.02,4,3,20,CSE,B.Tech,Tier 2,Tier 3,Male,No,0,Placed,1
7.72,49,71,82,71,78.8,0,3,21,Mechanical,B.E.,Tier 1,Tier 1,Male,No,0,Placed,1
7.61,71,47,43,81,86.28,4,0,20,ISE,B.Tech,Tier 1,Tier 3,Female,Yes,0,Not Placed,0
7.67,57,64,84,80,82.47,1,1,23,Mechanical,B.Tech,Tier 1,Tier 3,Female,Yes,0,Not Placed,0
7.11,45,73,80,68,72.97,4,2,21,ECE,B.E.,Tier 3,Tier 2,Female,No,0,Placed,1
6.22,65,65,57,96,83.67,1,0,20,CSE,B.Tech,Tier 1,Tier 2,Male,No,0,Placed,1
6.56,73,46,65,77,79.6,3,3,20,AI & ML,B.E.,Tier 3,Tier 3,Male,Yes,0,Placed,1
7.79,66,81,59,70,69.12,2,7,23,CSE,B.Tech,Tier 1,Tier 1,Male,No,0,Placed,1
7.6,62,69,30,69,84.96,1,2,23,ISE,B.Tech,Tier 1,Tier 3,Male,Yes,0,Placed,1
9.17,70,89,77,61,87.84,3,1,21,Data Science,B.E.,Tier 1,Tier 3,Male,No,0,Placed,1
7.66,78,86,60,77,82.06,1,2,21,Data Science,B.E.,Tier 1,Tier 3,Male,No,1,Placed,1
8.33,58,100,100,73,66.56,0,2,21,Data Science,B.Tech,Tier 3,Tier 2,Male,No,0,Placed,1
7.89,57,82,62,43,92.52,2,1,24,ISE,B.E.,Tier 2,Tier 3,Female,Yes,0,Not Placed,0
9.57,77,77,70,56,78.92,5,1,20,Mechanical,B.Tech,Tier 1,Tier 2,Male,Yes,0,Placed,1
6.84,58,36,41,64,82.28,2,2,22,ECE,B.Tech,Tier 3,Tier 2,Male,No,0,Not Placed,0
7.65,74,37,41,71,68.53,1,2,20,ECE,B.E.,Tier 2,Tier 2,Male,No,0,Not Placed,0
7.92,55,51,57,56,75.32,0,2,20,EEE,B.Tech,Tier 1,Tier 2,Female,Yes,0,Not Placed,0
6.44,73,63,46,67,80.11,2,1,23,AI & ML,B.Tech,Tier 2,Tier 3,Female,Yes,1,Placed,1
7.22,89,43,42,53,84.05,3,1,22,ECE,B.Tech,Tier 2,Tier 3,Male,No,1,Placed,1
8.26,63,82,49,63,78.92,2,2,22,CSE,B.E.,Tier 3,Tier 3,Female,Yes,2,Placed,1
7.42,42,100,94,62,80.07,1,1,20,CSE,B.Tech,Tier 3,Tier 2,Female,No,0,Placed,1
7.35,64,65,46,69,81.92,0,2,20,AI & ML,B.E.,Tier 2,Tier 3,Male,No,0,Not Placed,0
8.48,70,65,84,45,74.58,4,1,23,AI & ML,B.Tech,Tier 2,Tier 2,Female,Yes,0,Placed,1
7.01,49,88,66,84,66.54,5,3,24,ISE,B.E.,Tier 1,Tier 2,Female,Yes,0,Placed,1
8.62,77,68,81,42,86.0,1,2,21,AI & ML,B.E.,Tier 1,Tier 2,Female,Yes,0,Placed,1
7.4,71,76,60,68,84.13,1,3,24,Data Science,B.Tech,Tier 1,Tier 3,Male,Yes,0,Placed,1
6.92,57,61,56,79,84.71,1,2,24,Data Science,B.Tech,Tier 2,Tier 1,Female,No,0,Not Placed,0
7.48,81,85,70,39,91.34,1,2,23,ISE,B.E.,Tier 2,Tier 2,Male,No,0,Placed,1
8.21,67,68,54,64,84.92,0,5,22,ECE,B.Tech,Tier 1,Tier 3,Female,No,1,Not Placed,0
8.64,82,75,50,65,95.95,5,3,20,Civil,B.E.,Tier 3,Tier 3,Female,Yes,0,Placed,1
8.88,62,57,26,93,82.65,1,2,22,Mechanical,B.E.,Tier 1,Tier 1,Male,No,0,Placed,1
7.07,77,59,47,68,73.53,3,3,22,EEE,B.Tech,Tier 2,Tier 2,Female,Yes,2,Not Placed,0
8.5,68,64,69,84,72.19,3,1,20,CSE,B.Tech,Tier 2,Tier 1,Male,Yes,0,Placed,1
7.48,67,59,54,60,85.82,2,1,20,CSE,B.Tech,Tier 2,Tier 2,Male,Yes,0,Placed,1
7.69,85,89,93,60,83.43,2,4,22,CSE,B.Tech,Tier 1,Tier 3,Male,Yes,1,Placed,1
8.47,61,90,65,75,79.28,0,2,21,ISE,B.E.,Tier 2,Tier 2,Male,Yes,0,Placed,1
9.31,80,63,67,66,77.86,3,1,24,ISE,B.Tech,Tier 1,Tier 3,Female,No,0,Placed,1
6.66,55,67,63,66,76.24,1,3,21,ISE,B.E.,Tier 2,Tier 3,Male,Yes,0,Placed,1
8.55,80,85,58,80,82.22,2,1,22,CSE,B.Tech,Tier 2,Tier 2,Female,No,0,Placed,1
7.47,69,64,51,72,84.97,4,3,23,CSE,B.Tech,Tier 2,Tier 3,Female,No,0,Placed,1
6.53,62,65,74,74,75.94,4,3,23,EEE,B.Tech,Tier 2,Tier 2,Female,Yes,0,Placed,1
7.45,76,54,32,76,77.44,0,1,20,ISE,B.Tech,Tier 2,Tier 2,Female,Yes,0,Not Placed,0
6.81,71,42,61,80,83.2,3,1,20,Data Science,B.E.,Tier 2,Tier 3,Male,Yes,0,Placed,1
7.06,66,62,59,67,85.74,2,1,23,ECE,B.E.,Tier 1,Tier 1,Other,No,3,Placed,1
7.28,60,47,63,79,94.64,4,3,20,ECE,B.E.,Tier 3,Tier 1,Female,No,2,Not Placed,0
7.6,70,64,71,77,74.5,1,6,22,CSE,B.E.,Tier 3,Tier 3,Male,Yes,3,Not Placed,0
9.94,76,59,68,35,79.53,2,2,20,CSE,B.E.,Tier 3,Tier 2,Male,No,0,Placed,1
7.59,71,96,66,58,66.9,0,1,21,CSE,B.Tech,Tier 2,Tier 1,Female,Yes,0,Placed,1
8.61,79,66,56,77,71.44,1,2,23,ISE,B.Tech,Tier 1,Tier 2,Female,Yes,0,Placed,1
6.22,69,75,59,75,92.48,1,1,24,CSE,B.Tech,Tier 2,Tier 3,Male,Yes,3,Not Placed,0
9.76,97,85,53,58,83.15,3,4,21,CSE,B.E.,Tier 1,Tier 1,Male,No,0,Placed,1
7.65,36,62,76,61,74.93,0,1,21,AI & ML,B.E.,Tier 2,Tier 2,Male,No,0,Not Placed,0
8.21,77,68,93,81,87.38,2,1,23,Mechanical,B.Tech,Tier 1,Tier 3,Female,No,0,Placed,1
6.99,82,82,76,68,86.57,0,0,23,CSE,B.Tech,Tier 2,Tier 1,Male,No,2,Placed,1
8.0,68,78,73,80,85.27,2,4,24,Data Science,B.Tech,Tier 2,Tier 3,Female,Yes,0,Placed,1
7.13,62,66,82,100,74.78,3,0,20,ECE,B.Tech,Tier 3,Tier 3,Female,Yes,0,Not Placed,0
8.27,77,86,35,60,84.49,2,4,24,Civil,B.Tech,Tier 1,Tier 1,Male,No,1,Placed,1
6.58,70,55,54,54,88.67,2,1,20,Data Science,B.Tech,Tier 2,Tier 1,Male,Yes,0,Not Placed,0
8.29,77,88,61,56,86.09,1,2,21,CSE,B.Tech,Tier 2,Tier 1,Male,No,2,Placed,1
8.27,85,100,63,84,78.58,2,1,21,AI & ML,B.Tech,Tier 2,Tier 1,Male,Yes,0,Placed,1
7.54,49,85,71,58,71.15,0,0,21,ISE,B.Tech,Tier 1,Tier 3,Male,No,0,Placed,1
7.74,63,80,51,71,88.2,4,2,22,CSE,B.Tech,Tier 2,Tier 2,Female,Yes,0,Placed,1
8.93,65,82,58,96,86.1,2,3,24,Civil,B.E.,Tier 3,Tier 2,Male,Yes,0,Placed,1
7.78,73,81,59,68,89.55,1,2,23,ECE,B.E.,Tier 2,Tier 2,Male,Yes,0,Placed,1
7.56,76,82,79,27,83.76,0,0,20,Civil,B.Tech,Tier 3,Tier 3,Male,No,0,Not Placed,0
8.78,80,83,61,81,75.72,0,1,23,ISE,B.Tech,Tier 2,Tier 2,Male,Yes,0,Not Placed,0
7.57,65,73,56,97,89.63,1,2,20,EEE,B.E.,Tier 2,Tier 2,Female,Yes,0,Not Placed,0
8.02,79,93,63,63,87.32,2,2,20,Data Science,B.E.,Tier 1,Tier 1,Male,No,0,Placed,1
9.02,73,68,44,60,84.09,0,0,20,AI & ML,B.Tech,Tier 2,Tier 2,Female,No,0,Not Placed,0
9.36,95,76,45,48,77.76,0,1,21,CSE,B.Tech,Tier 1,Tier 2,Male,Yes,0,Placed,1
8.09,46,76,78,54,86.41,2,3,21,Mechanical,B.Tech,Tier 1,Tier 3,Male,Yes,0,Not Placed,0
7.23,59,66,98,76,85.64,2,2,23,AI & ML,B.Tech,Tier 3,Tier 1,Male,Yes,0,Placed,1
6.46,62,52,48,80,76.73,1,0,24,CSE,B.Tech,Tier 3,Tier 1,Female,Yes,0,Placed,1
7.08,65,71,74,47,89.46,1,3,24,CSE,B.E.,Tier 2,Tier 2,Female,Yes,0,Placed,1
8.18,79,42,56,77,85.09,2,1,23,CSE,B.Tech,Tier 3,Tier 3,Female,Yes,1,Not Placed,0
9.14,64,86,57,70,92.55,1,1,22,ECE,B.Tech,Tier 2,Tier 1,Male,No,1,Placed,1
5.53,55,40,67,73,90.31,1,0,21,ISE,B.E.,Tier 2,Tier 2,Male,No,0,Not Placed,0
6.21,66,64,62,50,71.78,4,1,20,CSE,B.Tech,Tier 1,Tier 2,Male,Yes,0,Not Placed,0
7.23,55,56,28,28,86.5,3,4,20,CSE,B.Tech,Tier 1,Tier 3,Male,No,0,Not Placed,0
7.16,82,50,51,58,81.62,2,2,22,EEE,B.Tech,Tier 1,Tier 1,Female,Yes,0,Placed,1
7.84,64,60,36,81,63.88,3,3,22,CSE,B.Tech,Tier 2,Tier 2,Male,Yes,0,Not Placed,0
7.77,68,75,62,55,100.0,4,0,21,Civil,B.Tech,Tier 3,Tier 2,Male,Yes,2,Placed,1
8.07,64,91,65,80,78.64,2,2,21,Data Science,B.Tech,Tier 3,Tier 3,Male,No,1,Placed,1
8.01,58,67,56,80,84.75,0,2,20,ECE,B.Tech,Tier 2,Tier 3,Male,No,0,Placed,1
6.66,55,63,48,37,96.78,1,1,21,Data Science,B.Tech,Tier 3,Tier 2,Female,Yes,0,Not Placed,0
10.0,68,75,44,51,88.11,1,2,22,CSE,B.Tech,Tier 2,Tier 2,Male,Yes,0,Placed,1
9.67,92,85,57,89,88.32,0,1,24,CSE,B.Tech,Tier 1,Tier 1,Male,Yes,0,Placed,1
8.02,60,87,62,89,73.77,1,2,24,EEE,B.E.,Tier 1,Tier 2,Male,Yes,0,Placed,1
8.71,71,80,80,85,84.47,0,2,20,Mechanical,B.Tech,Tier 2,Tier 3,Male,Yes,0,Not Placed,0
8.55,78,72,76,93,88.24,3,6,24,AI & ML,B.Tech,Tier 1,Tier 2,Female,Yes,1,Placed,1
8.07,73,45,42,49,83.24,4,1,21,Civil,B.Tech,Tier 3,Tier 1,Male,No,0,Not Placed,0
7.5,73,74,67,53,84.56,4,1,20,Civil,B.Tech,Tier 1,Tier 2,Female,Yes,0,Placed,1
6.95,82,62,82,64,72.68,0,3,22,Data Science,B.Tech,Tier 2,Tier 1,Male,No,0,Placed,1
9.12,67,84,65,65,68.74,1,1,24,CSE,B.E.,Tier 1,Tier 3,Male,Yes,0,Placed,1
7.27,58,75,20,63,87.57,2,1,20,Civil,B.Tech,Tier 2,Tier 2,Female,Yes,0,Placed,1
8.25,62,98,72,60,89.37,2,1,22,AI & ML,B.Tech,Tier 2,Tier 2,Female,Yes,0,Placed,1
6.63,60,50,55,54,84.4,3,2,24,EEE,B.Tech,Tier 2,Tier 3,Female,Yes,0,Placed,1
8.36,77,51,21,57,96.32,2,4,21,Data Science,B.Tech,Tier 2,Tier 2,Male,Yes,0,Placed,1
8.85,68,84,89,40,83.38,1,0,24,Civil,B.E.,Tier 2,Tier 2,Male,Yes,3,Not Placed,0
8.43,80,68,57,63,79.48,1,0,21,Data Science,B.Tech,Tier 1,Tier 3,Male,No,1,Not Placed,0
8.93,84,57,51,62,59.28,1,5,22,ECE,B.Tech,Tier 2,Tier 2,Female,Yes,0,Placed,1
6.98,51,38,59,39,95.07,2,0,23,EEE,B.E.,Tier 1,Tier 3,Other,Yes,1,Placed,1
9.43,88,73,54,68,81.62,1,2,24,Data Science,B.Tech,Tier 1,Tier 3,Female,Yes,2,Placed,1
7.67,84,42,39,73,66.77,0,2,21,CSE,B.Tech,Tier 3,Tier 2,Male,Yes,0,Not Placed,0
6.86,84,55,77,48,84.68,1,2,22,Data Science,B.E.,Tier 3,Tier 3,Male,Yes,3,Not Placed,0
7.31,79,70,79,63,91.73,3,3,21,ECE,B.Tech,Tier 3,Tier 2,Female,No,0,Not Placed,0
8.29,63,82,61,47,86.49,2,1,23,EEE,B.Tech,Tier 3,Tier 3,Female,Yes,0,Not Placed,0
9.56,64,77,51,77,86.13,4,2,24,EEE,B.Tech,Tier 1,Tier 1,Male,Yes,0,Placed,1
7.07,58,87,82,82,69.57,2,1,23,Mechanical,B.E.,Tier 3,Tier 2,Female,Yes,1,Not Placed,0
8.65,71,57,30,77,82.58,1,0,20,Civil,B.Tech,Tier 1,Tier 3,Male,Yes,0,Placed,1
7.22,47,95,78,56,90.01,2,2,20,CSE,B.Tech,Tier 2,Tier 2,Male,No,0,Not Placed,0
8.68,68,100,73,70,86.63,3,2,20,CSE,B.E.,Tier 3,Tier 2,Male,No,0,Placed,1
8.27,58,87,68,63,80.24,1,1,20,CSE,B.Tech,Tier 1,Tier 2,Male,No,0,Not Placed,0
6.45,61,63,62,56,81.38,4,3,23,ISE,B.Tech,Tier 1,Tier 2,Male,No,0,Not Placed,0
7.58,78,56,62,74,90.22,3,1,22,AI & ML,B.E.,Tier 1,Tier 2,Female,Yes,1,Not Placed,0
8.45,52,68,71,44,68.32,2,3,21,CSE,B.Tech,Tier 2,Tier 1,Male,No,0,Not Placed,0
8.41,81,47,41,64,83.38,0,2,24,CSE,B.E.,Tier 1,Tier 3,Male,Yes,0,Placed,1
6.48,61,64,67,81,77.4,4,0,23,Data Science,B.Tech,Tier 2,Tier 2,Male,No,0,Placed,1
9.35,68,97,67,65,97.13,1,1,21,AI & ML,B.E.,Tier 2,Tier 2,Male,Yes,0,Placed,1
7.35,88,84,52,66,86.48,1,2,21,ISE,B.Tech,Tier 1,Tier 2,Other,Yes,0,Placed,1
7.7,79,69,59,82,78.51,1,2,23,Data Science,B.Tech,Tier 2,Tier 2,Female,No,0,Not Placed,0
6.87,65,61,76,67,71.01,3,2,22,Mechanical,B.Tech,Tier 2,Tier 2,Female,Yes,1,Placed,1
6.24,49,75,58,82,83.32,2,4,21,CSE,B.E.,Tier 2,Tier 3,Male,Yes,3,Not Placed,0
6.99,52,26,66,58,78.38,1,0,20,Civil,B.Tech,Tier 3,Tier 2,Male,Yes,0,Not Placed,0
8.05,64,79,60,45,86.2,0,2,24,AI & ML,B.Tech,Tier 3,Tier 3,Female,Yes,0,Placed,1
8.45,97,90,54,67,75.71,1,4,21,AI & ML,B.E.,Tier 2,Tier 2,Male,Yes,0,Placed,1
7.79,73,50,25,53,59.23,2,4,24,ISE,B.Tech,Tier 2,Tier 2,Male,No,1,Placed,1
8.32,74,65,55,82,100.0,2,2,23,Civil,B.Tech,Tier 3,Tier 2,Female,No,0,Not Placed,0
7.36,51,86,48,80,89.3,2,2,24,ISE,B.Tech,Tier 1,Tier 3,Female,Yes,0,Placed,1
9.29,100,79,72,69,79.44,1,4,24,CSE,B.Tech,Tier 3,Tier 3,Male,Yes,0,Placed,1
6.65,74,57,96,82,82.81,1,2,23,Civil,B.Tech,Tier 2,Tier 2,Male,Yes,0,Not Placed,0
7.14,85,77,76,55,100.0,3,1,23,Data Science,B.Tech,Tier 1,Tier 2,Male,No,3,Placed,1
7.53,58,69,62,81,89.4,3,3,20,CSE,B.Tech,Tier 2,Tier 2,Female,Yes,0,Placed,1
7.08,71,63,48,46,70.77,2,0,21,CSE,B.Tech,Tier 2,Tier 3,Male,Yes,1,Not Placed,0
7.72,66,39,67,69,98.32,3,1,24,ECE,B.Tech,Tier 2,Tier 2,Male,No,0,Not Placed,0
6.65,54,59,58,79,90.87,1,3,22,CSE,B.E.,Tier 3,Tier 3,Male,No,0,Placed,1
6.87,76,52,50,47,85.85,2,3,20,EEE,B.Tech,Tier 2,Tier 3,Male,Yes,0,Placed,1
7.55,77,82,87,69,72.33,4,4,24,CSE,B.E.,Tier 3,Tier 2,Female,Yes,0,Not Placed,0
9.35,65,87,100,45,77.1,1,2,23,ECE,B.Tech,Tier 3,Tier 2,Female,Yes,0,Placed,1
9.42,42,95,76,78,55.0,2,5,20,CSE,B.Tech,Tier 2,Tier 3,Female,Yes,1,Placed,1
7.76,75,71,56,81,84.76,2,3,23,CSE,B.Tech,Tier 1,Tier 2,Female,No,0,Placed,1
6.88,61,78,66,60,86.26,3,4,24,Mechanical,B.E.,Tier 1,Tier 3,Male,No,0,Not Placed,0
7.91,58,68,66,94,75.42,1,1,21,EEE,B.Tech,Tier 2,Tier 1,Male,Yes,0,Placed,1
7.1,68,83,71,73,88.55,2,2,24,AI & ML,B.Tech,Tier 1,Tier 1,Other,Yes,1,Not Placed,0
7.46,63,61,48,57,73.09,1,1,20,Mechanical,B.Tech,Tier 2,Tier 3,Male,No,0,Placed,1
9.19,68,88,69,57,87.23,3,3,23,CSE,B.Tech,Tier 3,Tier 2,Female,Yes,0,Placed,1
7.48,79,42,60,63,85.51,3,1,22,Mechanical,B.Tech,Tier 3,Tier 2,Male,No,0,Not Placed,0
9.6,64,95,89,57,80.81,1,4,23,ISE,B.Tech,Tier 2,Tier 2,Other,Yes,0,Placed,1
6.65,54,20,61,63,72.58,1,2,20,Civil,B.Tech,Tier 2,Tier 2,Male,Yes,1,Not Placed,0
7.25,94,36,53,37,78.78,0,1,22,Civil,B.Tech,Tier 2,Tier 2,Male,Yes,0,Not Placed,0
6.99,54,36,55,53,83.43,3,1,24,Data Science,B.Tech,Tier 1,Tier 2,Female,No,2,Not Placed,0
7.89,70,79,59,63,90.25,2,1,21,ECE,B.Tech,Tier 1,Tier 2,Male,Yes,1,Placed,1
6.67,53,77,53,59,86.67,1,2,21,AI & ML,B.Tech,Tier 3,Tier 2,Male,Yes,0,Not Placed,0
7.79,64,75,47,67,92.25,0,3,21,ECE,B.Tech,Tier 1,Tier 1,Male,Yes,3,Not Placed,0
8.71,88,83,64,74,92.41,5,2,23,AI & ML,B.Tech,Tier 2,Tier 2,Male,No,0,Placed,1
7.59,77,69,66,75,96.17,4,1,24,Mechanical,B.Tech,Tier 1,Tier 1,Male,Yes,0,Placed,1
7.93,63,73,79,51,78.32,0,4,20,CSE,B.Tech,Tier 2,Tier 1,Male,Yes,2,Not Placed,0
6.71,54,80,52,62,91.63,1,1,23,CSE,B.Tech,Tier 1,Tier 1,Male,No,1,Placed,1
6.13,58,76,68,68,75.33,1,3,21,EEE,B.Tech,Tier 1,Tier 3,Male,Yes,0,Not Placed,0
9.15,85,69,54,67,100.0,0,4,21,Civil,B.Tech,Tier 3,Tier 2,Male,Yes,1,Not Placed,0
6.95,63,37,51,51,66.95,2,0,23,ECE,B.Tech,Tier 2,Tier 3,Male,No,0,Not Placed,0
6.2,62,47,62,44,77.05,1,1,23,ECE,B.Tech,Tier 1,Tier 2,Male,Yes,0,Placed,1
8.19,58,65,60,60,72.65,1,2,22,CSE,B.Tech,Tier 3,Tier 1,Female,Yes,0,Not Placed,0
9.44,64,71,54,60,79.96,4,2,24,AI & ML,B.Tech,Tier 2,Tier 3,Male,No,2,Placed,1
6.41,57,81,64,46,84.15,0,2,21,AI & ML,B.Tech,Tier 2,Tier 1,Male,No,1,Not Placed,0
8.41,77,74,33,82,77.94,1,2,23,CSE,B.Tech,Tier 2,Tier 2,Male,Yes,0,Placed,1
8.72,79,45,44,83,84.57,3,2,21,AI & ML,B.Tech,Tier 2,Tier 2,Male,Yes,0,Placed,1
6.9,54,58,64,77,91.73,5,1,24,Data Science,B.Tech,Tier 3,Tier 2,Female,Yes,0,Placed,1
7.85,71,79,62,57,79.96,1,0,24,CSE,B.Tech,Tier 2,Tier 3,Male,Yes,0,Not Placed,0
6.82,70,62,50,59,80.74,2,2,23,ISE,B.E.,Tier 1,Tier 1,Male,No,0,Placed,1
6.2,51,72,67,65,81.22,4,2,20,CSE,B.Tech,Tier 2,Tier 2,Female,Yes,0,Placed,1
8.63,59,67,66,47,81.23,1,3,21,Data Science,B.Tech,Tier 3,Tier 1,Male,Yes,0,Placed,1
7.26,73,66,53,76,76.6,1,5,20,EEE,B.Tech,Tier 1,Tier 2,Male,Yes,0,Placed,1
9.1,99,100,85,66,62.81,0,0,23,CSE,B.Tech,Tier 1,Tier 2,Male,No,0,Placed,1
5.61,66,50,52,64,97.52,0,3,21,Mechanical,B.Tech,Tier 3,Tier 3,Female,No,0,Placed,1
7.74,77,57,77,97,91.42,4,3,21,CSE,B.Tech,Tier 2,Tier 2,Female,Yes,0,Placed,1
6.53,46,68,83,67,79.51,3,1,22,ISE,B.E.,Tier 2,Tier 2,Male,Yes,0,Not Placed,0
9.47,75,66,68,57,79.77,2,2,22,ECE,B.Tech,Tier 3,Tier 3,Male,No,0,Placed,1
8.74,79,72,64,75,85.56,0,2,20,AI & ML,B.E.,Tier 3,Tier 2,Male,No,1,Not Placed,0
9.18,84,98,76,65,69.63,2,1,24,Data Science,B.Tech,Tier 3,Tier 3,Female,Yes,0,Placed,1
10.0,67,63,60,56,82.71,3,1,20,CSE,B.E.,Tier 1,Tier 2,Male,No,0,Not Placed,0
8.22,95,82,57,57,74.98,0,5,21,AI & ML,B.E.,Tier 1,Tier 2,Male,Yes,0,Placed,1
8.05,67,86,51,64,91.23,0,5,22,AI & ML,B.E.,Tier 3,Tier 1,Female,Yes,0,Placed,1
8.03,72,96,85,64,82.65,1,0,22,Data Science,B.Tech,Tier 2,Tier 3,Male,No,2,Not Placed,0
8.11,63,100,59,55,77.62,0,4,20,CSE,B.Tech,Tier 2,Tier 2,Male,Yes,3,Not Placed,0
8.25,80,84,86,82,81.79,4,2,23,Civil,B.E.,Tier 2,Tier 2,Female,No,1,Not Placed,0
8.04,66,51,74,59,99.19,3,3,21,EEE,B.Tech,Tier 2,Tier 1,Male,No,1,Not Placed,0
7.71,73,61,69,57,72.97,0,1,22,Civil,B.Tech,Tier 2,Tier 3,Male,Yes,0,Not Placed,0
5.56,74,55,61,62,71.89,1,2,23,CSE,B.Tech,Tier 2,Tier 2,Male,Yes,0,Not Placed,0
7.76,60,47,58,65,74.83,1,3,23,ECE,B.Tech,Tier 2,Tier 3,Female,Yes,1,Not Placed,0
8.61,58,81,68,66,82.1,2,2,22,Data Science,B.Tech,Tier 2,Tier 1,Male,Yes,0,Placed,1
6.95,55,87,74,61,96.98,0,4,23,CSE,B.Tech,Tier 2,Tier 2,Male,No,0,Placed,1
9.63,96,92,80,82,74.01,1,3,22,CSE,B.Tech,Tier 2,Tier 2,Male,No,0,Placed,1
7.4,74,80,63,71,82.7,1,4,21,AI & ML,B.E.,Tier 1,Tier 3,Female,Yes,1,Not Placed,0
8.73,79,100,64,97,89.08,1,1,24,CSE,B.Tech,Tier 2,Tier 2,Male,Yes,0,Placed,1
7.99,40,68,61,53,87.59,1,3,23,ISE,B.Tech,Tier 1,Tier 2,Male,Yes,0,Placed,1
7.28,84,93,84,57,75.83,0,3,24,EEE,B.Tech,Tier 3,Tier 2,Male,Yes,0,Not Placed,0
8.22,57,74,88,71,70.2,2,3,20,ISE,B.Tech,Tier 3,Tier 3,Male,No,1,Not Placed,0
8.25,85,75,95,92,88.43,2,0,24,CSE,B.Tech,Tier 1,Tier 3,Male,Yes,0,Placed,1
7.46,54,54,64,73,77.37,1,5,21,EEE,B.Tech,Tier 2,Tier 3,Female,Yes,2,Not Placed,0
6.61,73,68,65,68,88.0,1,2,21,Civil,B.E.,Tier 1,Tier 2,Male,Yes,0,Placed,1
8.85,81,95,100,62,83.28,3,2,23,CSE,B.E.,Tier 2,Tier 3,Male,Yes,0,Placed,1
9.04,80,100,40,65,90.71,2,0,21,Data Science,B.E.,Tier 1,Tier 1,Male,No,2,Not Placed,0
7.54,75,60,56,82,88.25,3,2,20,EEE,B.E.,Tier 3,Tier 1,Female,Yes,0,Placed,1
6.12,68,62,28,75,85.67,3,4,20,ECE,B.Tech,Tier 2,Tier 1,Female,No,2,Placed,1
8.36,72,43,34,87,80.82,4,1,20,ECE,B.Tech,Tier 2,Tier 2,Male,Yes,0,Not Placed,0
7.62,47,86,60,79,72.78,2,1,24,CSE,B.Tech,Tier 2,Tier 3,Female,Yes,0,Not Placed,0
7.2,61,68,75,77,80.9,0,1,24,ISE,B.Tech,Tier 2,Tier 3,Male,Yes,0,Not Placed,0
8.35,51,76,41,65,86.99,1,2,20,EEE,B.Tech,Tier 2,Tier 3,Male,Yes,0,Placed,1
6.87,63,74,89,74,84.59,1,1,24,AI & ML,B.Tech,Tier 2,Tier 2,Female,No,1,Not Placed,0
6.66,60,79,82,56,76.55,1,2,20,EEE,B.E.,Tier 3,Tier 2,Male,Yes,0,Placed,1
6.66,82,41,49,69,87.05,0,3,21,CSE,B.E.,Tier 2,Tier 2,Male,No,0,Not Placed,0
8.78,71,84,69,69,80.14,3,1,24,AI & ML,B.E.,Tier 2,Tier 3,Female,Yes,0,Placed,1
6.96,62,30,43,67,93.03,2,1,20,AI & ML,B.E.,Tier 3,Tier 3,Male,Yes,2,Placed,1
7.31,71,73,64,73,91.04,2,1,24,CSE,B.E.,Tier 2,Tier 1,Male,No,0,Placed,1
7.98,79,55,58,67,77.85,1,1,24,Civil,B.Tech,Tier 2,Tier 1,Male,No,1,Placed,1
8.19,69,91,69,68,85.5,5,3,22,ISE,B.Tech,Tier 2,Tier 1,Male,Yes,3,Placed,1
6.65,54,52,66,62,88.75,1,3,20,CSE,B.Tech,Tier 1,Tier 2,Male,No,2,Not Placed,0
8.3,74,59,47,74,93.8,2,1,24,CSE,B.E.,Tier 3,Tier 3,Male,No,1,Not Placed,0
6.84,68,68,83,67,73.77,0,2,22,Data Science,B.E.,Tier 2,Tier 2,Female,Yes,0,Placed,1
8.42,69,78,84,65,82.75,4,0,21,Data Science,B.Tech,Tier 2,Tier 2,Female,No,0,Not Placed,0
7.9,68,85,81,67,79.38,1,3,21,Mechanical,B.E.,Tier 2,Tier 3,Female,Yes,0,Not Placed,0
6.71,81,35,61,93,84.97,1,0,24,CSE,B.Tech,Tier 3,Tier 2,Male,Yes,0,Not Placed,0
8.26,91,70,63,69,79.99,3,2,22,EEE,B.Tech,Tier 2,Tier 2,Male,No,0,Placed,1
9.43,79,89,64,73,80.38,1,3,20,CSE,B.E.,Tier 2,Tier 2,Male,No,1,Placed,1
8.4,38,83,76,83,89.17,2,0,20,CSE,B.Tech,Tier 2,Tier 2,Female,Yes,1,Not Placed,0
7.12,47,58,73,42,75.09,5,4,23,Civil,B.Tech,Tier 1,Tier 3,Male,No,0,Placed,1
8.1,87,80,68,53,86.89,1,4,22,AI & ML,B.E.,Tier 1,Tier 3,Male,Yes,0,Placed,1
8.11,64,74,75,80,80.06,1,0,23,CSE,B.Tech,Tier 1,Tier 2,Male,Yes,0,Placed,1
8.95,83,87,53,65,71.72,1,3,24,CSE,B.Tech,Tier 2,Tier 2,Female,No,3,Not Placed,0
8.69,52,59,35,85,64.65,2,0,23,CSE,B.Tech,Tier 3,Tier 2,Female,No,1,Placed,1
7.37,97,86,70,64,81.49,4,3,24,Data Science,B.Tech,Tier 2,Tier 3,Female,Yes,2,Placed,1
6.83,71,79,51,70,77.14,1,1,24,ECE,B.Tech,Tier 2,Tier 2,Female,Yes,0,Not Placed,0
7.75,85,70,73,52,67.43,4,2,24,EEE,B.E.,Tier 2,Tier 2,Male,Yes,0,Not Placed,0
8.46,93,63,74,86,81.23,1,1,22,ECE,B.Tech,Tier 3,Tier 2,Male,Yes,0,Placed,1
8.47,67,78,69,57,90.7,3,0,23,Data Science,B.Tech,Tier 2,Tier 3,Female,No,0,Placed,1
7.56,72,68,72,89,75.61,0,3,21,Data Science,B.Tech,Tier 2,Tier 1,Female,Yes,0,Not Placed,0
7.6,75,79,92,72,76.71,3,3,24,CSE,B.Tech,Tier 3,Tier 1,Male,No,0,Placed,1
8.29,89,76,71,69,79.39,2,1,22,ECE,B.Tech,Tier 2,Tier 2,Male,No,0,Placed,1
7.62,88,69,40,59,83.07,4,1,24,EEE,B.Tech,Tier 3,Tier 2,Male,No,0,Placed,1
6.69,50,53,30,79,71.33,3,3,24,Data Science,B.E.,Tier 2,Tier 3,Female,Yes,0,Not Placed,0
7.28,74,91,59,72,84.63,3,3,22,AI & ML,B.Tech,Tier 1,Tier 1,Male,No,0,Placed,1
8.69,86,76,78,87,83.35,0,2,22,ISE,B.E.,Tier 2,Tier 2,Female,No,0,Placed,1
8.23,63,68,68,59,93.42,4,1,20,ECE,B.Tech,Tier 1,Tier 3,Male,Yes,1,Placed,1
7.81,33,100,60,56,88.48,2,1,23,Data Science,B.Tech,Tier 1,Tier 2,Male,No,2,Not Placed,0
6.18,68,51,64,73,68.34,1,1,20,ISE,B.Tech,Tier 1,Tier 2,Other,Yes,0,Placed,1
7.77,83,56,82,59,85.39,4,0,21,EEE,B.Tech,Tier 1,Tier 3,Male,No,1,Not Placed,0
8.08,65,64,93,72,73.62,4,0,23,CSE,B.E.,Tier 3,Tier 2,Female,Yes,0,Not Placed,0
6.53,65,72,90,51,88.86,1,3,22,ECE,B.Tech,Tier 1,Tier 2,Male,No,0,Not Placed,0
6.4,81,63,53,72,85.5,1,1,23,CSE,B.Tech,Tier 1,Tier 2,Female,Yes,0,Placed,1
7.35,68,81,57,65,72.63,3,1,20,Data Science,B.Tech,Tier 2,Tier 2,Male,Yes,0,Placed,1
8.0,75,66,48,93,65.79,6,3,24,ECE,B.Tech,Tier 3,Tier 1,Female,No,1,Placed,1
6.51,65,79,70,53,95.45,1,3,22,Data Science,B.E.,Tier 2,Tier 2,Male,No,0,Placed,1
7.41,69,52,64,76,76.17,2,1,23,AI & ML,B.E.,Tier 3,Tier 1,Other,Yes,0,Placed,1
5.92,49,77,58,71,88.79,1,1,20,CSE,B.E.,Tier 1,Tier 2,Female,No,0,Not Placed,0
8.93,79,53,55,58,77.88,4,2,23,EEE,B.Tech,Tier 2,Tier 2,Male,No,0,Not Placed,0
6.59,91,66,75,67,94.72,1,1,22,CSE,B.Tech,Tier 3,Tier 2,Female,No,0,Placed,1
6.52,60,71,47,94,81.75,2,2,21,CSE,B.E.,Tier 2,Tier 3,Female,No,0,Placed,1
6.94,61,75,90,71,89.11,2,0,24,CSE,B.Tech,Tier 2,Tier 3,Female,No,0,Not Placed,0
7.35,57,79,63,74,74.97,2,2,23,ECE,B.Tech,Tier 2,Tier 3,Female,No,1,Placed,1
8.64,92,80,56,66,79.93,1,3,20,AI & ML,B.E.,Tier 2,Tier 2,Male,Yes,0,Placed,1
8.21,72,64,70,80,88.18,2,6,20,ISE,B.Tech,Tier 3,Tier 3,Female,No,0,Placed,1
7.05,74,43,40,92,84.0,2,2,23,AI & ML,B.E.,Tier 1,Tier 1,Male,Yes,0,Not Placed,0
6.36,63,50,76,68,84.29,1,1,23,EEE,B.Tech,Tier 1,Tier 1,Female,Yes,0,Placed,1
6.52,61,54,69,56,81.5,2,1,24,ECE,B.Tech,Tier 2,Tier 2,Male,Yes,0,Not Placed,0
7.18,51,66,62,79,77.71,3,3,23,AI & ML,B.Tech,Tier 1,Tier 2,Male,Yes,0,Not Placed,0
7.08,99,80,70,90,77.1,2,1,22,Data Science,B.Tech,Tier 3,Tier 3,Male,Yes,0,Placed,1
7.06,61,79,83,75,88.87,2,2,20,ISE,B.Tech,Tier 1,Tier 3,Male,No,0,Placed,1
8.21,53,72,68,60,65.43,0,3,20,CSE,B.E.,Tier 3,Tier 1,Male,Yes,0,Not Placed,0
7.67,72,76,89,77,82.22,2,5,23,AI & ML,B.Tech,Tier 2,Tier 2,Female,No,0,Placed,1
8.29,73,68,70,64,74.09,1,3,23,Mechanical,B.Tech,Tier 3,Tier 1,Male,Yes,2,Placed,1
8.58,71,73,56,86,69.7,4,5,24,Data Science,B.Tech,Tier 1,Tier 3,Male,No,0,Placed,1
8.43,83,77,49,71,73.56,2,3,24,Data Science,B.E.,Tier 2,Tier 2,Male,No,0,Not Placed,0
6.4,47,70,71,93,93.93,2,0,20,ECE,B.Tech,Tier 1,Tier 1,Female,Yes,0,Not Placed,0
8.57,72,46,67,95,75.26,1,1,23,ECE,B.Tech,Tier 3,Tier 3,Male,Yes,0,Placed,1
7.51,50,74,67,88,69.45,1,3,24,ISE,B.Tech,Tier 2,Tier 1,Male,Yes,0,Placed,1
6.58,66,74,83,59,82.49,3,2,22,CSE,B.Tech,Tier 2,Tier 2,Female,Yes,0,Placed,1
7.22,78,43,39,44,73.46,2,3,22,CSE,B.Tech,Tier 2,Tier 2,Male,No,1,Not Placed,0
6.99,70,59,83,84,88.19,0,6,22,AI & ML,B.Tech,Tier 1,Tier 3,Female,Yes,0,Not Placed,0
5.86,69,31,40,71,92.87,0,1,24,EEE,B.Tech,Tier 3,Tier 2,Male,Yes,1,Not Placed,0
7.36,53,54,40,56,84.59,3,1,20,ISE,B.Tech,Tier 1,Tier 1,Male,Yes,0,Placed,1
7.34,62,72,68,74,81.64,3,3,23,AI & ML,B.Tech,Tier 3,Tier 3,Male,Yes,0,Not Placed,0
5.7,54,32,54,78,79.68,3,2,23,EEE,B.Tech,Tier 1,Tier 2,Female,Yes,0,Not Placed,0
8.49,82,68,51,75,80.69,3,1,21,ISE,B.Tech,Tier 3,Tier 2,Male,Yes,3,Placed,1
7.45,71,73,41,97,81.9,3,2,22,ISE,B.Tech,Tier 2,Tier 3,Male,Yes,1,Placed,1
8.3,59,48,62,58,79.0,1,2,22,Data Science,B.E.,Tier 1,Tier 2,Male,No,1,Not Placed,0
7.33,60,83,62,80,70.4,3,2,22,Data Science,B.Tech,Tier 2,Tier 2,Male,No,0,Placed,1
8.41,58,64,80,65,86.36,5,2,22,Civil,B.Tech,Tier 3,Tier 2,Female,Yes,0,Placed,1
7.76,64,67,55,73,59.13,1,1,22,CSE,B.Tech,Tier 1,Tier 2,Female,Yes,0,Placed,1
7.57,74,86,58,65,78.95,2,1,23,Mechanical,B.E.,Tier 2,Tier 3,Male,Yes,0,Placed,1
6.54,44,49,23,50,84.88,2,1,24,Mechanical,B.Tech,Tier 1,Tier 3,Male,Yes,1,Not Placed,0
7.24,78,68,53,68,87.62,4,2,20,ISE,B.E.,Tier 2,Tier 2,Male,Yes,0,Placed,1
8.23,90,91,73,47,71.23,3,1,20,CSE,B.Tech,Tier 3,Tier 2,Female,No,1,Not Placed,0
7.39,68,61,53,47,98.22,4,5,20,ECE,B.Tech,Tier 1,Tier 2,Female,Yes,2,Not Placed,0
8.6,95,81,72,71,81.02,2,1,23,Mechanical,B.Tech,Tier 2,Tier 3,Male,Yes,0,Not Placed,0
6.9,84,39,74,79,87.66,1,1,21,AI & ML,B.Tech,Tier 1,Tier 3,Male,Yes,1,Not Placed,0
8.98,80,45,76,56,75.34,2,2,24,Data Science,B.E.,Tier 3,Tier 1,Female,Yes,0,Placed,1
7.85,65,71,77,80,67.3,1,1,24,AI & ML,B.Tech,Tier 1,Tier 3,Male,Yes,3,Not Placed,0
7.92,70,64,56,51,69.94,1,0,24,Civil,B.E.,Tier 3,Tier 2,Male,Yes,3,Not Placed,0
7.81,45,70,45,72,78.11,3,1,21,ISE,B.Tech,Tier 3,Tier 2,Female,Yes,0,Placed,1
6.88,72,47,44,91,75.87,0,3,22,ISE,B.E.,Tier 2,Tier 3,Female,Yes,0,Placed,1
6.7,52,75,74,70,87.37,2,3,24,AI & ML,B.Tech,Tier 2,Tier 3,Male,Yes,0,Not Placed,0
6.82,64,74,70,61,78.59,2,3,20,CSE,B.Tech,Tier 2,Tier 2,Female,No,0,Placed,1
7.06,65,37,35,58,76.01,1,3,20,EEE,B.Tech,Tier 2,Tier 1,Male,Yes,0,Not Placed,0
5.8,56,20,72,47,88.25,0,1,23,Data Science,B.Tech,Tier 3,Tier 3,Female,Yes,0,Not Placed,0
6.93,54,54,57,51,77.41,0,3,24,AI & ML,B.E.,Tier 1,Tier 1,Male,No,0,Placed,1
6.44,78,71,43,72,84.69,6,4,24,Mechanical,B.Tech,Tier 1,Tier 1,Male,Yes,1,Placed,1
8.31,96,62,61,89,77.71,1,4,21,CSE,B.Tech,Tier 2,Tier 3,Female,Yes,0,Not Placed,0
6.95,79,58,52,39,81.31,1,1,23,CSE,B.Tech,Tier 1,Tier 2,Male,No,0,Not Placed,0
8.55,62,100,84,57,88.67,2,5,20,Data Science,B.Tech,Tier 1,Tier 2,Male,No,0,Placed,1
8.6,79,100,76,59,83.81,0,3,22,Civil,B.Tech,Tier 1,Tier 2,Male,No,0,Placed,1
8.69,77,63,71,40,72.29,2,1,20,ISE,B.Tech,Tier 3,Tier 3,Male,Yes,0,Not Placed,0
8.04,96,50,50,58,75.19,4,5,21,EEE,B.Tech,Tier 1,Tier 2,Female,No,0,Placed,1
8.19,81,57,80,70,87.07,0,1,24,ECE,B.Tech,Tier 1,Tier 3,Male,Yes,0,Not Placed,0
7.46,74,69,71,77,74.28,0,4,24,Mechanical,B.Tech,Tier 3,Tier 2,Female,Yes,0,Placed,1
8.62,74,82,42,59,100.0,4,1,24,CSE,B.Tech,Tier 3,Tier 3,Male,Yes,0,Placed,1
7.39,61,85,47,71,81.13,1,1,20,ISE,B.Tech,Tier 2,Tier 2,Male,Yes,0,Placed,1
8.51,60,92,67,48,76.95,3,2,22,CSE,B.Tech,Tier 1,Tier 1,Male,Yes,0,Placed,1
7.38,50,80,66,70,100.0,5,5,23,CSE,B.Tech,Tier 3,Tier 2,Male,No,0,Placed,1
7.64,85,77,57,46,78.06,6,3,23,EEE,B.E.,Tier 3,Tier 3,Male,Yes,0,Placed,1
7.58,69,85,58,53,92.69,2,3,21,Data Science,B.Tech,Tier 2,Tier 1,Male,Yes,0,Placed,1
7.94,82,72,85,76,77.94,3,3,22,AI & ML,B.Tech,Tier 2,Tier 2,Female,Yes,0,Placed,1
8.57,51,50,74,80,81.8,1,0,21,EEE,B.Tech,Tier 1,Tier 1,Female,Yes,0,Placed,1
7.56,71,69,86,49,100.0,1,2,21,ISE,B.Tech,Tier 1,Tier 2,Male,Yes,0,Placed,1
6.48,59,68,39,49,89.44,0,2,20,Data Science,B.Tech,Tier 1,Tier 2,Female,No,0,Not Placed,0
7.53,67,76,89,73,97.92,3,1,23,AI & ML,B.E.,Tier 1,Tier 2,Male,No,0,Placed,1
10.0,81,100,81,58,74.47,3,3,21,AI & ML,B.Tech,Tier 1,Tier 3,Male,No,0,Placed,1
7.89,64,72,77,95,81.21,3,2,21,ECE,B.Tech,Tier 1,Tier 2,Male,Yes,0,Placed,1
7.51,82,75,67,63,76.67,4,3,24,AI & ML,B.Tech,Tier 3,Tier 3,Male,Yes,0,Not Placed,0
8.96,64,81,72,63,89.67,2,4,23,Civil,B.Tech,Tier 1,Tier 2,Male,No,0,Not Placed,0
6.67,53,73,48,83,75.09,1,2,20,AI & ML,B.Tech,Tier 2,Tier 3,Male,Yes,0,Placed,1
8.29,68,65,60,72,88.99,0,0,23,ECE,B.Tech,Tier 2,Tier 3,Male,No,2,Not Placed,0
7.99,66,71,57,53,91.81,4,3,23,ECE,B.Tech,Tier 2,Tier 3,Female,Yes,0,Placed,1
8.41,98,62,55,65,67.99,0,3,21,AI & ML,B.Tech,Tier 2,Tier 2,Female,No,0,Placed,1
6.99,76,76,59,71,72.06,2,0,23,Mechanical,B.E.,Tier 2,Tier 2,Male,Yes,0,Placed,1
7.23,57,70,69,84,75.12,0,2,24,CSE,B.Tech,Tier 1,Tier 1,Male,No,2,Placed,1
6.63,72,76,53,62,75.13,1,2,20,ISE,B.Tech,Tier 1,Tier 2,Female,Yes,0,Placed,1
7.71,65,100,90,75,85.25,1,2,20,CSE,B.E.,Tier 1,Tier 2,Female,No,0,Placed,1
7.65,84,78,61,39,83.46,2,2,22,Data Science,B.E.,Tier 2,Tier 3,Male,Yes,0,Not Placed,0
9.41,86,92,67,57,76.48,2,1,22,CSE,B.Tech,Tier 3,Tier 2,Female,Yes,1,Placed,1
9.13,99,100,98,51,79.84,3,0,21,ECE,B.Tech,Tier 1,Tier 1,Male,Yes,0,Placed,1
7.07,73,86,62,76,92.88,2,1,23,CSE,B.Tech,Tier 3,Tier 2,Female,No,0,Not Placed,0
7.2,59,58,88,41,74.69,4,2,21,EEE,B.Tech,Tier 2,Tier 1,Male,Yes,0,Placed,1
7.55,60,72,60,60,78.46,1,2,24,CSE,B.Tech,Tier 1,Tier 3,Male,Yes,2,Not Placed,0
7.06,64,80,52,63,98.31,3,3,24,CSE,B.Tech,Tier 2,Tier 2,Female,Yes,0,Placed,1
6.95,71,72,49,49,90.95,0,1,20,Mechanical,B.Tech,Tier 1,Tier 2,Male,No,0,Placed,1
8.48,69,71,81,67,80.3,1,2,24,CSE,B.Tech,Tier 1,Tier 3,Female,Yes,0,Placed,1
8.39,57,94,62,73,87.43,2,2,22,AI & ML,B.Tech,Tier 1,Tier 3,Male,Yes,0,Not Placed,0
8.19,68,100,65,63,75.69,0,2,21,EEE,B.Tech,Tier 2,Tier 2,Female,No,0,Placed,1
8.62,79,74,91,65,84.72,0,2,22,AI & ML,B.E.,Tier 3,Tier 2,Female,No,1,Not Placed,0
8.1,65,61,63,58,83.8,3,3,22,Mechanical,B.Tech,Tier 1,Tier 1,Female,No,0,Placed,1
7.52,83,73,67,64,88.32,0,2,20,ECE,B.Tech,Tier 2,Tier 2,Female,Yes,0,Placed,1
7.93,66,62,77,91,94.73,2,1,23,Civil,B.Tech,Tier 1,Tier 3,Male,Yes,0,Placed,1
6.85,67,79,99,52,89.4,4,4,23,Data Science,B.E.,Tier 1,Tier 3,Male,Yes,2,Not Placed,0
8.41,81,73,60,48,74.21,3,2,21,CSE,B.Tech,Tier 3,Tier 2,Male,No,0,Placed,1
6.47,59,55,39,80,71.1,2,3,23,Civil,B.E.,Tier 2,Tier 3,Male,No,1,Not Placed,0
8.03,95,70,46,87,80.72,0,2,24,Civil,B.E.,Tier 1,Tier 2,Male,No,1,Placed,1
7.1,68,80,88,69,90.54,2,2,23,CSE,B.E.,Tier 3,Tier 2,Female,Yes,0,Placed,1
7.91,62,82,43,79,75.14,2,2,21,CSE,B.E.,Tier 3,Tier 1,Male,No,0,Placed,1
7.44,62,62,71,71,76.65,4,2,24,AI & ML,B.Tech,Tier 2,Tier 3,Female,Yes,0,Placed,1
8.97,61,71,96,79,87.44,1,0,21,CSE,B.E.,Tier 1,Tier 2,Female,No,0,Placed,1
8.42,81,90,59,68,82.31,1,2,22,Data Science,B.Tech,Tier 2,Tier 2,Male,Yes,1,Not Placed,0
8.38,85,68,40,69,81.71,1,1,21,CSE,B.E.,Tier 1,Tier 3,Other,No,0,Not Placed,0
8.27,64,56,81,47,82.93,4,2,23,ISE,B.E.,Tier 1,Tier 3,Male,Yes,2,Placed,1
9.26,84,71,72,83,92.2,6,3,21,ECE,B.E.,Tier 1,Tier 3,Female,Yes,1,Placed,1
7.88,93,58,70,53,80.12,0,6,21,CSE,B.Tech,Tier 2,Tier 2,Male,Yes,0,Placed,1
6.31,47,66,53,78,73.5,1,2,24,Data Science,B.Tech,Tier 1,Tier 3,Male,Yes,1,Not Placed,0
6.39,61,64,47,53,91.79,1,3,21,Data Science,B.E.,Tier 2,Tier 2,Male,Yes,0,Not Placed,0
7.02,62,57,59,80,79.5,1,3,24,ECE,B.Tech,Tier 1,Tier 2,Male,No,0,Not Placed,0
8.5,57,76,84,57,87.47,0,2,21,ISE,B.Tech,Tier 1,Tier 2,Female,Yes,0,Placed,1
7.35,68,88,40,76,87.61,3,2,23,CSE,B.Tech,Tier 2,Tier 2,Female,Yes,0,Placed,1
9.82,79,86,76,75,87.99,3,3,22,CSE,B.Tech,Tier 1,Tier 3,Male,Yes,0,Placed,1
6.2,56,47,65,69,74.98,0,1,20,EEE,B.Tech,Tier 3,Tier 1,Male,Yes,0,Placed,1
7.48,58,94,40,64,71.79,2,2,24,CSE,B.Tech,Tier 2,Tier 3,Male,Yes,2,Not Placed,0
9.09,78,77,52,52,72.21,2,3,24,ISE,B.Tech,Tier 2,Tier 2,Female,Yes,0,Placed,1
6.28,77,85,87,57,65.14,3,0,22,Mechanical,B.E.,Tier 2,Tier 2,Male,Yes,0,Placed,1
7.6,70,68,53,75,89.32,0,1,20,AI & ML,B.Tech,Tier 2,Tier 2,Female,No,2,Placed,1
8.03,69,95,52,60,83.4,2,0,21,Data Science,B.Tech,Tier 1,Tier 1,Male,Yes,0,Placed,1
9.12,70,100,44,59,70.21,2,6,23,ISE,B.Tech,Tier 2,Tier 3,Female,No,0,Placed,1
7.57,73,55,47,70,70.58,0,1,21,ECE,B.Tech,Tier 2,Tier 2,Male,Yes,0,Placed,1
8.17,76,64,51,83,82.92,1,4,20,Civil,B.E.,Tier 1,Tier 3,Male,Yes,0,Placed,1
7.74,61,94,50,78,84.11,1,1,21,AI & ML,B.Tech,Tier 3,Tier 2,Female,Yes,0,Not Placed,0
7.98,80,67,69,69,69.85,1,1,24,Data Science,B.E.,Tier 2,Tier 3,Male,Yes,1,Not Placed,0
7.24,80,76,55,81,86.09,1,1,23,EEE,B.Tech,Tier 1,Tier 2,Other,Yes,1,Placed,1
8.3,57,90,100,66,76.13,1,2,23,ISE,B.Tech,Tier 1,Tier 2,Female,Yes,0,Placed,1
9.92,76,92,78,67,81.88,1,0,24,Data Science,B.Tech,Tier 2,Tier 1,Male,Yes,1,Placed,1
9.02,78,83,81,53,87.03,3,1,21,Mechanical,B.E.,Tier 2,Tier 2,Female,No,1,Placed,1
6.65,70,53,50,49,73.57,2,2,23,Civil,B.Tech,Tier 3,Tier 1,Female,Yes,1,Not Placed,0
8.11,69,41,65,87,71.85,3,4,21,Mechanical,B.Tech,Tier 2,Tier 2,Male,Yes,1,Placed,1
8.02,51,75,84,56,75.47,1,2,23,CSE,B.Tech,Tier 2,Tier 1,Female,Yes,0,Placed,1
7.39,51,70,53,57,75.01,3,2,24,ECE,B.Tech,Tier 3,Tier 2,Female,No,0,Placed,1
7.45,58,59,52,37,72.65,3,0,23,Data Science,B.Tech,Tier 2,Tier 2,Female,No,0,Not Placed,0
8.1,92,71,56,55,95.42,1,1,24,EEE,B.Tech,Tier 3,Tier 2,Male,No,0,Placed,1
7.11,62,56,74,80,95.62,1,1,22,Data Science,B.Tech,Tier 1,Tier 3,Female,Yes,0,Placed,1
7.91,57,92,70,96,82.68,3,4,23,AI & ML,B.Tech,Tier 1,Tier 2,Male,Yes,1,Placed,1
7.42,89,71,56,40,80.76,1,1,22,Data Science,B.Tech,Tier 3,Tier 1,Female,Yes,0,Not Placed,0
7.35,52,65,71,72,81.86,2,3,20,CSE,B.E.,Tier 1,Tier 3,Male,Yes,1,Placed,1
8.78,68,83,78,57,85.6,0,1,22,CSE,B.Tech,Tier 2,Tier 1,Male,No,0,Not Placed,0
8.1,68,68,66,55,67.5,1,1,23,Civil,B.Tech,Tier 1,Tier 2,Male,Yes,1,Not Placed,0
7.12,45,77,55,58,72.71,2,2,22,Data Science,B.Tech,Tier 2,Tier 3,Male,Yes,1,Placed,1
7.49,65,79,87,77,76.77,2,3,22,EEE,B.E.,Tier 2,Tier 2,Male,Yes,0,Not Placed,0
7.31,51,61,56,55,84.23,3,2,24,CSE,B.E.,Tier 2,Tier 1,Female,No,0,Placed,1
6.92,85,52,85,82,82.92,1,1,21,EEE,B.Tech,Tier 1,Tier 2,Female,No,0,Not Placed,0
9.17,85,67,88,52,77.88,2,1,24,Data Science,B.E.,Tier 2,Tier 1,Female,Yes,0,Placed,1
7.79,50,77,82,68,67.92,1,1,24,CSE,B.Tech,Tier 2,Tier 2,Male,Yes,0,Placed,1
7.77,60,52,51,34,75.74,4,2,24,Civil,B.Tech,Tier 1,Tier 3,Female,Yes,0,Not Placed,0
8.35,80,88,86,52,78.07,3,1,22,Data Science,B.Tech,Tier 3,Tier 2,Female,Yes,1,Placed,1
8.31,75,69,86,75,89.5,3,0,23,ISE,B.Tech,Tier 3,Tier 3,Male,Yes,0,Placed,1
6.49,51,45,48,61,85.08,5,1,21,ECE,B.Tech,Tier 2,Tier 3,Male,Yes,0,Placed,1
9.72,100,73,71,66,75.7,1,2,20,Data Science,B.Tech,Tier 3,Tier 3,Male,Yes,0,Placed,1
9.21,76,100,78,72,83.61,1,2,23,Data Science,B.Tech,Tier 1,Tier 1,Female,Yes,1,Placed,1
6.58,45,85,60,96,76.48,0,1,20,ECE,B.Tech,Tier 3,Tier 3,Female,No,0,Placed,1
6.89,75,45,70,59,78.73,1,3,24,Data Science,B.E.,Tier 3,Tier 1,Female,Yes,0,Placed,1
7.89,96,79,69,58,83.47,1,0,23,CSE,B.Tech,Tier 1,Tier 2,Male,Yes,0,Placed,1
7.96,74,92,100,63,82.37,1,3,24,CSE,B.Tech,Tier 3,Tier 1,Female,Yes,0,Placed,1
7.65,64,95,75,65,89.3,2,2,22,CSE,B.Tech,Tier 2,Tier 3,Female,No,0,Not Placed,0
7.7,87,77,60,80,85.14,6,0,22,Data Science,B.Tech,Tier 2,Tier 2,Male,Yes,2,Placed,1
7.79,52,56,75,76,79.21,3,0,22,AI & ML,B.Tech,Tier 3,Tier 3,Female,Yes,0,Not Placed,0
7.1,68,52,20,75,86.82,2,4,21,Data Science,B.E.,Tier 3,Tier 2,Male,No,0,Not Placed,0
7.69,65,96,51,50,81.0,0,4,21,ISE,B.Tech,Tier 1,Tier 1,Male,No,0,Placed,1
9.17,70,72,42,79,80.9,1,1,23,Mechanical,B.E.,Tier 2,Tier 2,Male,Yes,0,Placed,1
7.26,84,87,65,62,81.71,1,1,22,Data Science,B.Tech,Tier 1,Tier 2,Male,No,0,Placed,1
7.14,57,52,56,87,78.63,2,0,24,ECE,B.Tech,Tier 3,Tier 1,Male,Yes,0,Placed,1
6.4,73,50,43,81,79.08,2,5,22,ISE,B.E.,Tier 2,Tier 3,Female,No,0,Not Placed,0
8.96,91,78,52,71,75.07,1,1,22,CSE,B.Tech,Tier 1,Tier 1,Male,No,0,Placed,1
7.63,68,62,78,79,87.56,2,1,23,Mechanical,B.Tech,Tier 3,Tier 2,Female,No,1,Not Placed,0
7.27,87,76,78,57,97.3,1,4,22,AI & ML,B.Tech,Tier 3,Tier 2,Female,Yes,1,Placed,1
5.99,81,57,74,70,79.77,3,1,20,AI & ML,B.Tech,Tier 2,Tier 1,Female,No,1,Not Placed,0
8.77,76,58,48,94,86.49,0,6,22,ISE,B.E.,Tier 2,Tier 1,Female,No,1,Placed,1
7.76,68,77,66,44,62.83,3,2,23,AI & ML,B.Tech,Tier 3,Tier 3,Male,Yes,0,Placed,1
8.09,54,83,62,64,80.13,0,3,23,Data Science,B.Tech,Tier 2,Tier 3,Male,Yes,1,Placed,1
6.6,62,81,68,88,80.68,2,1,20,Data Science,B.E.,Tier 1,Tier 3,Other,No,1,Placed,1
7.65,80,84,92,75,67.1,0,2,23,CSE,B.Tech,Tier 2,Tier 2,Female,Yes,0,Not Placed,0
7.63,76,60,90,66,83.07,2,1,21,Mechanical,B.Tech,Tier 1,Tier 1,Female,No,0,Placed,1
7.64,73,73,57,59,95.62,4,2,24,CSE,B.Tech,Tier 2,Tier 2,Female,No,3,Not Placed,0
6.74,85,65,47,65,83.29,4,2,24,Data Science,B.Tech,Tier 1,Tier 2,Male,No,0,Placed,1
7.86,64,56,53,59,82.44,2,1,24,EEE,B.E.,Tier 2,Tier 2,Male,No,0,Not Placed,0
6.66,75,56,73,71,84.76,1,1,20,CSE,B.Tech,Tier 2,Tier 2,Female,No,0,Placed,1
7.83,52,53,60,43,85.63,2,4,22,Civil,B.Tech,Tier 1,Tier 3,Other,Yes,1,Not Placed,0
6.07,47,81,84,81,91.32,1,1,20,ISE,B.E.,Tier 3,Tier 3,Male,Yes,0,Not Placed,0
7.2,54,73,84,77,69.72,1,1,20,AI & ML,B.E.,Tier 1,Tier 3,Female,No,1,Placed,1
8.64,80,82,66,75,82.62,5,1,20,AI & ML,B.Tech,Tier 3,Tier 1,Male,Yes,0,Placed,1
7.28,50,73,75,83,75.92,0,2,22,AI & ML,B.E.,Tier 2,Tier 2,Female,No,0,Not Placed,0
7.17,60,50,55,74,81.74,1,2,21,CSE,B.Tech,Tier 1,Tier 3,Female,No,0,Placed,1
7.44,51,73,65,61,74.78,3,1,21,CSE,B.E.,Tier 2,Tier 1,Female,Yes,1,Placed,1
8.94,97,79,86,78,76.67,2,2,24,Mechanical,B.Tech,Tier 2,Tier 3,Male,Yes,1,Placed,1
6.26,48,76,79,63,70.91,3,3,22,AI & ML,B.Tech,Tier 2,Tier 1,Female,No,0,Placed,1
8.69,52,93,76,85,89.11,3,2,23,Mechanical,B.Tech,Tier 2,Tier 3,Male,Yes,0,Placed,1
8.39,55,63,61,87,71.5,6,1,24,ECE,B.Tech,Tier 3,Tier 1,Female,Yes,0,Placed,1
8.69,69,59,66,61,86.04,3,0,21,CSE,B.Tech,Tier 3,Tier 3,Female,Yes,0,Placed,1
7.89,47,65,52,70,69.36,0,0,24,CSE,B.E.,Tier 2,Tier 2,Male,Yes,0,Placed,1
7.15,60,79,65,37,78.24,1,2,21,AI & ML,B.E.,Tier 2,Tier 2,Male,No,1,Placed,1
7.2,62,62,48,63,72.7,1,1,22,ECE,B.E.,Tier 2,Tier 1,Male,Yes,1,Not Placed,0
9.24,62,80,83,71,76.69,0,1,22,CSE,B.Tech,Tier 3,Tier 3,Female,No,0,Not Placed,0
7.07,89,54,80,63,78.09,1,1,21,Civil,B.E.,Tier 3,Tier 3,Male,No,0,Placed,1
6.91,52,55,34,68,86.11,2,1,20,ISE,B.Tech,Tier 1,Tier 3,Male,Yes,0,Placed,1
7.04,61,76,84,58,81.3,3,3,22,AI & ML,B.Tech,Tier 2,Tier 3,Male,Yes,0,Placed,1
7.54,82,58,63,59,90.16,1,2,20,ISE,B.E.,Tier 1,Tier 2,Male,Yes,0,Placed,1
6.54,57,72,80,61,75.13,2,1,20,ISE,B.E.,Tier 2,Tier 3,Male,No,0,Not Placed,0
6.89,78,38,66,83,79.93,3,1,24,CSE,B.Tech,Tier 2,Tier 2,Female,Yes,0,Not Placed,0
6.32,63,92,54,65,63.16,1,3,23,Mechanical,B.Tech,Tier 2,Tier 3,Female,No,0,Not Placed,0
6.84,52,48,45,62,78.73,2,3,24,AI & ML,B.Tech,Tier 1,Tier 1,Male,No,0,Placed,1
7.53,83,73,59,59,84.81,2,4,20,CSE,B.Tech,Tier 2,Tier 3,Male,No,0,Placed,1
7.58,69,73,54,67,79.38,6,2,20,AI & ML,B.Tech,Tier 3,Tier 3,Male,Yes,0,Placed,1
6.69,40,70,64,52,100.0,2,2,24,AI & ML,B.E.,Tier 1,Tier 2,Female,Yes,0,Not Placed,0
8.37,64,81,72,84,72.94,5,1,21,ISE,B.Tech,Tier 3,Tier 2,Female,No,0,Placed,1
8.11,75,77,75,89,83.21,0,3,23,CSE,B.E.,Tier 3,Tier 2,Male,No,1,Placed,1
7.89,82,60,65,67,70.21,1,0,22,CSE,B.Tech,Tier 2,Tier 2,Female,Yes,0,Not Placed,0
7.19,65,76,96,66,77.76,3,1,20,Mechanical,B.Tech,Tier 2,Tier 3,Female,Yes,0,Placed,1
8.73,95,100,80,68,74.79,3,0,20,CSE,B.Tech,Tier 2,Tier 2,Male,No,0,Placed,1
8.46,91,73,52,45,88.73,4,3,21,EEE,B.E.,Tier 2,Tier 2,Male,No,1,Placed,1
5.88,70,73,82,83,76.55,1,1,23,ECE,B.Tech,Tier 1,Tier 1,Male,No,1,Placed,1
7.66,90,89,68,55,84.69,1,4,22,Data Science,B.E.,Tier 2,Tier 2,Male,Yes,0,Not Placed,0
7.18,41,72,66,83,89.07,2,1,22,Mechanical,B.Tech,Tier 3,Tier 1,Male,No,0,Placed,1
7.86,61,99,100,63,88.45,1,1,21,AI & ML,B.E.,Tier 3,Tier 3,Female,No,0,Not Placed,0
7.05,64,40,40,87,69.99,3,3,24,Mechanical,B.Tech,Tier 3,Tier 3,Female,Yes,0,Not Placed,0
8.76,80,86,64,49,90.65,1,2,24,AI & ML,B.Tech,Tier 3,Tier 2,Female,No,0,Placed,1
7.77,75,63,57,28,78.47,3,3,22,Mechanical,B.Tech,Tier 2,Tier 3,Female,No,0,Not Placed,0
8.25,73,55,51,72,82.79,4,1,21,AI & ML,B.Tech,Tier 3,Tier 1,Male,Yes,0,Not Placed,0
9.9,98,76,71,88,88.66,2,2,22,CSE,B.Tech,Tier 3,Tier 1,Male,No,0,Placed,1
9.3,63,76,38,84,94.72,2,2,21,Mechanical,B.Tech,Tier 2,Tier 2,Female,Yes,0,Placed,1
6.82,91,81,90,69,72.96,3,2,22,CSE,B.Tech,Tier 2,Tier 3,Male,Yes,0,Placed,1
8.01,58,100,90,38,83.26,2,1,20,CSE,B.Tech,Tier 1,Tier 2,Female,Yes,1,Placed,1
8.96,56,90,78,59,82.34,3,3,23,Data Science,B.Tech,Tier 1,Tier 3,Male,Yes,0,Placed,1
9.48,72,68,64,85,87.35,3,0,24,ECE,B.Tech,Tier 2,Tier 2,Male,No,0,Placed,1
7.31,61,46,39,71,82.4,3,1,20,ISE,B.E.,Tier 1,Tier 2,Male,Yes,0,Not Placed,0
7.35,62,72,85,60,87.63,0,2,20,CSE,B.Tech,Tier 3,Tier 2,Male,Yes,1,Not Placed,0
7.61,80,45,55,48,86.71,1,3,21,ECE,B.Tech,Tier 2,Tier 2,Female,No,0,Placed,1
8.43,71,83,63,76,96.22,2,3,21,EEE,B.Tech,Tier 3,Tier 3,Male,Yes,2,Placed,1
8.49,71,70,48,87,90.58,1,0,20,Civil,B.Tech,Tier 2,Tier 1,Male,No,0,Not Placed,0
7.69,53,82,58,32,89.83,2,2,22,Civil,B.Tech,Tier 1,Tier 2,Male,No,0,Placed,1
7.59,63,90,39,62,79.39,2,4,23,CSE,B.Tech,Tier 1,Tier 3,Female,No,2,Placed,1
7.48,65,60,61,77,64.62,3,2,21,AI & ML,B.Tech,Tier 2,Tier 2,Male,Yes,1,Placed,1
7.41,70,79,78,75,78.85,4,4,21,CSE,B.Tech,Tier 1,Tier 2,Female,No,0,Placed,1
6.95,71,61,30,96,77.09,0,0,20,CSE,B.Tech,Tier 2,Tier 3,Male,No,1,Not Placed,0
8.59,60,77,74,69,71.92,1,3,24,ECE,B.Tech,Tier 2,Tier 3,Male,Yes,0,Not Placed,0
7.68,77,64,67,60,84.6,3,0,24,ECE,B.Tech,Tier 1,Tier 3,Male,No,2,Not Placed,0
8.58,87,96,81,53,78.14,0,0,24,CSE,B.Tech,Tier 2,Tier 2,Female,Yes,1,Placed,1
8.97,81,81,68,87,88.3,1,0,20,CSE,B.E.,Tier 1,Tier 2,Male,No,0,Placed,1
8.2,68,66,75,66,78.02,2,1,23,Mechanical,B.Tech,Tier 3,Tier 1,Female,Yes,0,Not Placed,0
9.15,91,100,86,63,87.87,1,6,24,CSE,B.Tech,Tier 2,Tier 3,Male,No,0,Placed,1
7.14,76,63,49,70,83.07,3,3,24,ISE,B.Tech,Tier 2,Tier 3,Male,No,0,Not Placed,0
8.13,81,93,83,40,82.21,2,0,22,AI & ML,B.E.,Tier 1,Tier 2,Female,Yes,0,Placed,1
6.06,50,44,54,56,89.79,2,0,20,CSE,B.E.,Tier 2,Tier 1,Other,Yes,0,Not Placed,0
6.57,71,53,35,40,85.91,4,1,20,Data Science,B.Tech,Tier 1,Tier 1,Male,Yes,0,Not Placed,0
7.19,70,89,60,82,81.87,2,2,22,CSE,B.E.,Tier 2,Tier 1,Male,Yes,1,Placed,1
6.61,58,72,54,84,84.63,2,2,22,AI & ML,B.Tech,Tier 2,Tier 2,Female,Yes,0,Placed,1
8.68,74,100,66,100,85.83,3,3,22,CSE,B.Tech,Tier 2,Tier 3,Other,Yes,1,Placed,1
7.63,52,84,84,67,83.13,2,1,22,EEE,B.Tech,Tier 1,Tier 3,Male,No,0,Not Placed,0
7.63,98,75,80,53,69.18,2,0,22,EEE,B.E.,Tier 2,Tier 3,Male,No,0,Not Placed,0
9.04,91,79,84,49,82.18,2,3,21,ECE,B.Tech,Tier 1,Tier 2,Male,Yes,1,Placed,1
7.99,79,95,87,68,80.94,3,4,23,Data Science,B.Tech,Tier 1,Tier 2,Male,Yes,0,Placed,1
7.04,93,62,70,59,72.33,3,2,22,Data Science,B.E.,Tier 2,Tier 3,Female,No,0,Placed,1
8.75,86,56,55,67,72.73,1,3,21,ISE,B.E.,Tier 2,Tier 2,Male,No,0,Placed,1
8.53,69,79,64,62,85.04,3,1,20,AI & ML,B.Tech,Tier 1,Tier 3,Male,No,1,Placed,1
8.3,72,77,66,72,70.57,1,4,20,AI & ML,B.Tech,Tier 1,Tier 3,Male,No,0,Placed,1
7.82,69,25,59,95,84.62,1,0,21,Data Science,B.Tech,Tier 3,Tier 2,Other,Yes,0,Not Placed,0
6.15,55,53,46,89,79.73,2,0,21,EEE,B.Tech,Tier 3,Tier 1,Male,Yes,1,Not Placed,0
8.71,69,80,43,74,90.6,2,3,23,AI & ML,B.Tech,Tier 2,Tier 2,Male,Yes,0,Placed,1
8.55,75,100,77,66,72.54,2,1,24,ISE,B.E.,Tier 3,Tier 2,Male,No,0,Placed,1
6.79,55,24,69,44,74.75,2,4,24,Mechanical,B.Tech,Tier 2,Tier 1,Male,No,0,Not Placed,0
7.56,47,67,96,77,74.47,2,2,23,CSE,B.Tech,Tier 1,Tier 2,Female,Yes,0,Placed,1
8.56,96,80,47,90,74.16,0,4,20,ECE,B.Tech,Tier 1,Tier 3,Male,No,1,Not Placed,0
6.95,74,79,85,54,85.34,1,1,23,Mechanical,B.Tech,Tier 3,Tier 3,Male,Yes,0,Placed,1
8.25,62,90,67,68,89.1,1,2,20,CSE,B.Tech,Tier 1,Tier 1,Male,No,2,Placed,1
7.16,67,62,63,77,81.52,3,0,21,CSE,B.Tech,Tier 3,Tier 2,Female,Yes,2,Placed,1
7.71,95,100,82,96,73.06,1,2,24,Data Science,B.Tech,Tier 3,Tier 1,Female,Yes,0,Placed,1
8.59,62,78,55,66,83.99,6,3,21,CSE,B.E.,Tier 3,Tier 1,Male,No,0,Placed,1
7.36,74,89,86,94,87.32,2,2,23,Mechanical,B.Tech,Tier 2,Tier 1,Female,Yes,0,Placed,1
5.86,49,70,64,72,76.0,1,2,20,CSE,B.Tech,Tier 2,Tier 2,Male,No,0,Not Placed,0
6.87,42,77,55,48,88.1,4,1,21,AI & ML,B.E.,Tier 2,Tier 2,Female,Yes,0,Not Placed,0
7.35,79,65,78,69,97.62,2,3,21,ECE,B.Tech,Tier 1,Tier 3,Male,No,1,Placed,1
8.07,89,88,75,58,85.97,2,1,21,CSE,B.Tech,Tier 3,Tier 2,Male,Yes,0,Not Placed,0
8.18,82,83,50,68,77.64,4,0,22,Civil,B.Tech,Tier 1,Tier 1,Female,Yes,0,Placed,1
7.16,56,40,66,60,85.29,1,4,22,CSE,B.Tech,Tier 2,Tier 2,Female,Yes,1,Placed,1
7.87,43,78,58,45,71.67,2,3,20,Civil,B.E.,Tier 3,Tier 3,Male,No,0,Placed,1
7.48,57,71,56,72,100.0,0,2,24,EEE,B.E.,Tier 2,Tier 3,Male,No,0,Not Placed,0
6.48,60,98,56,78,84.04,2,1,22,Data Science,B.Tech,Tier 1,Tier 2,Male,Yes,1,Placed,1
6.22,78,86,71,78,85.0,3,2,20,CSE,B.Tech,Tier 1,Tier 3,Female,Yes,0,Not Placed,0
8.23,64,76,36,73,80.89,0,1,22,AI & ML,B.E.,Tier 1,Tier 3,Female,Yes,1,Not Placed,0
7.19,47,55,69,62,73.27,3,0,21,ISE,B.Tech,Tier 3,Tier 1,Male,No,0,Placed,1
7.15,71,84,39,68,88.38,2,1,24,ISE,B.E.,Tier 1,Tier 3,Female,Yes,0,Not Placed,0
7.88,54,89,50,53,76.99,1,2,23,CSE,B.Tech,Tier 1,Tier 1,Female,No,0,Not Placed,0
6.16,44,61,22,65,69.95,3,2,22,CSE,B.Tech,Tier 2,Tier 2,Female,No,0,Not Placed,0
8.4,82,91,69,46,97.24,1,1,22,CSE,B.Tech,Tier 1,Tier 2,Female,Yes,0,Placed,1
7.88,87,67,66,52,75.47,1,2,21,CSE,B.Tech,Tier 1,Tier 2,Female,No,0,Placed,1
8.19,62,83,73,71,69.92,1,1,20,CSE,B.Tech,Tier 1,Tier 3,Male,Yes,0,Not Placed,0
8.16,87,51,57,67,78.44,4,1,22,Mechanical,B.Tech,Tier 3,Tier 2,Male,Yes,0,Placed,1
8.75,95,55,62,86,78.13,3,3,21,EEE,B.E.,Tier 2,Tier 2,Male,No,0,Placed,1
7.38,68,81,86,86,91.33,2,2,23,AI & ML,B.Tech,Tier 2,Tier 3,Male,Yes,1,Placed,1
7.88,64,72,83,61,87.65,1,2,24,Data Science,B.Tech,Tier 1,Tier 1,Female,Yes,1,Not Placed,0
7.19,65,85,60,80,83.71,0,5,22,Data Science,B.E.,Tier 1,Tier 3,Male,No,0,Placed,1
5.37,47,63,45,81,95.62,1,2,20,ISE,B.E.,Tier 2,Tier 2,Male,Yes,1,Not Placed,0
7.98,65,73,76,68,78.1,1,3,21,ECE,B.E.,Tier 2,Tier 3,Female,Yes,0,Placed,1
7.05,64,100,58,75,76.07,2,1,24,ECE,B.Tech,Tier 3,Tier 2,Female,Yes,0,Placed,1
6.56,68,81,100,78,92.35,2,1,23,Civil,B.Tech,Tier 1,Tier 2,Male,No,0,Not Placed,0
6.92,77,52,42,60,84.65,2,2,21,Data Science,B.E.,Tier 1,Tier 1,Female,Yes,0,Not Placed,0
6.28,66,95,55,83,78.89,1,3,21,CSE,B.E.,Tier 1,Tier 2,Male,No,0,Not Placed,0
6.9,57,94,66,67,81.9,2,3,22,ECE,B.E.,Tier 2,Tier 1,Male,Yes,0,Placed,1
7.12,56,43,59,63,75.0,1,1,24,Data Science,B.Tech,Tier 1,Tier 1,Male,Yes,2,Placed,1
7.77,55,36,52,73,80.17,3,2,20,ECE,B.Tech,Tier 2,Tier 2,Male,No,0,Placed,1
7.7,71,77,61,50,99.82,2,3,22,CSE,B.E.,Tier 2,Tier 3,Female,Yes,0,Not Placed,0
8.18,94,98,87,73,84.45,3,4,20,AI & ML,B.E.,Tier 2,Tier 2,Female,No,1,Placed,1
7.58,61,91,87,66,74.56,1,2,21,Data Science,B.Tech,Tier 2,Tier 2,Female,Yes,0,Placed,1
8.64,76,69,60,47,95.89,2,2,20,Data Science,B.E.,Tier 2,Tier 2,Female,No,0,Not Placed,0
7.73,74,81,86,73,85.4,4,2,22,CSE,B.E.,Tier 2,Tier 3,Male,Yes,1,Not Placed,0
7.13,71,55,45,70,76.37,0,3,21,Mechanical,B.E.,Tier 2,Tier 3,Female,No,0,Placed,1
8.41,63,95,81,93,89.86,2,2,23,CSE,B.Tech,Tier 1,Tier 3,Male,No,0,Placed,1
8.65,56,74,72,44,89.65,5,3,22,CSE,B.E.,Tier 2,Tier 2,Male,No,0,Not Placed,0
6.38,78,74,52,70,73.9,0,0,23,CSE,B.E.,Tier 1,Tier 2,Female,Yes,0,Not Placed,0
8.62,76,61,73,38,87.85,1,3,21,ISE,B.Tech,Tier 2,Tier 2,Male,Yes,0,Placed,1
7.54,62,77,74,64,73.68,2,2,22,Mechanical,B.Tech,Tier 1,Tier 1,Female,No,3,Not Placed,0
7.54,74,67,57,77,75.2,4,7,24,ECE,B.Tech,Tier 2,Tier 2,Male,Yes,0,Placed,1
6.96,61,77,57,87,88.37,2,2,21,Data Science,B.Tech,Tier 2,Tier 1,Male,Yes,0,Placed,1
8.03,52,87,65,58,86.89,5,0,21,AI & ML,B.Tech,Tier 1,Tier 3,Male,No,1,Placed,1
8.81,78,73,82,86,85.91,2,2,23,Data Science,B.E.,Tier 1,Tier 3,Male,No,0,Placed,1
6.0,48,63,55,70,89.28,1,1,22,AI & ML,B.Tech,Tier 1,Tier 1,Male,No,2,Not Placed,0
8.76,90,82,79,46,73.1,1,1,23,Data Science,B.Tech,Tier 3,Tier 1,Female,No,1,Placed,1
6.77,56,68,76,76,66.85,5,0,24,CSE,B.Tech,Tier 1,Tier 3,Male,No,0,Not Placed,0
7.3,63,80,79,62,78.79,2,0,20,ISE,B.Tech,Tier 1,Tier 3,Male,No,0,Not Placed,0
7.92,89,72,65,89,77.02,4,1,22,ECE,B.Tech,Tier 2,Tier 2,Female,No,0,Placed,1
7.6,56,79,73,54,73.53,3,0,20,Mechanical,B.E.,Tier 3,Tier 2,Male,No,0,Placed,1
8.35,71,54,79,57,93.67,0,1,24,AI & ML,B.Tech,Tier 2,Tier 2,Male,No,0,Not Placed,0
8.51,93,55,62,65,70.72,2,2,21,CSE,B.E.,Tier 2,Tier 3,Female,No,0,Not Placed,0
7.96,80,45,47,58,77.9,0,1,21,Mechanical,B.Tech,Tier 2,Tier 3,Male,No,0,Placed,1
8.9,67,61,54,63,95.01,3,1,23,Data Science,B.Tech,Tier 1,Tier 2,Male,No,0,Not Placed,0
6.99,25,72,69,75,70.31,1,3,22,Data Science,B.Tech,Tier 2,Tier 3,Female,No,0,Not Placed,0
6.01,54,60,70,64,69.13,0,0,21,Civil,B.E.,Tier 2,Tier 3,Male,Yes,0,Not Placed,0
8.45,64,64,57,55,80.5,0,3,24,CSE,B.Tech,Tier 3,Tier 3,Female,Yes,0,Placed,1
7.61,85,88,65,63,78.22,2,1,24,Data Science,B.Tech,Tier 2,Tier 3,Female,No,0,Not Placed,0
6.96,74,83,80,44,81.29,3,0,24,CSE,B.Tech,Tier 2,Tier 3,Female,No,0,Placed,1
8.18,51,60,66,61,100.0,3,4,22,CSE,B.Tech,Tier 2,Tier 2,Male,Yes,0,Placed,1
8.15,84,48,72,78,87.38,6,2,22,Civil,B.Tech,Tier 1,Tier 2,Male,No,0,Not Placed,0
6.23,46,58,86,78,84.21,6,4,21,ISE,B.E.,Tier 1,Tier 3,Female,No,1,Not Placed,0
6.93,48,86,56,77,86.54,1,4,23,CSE,B.Tech,Tier 3,Tier 2,Male,Yes,0,Placed,1
7.6,77,47,61,90,84.94,6,4,21,EEE,B.Tech,Tier 1,Tier 2,Female,Yes,1,Placed,1
7.11,60,62,59,77,72.69,2,4,23,Mechanical,B.Tech,Tier 3,Tier 3,Male,No,0,Placed,1
5.38,63,48,70,51,83.5,1,1,22,ECE,B.E.,Tier 2,Tier 1,Male,No,1,Not Placed,0
5.95,72,91,86,71,87.79,0,4,20,Data Science,B.Tech,Tier 2,Tier 3,Male,Yes,0,Placed,1
8.61,83,84,53,80,87.26,0,6,23,CSE,B.Tech,Tier 1,Tier 3,Female,Yes,0,Placed,1
7.3,47,64,89,58,72.11,1,0,24,AI & ML,B.Tech,Tier 2,Tier 3,Male,No,0,Not Placed,0
7.67,94,66,62,62,83.16,3,3,22,Data Science,B.Tech,Tier 3,Tier 1,Female,No,3,Not Placed,0
8.23,78,57,41,73,72.78,4,5,22,CSE,B.Tech,Tier 2,Tier 1,Male,Yes,0,Placed,1
8.21,61,75,67,79,85.78,3,1,24,ISE,B.E.,Tier 2,Tier 2,Female,No,0,Placed,1
8.37,72,81,50,61,80.9,0,1,20,ISE,B.Tech,Tier 2,Tier 1,Male,Yes,1,Not Placed,0
6.34,65,40,69,85,78.15,1,2,24,ECE,B.Tech,Tier 2,Tier 2,Male,Yes,1,Placed,1
7.3,78,72,81,56,83.08,2,3,23,CSE,B.Tech,Tier 2,Tier 3,Male,Yes,1,Not Placed,0
7.87,40,76,53,75,84.4,0,4,24,Data Science,B.Tech,Tier 2,Tier 2,Male,Yes,0,Placed,1
7.57,82,69,41,83,83.49,2,1,21,ECE,B.E.,Tier 1,Tier 2,Male,Yes,0,Placed,1
6.15,68,65,48,91,79.97,4,4,22,ISE,B.Tech,Tier 3,Tier 3,Female,Yes,0,Placed,1
7.81,75,60,60,61,86.09,0,1,20,Civil,B.Tech,Tier 2,Tier 3,Male,No,0,Not Placed,0
7.85,65,55,49,64,69.67,0,4,24,CSE,B.Tech,Tier 2,Tier 3,Male,No,1,Not Placed,0
6.74,85,50,78,71,90.13,5,0,20,EEE,B.E.,Tier 2,Tier 1,Female,Yes,3,Not Placed,0
8.12,64,91,55,70,93.93,3,1,22,AI & ML,B.Tech,Tier 2,Tier 2,Male,Yes,0,Placed,1
6.86,75,54,81,71,93.11,5,5,23,ECE,B.Tech,Tier 3,Tier 3,Male,No,0,Placed,1
7.46,74,79,100,79,84.87,3,1,23,CSE,B.E.,Tier 3,Tier 2,Female,Yes,0,Placed,1
6.92,61,57,79,32,75.86,3,1,22,ISE,B.Tech,Tier 3,Tier 3,Female,No,0,Not Placed,0
7.48,65,72,88,72,79.68,2,1,24,CSE,B.E.,Tier 2,Tier 2,Male,Yes,0,Not Placed,0
7.07,62,68,66,71,96.02,5,2,22,CSE,B.Tech,Tier 1,Tier 3,Female,No,0,Not Placed,0
7.8,43,74,70,77,81.91,0,4,20,Data Science,B.Tech,Tier 1,Tier 2,Male,No,0,Placed,1
8.79,83,83,64,64,73.83,1,6,24,Mechanical,B.Tech,Tier 3,Tier 3,Male,Yes,0,Placed,1
8.16,65,78,95,32,87.84,3,5,23,AI & ML,B.E.,Tier 2,Tier 2,Male,Yes,1,Placed,1
8.74,67,48,61,73,97.61,1,1,21,AI & ML,B.Tech,Tier 2,Tier 3,Female,Yes,0,Placed,1
7.3,84,52,36,53,84.06,0,4,21,CSE,B.Tech,Tier 3,Tier 1,Male,No,0,Not Placed,0
8.96,91,82,72,34,79.2,2,3,24,CSE,B.Tech,Tier 2,Tier 2,Female,No,3,Not Placed,0
7.44,65,83,56,62,86.1,3,1,21,CSE,B.Tech,Tier 1,Tier 3,Male,No,0,Placed,1
8.05,71,91,77,67,80.08,2,1,22,ECE,B.Tech,Tier 3,Tier 2,Male,No,0,Not Placed,0
7.76,76,72,79,72,86.0,1,4,24,ECE,B.Tech,Tier 3,Tier 2,Male,No,1,Not Placed,0
9.08,76,93,100,87,83.11,3,1,23,CSE,B.Tech,Tier 2,Tier 2,Male,Yes,0,Placed,1
6.43,56,86,60,70,86.04,6,2,24,AI & ML,B.E.,Tier 1,Tier 1,Female,No,1,Placed,1
7.52,62,71,63,76,89.83,2,4,21,ECE,B.Tech,Tier 2,Tier 2,Male,No,0,Not Placed,0
7.95,67,63,82,71,88.38,4,2,20,CSE,B.E.,Tier 3,Tier 1,Female,No,0,Placed,1
6.6,60,82,50,81,92.36,1,2,20,AI & ML,B.Tech,Tier 2,Tier 2,Male,No,1,Not Placed,0
7.95,74,86,70,60,88.72,2,1,24,CSE,B.Tech,Tier 1,Tier 3,Female,No,0,Placed,1
7.36,75,78,66,66,86.14,3,2,20,AI & ML,B.Tech,Tier 2,Tier 3,Male,Yes,0,Placed,1
9.46,76,80,52,59,84.85,3,4,22,Data Science,B.Tech,Tier 2,Tier 3,Male,Yes,0,Placed,1
8.62,60,90,61,64,87.03,0,2,21,Mechanical,B.Tech,Tier 2,Tier 2,Male,No,0,Not Placed,0
7.07,68,46,44,81,78.87,2,2,21,CSE,B.Tech,Tier 3,Tier 3,Male,No,0,Not Placed,0
7.54,64,78,43,62,68.03,6,1,24,EEE,B.E.,Tier 1,Tier 3,Male,Yes,0,Placed,1
7.08,73,42,44,62,81.6,3,1,22,ECE,B.Tech,Tier 2,Tier 3,Male,No,1,Placed,1
7.4,75,59,54,66,81.31,3,0,23,CSE,B.Tech,Tier 3,Tier 3,Male,Yes,0,Not Placed,0
6.24,38,48,39,43,86.59,3,2,21,AI & ML,B.Tech,Tier 1,Tier 1,Male,Yes,0,Placed,1
9.61,78,81,66,61,70.86,4,0,24,Data Science,B.E.,Tier 3,Tier 2,Male,Yes,1,Placed,1
7.45,49,58,39,54,88.35,1,3,24,ISE,B.Tech,Tier 1,Tier 3,Male,No,0,Placed,1
6.62,46,44,42,63,84.58,1,2,22,AI & ML,B.E.,Tier 2,Tier 2,Female,No,1,Not Placed,0
8.44,86,53,66,75,87.61,0,2,22,ECE,B.Tech,Tier 2,Tier 2,Female,Yes,2,Not Placed,0
7.91,64,97,92,47,94.12,0,2,20,EEE,B.E.,Tier 2,Tier 3,Female,No,0,Placed,1
9.4,86,90,62,80,78.35,0,1,23,Data Science,B.Tech,Tier 1,Tier 3,Female,No,0,Placed,1
7.28,67,85,77,68,79.84,5,1,20,ISE,B.Tech,Tier 3,Tier 2,Male,Yes,0,Placed,1
7.43,64,52,48,72,78.74,3,1,22,EEE,B.Tech,Tier 2,Tier 3,Male,Yes,1,Not Placed,0
8.92,69,43,57,67,84.12,1,1,20,CSE,B.Tech,Tier 3,Tier 3,Male,Yes,1,Placed,1
8.4,53,53,26,90,83.24,3,2,20,CSE,B.E.,Tier 2,Tier 3,Female,Yes,0,Placed,1
8.0,73,61,47,58,86.43,3,6,20,Mechanical,B.E.,Tier 2,Tier 3,Male,Yes,0,Placed,1
6.92,70,53,56,57,92.29,3,4,21,CSE,B.E.,Tier 1,Tier 1,Female,Yes,0,Not Placed,0
6.69,73,80,78,38,80.26,5,2,24,ISE,B.E.,Tier 1,Tier 2,Female,Yes,0,Placed,1
7.07,38,78,68,46,71.06,2,1,23,CSE,B.E.,Tier 2,Tier 3,Male,Yes,0,Not Placed,0
7.57,81,61,63,50,80.76,3,3,22,CSE,B.Tech,Tier 1,Tier 3,Male,No,0,Not Placed,0
7.51,77,94,58,55,90.63,3,5,24,Data Science,B.Tech,Tier 1,Tier 2,Male,No,1,Not Placed,0
9.2,89,67,74,51,88.23,0,1,21,EEE,B.Tech,Tier 2,Tier 3,Male,Yes,2,Not Placed,0
7.36,94,62,66,64,82.75,2,2,21,Data Science,B.Tech,Tier 2,Tier 1,Male,Yes,2,Not Placed,0
6.78,59,72,59,55,88.04,2,3,22,Data Science,B.Tech,Tier 3,Tier 2,Male,No,3,Not Placed,0
8.11,71,82,43,100,90.28,1,3,20,CSE,B.E.,Tier 3,Tier 2,Female,No,0,Placed,1
7.4,80,51,88,69,91.99,2,2,24,EEE,B.Tech,Tier 2,Tier 1,Female,No,1,Placed,1
7.94,68,52,48,89,82.61,3,0,22,Data Science,B.Tech,Tier 2,Tier 3,Male,Yes,0,Placed,1
7.52,62,75,44,47,83.59,2,3,24,EEE,B.E.,Tier 3,Tier 1,Male,Yes,0,Placed,1
6.79,72,84,74,57,86.59,5,1,23,AI & ML,B.Tech,Tier 2,Tier 3,Female,No,0,Placed,1
7.71,63,67,51,75,95.23,3,0,24,EEE,B.Tech,Tier 1,Tier 2,Male,Yes,0,Not Placed,0
7.32,61,71,74,70,77.43,1,3,20,CSE,B.Tech,Tier 3,Tier 2,Male,No,2,Not Placed,0
7.38,86,50,49,74,80.05,1,1,21,CSE,B.Tech,Tier 1,Tier 1,Male,No,1,Not Placed,0
8.95,63,65,58,73,83.55,1,2,23,CSE,B.E.,Tier 1,Tier 3,Female,Yes,0,Placed,1
7.98,78,70,72,50,72.07,6,0,22,CSE,B.Tech,Tier 1,Tier 2,Male,Yes,0,Placed,1
7.97,43,71,27,69,82.31,0,1,23,CSE,B.Tech,Tier 3,Tier 2,Male,Yes,0,Placed,1
6.97,66,62,65,43,84.78,2,1,20,EEE,B.E.,Tier 3,Tier 3,Female,Yes,0,Placed,1
8.03,55,84,63,78,84.19,2,2,22,Mechanical,B.E.,Tier 2,Tier 3,Male,No,0,Placed,1
8.47,91,89,62,57,84.59,2,5,22,Data Science,B.Tech,Tier 1,Tier 2,Male,Yes,0,Placed,1
7.5,65,75,59,82,84.35,1,0,22,ISE,B.Tech,Tier 2,Tier 1,Male,No,3,Not Placed,0
7.51,72,100,55,67,78.42,2,3,21,ISE,B.E.,Tier 1,Tier 2,Female,Yes,0,Placed,1
6.41,57,50,42,62,89.76,4,3,22,CSE,B.Tech,Tier 1,Tier 2,Female,No,0,Not Placed,0
6.77,66,58,55,47,80.42,2,3,20,ECE,B.Tech,Tier 3,Tier 2,Male,Yes,0,Placed,1
8.34,89,83,100,63,90.82,0,2,21,CSE,B.Tech,Tier 3,Tier 1,Male,Yes,0,Placed,1
7.57,66,89,97,85,98.45,1,2,20,ISE,B.E.,Tier 2,Tier 2,Male,Yes,0,Placed,1
7.19,74,51,49,56,84.09,2,6,23,EEE,B.Tech,Tier 2,Tier 2,Male,No,0,Placed,1
7.9,58,73,38,49,69.97,2,2,24,Data Science,B.Tech,Tier 1,Tier 2,Male,Yes,1,Not Placed,0
7.73,71,57,64,71,94.95,2,2,20,CSE,B.Tech,Tier 1,Tier 2,Female,Yes,2,Not Placed,0
9.3,100,61,70,54,73.93,1,5,22,ECE,B.E.,Tier 1,Tier 3,Male,Yes,0,Placed,1
8.51,72,84,90,79,84.53,0,2,22,ISE,B.Tech,Tier 3,Tier 2,Female,No,0,Placed,1
8.34,89,88,57,64,65.84,0,3,24,ISE,B.Tech,Tier 2,Tier 3,Female,No,1,Placed,1
8.63,88,64,34,47,87.97,5,1,20,AI & ML,B.E.,Tier 2,Tier 1,Male,No,1,Placed,1
8.92,66,48,35,55,80.54,4,5,23,Mechanical,B.Tech,Tier 2,Tier 3,Female,Yes,0,Placed,1
7.76,54,93,75,28,73.58,6,3,20,ISE,B.Tech,Tier 3,Tier 3,Female,Yes,0,Placed,1
8.31,83,100,53,84,79.13,1,2,23,CSE,B.Tech,Tier 3,Tier 3,Male,Yes,0,Placed,1
8.06,61,85,65,61,79.15,1,3,23,ECE,B.Tech,Tier 2,Tier 3,Male,Yes,0,Placed,1
7.26,90,52,59,70,89.86,1,2,22,Mechanical,B.Tech,Tier 1,Tier 1,Female,Yes,0,Not Placed,0
7.11,59,60,43,86,75.13,2,2,21,EEE,B.Tech,Tier 2,Tier 3,Male,No,0,Not Placed,0
7.7,64,62,64,75,83.92,1,3,23,CSE,B.E.,Tier 2,Tier 2,Male,No,0,Placed,1
7.12,63,64,87,100,70.87,3,0,22,Data Science,B.Tech,Tier 3,Tier 2,Male,No,1,Placed,1
7.77,67,93,70,44,74.77,6,0,24,CSE,B.Tech,Tier 2,Tier 3,Male,Yes,0,Placed,1
7.57,61,58,99,76,100.0,3,2,24,AI & ML,B.Tech,Tier 2,Tier 3,Female,Yes,0,Placed,1
8.49,70,66,33,47,69.74,1,1,24,ISE,B.E.,Tier 2,Tier 1,Male,No,0,Placed,1
8.13,55,66,80,57,93.63,0,5,24,AI & ML,B.Tech,Tier 1,Tier 1,Male,No,0,Placed,1
7.56,64,92,76,42,86.11,3,3,20,CSE,B.E.,Tier 3,Tier 1,Female,Yes,2,Placed,1
9.15,73,68,49,56,81.74,2,2,21,Civil,B.E.,Tier 2,Tier 2,Female,Yes,0,Placed,1
6.56,40,64,85,64,79.86,5,2,23,CSE,B.Tech,Tier 2,Tier 2,Female,Yes,0,Not Placed,0
7.18,58,64,72,68,72.73,2,3,23,CSE,B.Tech,Tier 2,Tier 1,Male,No,0,Placed,1
8.17,82,83,98,65,84.29,6,4,24,ISE,B.Tech,Tier 3,Tier 1,Male,No,2,Not Placed,0
6.81,62,56,67,66,86.89,5,1,22,Data Science,B.E.,Tier 3,Tier 1,Male,Yes,0,Placed,1
7.35,85,70,67,76,74.08,6,2,22,Data Science,B.Tech,Tier 2,Tier 2,Male,No,0,Not Placed,0
7.93,78,51,77,63,75.79,1,0,23,ECE,B.Tech,Tier 3,Tier 2,Female,No,1,Placed,1
7.81,59,100,91,42,78.34,2,2,21,Data Science,B.Tech,Tier 3,Tier 1,Female,Yes,0,Placed,1
7.31,78,73,77,60,69.26,1,1,22,CSE,B.Tech,Tier 1,Tier 2,Male,No,0,Not Placed,0
8.5,65,97,76,45,70.44,1,4,21,AI & ML,B.Tech,Tier 2,Tier 2,Male,No,0,Placed,1
6.82,61,57,60,53,91.37,3,1,23,Data Science,B.Tech,Tier 1,Tier 2,Female,Yes,0,Placed,1
9.37,67,85,67,68,81.82,2,3,24,Data Science,B.Tech,Tier 3,Tier 1,Male,No,0,Placed,1
8.0,81,61,69,56,83.1,4,1,21,AI & ML,B.E.,Tier 2,Tier 2,Female,No,0,Placed,1
7.18,64,42,56,59,86.0,3,2,23,EEE,B.Tech,Tier 1,Tier 2,Male,No,0,Not Placed,0
8.37,41,91,72,81,77.29,1,5,20,Data Science,B.Tech,Tier 2,Tier 3,Female,Yes,0,Placed,1
8.6,82,90,72,93,75.51,1,2,23,CSE,B.Tech,Tier 1,Tier 3,Male,No,1,Not Placed,0
8.06,72,74,56,79,67.76,2,1,20,Civil,B.Tech,Tier 2,Tier 2,Female,Yes,0,Placed,1
9.49,94,54,59,74,89.65,1,2,24,Data Science,B.Tech,Tier 2,Tier 2,Male,Yes,0,Not Placed,0
6.17,57,64,55,52,74.67,0,2,22,CSE,B.E.,Tier 2,Tier 1,Male,Yes,3,Not Placed,0
6.31,56,91,87,61,69.83,6,4,23,CSE,B.Tech,Tier 2,Tier 3,Male,Yes,1,Not Placed,0
7.93,70,82,63,55,83.43,0,4,20,CSE,B.E.,Tier 1,Tier 2,Female,No,0,Placed,1
6.79,62,63,33,68,77.97,4,0,21,AI & ML,B.Tech,Tier 1,Tier 1,Male,No,0,Placed,1
9.6,89,86,58,63,89.2,0,1,22,EEE,B.Tech,Tier 1,Tier 1,Female,No,0,Not Placed,0
6.48,79,80,77,85,78.06,4,3,23,AI & ML,B.Tech,Tier 1,Tier 3,Male,No,1,Placed,1
7.52,62,47,52,69,71.68,3,6,24,Mechanical,B.Tech,Tier 2,Tier 2,Male,Yes,0,Placed,1
6.68,62,73,67,63,81.38,1,1,20,ISE,B.Tech,Tier 2,Tier 2,Female,Yes,0,Not Placed,0
6.08,63,63,76,64,78.59,3,3,21,CSE,B.Tech,Tier 1,Tier 1,Female,No,0,Not Placed,0
7.34,76,71,76,43,86.05,1,4,24,ISE,B.E.,Tier 3,Tier 3,Male,Yes,1,Not Placed,0
7.42,58,95,75,63,88.15,0,1,21,Mechanical,B.Tech,Tier 3,Tier 1,Female,No,3,Placed,1
8.32,68,72,70,68,80.05,1,3,23,CSE,B.Tech,Tier 1,Tier 2,Male,Yes,0,Placed,1
7.27,69,72,71,57,90.72,2,0,21,AI & ML,B.Tech,Tier 2,Tier 3,Male,No,2,Placed,1
7.71,74,69,68,66,82.65,3,2,20,ECE,B.Tech,Tier 2,Tier 3,Male,No,0,Not Placed,0
6.86,82,52,57,53,77.21,2,4,22,CSE,B.Tech,Tier 2,Tier 2,Male,No,1,Placed,1
7.79,69,87,60,62,94.82,3,1,23,CSE,B.E.,Tier 2,Tier 3,Male,Yes,0,Placed,1
7.27,71,90,82,74,79.92,2,3,20,CSE,B.Tech,Tier 2,Tier 2,Female,Yes,0,Not Placed,0
6.82,85,66,76,79,82.38,1,2,24,AI & ML,B.E.,Tier 2,Tier 2,Male,No,0,Not Placed,0
7.54,94,70,61,72,92.49,5,1,22,CSE,B.Tech,Tier 1,Tier 3,Male,No,2,Not Placed,0
9.03,74,100,76,59,61.54,0,1,22,CSE,B.E.,Tier 2,Tier 2,Male,Yes,0,Placed,1
7.94,62,64,58,85,75.48,2,2,23,Data Science,B.Tech,Tier 2,Tier 1,Female,Yes,1,Not Placed,0
7.61,63,71,81,81,77.37,4,1,24,ECE,B.E.,Tier 2,Tier 2,Male,Yes,0,Placed,1
7.1,40,47,74,83,77.41,1,6,23,CSE,B.E.,Tier 2,Tier 2,Female,No,0,Placed,1
8.01,66,54,50,58,79.83,0,2,20,CSE,B.E.,Tier 2,Tier 3,Female,Yes,0,Placed,1
7.98,78,63,66,71,83.91,5,3,21,EEE,B.Tech,Tier 2,Tier 2,Male,No,2,Placed,1
8.43,69,52,81,78,76.98,2,2,22,ISE,B.E.,Tier 2,Tier 2,Male,Yes,1,Not Placed,0
7.49,64,33,40,64,95.61,1,1,20,EEE,B.Tech,Tier 2,Tier 2,Female,No,0,Not Placed,0
8.22,82,60,34,77,73.36,1,2,24,EEE,B.E.,Tier 3,Tier 1,Male,Yes,0,Placed,1
6.52,67,64,36,79,88.88,2,2,24,Data Science,B.Tech,Tier 2,Tier 2,Male,Yes,0,Placed,1
7.8,67,69,73,70,71.31,4,0,20,CSE,B.Tech,Tier 2,Tier 3,Female,No,2,Placed,1
7.37,78,70,60,62,80.91,3,3,20,CSE,B.Tech,Tier 2,Tier 1,Male,No,0,Placed,1
9.63,73,100,76,84,82.05,1,0,22,AI & ML,B.Tech,Tier 3,Tier 2,Male,No,0,Not Placed,0
8.26,58,78,99,58,83.68,2,3,23,Mechanical,B.Tech,Tier 2,Tier 3,Male,Yes,0,Placed,1
7.72,59,76,41,75,74.36,0,0,23,CSE,B.Tech,Tier 3,Tier 1,Male,No,0,Placed,1
6.86,33,66,78,74,84.77,3,1,22,ECE,B.E.,Tier 1,Tier 3,Male,Yes,0,Placed,1
7.38,82,76,67,86,81.61,3,0,21,Civil,B.Tech,Tier 2,Tier 2,Male,Yes,2,Placed,1
6.88,57,45,91,73,91.33,2,3,23,CSE,B.Tech,Tier 2,Tier 2,Male,Yes,0,Not Placed,0
8.64,86,100,30,74,79.17,1,1,22,CSE,B.Tech,Tier 1,Tier 3,Male,Yes,1,Placed,1
8.13,63,71,85,60,99.71,2,2,23,ISE,B.Tech,Tier 1,Tier 1,Male,Yes,0,Not Placed,0
7.24,76,82,53,72,89.75,2,2,21,ECE,B.Tech,Tier 2,Tier 2,Female,Yes,0,Placed,1
8.92,84,88,47,76,68.79,2,1,21,ECE,B.Tech,Tier 1,Tier 3,Female,Yes,0,Placed,1
7.06,82,84,32,64,75.91,5,5,22,CSE,B.Tech,Tier 2,Tier 1,Male,No,1,Placed,1
7.92,74,70,58,67,67.59,1,2,24,CSE,B.Tech,Tier 2,Tier 3,Female,No,0,Placed,1
5.92,55,63,42,70,77.55,3,1,22,CSE,B.Tech,Tier 3,Tier 2,Male,Yes,1,Not Placed,0
7.4,65,100,53,57,69.73,2,3,23,CSE,B.Tech,Tier 2,Tier 3,Male,Yes,0,Placed,1
7.67,70,62,45,86,88.84,2,2,20,EEE,B.Tech,Tier 2,Tier 1,Male,Yes,0,Placed,1
8.96,68,37,49,39,87.32,2,1,22,Mechanical,B.E.,Tier 1,Tier 3,Female,No,0,Placed,1
6.2,67,52,40,53,76.69,3,2,21,ISE,B.Tech,Tier 2,Tier 2,Male,Yes,0,Not Placed,0
7.04,79,93,81,52,71.59,2,2,21,CSE,B.Tech,Tier 3,Tier 3,Male,Yes,2,Placed,1
10.0,72,88,73,51,76.35,2,2,20,CSE,B.E.,Tier 2,Tier 3,Male,Yes,0,Not Placed,0
8.12,73,75,81,68,70.66,1,1,21,Data Science,B.Tech,Tier 1,Tier 3,Female,Yes,1,Not Placed,0
7.8,67,67,62,85,93.84,5,2,22,Data Science,B.Tech,Tier 3,Tier 2,Other,Yes,0,Placed,1
7.68,56,70,61,88,74.21,0,4,20,CSE,B.Tech,Tier 2,Tier 1,Female,No,0,Not Placed,0
7.97,66,66,47,68,73.74,1,2,23,Data Science,B.Tech,Tier 1,Tier 3,Female,Yes,0,Not Placed,0
7.86,72,98,79,84,100.0,3,1,22,Data Science,B.Tech,Tier 1,Tier 3,Male,No,0,Placed,1
7.62,55,78,57,44,73.1,3,5,22,CSE,B.E.,Tier 1,Tier 2,Female,No,0,Placed,1
8.62,92,65,68,75,89.06,4,2,21,Mechanical,B.E.,Tier 2,Tier 3,Female,Yes,2,Placed,1
8.11,66,59,24,42,82.18,3,1,23,Mechanical,B.Tech,Tier 2,Tier 3,Male,Yes,0,Not Placed,0
6.76,81,53,49,65,80.67,2,1,20,AI & ML,B.Tech,Tier 1,Tier 3,Male,Yes,2,Placed,1
6.23,67,93,65,58,86.89,3,4,23,CSE,B.E.,Tier 2,Tier 1,Male,No,0,Not Placed,0
8.5,65,78,84,63,77.31,1,0,20,Mechanical,B.Tech,Tier 2,Tier 1,Male,Yes,0,Placed,1
8.1,61,96,74,50,90.21,4,1,20,CSE,B.Tech,Tier 3,Tier 1,Male,No,0,Placed,1
9.04,75,88,75,44,74.4,0,1,24,Data Science,B.Tech,Tier 1,Tier 2,Female,Yes,0,Placed,1
8.07,64,93,63,48,86.41,2,1,20,EEE,B.Tech,Tier 2,Tier 2,Male,Yes,0,Placed,1
6.74,61,57,48,51,69.53,1,2,24,AI & ML,B.Tech,Tier 2,Tier 3,Female,Yes,0,Not Placed,0
8.56,95,86,78,58,93.02,5,3,23,AI & ML,B.E.,Tier 1,Tier 1,Male,Yes,0,Placed,1
7.36,67,57,64,71,78.68,2,3,23,ECE,B.Tech,Tier 2,Tier 3,Female,Yes,0,Not Placed,0
8.18,71,90,64,80,67.57,0,2,23,Data Science,B.Tech,Tier 1,Tier 1,Female,Yes,0,Not Placed,0
6.38,58,53,33,79,73.91,2,4,21,AI & ML,B.E.,Tier 2,Tier 1,Female,Yes,0,Placed,1
8.05,78,77,71,81,89.97,1,0,23,EEE,B.Tech,Tier 3,Tier 2,Female,Yes,0,Placed,1
7.67,71,84,71,82,73.79,2,4,20,Data Science,B.Tech,Tier 2,Tier 2,Male,Yes,0,Placed,1
7.81,85,82,74,95,83.56,2,4,23,ECE,B.Tech,Tier 2,Tier 2,Female,Yes,0,Not Placed,0
7.88,61,50,58,70,98.75,2,3,20,ECE,B.E.,Tier 2,Tier 3,Female,Yes,0,Placed,1
7.46,51,70,36,65,66.62,0,2,20,CSE,B.Tech,Tier 2,Tier 2,Male,Yes,1,Placed,1
7.52,82,45,35,64,84.13,1,0,20,Mechanical,B.E.,Tier 2,Tier 2,Male,No,0,Not Placed,0
7.09,52,72,71,49,75.85,0,1,22,ISE,B.Tech,Tier 2,Tier 3,Male,Yes,1,Not Placed,0
8.59,79,75,78,80,86.23,2,4,22,ECE,B.Tech,Tier 3,Tier 1,Male,Yes,0,Placed,1
8.66,73,100,47,61,83.31,2,1,20,Data Science,B.Tech,Tier 2,Tier 1,Female,Yes,0,Placed,1
7.23,69,69,74,63,81.56,0,3,24,ECE,B.Tech,Tier 1,Tier 3,Male,No,0,Not Placed,0
6.69,71,94,100,76,82.06,1,6,22,ISE,B.Tech,Tier 2,Tier 1,Male,Yes,0,Placed,1
6.77,72,74,67,61,75.96,1,4,21,Civil,B.Tech,Tier 2,Tier 3,Male,Yes,1,Not Placed,0
7.28,57,90,79,83,83.7,4,1,24,Data Science,B.E.,Tier 2,Tier 2,Female,No,1,Placed,1
6.54,65,62,40,70,93.78,4,2,20,ECE,B.Tech,Tier 1,Tier 3,Female,Yes,0,Placed,1
8.53,94,100,75,34,92.78,1,1,24,CSE,B.Tech,Tier 2,Tier 2,Male,Yes,0,Placed,1
9.38,59,100,73,42,90.3,6,4,22,AI & ML,B.Tech,Tier 3,Tier 3,Male,No,1,Placed,1
7.71,77,75,72,54,65.92,2,3,24,ECE,B.Tech,Tier 2,Tier 1,Male,No,2,Placed,1
7.4,65,99,61,78,78.34,0,2,23,AI & ML,B.E.,Tier 1,Tier 2,Male,No,0,Placed,1
9.16,64,81,69,83,87.56,5,1,23,ISE,B.Tech,Tier 2,Tier 1,Female,Yes,0,Placed,1
7.96,69,97,39,64,86.6,3,2,24,CSE,B.Tech,Tier 3,Tier 3,Male,Yes,1,Placed,1
7.6,70,41,58,74,76.87,1,1,22,Civil,B.Tech,Tier 1,Tier 3,Female,Yes,2,Not Placed,0
8.45,55,72,60,59,88.43,2,0,23,AI & ML,B.Tech,Tier 1,Tier 2,Male,Yes,0,Not Placed,0
6.32,48,85,91,64,76.12,2,3,24,Data Science,B.Tech,Tier 3,Tier 3,Male,Yes,0,Placed,1
6.49,54,61,31,59,86.76,0,1,23,AI & ML,B.Tech,Tier 2,Tier 1,Male,No,0,Not Placed,0
7.13,86,67,30,87,79.72,4,1,24,Data Science,B.Tech,Tier 1,Tier 1,Male,Yes,1,Placed,1
7.23,78,80,52,41,78.23,1,0,20,AI & ML,B.Tech,Tier 2,Tier 3,Female,No,0,Placed,1
7.06,55,38,56,64,86.85,2,1,21,Mechanical,B.E.,Tier 1,Tier 3,Male,Yes,0,Not Placed,0
9.06,99,77,72,70,88.71,3,4,23,EEE,B.E.,Tier 1,Tier 3,Male,Yes,0,Placed,1
7.05,69,88,98,65,90.41,1,3,21,ISE,B.Tech,Tier 1,Tier 1,Male,Yes,0,Not Placed,0
9.09,57,76,82,42,79.01,2,1,22,ECE,B.Tech,Tier 2,Tier 1,Male,No,0,Not Placed,0
6.29,73,90,71,58,77.79,1,3,21,ISE,B.E.,Tier 2,Tier 3,Male,Yes,0,Placed,1
7.82,78,41,40,57,94.31,2,1,20,ECE,B.Tech,Tier 2,Tier 1,Female,Yes,0,Placed,1
8.46,79,90,91,71,73.47,2,2,23,CSE,B.Tech,Tier 2,Tier 3,Female,Yes,3,Not Placed,0
6.14,41,60,65,58,70.88,0,4,20,CSE,B.Tech,Tier 2,Tier 3,Male,No,0,Placed,1
8.31,61,96,100,32,75.34,2,5,24,CSE,B.Tech,Tier 2,Tier 2,Male,Yes,0,Placed,1
7.77,59,81,80,57,81.91,3,3,23,CSE,B.E.,Tier 2,Tier 2,Female,No,0,Placed,1
8.85,73,89,90,65,71.74,2,3,22,EEE,B.Tech,Tier 2,Tier 3,Male,No,0,Not Placed,0
7.78,54,55,54,61,79.77,2,1,22,ECE,B.Tech,Tier 2,Tier 2,Male,No,0,Not Placed,0
7.07,60,54,64,58,98.95,4,3,20,CSE,B.E.,Tier 3,Tier 1,Male,Yes,0,Placed,1
6.63,52,69,58,65,89.27,3,3,24,Data Science,B.Tech,Tier 3,Tier 2,Male,No,3,Not Placed,0
7.24,77,50,67,72,86.85,3,1,21,ISE,B.Tech,Tier 2,Tier 3,Male,Yes,0,Not Placed,0
8.24,79,88,59,78,88.74,1,2,22,CSE,B.E.,Tier 2,Tier 3,Male,Yes,0,Not Placed,0
8.94,68,97,54,51,95.56,1,1,21,AI & ML,B.Tech,Tier 2,Tier 1,Female,No,1,Not Placed,0
8.09,84,66,44,47,90.86,3,0,23,CSE,B.Tech,Tier 2,Tier 2,Male,Yes,0,Placed,1
5.55,57,46,46,81,77.82,0,3,24,ISE,B.Tech,Tier 3,Tier 1,Female,Yes,3,Not Placed,0
7.64,82,83,76,86,84.84,3,0,24,ISE,B.E.,Tier 2,Tier 3,Male,Yes,1,Placed,1
7.02,82,44,45,55,83.88,4,1,22,CSE,B.Tech,Tier 3,Tier 3,Male,Yes,2,Placed,1
7.31,59,47,58,88,79.09,1,2,20,Civil,B.Tech,Tier 3,Tier 2,Male,Yes,0,Not Placed,0
8.14,70,81,82,43,71.84,1,2,22,Data Science,B.Tech,Tier 2,Tier 2,Male,Yes,0,Placed,1
8.81,75,69,58,64,97.59,3,2,24,Data Science,B.Tech,Tier 1,Tier 2,Female,Yes,0,Placed,1
7.43,60,84,59,97,71.6,2,3,21,Data Science,B.E.,Tier 1,Tier 3,Female,Yes,0,Not Placed,0
7.13,70,83,49,72,73.65,3,1,22,AI & ML,B.E.,Tier 2,Tier 1,Male,Yes,0,Placed,1
8.43,69,87,72,88,86.02,3,3,24,EEE,B.Tech,Tier 2,Tier 2,Male,Yes,0,Placed,1
6.56,50,80,48,38,90.4,3,1,20,CSE,B.Tech,Tier 2,Tier 3,Male,Yes,0,Not Placed,0
9.96,83,89,74,59,86.45,0,2,20,AI & ML,B.Tech,Tier 2,Tier 1,Female,No,0,Placed,1
8.45,58,84,81,52,98.42,2,3,20,EEE,B.Tech,Tier 3,Tier 1,Female,Yes,1,Placed,1
7.24,76,64,45,52,84.13,2,1,22,Mechanical,B.Tech,Tier 1,Tier 1,Female,Yes,3,Placed,1
9.41,65,65,52,57,79.93,2,1,24,ISE,B.Tech,Tier 3,Tier 2,Male,Yes,0,Placed,1
8.23,67,66,70,64,76.4,3,0,23,Mechanical,B.Tech,Tier 2,Tier 2,Female,No,3,Placed,1
8.11,66,83,70,58,78.1,1,4,20,CSE,B.Tech,Tier 2,Tier 3,Male,No,0,Not Placed,0
8.44,80,77,52,51,92.89,3,3,20,Data Science,B.Tech,Tier 2,Tier 1,Male,Yes,0,Placed,1
8.01,85,53,65,47,80.74,3,0,23,CSE,B.Tech,Tier 1,Tier 2,Male,No,0,Not Placed,0
7.37,75,59,47,22,84.91,0,3,23,Data Science,B.Tech,Tier 1,Tier 3,Female,No,0,Not Placed,0
8.21,79,68,61,76,86.42,4,4,22,ISE,B.E.,Tier 2,Tier 2,Female,Yes,2,Placed,1
8.37,76,99,74,70,74.98,3,1,21,Mechanical,B.Tech,Tier 1,Tier 1,Male,Yes,1,Placed,1
7.05,65,53,65,52,74.81,2,2,24,AI & ML,B.Tech,Tier 2,Tier 3,Male,No,0,Placed,1
7.41,49,71,81,56,63.26,1,4,23,ECE,B.E.,Tier 3,Tier 1,Female,Yes,0,Not Placed,0
8.29,63,56,39,68,96.17,4,3,21,ECE,B.Tech,Tier 3,Tier 2,Male,No,0,Placed,1
7.76,93,90,83,72,91.71,2,1,24,CSE,B.E.,Tier 3,Tier 2,Male,Yes,0,Placed,1
6.48,77,56,71,78,82.67,2,3,23,CSE,B.E.,Tier 3,Tier 2,Male,Yes,1,Placed,1
8.22,71,82,64,64,78.5,3,3,21,EEE,B.E.,Tier 2,Tier 2,Female,Yes,0,Placed,1
7.97,69,94,75,79,70.18,2,3,20,Data Science,B.Tech,Tier 1,Tier 1,Male,Yes,0,Not Placed,0
8.78,81,89,68,74,95.21,0,2,24,Data Science,B.Tech,Tier 3,Tier 3,Female,Yes,0,Placed,1
6.58,50,43,49,67,81.78,4,0,20,ISE,B.E.,Tier 2,Tier 2,Male,No,0,Not Placed,0
7.81,61,69,86,57,80.9,0,2,20,EEE,B.Tech,Tier 2,Tier 3,Male,No,2,Not Placed,0
8.85,69,80,79,40,99.58,1,1,21,Mechanical,B.Tech,Tier 3,Tier 2,Male,No,0,Placed,1
9.23,54,93,77,66,77.3,3,1,24,ECE,B.Tech,Tier 2,Tier 2,Female,Yes,0,Placed,1
8.23,70,81,99,57,86.97,1,3,20,EEE,B.Tech,Tier 3,Tier 2,Female,No,0,Not Placed,0
8.95,86,66,54,56,85.58,1,1,21,CSE,B.Tech,Tier 1,Tier 2,Other,No,0,Not Placed,0
8.44,76,66,84,58,86.78,2,0,20,AI & ML,B.Tech,Tier 2,Tier 3,Female,No,0,Not Placed,0
7.9,78,51,55,69,90.0,1,2,23,Data Science,B.E.,Tier 3,Tier 3,Male,Yes,2,Not Placed,0
8.55,65,67,84,47,85.89,3,0,20,CSE,B.Tech,Tier 1,Tier 2,Female,No,2,Placed,1
8.12,63,84,63,55,71.65,1,3,23,CSE,B.Tech,Tier 2,Tier 1,Male,Yes,0,Placed,1
7.29,79,59,57,100,76.97,3,2,22,ECE,B.E.,Tier 2,Tier 2,Male,Yes,0,Placed,1
8.94,68,100,57,48,85.46,4,3,23,AI & ML,B.Tech,Tier 1,Tier 2,Male,Yes,0,Placed,1
8.19,68,89,81,69,68.3,2,2,24,ECE,B.Tech,Tier 2,Tier 2,Male,Yes,1,Placed,1
7.47,77,64,34,65,81.27,2,2,23,ISE,B.E.,Tier 2,Tier 2,Female,No,0,Not Placed,0
6.26,54,29,75,80,65.69,3,4,21,Mechanical,B.Tech,Tier 3,Tier 2,Male,Yes,0,Placed,1
8.8,66,64,86,56,81.14,3,3,21,ECE,B.Tech,Tier 2,Tier 1,Male,Yes,0,Placed,1
8.02,63,55,66,60,87.62,4,2,23,AI & ML,B.Tech,Tier 3,Tier 1,Male,Yes,3,Placed,1
8.15,54,58,79,60,87.76,0,4,23,Data Science,B.E.,Tier 2,Tier 3,Female,No,0,Not Placed,0
7.52,66,91,100,64,83.11,2,3,21,ISE,B.E.,Tier 2,Tier 3,Female,Yes,0,Placed,1
8.05,76,52,47,47,84.42,3,4,20,Mechanical,B.Tech,Tier 3,Tier 2,Male,No,0,Placed,1
7.96,75,62,91,65,76.62,2,1,21,CSE,B.Tech,Tier 2,Tier 3,Female,Yes,0,Not Placed,0
7.74,77,64,54,49,88.16,2,1,21,CSE,B.E.,Tier 1,Tier 3,Male,No,1,Placed,1
8.97,96,65,74,70,88.19,1,3,23,ISE,B.Tech,Tier 1,Tier 2,Male,Yes,0,Placed,1
7.81,55,84,55,100,91.47,2,2,24,CSE,B.Tech,Tier 1,Tier 3,Male,No,0,Placed,1
8.31,80,58,69,69,71.09,0,2,23,Data Science,B.E.,Tier 2,Tier 3,Male,No,0,Placed,1
6.85,60,71,70,61,82.54,0,1,24,Data Science,B.Tech,Tier 1,Tier 2,Male,No,0,Placed,1
7.68,69,47,29,55,83.74,2,3,22,CSE,B.E.,Tier 2,Tier 2,Female,No,0,Placed,1
7.87,64,71,67,68,77.59,4,2,24,ISE,B.Tech,Tier 2,Tier 2,Female,No,0,Placed,1
9.32,78,83,74,76,83.88,1,1,23,AI & ML,B.Tech,Tier 3,Tier 2,Female,Yes,0,Placed,1
6.74,54,49,31,57,88.29,6,6,20,CSE,B.Tech,Tier 1,Tier 3,Female,Yes,0,Placed,1
8.23,93,78,63,41,79.28,1,0,24,CSE,B.Tech,Tier 2,Tier 2,Female,No,2,Placed,1
7.91,70,64,76,95,90.03,1,3,21,Data Science,B.E.,Tier 1,Tier 1,Female,Yes,0,Not Placed,0
8.5,69,45,79,61,90.92,2,3,22,ECE,B.Tech,Tier 2,Tier 1,Female,Yes,0,Not Placed,0
7.97,92,34,40,72,80.7,1,2,22,ISE,B.Tech,Tier 3,Tier 3,Female,No,1,Not Placed,0
8.18,78,59,82,57,82.74,2,0,23,CSE,B.Tech,Tier 2,Tier 2,Male,Yes,0,Placed,1
7.74,68,80,83,59,78.02,1,6,24,Data Science,B.Tech,Tier 2,Tier 3,Female,Yes,2,Placed,1
7.53,60,67,71,100,80.73,1,3,24,AI & ML,B.Tech,Tier 2,Tier 2,Female,No,0,Placed,1
7.72,68,57,44,84,78.43,1,2,24,Mechanical,B.Tech,Tier 3,Tier 3,Female,Yes,0,Not Placed,0
8.77,71,89,50,59,87.55,0,1,23,ISE,B.E.,Tier 1,Tier 1,Male,Yes,0,Not Placed,0
7.37,78,74,49,78,73.64,2,1,20,CSE,B.E.,Tier 3,Tier 3,Female,Yes,0,Not Placed,0
6.37,50,34,63,62,82.05,1,2,20,ECE,B.Tech,Tier 2,Tier 1,Male,No,0,Not Placed,0
8.55,91,81,55,80,93.71,1,2,21,AI & ML,B.Tech,Tier 2,Tier 3,Male,Yes,0,Placed,1
7.14,77,73,85,66,88.49,1,1,21,ISE,B.E.,Tier 3,Tier 2,Female,Yes,0,Placed,1
7.31,55,67,41,74,80.63,2,1,22,CSE,B.E.,Tier 1,Tier 1,Female,No,0,Placed,1
7.08,62,74,56,64,79.34,1,2,24,ISE,B.Tech,Tier 3,Tier 2,Male,No,0,Placed,1
8.01,61,55,47,60,78.16,2,0,22,ISE,B.Tech,Tier 3,Tier 3,Female,Yes,0,Placed,1
9.06,63,100,97,91,84.37,0,3,24,ISE,B.Tech,Tier 2,Tier 2,Other,No,0,Placed,1
7.33,75,55,56,63,83.68,2,3,22,CSE,B.E.,Tier 3,Tier 3,Male,Yes,0,Not Placed,0
7.23,76,51,55,63,90.58,1,1,23,ECE,B.E.,Tier 2,Tier 3,Male,Yes,0,Placed,1
7.22,70,70,80,78,82.25,2,2,23,AI & ML,B.E.,Tier 3,Tier 3,Male,No,0,Not Placed,0
9.5,92,81,76,68,80.66,2,2,24,CSE,B.Tech,Tier 1,Tier 3,Male,Yes,0,Placed,1
7.0,51,51,80,46,67.05,0,2,21,AI & ML,B.E.,Tier 3,Tier 1,Female,No,0,Not Placed,0
8.02,93,60,74,73,87.34,4,3,23,Data Science,B.E.,Tier 2,Tier 2,Female,No,0,Placed,1
7.03,57,70,41,58,84.49,2,4,22,ECE,B.Tech,Tier 2,Tier 3,Male,No,1,Not Placed,0
7.82,73,93,84,74,73.52,2,3,23,Data Science,B.Tech,Tier 2,Tier 2,Male,No,1,Not Placed,0
6.06,52,66,73,88,82.53,1,3,23,EEE,B.Tech,Tier 2,Tier 3,Female,Yes,0,Placed,1
7.41,59,65,83,58,81.3,2,4,21,CSE,B.Tech,Tier 2,Tier 2,Female,Yes,0,Placed,1
9.14,59,100,82,87,75.91,1,1,24,CSE,B.E.,Tier 2,Tier 2,Female,Yes,1,Not Placed,0
7.79,47,62,57,66,74.62,1,1,24,CSE,B.Tech,Tier 3,Tier 3,Female,Yes,0,Not Placed,0
8.37,69,58,56,67,74.34,2,2,23,EEE,B.Tech,Tier 3,Tier 2,Female,Yes,1,Placed,1
7.66,62,57,94,100,83.61,1,1,20,CSE,B.Tech,Tier 2,Tier 1,Male,Yes,0,Not Placed,0
8.16,55,87,58,82,84.73,2,2,20,AI & ML,B.Tech,Tier 2,Tier 1,Male,Yes,0,Placed,1
6.97,75,67,74,81,89.65,1,1,20,CSE,B.Tech,Tier 3,Tier 1,Female,Yes,1,Not Placed,0
8.68,68,59,45,47,73.29,1,3,24,Mechanical,B.E.,Tier 3,Tier 3,Male,Yes,0,Placed,1
8.66,69,59,61,70,88.27,3,0,20,EEE,B.E.,Tier 1,Tier 2,Female,Yes,0,Placed,1
10.0,90,98,77,63,98.57,3,1,20,Data Science,B.E.,Tier 3,Tier 2,Male,Yes,0,Placed,1
8.8,65,68,58,58,93.13,2,3,24,CSE,B.Tech,Tier 3,Tier 3,Male,Yes,0,Placed,1
6.51,66,69,61,59,66.83,1,3,23,EEE,B.Tech,Tier 2,Tier 2,Female,Yes,0,Not Placed,0
8.74,73,74,56,49,78.57,3,1,21,ISE,B.E.,Tier 2,Tier 1,Female,Yes,0,Placed,1
8.8,82,97,75,69,83.25,1,2,22,EEE,B.Tech,Tier 2,Tier 3,Male,No,1,Not Placed,0
8.95,83,69,67,60,92.3,2,2,23,CSE,B.Tech,Tier 2,Tier 3,Male,Yes,0,Placed,1
7.19,46,35,35,45,66.35,2,2,22,CSE,B.Tech,Tier 3,Tier 2,Female,Yes,2,Not Placed,0
7.58,70,92,91,100,76.03,0,1,23,ISE,B.E.,Tier 1,Tier 2,Female,Yes,0,Placed,1
6.98,75,71,40,58,79.8,1,1,24,AI & ML,B.E.,Tier 1,Tier 2,Male,Yes,0,Placed,1
8.87,73,75,87,75,79.76,4,7,21,AI & ML,B.Tech,Tier 3,Tier 1,Female,Yes,0,Placed,1
8.56,55,63,67,68,67.98,4,3,24,CSE,B.Tech,Tier 2,Tier 2,Male,No,0,Placed,1
6.65,48,76,81,84,80.39,1,2,21,Mechanical,B.Tech,Tier 3,Tier 2,Female,No,0,Placed,1
6.33,64,76,87,75,77.06,6,2,20,CSE,B.Tech,Tier 2,Tier 3,Female,No,0,Placed,1
7.25,74,77,81,42,91.52,4,2,24,CSE,B.E.,Tier 2,Tier 1,Male,Yes,1,Not Placed,0
5.69,64,63,50,67,79.66,5,2,22,AI & ML,B.Tech,Tier 1,Tier 3,Female,Yes,1,Placed,1
7.68,79,55,44,71,83.92,0,2,21,CSE,B.Tech,Tier 2,Tier 2,Female,No,0,Placed,1
8.92,85,73,58,45,76.38,2,0,24,AI & ML,B.Tech,Tier 2,Tier 2,Male,Yes,0,Placed,1
8.19,55,56,79,99,84.95,1,4,24,Civil,B.Tech,Tier 2,Tier 1,Male,No,0,Placed,1
5.35,53,58,58,81,89.53,0,3,21,AI & ML,B.Tech,Tier 3,Tier 1,Male,Yes,0,Not Placed,0
7.96,69,42,29,81,81.7,1,2,20,Mechanical,B.Tech,Tier 2,Tier 2,Female,Yes,0,Not Placed,0
7.2,82,53,85,70,83.48,1,1,24,Data Science,B.E.,Tier 1,Tier 1,Female,No,1,Placed,1
8.01,67,76,32,61,71.68,4,0,24,ISE,B.Tech,Tier 3,Tier 3,Female,Yes,0,Placed,1
9.2,69,52,23,48,71.53,2,2,21,Mechanical,B.Tech,Tier 1,Tier 2,Female,Yes,0,Not Placed,0
7.85,59,80,83,60,87.56,1,4,21,CSE,B.Tech,Tier 1,Tier 3,Male,No,0,Not Placed,0
7.34,47,67,65,78,87.56,1,1,20,ISE,B.Tech,Tier 3,Tier 2,Male,Yes,1,Placed,1
8.12,89,72,58,49,63.2,1,2,24,CSE,B.Tech,Tier 2,Tier 1,Male,Yes,0,Placed,1
8.08,73,100,100,87,73.36,1,1,20,ISE,B.Tech,Tier 2,Tier 3,Female,No,0,Not Placed,0
6.77,74,43,50,74,100.0,5,2,22,AI & ML,B.Tech,Tier 1,Tier 2,Male,No,1,Not Placed,0
7.04,87,74,74,63,65.28,3,6,24,Mechanical,B.Tech,Tier 1,Tier 2,Male,No,0,Placed,1
7.91,62,42,30,62,74.51,4,1,21,ECE,B.Tech,Tier 2,Tier 2,Male,No,0,Not Placed,0
6.92,50,71,74,64,78.11,3,4,20,CSE,B.Tech,Tier 2,Tier 3,Male,Yes,0,Placed,1
7.62,63,74,48,63,85.18,1,2,23,AI & ML,B.Tech,Tier 2,Tier 2,Female,Yes,0,Placed,1
8.51,68,81,66,56,75.37,1,2,21,ISE,B.Tech,Tier 2,Tier 2,Female,No,0,Placed,1
7.06,65,68,89,61,78.81,1,3,20,CSE,B.Tech,Tier 2,Tier 1,Male,Yes,0,Placed,1
8.28,75,93,77,85,92.63,0,1,23,ECE,B.E.,Tier 1,Tier 2,Female,Yes,0,Placed,1
8.16,77,69,74,38,69.41,4,1,21,EEE,B.Tech,Tier 3,Tier 2,Male,Yes,1,Placed,1
8.06,71,87,59,80,93.84,2,2,21,Data Science,B.Tech,Tier 1,Tier 2,Male,Yes,0,Placed,1
7.14,50,54,54,80,90.67,5,3,20,ISE,B.Tech,Tier 2,Tier 1,Male,Yes,0,Not Placed,0
8.81,75,78,56,100,78.79,3,1,21,Data Science,B.Tech,Tier 1,Tier 2,Male,No,0,Placed,1
8.49,78,96,35,85,85.72,4,2,21,AI & ML,B.Tech,Tier 2,Tier 1,Male,Yes,0,Placed,1
9.19,54,62,58,80,79.75,1,1,22,EEE,B.Tech,Tier 1,Tier 2,Male,No,0,Not Placed,0
6.78,50,77,67,76,77.84,0,1,23,AI & ML,B.E.,Tier 3,Tier 2,Male,No,0,Placed,1
7.64,64,82,55,48,77.43,2,0,21,CSE,B.Tech,Tier 2,Tier 2,Male,Yes,0,Placed,1
7.37,65,100,67,100,86.28,1,3,20,CSE,B.Tech,Tier 3,Tier 3,Female,Yes,1,Placed,1
9.8,73,70,48,69,81.75,1,3,21,CSE,B.Tech,Tier 3,Tier 3,Female,Yes,1,Not Placed,0
6.9,78,61,57,55,81.97,2,0,23,CSE,B.E.,Tier 2,Tier 2,Male,Yes,0,Placed,1
6.31,73,62,57,93,95.5,1,5,21,CSE,B.E.,Tier 1,Tier 2,Male,No,0,Not Placed,0
7.7,74,56,78,63,74.14,1,2,21,CSE,B.Tech,Tier 2,Tier 2,Female,Yes,0,Placed,1
7.5,79,62,46,57,82.09,3,1,24,Data Science,B.Tech,Tier 3,Tier 3,Male,Yes,0,Placed,1
8.44,70,68,64,69,86.36,0,0,22,Data Science,B.E.,Tier 1,Tier 2,Male,Yes,0,Placed,1
8.03,78,65,73,48,81.99,2,3,22,ISE,B.Tech,Tier 3,Tier 1,Male,Yes,1,Placed,1
7.71,72,69,56,67,87.46,0,2,23,EEE,B.E.,Tier 2,Tier 1,Male,Yes,1,Placed,1
7.2,69,54,60,77,96.99,1,0,21,AI & ML,B.Tech,Tier 2,Tier 2,Male,Yes,0,Not Placed,0
6.64,67,53,63,84,79.62,1,0,23,ISE,B.Tech,Tier 3,Tier 1,Female,No,0,Not Placed,0
7.2,65,72,58,76,85.26,3,3,22,ISE,B.Tech,Tier 3,Tier 1,Male,Yes,0,Placed,1
8.56,76,70,63,75,75.49,4,1,21,Data Science,B.Tech,Tier 2,Tier 3,Female,Yes,3,Not Placed,0
8.2,57,81,24,54,84.43,2,4,22,ISE,B.E.,Tier 1,Tier 3,Female,Yes,0,Not Placed,0
7.91,78,61,75,68,69.91,1,2,24,ECE,B.Tech,Tier 2,Tier 1,Male,Yes,0,Placed,1
8.9,83,71,45,57,81.32,1,3,23,ISE,B.Tech,Tier 1,Tier 1,Male,No,3,Placed,1
8.75,79,96,78,37,90.47,3,4,22,CSE,B.Tech,Tier 2,Tier 2,Male,Yes,2,Placed,1
8.46,74,99,73,69,76.64,1,1,21,Data Science,B.Tech,Tier 2,Tier 2,Male,Yes,1,Placed,1
8.68,74,99,85,53,64.67,1,0,23,ISE,B.Tech,Tier 1,Tier 3,Female,Yes,0,Placed,1
7.36,83,81,60,85,81.12,1,2,23,EEE,B.E.,Tier 2,Tier 2,Male,Yes,0,Not Placed,0
6.74,44,64,47,42,86.8,2,2,22,CSE,B.E.,Tier 3,Tier 2,Male,Yes,2,Not Placed,0
7.01,71,85,44,83,77.8,2,1,23,CSE,B.E.,Tier 3,Tier 1,Male,Yes,0,Placed,1
8.49,52,83,86,45,75.87,3,0,24,Data Science,B.Tech,Tier 2,Tier 2,Male,Yes,0,Placed,1
8.52,73,77,78,66,81.93,2,0,23,CSE,B.Tech,Tier 1,Tier 3,Male,No,0,Placed,1
7.99,77,67,69,57,85.85,3,2,24,AI & ML,B.Tech,Tier 3,Tier 3,Male,Yes,0,Placed,1
9.29,70,90,75,48,70.35,1,2,24,Mechanical,B.Tech,Tier 3,Tier 2,Female,Yes,0,Placed,1
9.08,79,89,50,83,85.71,3,1,22,Data Science,B.Tech,Tier 2,Tier 1,Male,Yes,0,Placed,1
7.46,83,33,43,60,84.26,2,3,24,Data Science,B.Tech,Tier 1,Tier 3,Female,Yes,1,Not Placed,0
7.87,77,75,63,50,80.03,2,3,23,EEE,B.E.,Tier 1,Tier 2,Male,Yes,2,Placed,1
10.0,95,74,69,78,88.68,3,1,22,AI & ML,B.Tech,Tier 3,Tier 3,Female,No,0,Placed,1
7.48,91,82,48,73,87.16,5,2,21,EEE,B.Tech,Tier 3,Tier 3,Male,Yes,0,Placed,1
6.42,70,73,77,77,99.36,2,0,22,AI & ML,B.E.,Tier 2,Tier 2,Male,Yes,1,Not Placed,0
8.54,73,95,68,78,87.02,0,0,20,AI & ML,B.E.,Tier 1,Tier 3,Male,Yes,2,Placed,1
6.97,55,100,89,72,80.77,1,0,24,CSE,B.Tech,Tier 1,Tier 3,Female,Yes,1,Placed,1
9.21,81,84,67,69,76.53,1,2,21,CSE,B.Tech,Tier 1,Tier 3,Female,No,1,Not Placed,0
7.56,75,73,83,92,85.57,0,2,24,Mechanical,B.Tech,Tier 2,Tier 2,Female,Yes,0,Not Placed,0
9.51,59,66,50,54,88.46,1,0,23,ISE,B.E.,Tier 3,Tier 2,Male,No,2,Not Placed,0
7.58,81,58,68,45,79.68,4,1,24,Mechanical,B.E.,Tier 2,Tier 1,Female,No,0,Placed,1
7.69,81,80,98,53,79.24,0,4,22,Civil,B.Tech,Tier 1,Tier 2,Male,Yes,0,Placed,1
7.63,77,86,72,68,71.54,3,2,20,AI & ML,B.Tech,Tier 3,Tier 2,Male,Yes,1,Placed,1
6.81,48,69,63,46,68.57,3,3,21,ISE,B.Tech,Tier 2,Tier 2,Male,Yes,0,Not Placed,0
8.11,72,55,40,65,75.65,2,3,20,ECE,B.Tech,Tier 2,Tier 1,Female,Yes,0,Not Placed,0
8.59,69,63,56,88,82.02,3,1,21,ECE,B.Tech,Tier 1,Tier 2,Female,No,1,Not Placed,0
6.43,71,65,75,67,84.42,0,2,24,Data Science,B.Tech,Tier 1,Tier 3,Male,No,0,Placed,1
8.16,77,90,74,87,76.67,2,2,21,CSE,B.E.,Tier 2,Tier 1,Male,Yes,0,Placed,1
6.5,48,46,46,87,88.04,2,1,20,CSE,B.Tech,Tier 2,Tier 2,Male,No,0,Not Placed,0
7.41,92,65,65,63,74.36,1,3,24,CSE,B.Tech,Tier 2,Tier 2,Female,No,0,Placed,1
8.64,64,63,68,80,84.79,3,2,21,EEE,B.E.,Tier 2,Tier 1,Female,No,0,Placed,1
6.86,57,75,51,66,77.72,1,5,22,CSE,B.E.,Tier 2,Tier 2,Male,No,0,Placed,1
7.41,54,59,72,84,88.54,1,4,22,EEE,B.E.,Tier 2,Tier 3,Male,No,0,Placed,1
7.24,87,98,72,70,86.85,1,0,20,CSE,B.E.,Tier 3,Tier 2,Male,Yes,0,Not Placed,0
8.62,65,73,73,87,100.0,4,0,23,AI & ML,B.Tech,Tier 1,Tier 2,Male,Yes,0,Placed,1
7.31,66,73,67,78,87.67,2,1,24,CSE,B.Tech,Tier 1,Tier 2,Female,Yes,0,Not Placed,0
6.81,49,60,54,66,78.81,2,2,24,ISE,B.Tech,Tier 1,Tier 2,Male,Yes,1,Not Placed,0
8.15,67,81,76,59,85.81,0,3,23,Data Science,B.E.,Tier 1,Tier 3,Female,No,0,Placed,1
7.3,55,81,83,94,78.27,0,3,24,ECE,B.Tech,Tier 2,Tier 2,Other,No,0,Placed,1
8.52,100,56,54,79,83.75,2,4,23,ISE,B.Tech,Tier 1,Tier 2,Female,Yes,0,Placed,1
6.31,46,68,72,66,93.44,5,3,22,Civil,B.Tech,Tier 3,Tier 3,Male,No,0,Placed,1
8.18,71,100,84,61,73.02,0,4,24,ISE,B.Tech,Tier 3,Tier 2,Male,Yes,1,Placed,1
7.49,77,63,71,78,73.55,0,1,23,AI & ML,B.E.,Tier 2,Tier 3,Female,Yes,0,Placed,1
9.25,70,77,64,61,80.69,1,2,23,Mechanical,B.Tech,Tier 2,Tier 3,Male,Yes,0,Not Placed,0
7.88,72,81,83,34,79.27,4,3,22,CSE,B.Tech,Tier 3,Tier 3,Male,Yes,0,Placed,1
8.75,69,89,68,69,72.29,2,1,20,ISE,B.Tech,Tier 2,Tier 3,Female,Yes,3,Placed,1
7.69,61,47,31,76,71.62,3,1,20,ECE,B.Tech,Tier 1,Tier 2,Female,No,0,Placed,1
6.01,32,64,43,84,89.2,3,3,22,EEE,B.Tech,Tier 1,Tier 1,Male,No,0,Placed,1
7.69,54,77,73,84,71.07,3,0,24,Civil,B.E.,Tier 2,Tier 2,Male,Yes,1,Placed,1
7.14,49,29,53,55,82.88,3,6,23,Civil,B.Tech,Tier 2,Tier 2,Male,No,0,Not Placed,0
8.5,63,59,49,83,76.93,6,5,24,ISE,B.Tech,Tier 1,Tier 2,Female,No,0,Placed,1
8.88,58,45,34,80,88.2,2,2,24,ECE,B.Tech,Tier 2,Tier 3,Female,No,0,Not Placed,0
8.86,43,91,68,90,89.41,0,5,20,EEE,B.E.,Tier 3,Tier 1,Male,No,0,Placed,1
7.95,73,51,61,74,100.0,2,4,24,ECE,B.E.,Tier 2,Tier 3,Female,No,0,Placed,1
6.81,65,87,61,55,81.31,1,3,24,ISE,B.Tech,Tier 2,Tier 2,Male,Yes,3,Not Placed,0
6.73,54,54,68,69,81.22,4,3,21,ECE,B.Tech,Tier 3,Tier 1,Other,Yes,3,Placed,1
7.07,66,80,57,64,89.19,1,0,24,Data Science,B.Tech,Tier 2,Tier 3,Male,Yes,0,Placed,1
8.31,78,89,69,75,79.78,2,3,24,EEE,B.Tech,Tier 1,Tier 2,Male,Yes,1,Placed,1
6.16,33,57,26,80,91.13,2,1,24,CSE,B.Tech,Tier 2,Tier 2,Other,Yes,0,Placed,1
6.37,65,49,67,62,89.39,4,3,20,ECE,B.Tech,Tier 3,Tier 2,Male,No,0,Not Placed,0
8.06,71,100,66,64,90.86,2,0,21,AI & ML,B.E.,Tier 2,Tier 3,Female,Yes,0,Placed,1
6.57,55,56,36,89,72.13,1,2,20,CSE,B.Tech,Tier 2,Tier 3,Male,Yes,0,Not Placed,0
8.32,78,70,34,76,87.5,1,3,20,CSE,B.Tech,Tier 3,Tier 1,Male,No,3,Not Placed,0
8.62,55,69,59,62,97.38,4,0,23,CSE,B.Tech,Tier 3,Tier 2,Male,No,0,Placed,1
8.47,61,100,71,77,87.55,3,2,22,AI & ML,B.Tech,Tier 1,Tier 3,Male,No,0,Placed,1
7.55,58,65,47,69,68.82,1,1,20,CSE,B.Tech,Tier 1,Tier 1,Female,Yes,0,Placed,1
7.57,84,100,82,73,79.2,2,3,22,ISE,B.Tech,Tier 2,Tier 3,Female,Yes,0,Not Placed,0
8.38,72,74,66,49,72.51,1,3,23,Data Science,B.E.,Tier 2,Tier 1,Male,No,0,Not Placed,0
6.56,32,64,44,61,92.19,6,1,20,Mechanical,B.Tech,Tier 1,Tier 3,Female,Yes,1,Placed,1
8.59,96,68,75,70,81.7,1,1,24,CSE,B.Tech,Tier 3,Tier 3,Female,Yes,0,Not Placed,0
6.7,60,67,78,84,75.3,2,3,22,CSE,B.Tech,Tier 1,Tier 3,Female,Yes,0,Not Placed,0
8.39,73,91,93,70,86.39,2,1,20,CSE,B.Tech,Tier 3,Tier 1,Male,Yes,0,Placed,1
6.64,53,71,59,58,89.25,0,3,21,ISE,B.Tech,Tier 2,Tier 2,Male,Yes,0,Not Placed,0
8.32,76,70,68,55,74.01,5,2,23,Civil,B.Tech,Tier 2,Tier 2,Female,Yes,2,Placed,1
8.35,62,60,79,69,95.34,3,4,24,AI & ML,B.E.,Tier 3,Tier 2,Male,No,0,Placed,1
8.88,71,87,93,74,90.18,2,1,24,Data Science,B.Tech,Tier 2,Tier 2,Male,Yes,0,Placed,1
7.01,96,63,46,89,78.13,5,2,23,Mechanical,B.E.,Tier 1,Tier 2,Male,Yes,0,Placed,1
7.44,66,60,66,76,80.84,2,2,20,CSE,B.Tech,Tier 1,Tier 1,Male,No,0,Placed,1
7.3,62,64,90,64,83.3,4,1,22,CSE,B.E.,Tier 3,Tier 2,Male,Yes,0,Not Placed,0
6.84,52,65,85,61,79.09,5,1,24,CSE,B.Tech,Tier 2,Tier 1,Male,Yes,0,Not Placed,0
6.8,58,85,37,67,83.27,2,2,22,CSE,B.Tech,Tier 1,Tier 3,Female,Yes,1,Not Placed,0
7.53,75,64,26,63,75.59,2,5,20,Data Science,B.Tech,Tier 3,Tier 3,Female,Yes,1,Placed,1
7.93,79,96,57,66,82.45,1,2,22,Data Science,B.Tech,Tier 3,Tier 1,Female,Yes,1,Not Placed,0
9.48,69,69,61,57,89.63,3,2,23,ECE,B.Tech,Tier 2,Tier 2,Male,Yes,0,Placed,1
7.23,85,60,52,67,85.7,4,0,22,Data Science,B.Tech,Tier 1,Tier 3,Male,Yes,1,Not Placed,0
7.84,70,98,81,55,77.8,4,4,23,Data Science,B.Tech,Tier 1,Tier 3,Female,No,3,Not Placed,0
6.88,74,73,79,69,77.59,3,2,22,EEE,B.Tech,Tier 3,Tier 3,Female,Yes,0,Placed,1
8.05,81,84,86,75,88.59,2,4,20,Data Science,B.E.,Tier 3,Tier 1,Male,No,0,Placed,1
8.53,91,78,69,82,80.89,4,1,20,AI & ML,B.Tech,Tier 3,Tier 2,Male,Yes,0,Placed,1
6.38,67,67,57,77,73.99,0,2,23,Mechanical,B.Tech,Tier 2,Tier 2,Female,No,0,Placed,1
8.64,65,77,54,63,88.51,2,1,23,EEE,B.E.,Tier 3,Tier 2,Male,No,1,Not Placed,0
8.62,56,58,72,60,100.0,3,2,24,Mechanical,B.E.,Tier 1,Tier 2,Female,Yes,0,Not Placed,0
8.69,63,73,51,93,81.52,2,3,21,Data Science,B.Tech,Tier 2,Tier 2,Male,Yes,0,Placed,1
6.5,58,98,72,40,72.73,4,5,20,CSE,B.E.,Tier 3,Tier 2,Male,Yes,1,Placed,1
7.12,64,86,79,77,86.15,1,1,24,Data Science,B.Tech,Tier 1,Tier 2,Female,Yes,0,Placed,1
6.87,61,59,54,73,94.48,2,3,23,Civil,B.Tech,Tier 2,Tier 2,Male,Yes,1,Placed,1
8.28,90,83,65,82,75.72,3,5,21,Civil,B.E.,Tier 2,Tier 1,Male,Yes,2,Placed,1
8.01,76,72,94,85,87.09,1,2,20,CSE,B.Tech,Tier 1,Tier 3,Male,Yes,0,Placed,1
6.96,62,60,72,75,90.63,0,0,24,CSE,B.E.,Tier 2,Tier 2,Male,No,0,Placed,1
8.5,74,82,72,64,85.26,1,2,21,ISE,B.Tech,Tier 2,Tier 3,Male,Yes,0,Placed,1
8.53,100,90,71,81,82.05,2,1,21,EEE,B.Tech,Tier 3,Tier 2,Female,No,0,Placed,1
6.79,51,57,51,77,88.82,1,3,22,ECE,B.Tech,Tier 2,Tier 2,Male,Yes,0,Placed,1
8.48,92,84,68,46,90.8,3,3,20,ISE,B.Tech,Tier 2,Tier 2,Female,No,0,Placed,1
7.57,68,67,72,74,61.96,2,0,20,Mechanical,B.E.,Tier 1,Tier 1,Male,No,0,Placed,1
7.23,98,81,56,70,91.43,2,3,23,Civil,B.Tech,Tier 2,Tier 3,Male,Yes,2,Placed,1
7.39,58,75,87,66,83.12,2,3,20,Data Science,B.Tech,Tier 3,Tier 2,Male,Yes,0,Placed,1
7.75,60,73,66,72,83.46,2,2,21,Data Science,B.E.,Tier 2,Tier 2,Male,No,3,Not Placed,0
8.3,83,62,87,72,86.83,5,2,23,CSE,B.E.,Tier 2,Tier 3,Female,Yes,0,Placed,1
7.13,60,63,83,68,94.41,1,0,24,CSE,B.Tech,Tier 2,Tier 1,Male,No,1,Not Placed,0
8.79,69,68,65,81,84.26,4,1,24,CSE,B.E.,Tier 1,Tier 2,Male,No,0,Not Placed,0
9.53,77,87,71,62,85.07,2,2,20,ECE,B.Tech,Tier 1,Tier 3,Male,Yes,0,Placed,1
7.49,82,100,65,87,76.96,3,0,20,ISE,B.Tech,Tier 3,Tier 2,Female,No,0,Not Placed,0
6.19,49,45,61,43,70.32,2,2,20,CSE,B.Tech,Tier 3,Tier 3,Male,Yes,1,Not Placed,0
8.94,87,82,87,64,86.19,0,2,21,AI & ML,B.Tech,Tier 2,Tier 3,Female,Yes,1,Placed,1
8.95,77,79,80,81,79.83,4,2,23,Data Science,B.Tech,Tier 1,Tier 2,Female,Yes,2,Placed,1
5.0,40,53,52,82,92.7,2,2,24,ECE,B.Tech,Tier 1,Tier 3,Male,Yes,1,Not Placed,0
7.85,49,79,45,81,78.19,1,5,21,CSE,B.Tech,Tier 2,Tier 3,Female,No,0,Not Placed,0
7.38,72,39,71,68,72.93,2,5,21,CSE,B.Tech,Tier 3,Tier 2,Male,Yes,0,Placed,1
8.21,92,67,76,90,96.23,0,4,21,EEE,B.Tech,Tier 3,Tier 2,Male,Yes,2,Placed,1
7.76,86,59,56,65,76.34,0,1,20,ISE,B.Tech,Tier 2,Tier 1,Male,No,0,Not Placed,0
8.4,59,69,62,46,84.04,0,2,23,ISE,B.Tech,Tier 1,Tier 2,Female,Yes,0,Placed,1
9.47,61,93,70,61,99.92,1,0,23,ISE,B.E.,Tier 3,Tier 3,Male,No,3,Not Placed,0
8.83,82,60,74,82,79.35,1,2,21,Data Science,B.Tech,Tier 3,Tier 1,Male,No,0,Placed,1
8.31,59,66,59,69,100.0,1,2,22,CSE,B.Tech,Tier 2,Tier 2,Female,Yes,0,Placed,1
10.0,46,89,74,86,86.79,1,1,24,Civil,B.Tech,Tier 3,Tier 1,Female,Yes,0,Placed,1
7.78,81,68,35,55,100.0,5,2,20,ISE,B.E.,Tier 2,Tier 2,Male,No,0,Placed,1
8.83,82,84,91,77,79.73,3,0,24,Data Science,B.E.,Tier 1,Tier 1,Female,Yes,1,Placed,1
6.82,68,76,62,58,72.74,2,2,21,ISE,B.Tech,Tier 2,Tier 3,Male,Yes,0,Placed,1
7.45,57,62,67,80,100.0,1,1,21,CSE,B.Tech,Tier 2,Tier 1,Male,No,0,Placed,1
6.78,66,100,41,67,91.72,1,0,21,ISE,B.Tech,Tier 2,Tier 2,Male,Yes,2,Not Placed,0
7.97,83,81,51,67,84.72,2,1,22,Mechanical,B.Tech,Tier 3,Tier 2,Male,No,0,Placed,1
6.68,73,56,74,73,82.99,0,0,24,ECE,B.Tech,Tier 1,Tier 3,Male,No,0,Not Placed,0
7.5,73,47,53,52,77.7,3,3,20,ISE,B.Tech,Tier 2,Tier 3,Male,No,0,Not Placed,0
6.35,54,67,70,61,72.98,1,4,20,CSE,B.E.,Tier 1,Tier 3,Female,Yes,0,Not Placed,0
6.79,70,36,38,78,84.09,0,4,20,EEE,B.E.,Tier 1,Tier 3,Male,No,1,Not Placed,0
6.44,64,57,71,69,87.85,1,2,21,ECE,B.Tech,Tier 2,Tier 2,Female,Yes,0,Placed,1
7.04,41,64,65,66,81.11,0,1,21,Data Science,B.Tech,Tier 2,Tier 1,Male,No,0,Not Placed,0
7.79,66,71,62,39,69.12,1,2,21,Data Science,B.Tech,Tier 3,Tier 1,Female,No,0,Placed,1
