alumni_id,full_name,first_name,last_name,graduation_year,degree_earned,major_academic_program,current_company,job_title,email_address,phone_number,brochure_feature_consent,brochure_feature_consent_encoded,match_score,match_percentage
ALU0933,Swathi Patel,Swathi,Patel,2016,B.Tech,Computer Science and Engineering,Microsoft,Machine Learning Engineer,swathi.patel933@gmail.com,+91 7547762075,Yes,1,0.8875,88.75
ALU0883,Nandini Singh,Nandini,Singh,2019,B.Tech,Computer Science and Engineering,PwC,Machine Learning Engineer,nandini.singh883@proton.me,+91 7541190125,No,0,0.8875,88.75
ALU0534,Rahul Naidu,Rahul,Naidu,2022,B.Tech,Computer Engineering,Google,Machine Learning Engineer,rahul.naidu534@gmail.com,+91 7050766424,Yes,1,0.8557692307692307,85.58
ALU0375,Anusha Mehta,Anusha,Mehta,2024,B.Tech,Mechanical Engineering,Tech Mahindra,Machine Learning Engineer,anusha.mehta375@outlook.com,+91 7676474018,No,0,0.8291666666666666,82.92
ALU0749,Rohit Gupta,Rohit,Gupta,2017,B.Tech,Computer Engineering,KPMG,Machine Learning Engineer,rohit.gupta749@yahoo.com,+91 9035430829,No,0,0.8182692307692307,81.83
ALU0152,Lakshmi Kumar,Lakshmi,Kumar,2021,B.Tech,Civil Engineering,Wipro,Machine Learning Engineer,lakshmi.kumar152@proton.me,+91 9462732890,No,0,0.7964285714285714,79.64
ALU0747,Deepak Singh,Deepak,Singh,2023,MBA,Computer Science and Engineering,Walmart Global Tech,Machine Learning Engineer,deepak.singh747@yahoo.com,+91 7635415559,No,0,0.7749999999999999,77.5
ALU0153,Anusha Shetty,Anusha,Shetty,2019,B.Tech,Electrical and Electronics Engineering,TCS,Machine Learning Engineer,anusha.shetty153@outlook.com,+91 9654827789,No,0,0.7589285714285714,75.89
ALU0248,Aarav Singh,Aarav,Singh,2024,B.Tech,Computer Science and Engineering,Amazon,Systems Engineer,aarav.singh248@gmail.com,+91 9324279536,Yes,1,0.7576219512195121,75.76
ALU0997,Madhav Verma,Madhav,Verma,2024,B.Tech,Computer Science and Engineering,Cognizant,Systems Engineer,madhav.verma997@proton.me,+91 8273950560,Yes,1,0.7576219512195121,75.76
ALU0066,Ashwin Bhat,Ashwin,Bhat,2017,B.Tech,Artificial Intelligence and Machine Learning,Microsoft,Machine Learning Engineer,ashwin.bhat66@outlook.com,+91 8952918745,No,0,0.7532894736842106,75.33
ALU0160,Naveen Bhat,Naveen,Bhat,2022,B.Tech,Computer Science and Engineering,Oracle,Cloud Engineer,naveen.bhat160@gmail.com,+91 9768821397,Yes,1,0.7506410256410256,75.06
ALU0450,Anusha Bhat,Anusha,Bhat,2016,B.Tech,Electronics and Communication Engineering,TCS,Machine Learning Engineer,anusha.bhat450@yahoo.com,+91 9721554031,No,0,0.7436643835616439,74.37
ALU0010,Neha Mehta,Neha,Mehta,2019,B.Tech,Electronics and Communication Engineering,Cognizant Technology Solutions,Machine Learning Engineer,neha.mehta10@outlook.com,+91 9815087637,No,0,0.7436643835616439,74.37
ALU0742,Meera Singh,Meera,Singh,2016,B.Tech,Electronics and Communication Engineering,KPMG,Machine Learning Engineer,meera.singh742@proton.me,+91 9485517370,No,0,0.7436643835616439,74.37
ALU0009,Priya Iyer,Priya,Iyer,2025,MBA,Computer Engineering,Deloitte,Machine Learning Engineer,priya.iyer9@gmail.com,+91 7983753977,Yes,1,0.7432692307692308,74.33
ALU0967,Rakesh Shetty,Rakesh,Shetty,2025,M.Tech,Computer Engineering,Tech Mahindra,Machine Learning Engineer,rakesh.shetty967@gmail.com,+91 9437726492,Yes,1,0.7432692307692308,74.33
ALU0641,Keerthi Mishra,Keerthi,Mishra,2024,B.Tech,Information Technology,Capgemini,Machine Learning Engineer,keerthi.mishra641@yahoo.com,+91 9888249353,No,0,0.7402777777777778,74.03
ALU0221,Anusha Mishra,Anusha,Mishra,2019,M.Tech,Computer Science and Engineering,Oracle,Machine Learning Engineer,anusha.mishra221@gmail.com,+91 8789026838,No,0,0.7374999999999999,73.75
ALU0779,Sai Joshi,Sai,Joshi,2019,MCA,Computer Science and Engineering,Wipro,Machine Learning Engineer,sai.joshi779@proton.me,+91 7497024805,No,0,0.7374999999999999,73.75
ALU0972,Rohit Kumar,Rohit,Kumar,2020,MCA,Computer Science and Engineering,IBM,Machine Learning Engineer,rohit.kumar972@proton.me,+91 8679784362,Yes,1,0.7374999999999999,73.75
ALU0335,Sai Chowdhury,Sai,Chowdhury,2016,MCA,Computer Science and Engineering,Oracle,Machine Learning Engineer,sai.chowdhury335@outlook.com,+91 8661457617,No,0,0.7374999999999999,73.75
ALU0297,Madhav Gupta,Madhav,Gupta,2021,B.Tech,Computer Science and Engineering,Accenture,DevOps Engineer,madhav.gupta297@outlook.com,+91 9193337732,Yes,1,0.725,72.5
ALU0999,Manoj Gupta,Manoj,Gupta,2025,B.Tech,Computer Engineering,Amazon,Cloud Engineer,manoj.gupta999@gmail.com,+91 7983590548,No,0,0.7189102564102565,71.89
ALU0683,Aditi Verma,Aditi,Verma,2022,B.E.,Computer Engineering,Infosys,Machine Learning Engineer,aditi.verma683@gmail.com,+91 7623071990,Yes,1,0.7057692307692307,70.58
ALU0169,Meera Patel,Meera,Patel,2023,MCA,Computer Engineering,Infosys,Machine Learning Engineer,meera.patel169@outlook.com,+91 9565153945,No,0,0.7057692307692307,70.58
ALU0706,Lakshmi Mishra,Lakshmi,Mishra,2018,B.Tech,Computer Science and Engineering,Cognizant,Senior Software Engineer,lakshmi.mishra706@gmail.com,+91 9023872904,Yes,1,0.6997448979591837,69.97
ALU0131,Siddharth Iyer,Siddharth,Iyer,2017,B.Tech,Computer Science and Engineering,Cognizant,Software Engineer,siddharth.iyer131@yahoo.com,+91 8021908455,No,0,0.6970238095238095,69.7
ALU0988,Pranav Verma,Pranav,Verma,2018,B.Tech,Computer Science and Engineering,Amazon,Software Engineer,pranav.verma988@gmail.com,+91 8447904938,Yes,1,0.6970238095238095,69.7
ALU0985,Siddharth Mehta,Siddharth,Mehta,2017,B.Tech,Computer Science and Engineering,Walmart Global Tech,DevOps Engineer,siddharth.mehta985@outlook.com,+91 8892611654,No,0,0.6875,68.75
ALU0264,Pranav Menon,Pranav,Menon,2022,M.Tech,Computer Science (Data Science),EY,Machine Learning Engineer,pranav.menon264@outlook.com,+91 8592165525,No,0,0.6845238095238095,68.45
ALU0517,Charan Mehta,Charan,Mehta,2025,B.Tech,Computer Science (Data Science),Cognizant,Senior Software Engineer,charan.mehta517@proton.me,+91 7378561387,Yes,1,0.6842687074829932,68.43
ALU0916,Ravi Singh,Ravi,Singh,2024,MCA,Mechanical Engineering,Walmart Global Tech,Machine Learning Engineer,ravi.singh916@yahoo.com,+91 8944409357,No,0,0.6791666666666667,67.92
ALU0444,Bhavana Das,Bhavana,Das,2024,B.Tech,Computer Science and Engineering,SAP,Frontend Developer,bhavana.das444@proton.me,+91 9129594795,Yes,1,0.6741279069767441,67.41
ALU0068,Pooja Verma,Pooja,Verma,2025,B.Tech,Computer Science and Engineering,TCS,Full Stack Developer,pooja.verma68@outlook.com,+91 7087531510,Yes,1,0.6691666666666667,66.92
ALU0689,Rohit Verma,Rohit,Verma,2025,MCA,Electronics and Communication Engineering,KPMG,Machine Learning Engineer,rohit.verma689@outlook.com,+91 8345483676,Yes,1,0.6686643835616439,66.87
ALU0834,Swathi Naidu,Swathi,Naidu,2019,B.E.,Computer Engineering,EY,Machine Learning Engineer,swathi.naidu834@proton.me,+91 7566590088,Yes,1,0.6682692307692307,66.83
ALU0210,Rahul Rao,Rahul,Rao,2020,MCA,Computer Engineering,Accenture,Machine Learning Engineer,rahul.rao210@outlook.com,+91 9003484425,Yes,1,0.6682692307692307,66.83
ALU0417,Sahana Rao,Sahana,Rao,2019,MBA,Computer Engineering,IBM,Machine Learning Engineer,sahana.rao417@gmail.com,+91 7954571559,No,0,0.6682692307692307,66.83
ALU0591,Varun Mehta,Varun,Mehta,2015,B.Sc,Computer Engineering,Infosys,Machine Learning Engineer,varun.mehta591@outlook.com,+91 8403731150,Yes,1,0.6682692307692307,66.83
ALU0430,Rakesh Bhat,Rakesh,Bhat,2021,B.Tech,Computer Engineering,HCLTech,Senior Software Engineer,rakesh.bhat430@outlook.com,+91 7882593929,Yes,1,0.6680141287284145,66.8
ALU0017,Tarun Gupta,Tarun,Gupta,2022,B.Tech,Computer Science (Data Science),Oracle,Cloud Engineer,tarun.gupta17@outlook.com,+91 7248786714,Yes,1,0.6601648351648352,66.02
ALU0854,Deepak Naidu,Deepak,Naidu,2021,B.Tech,Computer Science (Data Science),Amazon,Cloud Engineer,deepak.naidu854@yahoo.com,+91 9522040814,No,0,0.6601648351648352,66.02
ALU0250,Riya Mehta,Riya,Mehta,2021,B.Tech,Computer Engineering,Cognizant,Systems Engineer,riya.mehta250@gmail.com,+91 7766538381,No,0,0.650891181988743,65.09
ALU0915,Lakshmi Das,Lakshmi,Das,2024,B.Tech,Artificial Intelligence and Machine Learning,Wipro,QA Engineer,lakshmi.das915@gmail.com,+91 7599793329,No,0,0.6505116959064328,65.05
ALU0624,Rohit Mishra,Rohit,Mishra,2018,M.Tech,Computer Science (Data Science),HCLTech,Machine Learning Engineer,rohit.mishra624@outlook.com,+91 7530618370,Yes,1,0.6470238095238096,64.7
ALU0528,Aditi Iyer,Aditi,Iyer,2018,B.Sc,Computer Science (Data Science),Microsoft,Machine Learning Engineer,aditi.iyer528@gmail.com,+91 9381780551,Yes,1,0.6470238095238096,64.7
ALU0188,Pranav Shetty,Pranav,Shetty,2021,MBA,Civil Engineering,Microsoft,Machine Learning Engineer,pranav.shetty188@outlook.com,+91 9131176633,No,0,0.6464285714285714,64.64
ALU0623,Deepak Mishra,Deepak,Mishra,2023,B.E.,Electrical and Electronics Engineering,Amazon,Machine Learning Engineer,deepak.mishra623@proton.me,+91 7106996713,Yes,1,0.6464285714285714,64.64
ALU0110,Siddharth Kumar,Siddharth,Kumar,2024,B.Tech,Electronics and Communication Engineering,SAP,Cloud Engineer,siddharth.kumar110@outlook.com,+91 7388176285,No,0,0.6443054092026694,64.43
ALU0919,Madhav Mehta,Madhav,Mehta,2023,B.Tech,Computer Science (Data Science),PwC,Software Engineer,madhav.mehta919@proton.me,+91 9887274233,Yes,1,0.644047619047619,64.4
ALU0961,Pranav Kumar,Pranav,Kumar,2023,B.E.,Mechanical Engineering,Capgemini,Machine Learning Engineer,pranav.kumar961@yahoo.com,+91 8300153521,No,0,0.6416666666666666,64.17
ALU0583,Siddharth Chowdhury,Siddharth,Chowdhury,2022,B.Sc,Mechanical Engineering,PwC,Machine Learning Engineer,siddharth.chowdhury583@yahoo.com,+91 8771000941,No,0,0.6416666666666666,64.17
ALU0310,Neha Bhat,Neha,Bhat,2024,B.Tech,Mechanical Engineering,TCS,Senior Software Engineer,neha.bhat310@outlook.com,+91 7838070464,No,0,0.6414115646258503,64.14
ALU0884,Harish Sharma,Harish,Sharma,2023,MCA,Artificial Intelligence and Machine Learning,KPMG,Machine Learning Engineer,harish.sharma884@outlook.com,+91 7100595644,Yes,1,0.6407894736842106,64.08
ALU0835,Neha Menon,Neha,Menon,2021,B.E.,Artificial Intelligence and Machine Learning,Accenture,Machine Learning Engineer,neha.menon835@gmail.com,+91 7549203872,No,0,0.6407894736842106,64.08
ALU0680,Swathi Naidu,Swathi,Naidu,2024,B.Tech,Artificial Intelligence and Machine Learning,Bosch,Software Engineer,swathi.naidu680@yahoo.com,+91 9082029167,Yes,1,0.6378132832080201,63.78
ALU0649,Rohit Mehta,Rohit,Mehta,2023,B.Tech,Computer Science and Engineering,Tech Mahindra,Software Developer,rohit.mehta649@gmail.com,+91 8431468604,No,0,0.6366279069767441,63.66
ALU0622,Ravi Nair,Ravi,Nair,2024,B.Tech,Computer Engineering,Cognizant,Associate Consultant,ravi.nair622@proton.me,+91 7388440314,Yes,1,0.635491452991453,63.55
ALU0832,Amar Patel,Amar,Patel,2023,B.Tech,Computer Science and Engineering,LTIMindtree,Full Stack Developer,amar.patel832@proton.me,+91 8521714121,Yes,1,0.6316666666666666,63.17
ALU0608,Priya Reddy,Priya,Reddy,2023,B.Sc,Electronics and Communication Engineering,Cognizant,Machine Learning Engineer,priya.reddy608@proton.me,+91 9821500440,Yes,1,0.6311643835616438,63.12
ALU0233,Rakesh Pillai,Rakesh,Pillai,2022,MBA,Electronics and Communication Engineering,Tech Mahindra,Machine Learning Engineer,rakesh.pillai233@yahoo.com,+91 9774110439,Yes,1,0.6311643835616438,63.12
ALU0406,Varun Patel,Varun,Patel,2025,B.Tech,Electronics and Communication Engineering,Oracle,Senior Software Engineer,varun.patel406@proton.me,+91 7762716154,No,0,0.6309092815208275,63.09
ALU0533,Madhav Mishra,Madhav,Mishra,2017,B.Tech,Computer Engineering,Amazon,Senior Software Engineer,madhav.mishra533@gmail.com,+91 9158114593,No,0,0.6305141287284145,63.05
ALU0871,Arjun Chowdhury,Arjun,Chowdhury,2018,B.Tech,Computer Engineering,Deloitte,Senior Software Engineer,arjun.chowdhury871@yahoo.com,+91 8461681371,No,0,0.6305141287284145,63.05
ALU0251,Shreya Rao,Shreya,Rao,2018,B.Tech,Computer Science and Engineering,Tech Mahindra,Associate Consultant,shreya.rao251@proton.me,+91 9284637470,No,0,0.6297222222222222,62.97
ALU0299,Anil Nair,Anil,Nair,2021,B.Tech,Computer Science (Data Science),Cognizant,Systems Engineer,anil.nair299@yahoo.com,+91 8473460179,No,0,0.6296457607433217,62.96
ALU0124,Tejas Verma,Tejas,Verma,2025,B.Tech,Civil Engineering,Tech Mahindra,Project Engineer,tejas.verma124@gmail.com,+91 7600337712,Yes,1,0.6290505226480836,62.91
ALU0073,Amar Menon,Amar,Menon,2025,B.Sc,Computer Science and Engineering,Amazon,Senior Software Engineer,amar.menon73@gmail.com,+91 8861968817,No,0,0.6247448979591836,62.47
ALU0913,Tejas Nair,Tejas,Nair,2025,B.E.,Computer Science and Engineering,Infosys,Senior Software Engineer,tejas.nair913@yahoo.com,+91 9567822451,No,0,0.6247448979591836,62.47
ALU0414,Vishal Gupta,Vishal,Gupta,2025,B.E.,Computer Science and Engineering,SAP,Senior Software Engineer,vishal.gupta414@yahoo.com,+91 8114227340,No,0,0.6247448979591836,62.47
ALU0037,Ashwin Iyer,Ashwin,Iyer,2016,B.Tech,Computer Engineering,Cognizant,DevOps Engineer,ashwin.iyer37@yahoo.com,+91 9597724331,Yes,1,0.6182692307692308,61.83
ALU0638,Aditya Bhat,Aditya,Bhat,2025,B.Tech,Electronics and Communication Engineering,Bosch,Project Engineer,aditya.bhat638@proton.me,+91 7195387472,No,0,0.6137863347811561,61.38
ALU0270,Vishal Pillai,Vishal,Pillai,2015,B.Tech,Computer Engineering,PwC,Project Engineer,vishal.pillai270@gmail.com,+91 7071838242,No,0,0.613391181988743,61.34
ALU0886,Kavya Menon,Kavya,Menon,2020,B.Tech,Computer Science and Engineering,SAP,Data Scientist,kavya.menon886@proton.me,+91 8279733229,Yes,1,0.610576923076923,61.06
ALU0569,Aditi Das,Aditi,Das,2016,B.E.,Civil Engineering,Deloitte,Machine Learning Engineer,aditi.das569@yahoo.com,+91 8884283304,Yes,1,0.6089285714285714,60.89
ALU0600,Nikhil Patel,Nikhil,Patel,2019,M.Tech,Civil Engineering,TCS,Machine Learning Engineer,nikhil.patel600@outlook.com,+91 9310715848,Yes,1,0.6089285714285714,60.89
ALU0305,Divya Bhat,Divya,Bhat,2016,B.Sc,Civil Engineering,KPMG,Machine Learning Engineer,divya.bhat305@proton.me,+91 9625549685,No,0,0.6089285714285714,60.89
ALU0917,Karthik Gupta,Karthik,Gupta,2020,B.E.,Civil Engineering,Bosch,Machine Learning Engineer,karthik.gupta917@gmail.com,+91 9971451918,Yes,1,0.6089285714285714,60.89
ALU0346,Bhavana Naidu,Bhavana,Naidu,2015,MCA,Electrical and Electronics Engineering,Deloitte,Machine Learning Engineer,bhavana.naidu346@outlook.com,+91 8787808459,No,0,0.6089285714285714,60.89
ALU0257,Sneha Pillai,Sneha,Pillai,2015,B.Sc,Electrical and Electronics Engineering,KPMG,Machine Learning Engineer,sneha.pillai257@proton.me,+91 8753459822,Yes,1,0.6089285714285714,60.89
ALU0509,Vishal Rao,Vishal,Rao,2024,MCA,Computer Science and Engineering,Walmart Global Tech,Project Engineer,vishal.rao509@proton.me,+91 8590759039,Yes,1,0.6076219512195122,60.76
ALU0773,Sahana Patel,Sahana,Patel,2019,B.Tech,Computer Science (Data Science),Tech Mahindra,Software Engineer,sahana.patel773@gmail.com,+91 7531689268,Yes,1,0.606547619047619,60.65
ALU0424,Akash Das,Akash,Das,2018,MBA,Mechanical Engineering,TCS,Machine Learning Engineer,akash.das424@outlook.com,+91 7076949178,Yes,1,0.6041666666666666,60.42
ALU0651,Neha Singh,Neha,Singh,2018,B.Sc,Artificial Intelligence and Machine Learning,PwC,Machine Learning Engineer,neha.singh651@proton.me,+91 9882455823,Yes,1,0.6032894736842106,60.33
ALU0585,Pranav Bhat,Pranav,Bhat,2022,M.Tech,Computer Science and Engineering,Infosys,Cloud Engineer,pranav.bhat585@gmail.com,+91 9223115272,Yes,1,0.6006410256410256,60.06
ALU0114,Varun Iyer,Varun,Iyer,2022,B.Sc,Computer Science and Engineering,Google,Cloud Engineer,varun.iyer114@outlook.com,+91 7317234448,No,0,0.6006410256410256,60.06
ALU0090,Riya Chowdhury,Riya,Chowdhury,2022,B.Sc,Computer Science and Engineering,Deloitte,Cloud Engineer,riya.chowdhury90@yahoo.com,+91 8950049698,Yes,1,0.6006410256410256,60.06
ALU0431,Naveen Shetty,Naveen,Shetty,2025,B.Tech,Computer Engineering,HCLTech,Technical Consultant,naveen.shetty431@outlook.com,+91 8798842890,Yes,1,0.5999358974358975,59.99
ALU0275,Ravi Gupta,Ravi,Gupta,2024,B.Tech,Computer Engineering,Infosys,Full Stack Developer,ravi.gupta275@outlook.com,+91 9973353078,No,0,0.5999358974358975,59.99
ALU0345,Isha Menon,Isha,Menon,2015,B.Tech,Computer Science and Engineering,Deloitte,Software Developer,isha.menon345@proton.me,+91 8563267151,No,0,0.5991279069767441,59.91
ALU0447,Neha Patel,Neha,Patel,2022,MBA,Computer Science and Engineering,Accenture,QA Engineer,neha.patel447@proton.me,+91 7153896961,Yes,1,0.5972222222222222,59.72
ALU0548,Anil Sharma,Anil,Sharma,2022,MCA,Computer Science and Engineering,TCS,QA Engineer,anil.sharma548@gmail.com,+91 7446369090,No,0,0.5972222222222222,59.72
ALU0856,Yash Patel,Yash,Patel,2021,MCA,Computer Science and Engineering,TCS,QA Engineer,yash.patel856@gmail.com,+91 7057142828,Yes,1,0.5972222222222222,59.72
ALU0062,Harish Shetty,Harish,Shetty,2021,MCA,Computer Science and Engineering,Cognizant Technology Solutions,QA Engineer,harish.shetty62@proton.me,+91 7025323460,No,0,0.5972222222222222,59.72
ALU0720,Swathi Mishra,Swathi,Mishra,2020,M.Tech,Electronics and Communication Engineering,Walmart Global Tech,Machine Learning Engineer,swathi.mishra720@outlook.com,+91 7473017075,No,0,0.5936643835616439,59.37
ALU0176,Karthik Mehta,Karthik,Mehta,2016,B.Sc,Electronics and Communication Engineering,TCS,Machine Learning Engineer,karthik.mehta176@gmail.com,+91 9791559885,No,0,0.5936643835616439,59.37
ALU0225,Lakshmi Kumar,Lakshmi,Kumar,2017,MCA,Electronics and Communication Engineering,PwC,Machine Learning Engineer,lakshmi.kumar225@proton.me,+91 9256907178,No,0,0.5936643835616439,59.37
ALU0362,Amar Singh,Amar,Singh,2025,M.Tech,Information Technology,Wipro,Machine Learning Engineer,amar.singh362@gmail.com,+91 7183379287,No,0,0.5902777777777778,59.03
ALU0048,Kavya Kumar,Kavya,Kumar,2021,B.Tech,Computer Engineering,PwC,Backend Developer,kavya.kumar48@yahoo.com,+91 8852408227,Yes,1,0.5891025641025641,58.91
ALU0750,Madhav Mishra,Madhav,Mishra,2025,B.E.,Business Administration,Google,Machine Learning Engineer,madhav.mishra750@gmail.com,+91 9057208724,Yes,1,0.5888636363636364,58.89
ALU0158,Yash Mishra,Yash,Mishra,2025,MBA,Business Administration,LTIMindtree,Machine Learning Engineer,yash.mishra158@outlook.com,+91 8888766939,Yes,1,0.5888636363636364,58.89
ALU0323,Nikhil Das,Nikhil,Das,2024,B.E.,Business Administration,EY,Machine Learning Engineer,nikhil.das323@gmail.com,+91 7197323378,Yes,1,0.5888636363636364,58.89
ALU0948,Aditya Naidu,Aditya,Naidu,2019,B.Tech,Computer Science and Engineering,Walmart Global Tech,Business Analyst,aditya.naidu948@proton.me,+91 9812641768,Yes,1,0.5850609756097561,58.51
ALU0039,Varun Shetty,Varun,Shetty,2019,B.Tech,Computer Science and Engineering,LTIMindtree,Business Analyst,varun.shetty39@yahoo.com,+91 7693989311,No,0,0.5850609756097561,58.51
ALU0728,Srinivas Reddy,Srinivas,Reddy,2021,B.Tech,Computer Science and Engineering,EY,Product Analyst,srinivas.reddy728@gmail.com,+91 8828357471,No,0,0.585,58.5
ALU0769,Amar Patel,Amar,Patel,2017,B.Tech,Civil Engineering,Oracle,Cloud Engineer,amar.patel769@yahoo.com,+91 7597060483,No,0,0.584569597069597,58.46
ALU0274,Priya Mehta,Priya,Mehta,2023,M.Tech,Computer Science and Engineering,SAP,Software Engineer,priya.mehta274@outlook.com,+91 7355134188,No,0,0.5845238095238094,58.45
ALU0654,Tejas Gupta,Tejas,Gupta,2023,M.Tech,Computer Science and Engineering,Cognizant,Software Engineer,tejas.gupta654@proton.me,+91 9901232981,Yes,1,0.5845238095238094,58.45
ALU0604,Vishal Joshi,Vishal,Joshi,2016,B.Tech,Artificial Intelligence and Machine Learning,SAP,QA Engineer,vishal.joshi604@outlook.com,+91 8635099223,Yes,1,0.5755116959064328,57.55
ALU0206,Srinivas Kumar,Srinivas,Kumar,2015,B.Tech,Computer Science and Engineering,SAP,Database Administrator,srinivas.kumar206@yahoo.com,+91 9796581976,Yes,1,0.5726063829787233,57.26
ALU0941,Akhil Verma,Akhil,Verma,2023,MCA,Computer Science and Engineering,Amazon,Systems Engineer,akhil.verma941@outlook.com,+91 7860590754,Yes,1,0.5701219512195121,57.01
ALU0797,Charan Reddy,Charan,Reddy,2023,B.Sc,Computer Science and Engineering,Google,Project Engineer,charan.reddy797@proton.me,+91 8145119397,Yes,1,0.5701219512195121,57.01
ALU0677,Varun Sharma,Varun,Sharma,2025,MBA,Computer Engineering,Cognizant Technology Solutions,Cloud Engineer,varun.sharma677@gmail.com,+91 8475519583,Yes,1,0.5689102564102564,56.89
ALU0603,Aditi Chowdhury,Aditi,Chowdhury,2019,B.Tech,Civil Engineering,SAP,Software Engineer,aditi.chowdhury603@gmail.com,+91 8669218196,No,0,0.5684523809523809,56.85
ALU0474,Nandini Das,Nandini,Das,2023,B.Tech,Computer Science (Data Science),Capgemini,Backend Developer,nandini.das474@proton.me,+91 7446362270,Yes,1,0.5678571428571428,56.79
ALU0246,Anusha Mishra,Anusha,Mishra,2022,B.Tech,Computer Engineering,Google,Software Developer,anusha.mishra246@proton.me,+91 7566696611,No,0,0.5673971377459749,56.74
ALU0844,Neha Mishra,Neha,Mishra,2017,B.E.,Computer Science and Engineering,SAP,Cloud Engineer,neha.mishra844@yahoo.com,+91 7238521095,Yes,1,0.5631410256410256,56.31
ALU0180,Sai Chowdhury,Sai,Chowdhury,2023,B.Tech,Computer Engineering,Cognizant Technology Solutions,Full Stack Developer,sai.chowdhury180@outlook.com,+91 8251003660,No,0,0.5624358974358974,56.24
ALU0504,Tarun Mishra,Tarun,Mishra,2025,B.Tech,Artificial Intelligence and Machine Learning,Wipro,Backend Developer,tarun.mishra504@proton.me,+91 9605008864,No,0,0.561622807017544,56.16
ALU0788,Tejas Chowdhury,Tejas,Chowdhury,2016,B.Tech,Computer Engineering,EY,Associate Consultant,tejas.chowdhury788@outlook.com,+91 8260843171,No,0,0.560491452991453,56.05
ALU0572,Tarun Das,Tarun,Das,2017,B.Tech,Computer Engineering,Cognizant,Associate Consultant,tarun.das572@yahoo.com,+91 8131076509,No,0,0.560491452991453,56.05
ALU0644,Pooja Sharma,Pooja,Sharma,2017,B.Sc,Computer Science and Engineering,LTIMindtree,QA Engineer,pooja.sharma644@outlook.com,+91 9452347464,No,0,0.5597222222222222,55.97
ALU0694,Kavya Naidu,Kavya,Naidu,2016,B.Sc,Computer Science and Engineering,Microsoft,QA Engineer,kavya.naidu694@yahoo.com,+91 7257949939,No,0,0.5597222222222222,55.97
ALU0463,Karthik Menon,Karthik,Menon,2019,MBA,Computer Science and Engineering,Microsoft,QA Engineer,karthik.menon463@proton.me,+91 9942691532,No,0,0.5597222222222222,55.97
ALU0261,Priya Chowdhury,Priya,Chowdhury,2024,B.Tech,Computer Science (Data Science),Capgemini,Database Administrator,priya.chowdhury261@outlook.com,+91 9058982440,Yes,1,0.5571301925025329,55.71
ALU0485,Meera Sharma,Meera,Sharma,2019,B.Tech,Electronics and Communication Engineering,Cognizant Technology Solutions,Senior Software Engineer,meera.sharma485@yahoo.com,+91 8533897596,Yes,1,0.5559092815208275,55.59
ALU0309,Varun Das,Varun,Das,2025,B.E.,Computer Engineering,IBM,Senior Software Engineer,varun.das309@yahoo.com,+91 7602569046,Yes,1,0.5555141287284144,55.55
ALU0792,Srinivas Pillai,Srinivas,Pillai,2025,MCA,Computer Engineering,Cognizant Technology Solutions,Senior Software Engineer,srinivas.pillai792@proton.me,+91 9414868603,Yes,1,0.5555141287284144,55.55
ALU0315,Lakshmi Verma,Lakshmi,Verma,2019,B.Tech,Civil Engineering,HCLTech,Systems Engineer,lakshmi.verma315@gmail.com,+91 8885790857,Yes,1,0.5540505226480836,55.41
ALU0781,Meera Shetty,Meera,Shetty,2018,B.Tech,Civil Engineering,Walmart Global Tech,Systems Engineer,meera.shetty781@outlook.com,+91 7054914778,No,0,0.5540505226480836,55.41
ALU0189,Pranav Menon,Pranav,Menon,2019,B.Tech,Electrical and Electronics Engineering,Wipro,Project Engineer,pranav.menon189@outlook.com,+91 9342794700,No,0,0.5540505226480836,55.41
ALU0926,Aditi Das,Aditi,Das,2024,B.Sc,Computer Engineering,Google,Software Engineer,aditi.das926@proton.me,+91 9752929233,Yes,1,0.5527930402930403,55.28
ALU0282,Manoj Rao,Manoj,Rao,2021,MBA,Information Technology,Microsoft,Machine Learning Engineer,manoj.rao282@yahoo.com,+91 7457632732,Yes,1,0.5527777777777778,55.28
ALU0239,Ananya Mehta,Ananya,Mehta,2025,B.Tech,Information Technology,Cognizant,Senior Software Engineer,ananya.mehta239@yahoo.com,+91 8065354117,Yes,1,0.5525226757369615,55.25
ALU0937,Swathi Singh,Swathi,Singh,2016,B.Tech,Computer Science and Engineering,Bosch,Data Analyst,swathi.singh937@outlook.com,+91 9461927364,Yes,1,0.5523648648648648,55.24
ALU0955,Varun Mishra,Varun,Mishra,2025,B.Tech,Electronics and Communication Engineering,Deloitte,Backend Developer,varun.mishra955@proton.me,+91 8006674160,No,0,0.5519977168949772,55.2
ALU0081,Keerthi Singh,Keerthi,Singh,2020,B.Tech,Computer Engineering,IBM,Backend Developer,keerthi.singh81@outlook.com,+91 9079617090,No,0,0.5516025641025641,55.16
ALU0724,Ashwin Kumar,Ashwin,Kumar,2024,B.Tech,Artificial Intelligence and Machine Learning,Cognizant,Data Scientist,ashwin.kumar724@proton.me,+91 8969581487,No,0,0.5513663967611335,55.14
ALU0643,Lakshmi Kumar,Lakshmi,Kumar,2023,B.Sc,Business Administration,Walmart Global Tech,Machine Learning Engineer,lakshmi.kumar643@gmail.com,+91 7894480510,No,0,0.5513636363636364,55.14
ALU0669,Aditya Verma,Aditya,Verma,2021,MBA,Business Administration,Microsoft,Machine Learning Engineer,aditya.verma669@proton.me,+91 8743896971,No,0,0.5513636363636364,55.14
ALU0842,Meera Patel,Meera,Patel,2021,B.Sc,Business Administration,Accenture,Machine Learning Engineer,meera.patel842@outlook.com,+91 7124015059,Yes,1,0.5513636363636364,55.14
ALU0164,Meera Mehta,Meera,Mehta,2021,B.Sc,Business Administration,Infosys,Machine Learning Engineer,meera.mehta164@gmail.com,+91 8416011033,Yes,1,0.5513636363636364,55.14
ALU0367,Sahana Das,Sahana,Das,2022,B.Sc,Business Administration,KPMG,Machine Learning Engineer,sahana.das367@proton.me,+91 8161512446,Yes,1,0.5513636363636364,55.14
ALU0334,Lakshmi Mehta,Lakshmi,Mehta,2019,MBA,Computer Science and Engineering,Deloitte,Senior Software Engineer,lakshmi.mehta334@proton.me,+91 7484230338,Yes,1,0.5497448979591837,54.97
ALU0341,Arjun Reddy,Arjun,Reddy,2017,MBA,Computer Science and Engineering,IBM,Senior Software Engineer,arjun.reddy341@yahoo.com,+91 9246290917,No,0,0.5497448979591837,54.97
ALU0134,Keerthi Menon,Keerthi,Menon,2019,M.Tech,Computer Science and Engineering,Infosys,Senior Software Engineer,keerthi.menon134@proton.me,+91 8830831254,Yes,1,0.5497448979591837,54.97
ALU0229,Nandini Rao,Nandini,Rao,2019,B.Tech,Artificial Intelligence and Machine Learning,Wipro,Systems Engineer,nandini.rao229@proton.me,+91 9817378520,No,0,0.5484114249037227,54.84
ALU0281,Yash Mishra,Yash,Mishra,2025,M.Tech,Computer Science (Data Science),Bosch,Cloud Engineer,yash.mishra281@outlook.com,+91 7315708805,Yes,1,0.5476648351648352,54.77
ALU0070,Charan Chowdhury,Charan,Chowdhury,2024,MBA,Computer Science (Data Science),IBM,Cloud Engineer,charan.chowdhury70@gmail.com,+91 9485432021,Yes,1,0.5476648351648352,54.77
ALU0981,Charan Iyer,Charan,Iyer,2018,MCA,Computer Science and Engineering,Google,Software Engineer,charan.iyer981@gmail.com,+91 9743911263,No,0,0.5470238095238095,54.7
ALU0822,Varun Bhat,Varun,Bhat,2025,B.E.,Computer Science and Engineering,Microsoft,Backend Developer,varun.bhat822@yahoo.com,+91 8347424894,Yes,1,0.5458333333333334,54.58
ALU0639,Pooja Das,Pooja,Das,2025,B.E.,Computer Science and Engineering,SAP,Backend Developer,pooja.das639@yahoo.com,+91 8092714915,Yes,1,0.5458333333333334,54.58
ALU0409,Sanjay Reddy,Sanjay,Reddy,2025,B.Tech,Civil Engineering,Cognizant,Frontend Developer,sanjay.reddy409@gmail.com,+91 7961084962,No,0,0.5455564784053155,54.56
ALU0540,Kavya Das,Kavya,Das,2024,B.Tech,Electrical and Electronics Engineering,Accenture,Frontend Developer,kavya.das540@gmail.com,+91 7925425090,No,0,0.5455564784053155,54.56
ALU0625,Arjun Bhat,Arjun,Bhat,2025,B.Sc,Computer Science (Data Science),KPMG,QA Engineer,arjun.bhat625@outlook.com,+91 8626412328,No,0,0.5442460317460318,54.42
ALU0557,Ananya Shetty,Ananya,Shetty,2025,B.E.,Computer Engineering,Bosch,DevOps Engineer,ananya.shetty557@yahoo.com,+91 9785101763,No,0,0.5432692307692308,54.33
ALU0014,Shreya Iyer,Shreya,Iyer,2023,B.Tech,Computer Science (Data Science),Walmart Global Tech,UI Developer,shreya.iyer14@yahoo.com,+91 9752909971,No,0,0.5426319176319175,54.26
ALU0125,Akash Nair,Akash,Nair,2022,B.Tech,Computer Science (Data Science),Deloitte,UI Developer,akash.nair125@outlook.com,+91 8669221121,No,0,0.5426319176319175,54.26
ALU0902,Madhav Pillai,Madhav,Pillai,2023,B.Tech,Computer Science (Data Science),Walmart Global Tech,UI Developer,madhav.pillai902@outlook.com,+91 7081490931,No,0,0.5426319176319175,54.26
ALU0435,Bhavana Sharma,Bhavana,Sharma,2023,B.Tech,Computer Science (Data Science),HCLTech,Full Stack Developer,bhavana.sharma435@proton.me,+91 8271405590,No,0,0.5411904761904761,54.12
ALU0443,Shreya Menon,Shreya,Menon,2024,B.Tech,Electrical and Electronics Engineering,Walmart Global Tech,Full Stack Developer,shreya.menon443@proton.me,+91 8484982750,No,0,0.5405952380952381,54.06
ALU0521,Pranav Verma,Pranav,Verma,2025,B.Tech,Information Technology,Wipro,DevOps Engineer,pranav.verma521@proton.me,+91 8516671766,No,0,0.5402777777777779,54.03
ALU0095,Yash Mishra,Yash,Mishra,2024,B.Tech,Artificial Intelligence and Machine Learning,Cognizant Technology Solutions,Software Developer,yash.mishra95@outlook.com,+91 9020785643,No,0,0.5399173806609547,53.99
ALU0027,Akhil Das,Akhil,Das,2015,B.Tech,Electronics and Communication Engineering,IBM,Project Engineer,akhil.das27@proton.me,+91 9067418686,Yes,1,0.538786334781156,53.88
ALU0880,Srinivas Kumar,Srinivas,Kumar,2025,MBA,Computer Engineering,Tech Mahindra,Project Engineer,srinivas.kumar880@proton.me,+91 9924317209,No,0,0.538391181988743,53.84
ALU0137,Anil Patel,Anil,Patel,2025,MBA,Computer Engineering,Capgemini,Project Engineer,anil.patel137@proton.me,+91 7981372436,No,0,0.538391181988743,53.84
ALU0028,Rahul Kumar,Rahul,Kumar,2017,M.Tech,Computer Science and Engineering,Microsoft,DevOps Engineer,rahul.kumar28@proton.me,+91 8225136114,No,0,0.5375,53.75
ALU0794,Akhil Reddy,Akhil,Reddy,2024,B.Tech,Information Technology,Oracle,Systems Engineer,akhil.reddy794@gmail.com,+91 9685011686,No,0,0.53539972899729,53.54
ALU0053,Lakshmi Naidu,Lakshmi,Naidu,2025,B.Tech,Artificial Intelligence and Machine Learning,KPMG,Technical Consultant,lakshmi.naidu53@yahoo.com,+91 7401094954,Yes,1,0.5349561403508771,53.5
ALU0778,Sanjay Verma,Sanjay,Verma,2021,B.Tech,Mechanical Engineering,Accenture,Associate Consultant,sanjay.verma778@gmail.com,+91 9232212989,Yes,1,0.5338888888888889,53.39
ALU0436,Rohit Kumar,Rohit,Kumar,2016,B.E.,Computer Science and Engineering,Tech Mahindra,Systems Engineer,rohit.kumar436@yahoo.com,+91 8829635479,Yes,1,0.5326219512195122,53.26
ALU0101,Anusha Naidu,Anusha,Naidu,2019,MCA,Computer Science and Engineering,PwC,Project Engineer,anusha.naidu101@gmail.com,+91 7965081954,Yes,1,0.5326219512195122,53.26
ALU0268,Shreya Kumar,Shreya,Kumar,2016,MBA,Computer Science and Engineering,TCS,Project Engineer,shreya.kumar268@outlook.com,+91 9708842947,Yes,1,0.5326219512195122,53.26
ALU0764,Rohit Rao,Rohit,Rao,2020,B.E.,Computer Science and Engineering,HCLTech,Systems Engineer,rohit.rao764@proton.me,+91 9732660632,No,0,0.5326219512195122,53.26
ALU0862,Srinivas Mehta,Srinivas,Mehta,2015,B.Sc,Computer Science and Engineering,Accenture,Project Engineer,srinivas.mehta862@proton.me,+91 9129029086,No,0,0.5326219512195122,53.26
ALU0119,Varun Kumar,Varun,Kumar,2019,M.Tech,Computer Science and Engineering,Cognizant Technology Solutions,Systems Engineer,varun.kumar119@outlook.com,+91 7387119894,No,0,0.5326219512195122,53.26
ALU0921,Divya Bhat,Divya,Bhat,2015,B.E.,Computer Science and Engineering,HCLTech,Systems Engineer,divya.bhat921@outlook.com,+91 7386403261,No,0,0.5326219512195122,53.26
ALU0285,Tarun Chowdhury,Tarun,Chowdhury,2020,M.Tech,Computer Science and Engineering,Tech Mahindra,Project Engineer,tarun.chowdhury285@proton.me,+91 7363781647,Yes,1,0.5326219512195122,53.26
ALU0040,Sneha Shetty,Sneha,Shetty,2023,B.Tech,Computer Science (Data Science),Wipro,Business Analyst,sneha.shetty40@gmail.com,+91 8585770584,Yes,1,0.5320847851335656,53.21
ALU0635,Aditi Singh,Aditi,Singh,2024,B.Tech,Computer Science (Data Science),Cognizant Technology Solutions,Product Analyst,aditi.singh635@gmail.com,+91 9077316693,No,0,0.5320238095238095,53.2
ALU0936,Rohit Shetty,Rohit,Shetty,2024,MCA,Computer Science (Data Science),LTIMindtree,Software Engineer,rohit.shetty936@proton.me,+91 9221412448,No,0,0.531547619047619,53.15
ALU0512,Aarav Reddy,Aarav,Reddy,2024,MCA,Computer Science (Data Science),KPMG,Software Engineer,aarav.reddy512@proton.me,+91 9811254192,Yes,1,0.531547619047619,53.15
ALU0354,Amar Mishra,Amar,Mishra,2024,B.Tech,Electrical and Electronics Engineering,Walmart Global Tech,Business Analyst,amar.mishra354@outlook.com,+91 8252738994,No,0,0.5314895470383274,53.15
ALU0850,Vikas Rao,Vikas,Rao,2022,MCA,Computer Engineering,Wipro,Cloud Engineer,vikas.rao850@proton.me,+91 8878427679,Yes,1,0.5314102564102564,53.14
ALU0385,Tarun Shetty,Tarun,Shetty,2017,B.Tech,Computer Science (Data Science),LTIMindtree,Backend Developer,tarun.shetty385@outlook.com,+91 8757843634,No,0,0.5303571428571429,53.04
ALU0312,Charan Sharma,Charan,Sharma,2024,B.Tech,Electronics and Communication Engineering,Tech Mahindra,Software Developer,charan.sharma312@yahoo.com,+91 7965695131,No,0,0.530292290538388,53.03
ALU0373,Aditya Menon,Aditya,Menon,2022,B.Tech,Mechanical Engineering,Bosch,Backend Developer,aditya.menon373@outlook.com,+91 8463548951,Yes,1,0.5249999999999999,52.5
ALU0368,Aditya Gupta,Aditya,Gupta,2024,B.E.,Computer Science and Engineering,HCLTech,Software Developer,aditya.gupta368@proton.me,+91 9273894381,No,0,0.5241279069767442,52.41
ALU0602,Priya Mishra,Priya,Mishra,2025,MCA,Computer Science and Engineering,HCLTech,Frontend Developer,priya.mishra602@gmail.com,+91 8219828872,Yes,1,0.5241279069767442,52.41
ALU0918,Vikas Reddy,Vikas,Reddy,2024,M.Tech,Computer Science and Engineering,TCS,Frontend Developer,vikas.reddy918@proton.me,+91 9387102656,No,0,0.5241279069767442,52.41
ALU0141,Rakesh Joshi,Rakesh,Joshi,2025,M.Tech,Computer Science and Engineering,Tech Mahindra,Technical Consultant,rakesh.joshi141@yahoo.com,+91 8510308881,Yes,1,0.5191666666666667,51.92
ALU0236,Nikhil Nair,Nikhil,Nair,2022,MBA,Computer Engineering,KPMG,Senior Software Engineer,nikhil.nair236@outlook.com,+91 9165576952,No,0,0.5180141287284145,51.8
ALU0078,Ananya Verma,Ananya,Verma,2021,M.Tech,Computer Engineering,Deloitte,Senior Software Engineer,ananya.verma78@proton.me,+91 8924895021,Yes,1,0.5180141287284145,51.8
ALU0811,Ananya Gupta,Ananya,Gupta,2024,B.Sc,Computer Science (Data Science),Amazon,Systems Engineer,ananya.gupta811@gmail.com,+91 8704651250,Yes,1,0.5171457607433216,51.71
ALU0358,Charan Nair,Charan,Nair,2024,B.Tech,Electronics and Communication Engineering,LTIMindtree,Business Analyst,charan.nair358@gmail.com,+91 8066091571,No,0,0.5162253591713999,51.62
ALU0472,Priya Patel,Priya,Patel,2021,B.Sc,Computer Engineering,Tech Mahindra,Software Engineer,priya.patel472@yahoo.com,+91 9208940597,No,0,0.5152930402930403,51.53
ALU0804,Tejas Menon,Tejas,Menon,2022,MBA,Computer Engineering,IBM,Software Engineer,tejas.menon804@outlook.com,+91 9477523098,No,0,0.5152930402930403,51.53
ALU0182,Amar Menon,Amar,Menon,2023,MCA,Computer Engineering,PwC,Software Engineer,amar.menon182@proton.me,+91 9019214800,Yes,1,0.5152930402930403,51.53
ALU0371,Lakshmi Joshi,Lakshmi,Joshi,2024,B.Tech,Mechanical Engineering,Cognizant Technology Solutions,Database Administrator,lakshmi.joshi371@outlook.com,+91 9418534256,Yes,1,0.51427304964539,51.43
ALU0798,Aditi Pillai,Aditi,Pillai,2024,B.Tech,Mechanical Engineering,Microsoft,Database Administrator,aditi.pillai798@proton.me,+91 8384789235,Yes,1,0.51427304964539,51.43
ALU0415,Rahul Mehta,Rahul,Mehta,2015,MCA,Business Administration,Capgemini,Machine Learning Engineer,rahul.mehta415@outlook.com,+91 9947713853,No,0,0.5138636363636364,51.39
ALU0165,Sneha Mehta,Sneha,Mehta,2019,B.Sc,Business Administration,Cognizant,Machine Learning Engineer,sneha.mehta165@gmail.com,+91 9502847163,Yes,1,0.5138636363636364,51.39
ALU0255,Isha Mishra,Isha,Mishra,2020,MCA,Business Administration,Walmart Global Tech,Machine Learning Engineer,isha.mishra255@outlook.com,+91 8296068379,Yes,1,0.5138636363636364,51.39
ALU0763,Pranav Menon,Pranav,Menon,2024,B.Tech,Artificial Intelligence and Machine Learning,IBM,Database Administrator,pranav.menon763@gmail.com,+91 7627654163,No,0,0.513395856662934,51.34
ALU0878,Rohit Menon,Rohit,Menon,2025,B.Sc,Computer Science and Engineering,Google,Business Analyst,rohit.menon878@gmail.com,+91 9221995720,Yes,1,0.510060975609756,51.01
ALU0086,Amar Mishra,Amar,Mishra,2025,MBA,Computer Science and Engineering,Cognizant,Business Analyst,amar.mishra86@yahoo.com,+91 7365849190,Yes,1,0.510060975609756,51.01
ALU0277,Aditya Singh,Aditya,Singh,2024,B.E.,Electrical and Electronics Engineering,Wipro,Cloud Engineer,aditya.singh277@outlook.com,+91 9422182038,Yes,1,0.509569597069597,50.96
ALU0172,Divya Joshi,Divya,Joshi,2025,MCA,Civil Engineering,Google,Cloud Engineer,divya.joshi172@proton.me,+91 9159967797,No,0,0.509569597069597,50.96
ALU0046,Yash Das,Yash,Das,2020,B.Tech,Computer Science (Data Science),HCLTech,Frontend Developer,yash.das46@yahoo.com,+91 7164313410,Yes,1,0.5086517165005536,50.87
ALU0383,Aditya Gupta,Aditya,Gupta,2019,B.Tech,Computer Science (Data Science),LTIMindtree,Frontend Developer,aditya.gupta383@proton.me,+91 7691079537,Yes,1,0.5086517165005536,50.87
ALU0845,Sneha Chowdhury,Sneha,Chowdhury,2021,B.Tech,Electrical and Electronics Engineering,HCLTech,Frontend Developer,sneha.chowdhury845@outlook.com,+91 8713336599,Yes,1,0.5080564784053155,50.81
ALU0753,Aditya Sharma,Aditya,Sharma,2023,M.Tech,Computer Science (Data Science),KPMG,QA Engineer,aditya.sharma753@outlook.com,+91 9106532688,No,0,0.5067460317460317,50.67
ALU0002,Swathi Shetty,Swathi,Shetty,2015,B.Tech,Computer Science (Data Science),Capgemini,Full Stack Developer,swathi.shetty2@gmail.com,+91 9410529190,Yes,1,0.5036904761904761,50.37
ALU0695,Kavya Naidu,Kavya,Naidu,2022,B.Tech,Civil Engineering,Capgemini,Technical Consultant,kavya.naidu695@proton.me,+91 7766403264,No,0,0.503095238095238,50.31
ALU0197,Divya Patel,Divya,Patel,2017,B.Tech,Civil Engineering,IBM,Associate Consultant,divya.patel197@gmail.com,+91 9928863857,No,0,0.5011507936507936,50.12
ALU0552,Varun Mishra,Varun,Mishra,2021,MCA,Computer Engineering,Tech Mahindra,Systems Engineer,varun.mishra552@proton.me,+91 9317856944,Yes,1,0.5008911819887429,50.09
ALU0260,Harish Gupta,Harish,Gupta,2025,B.Tech,Civil Engineering,Oracle,Data Analyst,harish.gupta260@outlook.com,+91 7221348142,No,0,0.49879343629343625,49.88
ALU0542,Pooja Reddy,Pooja,Reddy,2021,B.Tech,Mechanical Engineering,Walmart Global Tech,Technical Consultant,pooja.reddy542@outlook.com,+91 9477568014,Yes,1,0.49833333333333335,49.83
ALU0772,Amar Reddy,Amar,Reddy,2022,M.Tech,Computer Science and Engineering,Capgemini,Data Scientist,amar.reddy772@gmail.com,+91 9833771491,Yes,1,0.4980769230769231,49.81
ALU0889,Nandini Joshi,Nandini,Joshi,2022,B.Tech,Information Technology,Amazon,Project Engineer,nandini.joshi889@gmail.com,+91 7396204771,Yes,1,0.49789972899729,49.79
ALU0387,Pranav Reddy,Pranav,Reddy,2021,B.Tech,Artificial Intelligence and Machine Learning,Walmart Global Tech,Technical Consultant,pranav.reddy387@proton.me,+91 7857596764,Yes,1,0.4974561403508772,49.75
ALU0565,Varun Kumar,Varun,Kumar,2023,MCA,Computer Science (Data Science),HCLTech,Senior Software Engineer,varun.kumar565@yahoo.com,+91 7853511493,No,0,0.49676870748299323,49.68
ALU0096,Manoj Naidu,Manoj,Naidu,2024,M.Tech,Civil Engineering,Wipro,Senior Software Engineer,manoj.naidu96@yahoo.com,+91 8753841726,No,0,0.4961734693877551,49.62
ALU0243,Bhavana Bhat,Bhavana,Bhat,2024,B.Sc,Electrical and Electronics Engineering,PwC,Senior Software Engineer,bhavana.bhat243@outlook.com,+91 8062855922,Yes,1,0.4961734693877551,49.62
ALU0311,Sneha Menon,Sneha,Menon,2025,M.Tech,Electrical and Electronics Engineering,Walmart Global Tech,Senior Software Engineer,sneha.menon311@proton.me,+91 8906328733,No,0,0.4961734693877551,49.62
ALU0213,Sai Nair,Sai,Nair,2022,B.Tech,Computer Science (Data Science),Microsoft,Product Analyst,sai.nair213@proton.me,+91 8033921654,Yes,1,0.49452380952380953,49.45
ALU0198,Vishal Joshi,Vishal,Joshi,2016,MCA,Computer Engineering,Tech Mahindra,Cloud Engineer,vishal.joshi198@outlook.com,+91 9738900744,Yes,1,0.49391025641025643,49.39
ALU0051,Tejas Mishra,Tejas,Mishra,2019,M.Tech,Computer Engineering,TCS,Cloud Engineer,tejas.mishra51@yahoo.com,+91 7902727745,No,0,0.49391025641025643,49.39
ALU0336,Pranav Das,Pranav,Das,2025,B.E.,Civil Engineering,Wipro,Software Engineer,pranav.das336@gmail.com,+91 7059242317,No,0,0.4934523809523809,49.35
ALU0531,Arjun Sharma,Arjun,Sharma,2025,MBA,Civil Engineering,Bosch,Software Engineer,arjun.sharma531@gmail.com,+91 9071428721,No,0,0.4934523809523809,49.35
ALU0573,Rohit Reddy,Rohit,Reddy,2025,MCA,Electrical and Electronics Engineering,IBM,Software Engineer,rohit.reddy573@yahoo.com,+91 9663727197,Yes,1,0.4934523809523809,49.35
ALU0477,Priya Bhat,Priya,Bhat,2025,M.Tech,Electrical and Electronics Engineering,LTIMindtree,Software Engineer,priya.bhat477@proton.me,+91 9891796055,Yes,1,0.4934523809523809,49.35
ALU0920,Pooja Mehta,Pooja,Mehta,2024,B.Sc,Electrical and Electronics Engineering,IBM,Software Engineer,pooja.mehta920@gmail.com,+91 8987249301,No,0,0.4934523809523809,49.35
ALU0363,Akhil Naidu,Akhil,Naidu,2024,M.Tech,Electrical and Electronics Engineering,EY,Software Engineer,akhil.naidu363@proton.me,+91 9934377138,No,0,0.4934523809523809,49.35
ALU0971,Aditya Naidu,Aditya,Naidu,2018,B.Tech,Electrical and Electronics Engineering,Tech Mahindra,Backend Developer,aditya.naidu971@outlook.com,+91 8250288707,Yes,1,0.4922619047619047,49.23
ALU0701,Pranav Das,Pranav,Das,2020,B.Tech,Civil Engineering,Tech Mahindra,Backend Developer,pranav.das701@outlook.com,+91 9381454037,Yes,1,0.4922619047619047,49.23
ALU0076,Srinivas Chowdhury,Srinivas,Chowdhury,2025,M.Tech,Mechanical Engineering,TCS,Senior Software Engineer,srinivas.chowdhury76@yahoo.com,+91 7780996231,No,0,0.49141156462585034,49.14
ALU0452,Anil Iyer,Anil,Iyer,2024,B.E.,Electronics and Communication Engineering,Accenture,QA Engineer,anil.iyer452@outlook.com,+91 8962997637,Yes,1,0.49088660578386606,49.09
ALU0966,Pranav Rao,Pranav,Rao,2024,B.E.,Artificial Intelligence and Machine Learning,TCS,Senior Software Engineer,pranav.rao966@yahoo.com,+91 8459525419,Yes,1,0.49053437164339425,49.05
ALU0173,Charan Singh,Charan,Singh,2024,B.E.,Artificial Intelligence and Machine Learning,Infosys,Senior Software Engineer,charan.singh173@yahoo.com,+91 9381734362,Yes,1,0.49053437164339425,49.05
ALU0620,Riya Bhat,Riya,Bhat,2015,B.E.,Computer Engineering,PwC,QA Engineer,riya.bhat620@gmail.com,+91 9395307335,No,0,0.490491452991453,49.05
ALU0466,Yash Sharma,Yash,Sharma,2017,B.E.,Computer Engineering,Accenture,QA Engineer,yash.sharma466@gmail.com,+91 8840427040,No,0,0.490491452991453,49.05
ALU0754,Tarun Chowdhury,Tarun,Chowdhury,2023,B.Tech,Mechanical Engineering,Microsoft,Business Analyst,tarun.chowdhury754@proton.me,+91 8587548621,No,0,0.48922764227642274,48.92
ALU0685,Akhil Iyer,Akhil,Iyer,2016,B.Tech,Information Technology,Google,QA Engineer,akhil.iyer685@proton.me,+91 8294361972,No,0,0.48749999999999993,48.75
ALU0809,Sneha Shetty,Sneha,Shetty,2021,MBA,Computer Science and Engineering,Capgemini,Frontend Developer,sneha.shetty809@yahoo.com,+91 7585965093,Yes,1,0.4866279069767442,48.66
ALU0518,Kavya Verma,Kavya,Verma,2020,B.Tech,Business Administration,Infosys,QA Engineer,kavya.verma518@proton.me,+91 9636962116,No,0,0.4860858585858586,48.61
ALU0692,Tarun Patel,Tarun,Patel,2016,B.Tech,Business Administration,Cognizant,QA Engineer,tarun.patel692@outlook.com,+91 7476076030,Yes,1,0.4860858585858586,48.61
ALU0563,Kavya Mehta,Kavya,Mehta,2015,B.Tech,Electronics and Communication Engineering,Microsoft,Associate Consultant,kavya.mehta563@outlook.com,+91 7143925622,Yes,1,0.485886605783866,48.59
ALU0821,Pooja Shetty,Pooja,Shetty,2024,MBA,Computer Engineering,LTIMindtree,Associate Consultant,pooja.shetty821@gmail.com,+91 7223762723,Yes,1,0.48549145299145297,48.55
ALU0819,Charan Bhat,Charan,Bhat,2025,B.Sc,Electrical and Electronics Engineering,Infosys,DevOps Engineer,charan.bhat819@gmail.com,+91 9111800452,No,0,0.48392857142857143,48.39
ALU0403,Madhav Menon,Madhav,Menon,2020,B.Tech,Computer Engineering,IBM,Data Analyst,madhav.menon403@yahoo.com,+91 9176669141,No,0,0.4831340956340956,48.31
ALU0207,Nandini Mishra,Nandini,Mishra,2021,MCA,Computer Science and Engineering,EY,UI Developer,nandini.mishra207@yahoo.com,+91 9756970807,No,0,0.4831081081081081,48.31
ALU0475,Siddharth Shetty,Siddharth,Shetty,2025,B.Tech,Information Technology,TCS,Associate Consultant,siddharth.shetty475@yahoo.com,+91 7162720486,Yes,1,0.4825,48.25
ALU0005,Pooja Chowdhury,Pooja,Chowdhury,2019,B.Tech,Civil Engineering,PwC,Data Scientist,pooja.chowdhury5@proton.me,+91 7338444264,No,0,0.48200549450549446,48.2
ALU0719,Siddharth Naidu,Siddharth,Naidu,2017,B.Tech,Civil Engineering,KPMG,Data Scientist,siddharth.naidu719@gmail.com,+91 8010605064,No,0,0.48200549450549446,48.2
ALU0351,Varun Reddy,Varun,Reddy,2020,B.Tech,Electrical and Electronics Engineering,Tech Mahindra,Data Scientist,varun.reddy351@outlook.com,+91 9275535874,Yes,1,0.48200549450549446,48.2
ALU0576,Deepak Kumar,Deepak,Kumar,2018,B.Tech,Civil Engineering,Capgemini,Data Scientist,deepak.kumar576@gmail.com,+91 9452478646,No,0,0.48200549450549446,48.2
ALU0055,Rohit Shetty,Rohit,Shetty,2025,MCA,Electronics and Communication Engineering,Microsoft,Senior Software Engineer,rohit.shetty55@proton.me,+91 8047905204,Yes,1,0.4809092815208275,48.09
ALU0647,Akash Singh,Akash,Singh,2016,M.Tech,Computer Engineering,TCS,Senior Software Engineer,akash.singh647@outlook.com,+91 7816952955,No,0,0.4805141287284145,48.05
ALU0975,Sanjay Bhat,Sanjay,Bhat,2019,B.E.,Computer Science and Engineering,Cognizant,Associate Consultant,sanjay.bhat975@gmail.com,+91 8714709481,Yes,1,0.47972222222222216,47.97
ALU0390,Priya Joshi,Priya,Joshi,2017,M.Tech,Computer Science and Engineering,HCLTech,Associate Consultant,priya.joshi390@proton.me,+91 8131297865,Yes,1,0.47972222222222216,47.97
ALU0513,Aditi Gupta,Aditi,Gupta,2021,B.Sc,Computer Science (Data Science),Cognizant,Project Engineer,aditi.gupta513@yahoo.com,+91 8122287361,No,0,0.4796457607433217,47.96
ALU0138,Nikhil Bhat,Nikhil,Bhat,2021,M.Tech,Computer Science (Data Science),LTIMindtree,Project Engineer,nikhil.bhat138@yahoo.com,+91 9856616537,No,0,0.4796457607433217,47.96
ALU0688,Ravi Chowdhury,Ravi,Chowdhury,2025,B.Sc,Mechanical Engineering,HCLTech,DevOps Engineer,ravi.chowdhury688@gmail.com,+91 8096693765,No,0,0.4791666666666667,47.92
ALU0344,Akhil Pillai,Akhil,Pillai,2024,B.E.,Mechanical Engineering,IBM,DevOps Engineer,akhil.pillai344@gmail.com,+91 9464934576,Yes,1,0.4791666666666667,47.92
ALU0033,Kavya Singh,Kavya,Singh,2025,MBA,Mechanical Engineering,Deloitte,DevOps Engineer,kavya.singh33@proton.me,+91 7562117925,No,0,0.4791666666666667,47.92
ALU0514,Srinivas Joshi,Srinivas,Joshi,2024,B.Sc,Electrical and Electronics Engineering,Capgemini,Project Engineer,srinivas.joshi514@proton.me,+91 7767594840,No,0,0.4790505226480836,47.91
ALU0410,Tarun Nair,Tarun,Nair,2025,B.Sc,Electrical and Electronics Engineering,Microsoft,Systems Engineer,tarun.nair410@proton.me,+91 8082326234,Yes,1,0.4790505226480836,47.91
ALU0679,Charan Kumar,Charan,Kumar,2024,MBA,Artificial Intelligence and Machine Learning,Cognizant Technology Solutions,DevOps Engineer,charan.kumar679@gmail.com,+91 9702823150,No,0,0.47828947368421054,47.83
ALU0272,Karthik Singh,Karthik,Singh,2024,MCA,Artificial Intelligence and Machine Learning,Oracle,DevOps Engineer,karthik.singh272@proton.me,+91 7339385087,No,0,0.47828947368421054,47.83
ALU0195,Rahul Gupta,Rahul,Gupta,2025,B.Sc,Electronics and Communication Engineering,Accenture,Software Engineer,rahul.gupta195@outlook.com,+91 9143377496,No,0,0.4781881930854534,47.82
ALU0668,Ashwin Nair,Ashwin,Nair,2015,B.Sc,Computer Engineering,Infosys,Software Engineer,ashwin.nair668@yahoo.com,+91 7471150679,No,0,0.4777930402930403,47.78
ALU0962,Divya Chowdhury,Divya,Chowdhury,2017,MBA,Computer Engineering,HCLTech,Software Engineer,divya.chowdhury962@yahoo.com,+91 8210516208,No,0,0.4777930402930403,47.78
ALU0732,Deepak Joshi,Deepak,Joshi,2025,M.Tech,Computer Science and Engineering,SAP,Data Analyst,deepak.joshi732@proton.me,+91 9966751401,No,0,0.47736486486486485,47.74
ALU0032,Srinivas Verma,Srinivas,Verma,2024,MCA,Computer Science and Engineering,Bosch,Data Analyst,srinivas.verma32@proton.me,+91 9823396242,No,0,0.47736486486486485,47.74
ALU0301,Naveen Kumar,Naveen,Kumar,2016,B.Tech,Mechanical Engineering,SAP,Data Scientist,naveen.kumar301@outlook.com,+91 8047598131,Yes,1,0.4772435897435897,47.72
ALU0085,Riya Gupta,Riya,Gupta,2017,B.Tech,Artificial Intelligence and Machine Learning,EY,Data Scientist,riya.gupta85@gmail.com,+91 8721025347,No,0,0.47636639676113357,47.64
ALU0858,Aditi Mehta,Aditi,Mehta,2019,B.Tech,Information Technology,Cognizant,Software Engineer,aditi.mehta858@outlook.com,+91 7480660531,Yes,1,0.4748015873015873,47.48
ALU0404,Ashwin Menon,Ashwin,Menon,2024,B.Tech,Information Technology,Capgemini,Backend Developer,ashwin.menon404@gmail.com,+91 8071552532,Yes,1,0.47361111111111104,47.36
ALU0458,Divya Singh,Divya,Singh,2024,MBA,Artificial Intelligence and Machine Learning,Walmart Global Tech,Systems Engineer,divya.singh458@outlook.com,+91 9792099745,Yes,1,0.47341142490372273,47.34
ALU0524,Rakesh Menon,Rakesh,Menon,2016,MCA,Computer Science (Data Science),KPMG,Cloud Engineer,rakesh.menon524@yahoo.com,+91 7502549822,No,0,0.47266483516483515,47.27
ALU0211,Manoj Bhat,Manoj,Bhat,2018,B.E.,Computer Science (Data Science),Infosys,Cloud Engineer,manoj.bhat211@proton.me,+91 9643025991,No,0,0.47266483516483515,47.27
ALU0241,Aditi Verma,Aditi,Verma,2015,MBA,Computer Science (Data Science),Google,Cloud Engineer,aditi.verma241@outlook.com,+91 8741251076,No,0,0.47266483516483515,47.27
ALU0508,Deepak Pillai,Deepak,Pillai,2024,MCA,Computer Science and Engineering,PwC,Product Analyst,deepak.pillai508@gmail.com,+91 7400247855,No,0,0.4725,47.25
ALU0963,Rahul Mehta,Rahul,Mehta,2024,MBA,Computer Science and Engineering,EY,Product Analyst,rahul.mehta963@outlook.com,+91 8707272205,Yes,1,0.4725,47.25
ALU0489,Yash Gupta,Yash,Gupta,2022,M.Tech,Civil Engineering,Oracle,Cloud Engineer,yash.gupta489@proton.me,+91 9369412470,Yes,1,0.47206959706959706,47.21
ALU0655,Anil Mehta,Anil,Mehta,2015,B.Tech,Electrical and Electronics Engineering,Microsoft,Frontend Developer,anil.mehta655@proton.me,+91 9647054211,No,0,0.47055647840531556,47.06
ALU0739,Yash Sharma,Yash,Sharma,2018,M.Tech,Computer Science (Data Science),Wipro,QA Engineer,yash.sharma739@outlook.com,+91 8238551232,Yes,1,0.46924603174603174,46.92
ALU0386,Vishal Nair,Vishal,Nair,2019,B.E.,Computer Science (Data Science),Infosys,QA Engineer,vishal.nair386@proton.me,+91 7659663750,Yes,1,0.46924603174603174,46.92
ALU0833,Aarav Iyer,Aarav,Iyer,2023,MCA,Electrical and Electronics Engineering,Tech Mahindra,QA Engineer,aarav.iyer833@yahoo.com,+91 7567958961,Yes,1,0.46865079365079365,46.87
ALU0381,Priya Bhat,Priya,Bhat,2021,B.E.,Electrical and Electronics Engineering,EY,QA Engineer,priya.bhat381@yahoo.com,+91 9345155074,No,0,0.46865079365079365,46.87
ALU0973,Arjun Rao,Arjun,Rao,2023,M.Tech,Civil Engineering,Wipro,QA Engineer,arjun.rao973@outlook.com,+91 7558054908,Yes,1,0.46865079365079365,46.87
ALU0793,Sanjay Kumar,Sanjay,Kumar,2021,B.Sc,Civil Engineering,Cognizant Technology Solutions,QA Engineer,sanjay.kumar793@yahoo.com,+91 8221649922,No,0,0.46865079365079365,46.87
ALU0083,Deepak Nair,Deepak,Nair,2015,MBA,Computer Engineering,Cognizant,DevOps Engineer,deepak.nair83@gmail.com,+91 7234187462,No,0,0.46826923076923077,46.83
ALU0433,Nandini Iyer,Nandini,Iyer,2023,B.E.,Mechanical Engineering,Amazon,Cloud Engineer,nandini.iyer433@outlook.com,+91 7169246232,No,0,0.4673076923076923,46.73
ALU0700,Arjun Mishra,Arjun,Mishra,2023,B.Sc,Mechanical Engineering,Walmart Global Tech,Cloud Engineer,arjun.mishra700@proton.me,+91 7237059301,Yes,1,0.4673076923076923,46.73
ALU0307,Yash Rao,Yash,Rao,2020,B.Tech,Electronics and Communication Engineering,Tech Mahindra,Data Scientist,yash.rao307@outlook.com,+91 8603337351,Yes,1,0.46674130663856694,46.67
ALU0708,Swathi Sharma,Swathi,Sharma,2016,B.Tech,Civil Engineering,Bosch,Technical Consultant,swathi.sharma708@outlook.com,+91 7271055863,Yes,1,0.46559523809523806,46.56
ALU0402,Manoj Shetty,Manoj,Shetty,2024,MBA,Computer Science (Data Science),Capgemini,Associate Consultant,manoj.shetty402@outlook.com,+91 8748783374,No,0,0.4642460317460317,46.42
ALU0606,Akash Verma,Akash,Verma,2023,B.Sc,Mechanical Engineering,EY,QA Engineer,akash.verma606@outlook.com,+91 7078908105,No,0,0.4638888888888889,46.39
ALU0614,Anil Rao,Anil,Rao,2017,B.Tech,Business Administration,Bosch,DevOps Engineer,anil.rao614@outlook.com,+91 9561349676,Yes,1,0.46386363636363637,46.39
ALU0527,Priya Verma,Priya,Verma,2025,MBA,Electronics and Communication Engineering,LTIMindtree,Project Engineer,priya.verma527@yahoo.com,+91 9218368729,Yes,1,0.463786334781156,46.38
ALU0269,Amar Rao,Amar,Rao,2015,B.E.,Computer Engineering,Google,Systems Engineer,amar.rao269@gmail.com,+91 9653582116,No,0,0.46339118198874296,46.34
ALU0805,Harish Bhat,Harish,Bhat,2019,MBA,Computer Engineering,Bosch,Project Engineer,harish.bhat805@gmail.com,+91 9243130794,Yes,1,0.46339118198874296,46.34
ALU0167,Vikas Gupta,Vikas,Gupta,2017,MBA,Computer Engineering,Wipro,Project Engineer,vikas.gupta167@yahoo.com,+91 7078299575,No,0,0.46339118198874296,46.34
ALU0507,Anil Reddy,Anil,Reddy,2018,MCA,Computer Engineering,Walmart Global Tech,Project Engineer,anil.reddy507@outlook.com,+91 9600650037,Yes,1,0.46339118198874296,46.34
ALU0429,Nandini Das,Nandini,Das,2024,B.Tech,Business Administration,Infosys,Data Scientist,nandini.das429@gmail.com,+91 7207167992,Yes,1,0.4619405594405594,46.19
ALU0204,Pooja Menon,Pooja,Menon,2019,B.Tech,Artificial Intelligence and Machine Learning,Capgemini,UI Developer,pooja.menon204@yahoo.com,+91 7537602307,No,0,0.4613975817923186,46.14
ALU0511,Kavya Pillai,Kavya,Pillai,2018,B.Tech,Artificial Intelligence and Machine Learning,Bosch,UI Developer,kavya.pillai511@proton.me,+91 8107263953,Yes,1,0.4613975817923186,46.14
ALU0928,Shreya Kumar,Shreya,Kumar,2018,B.Tech,Artificial Intelligence and Machine Learning,Amazon,UI Developer,shreya.kumar928@proton.me,+91 8358248920,Yes,1,0.4613975817923186,46.14
ALU0460,Yash Das,Yash,Das,2019,M.Tech,Computer Science and Engineering,KPMG,Data Scientist,yash.das460@gmail.com,+91 8635825546,Yes,1,0.46057692307692305,46.06
ALU0996,Sanjay Mishra,Sanjay,Mishra,2015,B.E.,Computer Science and Engineering,Bosch,Data Scientist,sanjay.mishra996@yahoo.com,+91 8015314465,No,0,0.46057692307692305,46.06
ALU0984,Sahana Iyer,Sahana,Iyer,2017,B.E.,Computer Science and Engineering,Bosch,Data Scientist,sahana.iyer984@outlook.com,+91 8263341689,Yes,1,0.46057692307692305,46.06
ALU0707,Karthik Rao,Karthik,Rao,2015,B.E.,Computer Science and Engineering,Tech Mahindra,Data Scientist,karthik.rao707@proton.me,+91 9625195227,Yes,1,0.46057692307692305,46.06
ALU0861,Lakshmi Bhat,Lakshmi,Bhat,2022,M.Tech,Computer Science and Engineering,Google,Database Administrator,lakshmi.bhat861@outlook.com,+91 7864741933,No,0,0.4601063829787234,46.01
ALU0759,Priya Nair,Priya,Nair,2023,M.Tech,Computer Science and Engineering,Tech Mahindra,Database Administrator,priya.nair759@yahoo.com,+91 9122145416,No,0,0.4601063829787234,46.01
ALU0881,Keerthi Gupta,Keerthi,Gupta,2020,B.Tech,Artificial Intelligence and Machine Learning,KPMG,Technical Consultant,keerthi.gupta881@outlook.com,+91 8734900802,No,0,0.4599561403508772,46.0
ALU0214,Swathi Joshi,Swathi,Joshi,2015,B.Tech,Artificial Intelligence and Machine Learning,EY,Technical Consultant,swathi.joshi214@proton.me,+91 8227279967,Yes,1,0.4599561403508772,46.0
ALU0432,Sanjay Chowdhury,Sanjay,Chowdhury,2016,B.Sc,Computer Science (Data Science),Accenture,Senior Software Engineer,sanjay.chowdhury432@outlook.com,+91 9615642860,Yes,1,0.4592687074829932,45.93
ALU0157,Deepak Chowdhury,Deepak,Chowdhury,2017,MBA,Computer Science (Data Science),IBM,Senior Software Engineer,deepak.chowdhury157@proton.me,+91 9421225455,No,0,0.4592687074829932,45.93
ALU0736,Ashwin Gupta,Ashwin,Gupta,2018,MCA,Computer Science (Data Science),SAP,Senior Software Engineer,ashwin.gupta736@outlook.com,+91 7968245518,No,0,0.4592687074829932,45.93
ALU0841,Shreya Mishra,Shreya,Mishra,2017,M.Tech,Computer Science (Data Science),Deloitte,Senior Software Engineer,shreya.mishra841@gmail.com,+91 8411574423,Yes,1,0.4592687074829932,45.93
ALU0958,Ravi Bhat,Ravi,Bhat,2022,M.Tech,Electrical and Electronics Engineering,Oracle,Senior Software Engineer,ravi.bhat958@yahoo.com,+91 8172609694,No,0,0.4586734693877551,45.87
ALU0891,Kavya Mishra,Kavya,Mishra,2022,MBA,Electrical and Electronics Engineering,Google,Senior Software Engineer,kavya.mishra891@proton.me,+91 7699404386,Yes,1,0.4586734693877551,45.87
ALU0392,Sneha Kumar,Sneha,Kumar,2021,MCA,Electrical and Electronics Engineering,PwC,Senior Software Engineer,sneha.kumar392@outlook.com,+91 9045530940,No,0,0.4586734693877551,45.87
ALU0322,Amar Das,Amar,Das,2021,B.E.,Electrical and Electronics Engineering,Capgemini,Senior Software Engineer,amar.das322@yahoo.com,+91 8386695233,No,0,0.4586734693877551,45.87
ALU0646,Karthik Joshi,Karthik,Joshi,2022,B.Sc,Electronics and Communication Engineering,KPMG,Cloud Engineer,karthik.joshi646@outlook.com,+91 7482029643,No,0,0.4568054092026695,45.68
ALU0360,Sneha Das,Sneha,Das,2018,B.Tech,Civil Engineering,Accenture,Business Analyst,sneha.das360@gmail.com,+91 7051354601,Yes,1,0.45648954703832745,45.65
ALU0121,Sahana Nair,Sahana,Nair,2020,B.Tech,Civil Engineering,Wipro,Business Analyst,sahana.nair121@outlook.com,+91 9904788278,No,0,0.45648954703832745,45.65
ALU0284,Riya Das,Riya,Das,2023,MCA,Electrical and Electronics Engineering,Accenture,Software Engineer,riya.das284@gmail.com,+91 8520050282,Yes,1,0.45595238095238094,45.6
ALU0860,Ananya Nair,Ananya,Nair,2022,B.E.,Civil Engineering,Amazon,Software Engineer,ananya.nair860@gmail.com,+91 7713417649,Yes,1,0.45595238095238094,45.6
ALU0982,Priya Gupta,Priya,Gupta,2021,B.E.,Electrical and Electronics Engineering,Infosys,Software Engineer,priya.gupta982@yahoo.com,+91 7492558512,Yes,1,0.45595238095238094,45.6
ALU0605,Neha Pillai,Neha,Pillai,2024,MCA,Computer Science (Data Science),IBM,Backend Developer,neha.pillai605@proton.me,+91 9408134650,Yes,1,0.45535714285714285,45.54
ALU0564,Rohit Patel,Rohit,Patel,2023,MBA,Electronics and Communication Engineering,EY,QA Engineer,rohit.patel564@yahoo.com,+91 8387545832,Yes,1,0.4533866057838661,45.34
ALU0456,Sanjay Mehta,Sanjay,Mehta,2021,MCA,Electronics and Communication Engineering,HCLTech,QA Engineer,sanjay.mehta456@yahoo.com,+91 8263465731,No,0,0.4533866057838661,45.34
ALU0135,Sai Bhat,Sai,Bhat,2016,B.Tech,Mechanical Engineering,Bosch,Business Analyst,sai.bhat135@gmail.com,+91 7541988748,No,0,0.4517276422764227,45.17
ALU0129,Vikas Chowdhury,Vikas,Chowdhury,2015,B.Tech,Mechanical Engineering,Deloitte,Business Analyst,vikas.chowdhury129@outlook.com,+91 7294678352,Yes,1,0.4517276422764227,45.17
ALU0746,Charan Verma,Charan,Verma,2016,B.Tech,Mechanical Engineering,Cognizant Technology Solutions,Business Analyst,charan.verma746@proton.me,+91 8118440391,No,0,0.4517276422764227,45.17
ALU0036,Siddharth Nair,Siddharth,Nair,2024,MBA,Computer Engineering,TCS,UI Developer,siddharth.nair36@yahoo.com,+91 9849232839,Yes,1,0.4513773388773389,45.14
ALU0321,Aditi Joshi,Aditi,Joshi,2022,M.Tech,Mechanical Engineering,Cognizant Technology Solutions,Software Engineer,aditi.joshi321@gmail.com,+91 8969024554,No,0,0.4511904761904762,45.12
ALU0330,Amar Menon,Amar,Menon,2024,B.Tech,Business Administration,SAP,Frontend Developer,amar.menon330@proton.me,+91 8508339770,Yes,1,0.4504915433403805,45.05
ALU0179,Karthik Nair,Karthik,Nair,2016,B.Tech,Electronics and Communication Engineering,Amazon,Technical Consultant,karthik.nair179@proton.me,+91 7269754673,Yes,1,0.45033105022831044,45.03
ALU0199,Pranav Menon,Pranav,Menon,2018,B.Tech,Electronics and Communication Engineering,Cognizant,Full Stack Developer,pranav.menon199@proton.me,+91 7112889043,No,0,0.45033105022831044,45.03
ALU0843,Rohit Pillai,Rohit,Pillai,2022,MBA,Artificial Intelligence and Machine Learning,Bosch,Software Engineer,rohit.pillai843@yahoo.com,+91 7188321417,No,0,0.4503132832080201,45.03
ALU0235,Akash Mehta,Akash,Mehta,2022,B.E.,Artificial Intelligence and Machine Learning,Infosys,Software Engineer,akash.mehta235@yahoo.com,+91 9439377645,Yes,1,0.4503132832080201,45.03
ALU0520,Divya Kumar,Divya,Kumar,2024,MCA,Computer Engineering,Deloitte,Technical Consultant,divya.kumar520@outlook.com,+91 9894912687,Yes,1,0.44993589743589746,44.99
ALU0743,Vikas Gupta,Vikas,Gupta,2022,MCA,Computer Engineering,PwC,Associate Consultant,vikas.gupta743@proton.me,+91 8306023701,Yes,1,0.447991452991453,44.8
ALU0498,Priya Mehta,Priya,Mehta,2020,MCA,Computer Science (Data Science),KPMG,DevOps Engineer,priya.mehta498@proton.me,+91 7957345013,No,0,0.4470238095238095,44.7
ALU0380,Kavya Singh,Kavya,Singh,2018,MBA,Computer Science (Data Science),Oracle,DevOps Engineer,kavya.singh380@gmail.com,+91 7005502537,Yes,1,0.4470238095238095,44.7
ALU0174,Anusha Menon,Anusha,Menon,2016,B.Sc,Computer Science (Data Science),IBM,DevOps Engineer,anusha.menon174@proton.me,+91 9204833223,Yes,1,0.4470238095238095,44.7
ALU0787,Amar Pillai,Amar,Pillai,2025,B.Tech,Information Technology,Microsoft,Technical Consultant,amar.pillai787@yahoo.com,+91 7655998939,No,0,0.4469444444444444,44.69
ALU0003,Anusha Das,Anusha,Das,2021,B.E.,Civil Engineering,Cognizant Technology Solutions,DevOps Engineer,anusha.das3@gmail.com,+91 7685731524,No,0,0.44642857142857145,44.64
ALU0015,Arjun Nair,Arjun,Nair,2021,B.E.,Civil Engineering,TCS,DevOps Engineer,arjun.nair15@outlook.com,+91 9180476188,Yes,1,0.44642857142857145,44.64
ALU0184,Nandini Mishra,Nandini,Mishra,2020,B.E.,Computer Science and Engineering,Oracle,UI Developer,nandini.mishra184@yahoo.com,+91 9760786161,Yes,1,0.4456081081081081,44.56
ALU0072,Yash Chowdhury,Yash,Chowdhury,2016,MCA,Computer Science and Engineering,Oracle,UI Developer,yash.chowdhury72@proton.me,+91 9841212515,No,0,0.4456081081081081,44.56
ALU0140,Lakshmi Joshi,Lakshmi,Joshi,2017,MCA,Computer Science and Engineering,Cognizant Technology Solutions,UI Developer,lakshmi.joshi140@yahoo.com,+91 9877685081,Yes,1,0.4456081081081081,44.56
ALU0122,Sneha Joshi,Sneha,Joshi,2016,M.Tech,Computer Science and Engineering,HCLTech,UI Developer,sneha.joshi122@gmail.com,+91 8953291127,No,0,0.4456081081081081,44.56
ALU0314,Manoj Das,Manoj,Das,2020,MCA,Computer Science and Engineering,Google,UI Developer,manoj.das314@outlook.com,+91 8826025489,Yes,1,0.4456081081081081,44.56
ALU0674,Deepak Shetty,Deepak,Shetty,2024,B.Tech,Business Administration,EY,Full Stack Developer,deepak.shetty674@yahoo.com,+91 8764534958,No,0,0.445530303030303,44.55
ALU0599,Bhavana Sharma,Bhavana,Sharma,2016,MBA,Computer Science and Engineering,Deloitte,Technical Consultant,bhavana.sharma599@outlook.com,+91 8235598059,Yes,1,0.44416666666666665,44.42
ALU1000,Nikhil Verma,Nikhil,Verma,2018,MCA,Computer Science and Engineering,Walmart Global Tech,Full Stack Developer,nikhil.verma1000@outlook.com,+91 9611611525,No,0,0.44416666666666665,44.42
ALU0715,Varun Nair,Varun,Nair,2020,M.Tech,Computer Science and Engineering,PwC,Full Stack Developer,varun.nair715@outlook.com,+91 7504692228,Yes,1,0.44416666666666665,44.42
ALU0468,Akash Rao,Akash,Rao,2020,MCA,Computer Science and Engineering,SAP,Technical Consultant,akash.rao468@yahoo.com,+91 9106900240,No,0,0.44416666666666665,44.42
ALU0751,Ashwin Das,Ashwin,Das,2016,B.Sc,Computer Science and Engineering,Microsoft,Technical Consultant,ashwin.das751@outlook.com,+91 8915438137,No,0,0.44416666666666665,44.42
ALU0998,Bhavana Mehta,Bhavana,Mehta,2018,MBA,Computer Science and Engineering,Deloitte,Technical Consultant,bhavana.mehta998@proton.me,+91 8411712184,Yes,1,0.44416666666666665,44.42
ALU0034,Rohit Gupta,Rohit,Gupta,2016,B.Tech,Civil Engineering,Bosch,Database Administrator,rohit.gupta34@gmail.com,+91 7314652384,Yes,1,0.4440349544072948,44.4
ALU0303,Deepak Shetty,Deepak,Shetty,2021,B.Tech,Business Administration,Capgemini,Associate Consultant,deepak.shetty303@proton.me,+91 8670036982,Yes,1,0.4435858585858586,44.36
ALU0726,Ananya Shetty,Ananya,Shetty,2023,M.Tech,Electronics and Communication Engineering,Cognizant Technology Solutions,Senior Software Engineer,ananya.shetty726@proton.me,+91 8199029793,Yes,1,0.44340928152082754,44.34
ALU0318,Meera Mishra,Meera,Mishra,2019,MCA,Computer Science (Data Science),Cognizant,Project Engineer,meera.mishra318@gmail.com,+91 8191095508,Yes,1,0.4421457607433217,44.21
ALU0852,Sneha Sharma,Sneha,Sharma,2015,MCA,Computer Science (Data Science),KPMG,Project Engineer,sneha.sharma852@proton.me,+91 7405807234,No,0,0.4421457607433217,44.21
ALU0777,Pranav Mishra,Pranav,Mishra,2017,M.Tech,Computer Science (Data Science),IBM,Systems Engineer,pranav.mishra777@proton.me,+91 8821460610,Yes,1,0.4421457607433217,44.21
ALU0391,Manoj Mishra,Manoj,Mishra,2015,B.E.,Computer Science (Data Science),Wipro,Systems Engineer,manoj.mishra391@proton.me,+91 9532855799,Yes,1,0.4421457607433217,44.21
ALU0035,Sanjay Iyer,Sanjay,Iyer,2017,B.Sc,Computer Science (Data Science),Deloitte,Systems Engineer,sanjay.iyer35@yahoo.com,+91 7677517496,No,0,0.4421457607433217,44.21
ALU0148,Rakesh Iyer,Rakesh,Iyer,2018,MCA,Computer Science (Data Science),Oracle,Project Engineer,rakesh.iyer148@gmail.com,+91 8216534332,No,0,0.4421457607433217,44.21
ALU0154,Aditi Joshi,Aditi,Joshi,2016,M.Tech,Computer Science (Data Science),Deloitte,Project Engineer,aditi.joshi154@proton.me,+91 9250402001,Yes,1,0.4421457607433217,44.21
ALU0094,Tarun Kumar,Tarun,Kumar,2021,MBA,Mechanical Engineering,Bosch,DevOps Engineer,tarun.kumar94@gmail.com,+91 7392245997,Yes,1,0.4416666666666667,44.17
ALU0007,Isha Patel,Isha,Patel,2021,B.Sc,Civil Engineering,SAP,Systems Engineer,isha.patel7@outlook.com,+91 8589915144,No,0,0.44155052264808364,44.16
ALU0423,Ashwin Chowdhury,Ashwin,Chowdhury,2021,MBA,Electrical and Electronics Engineering,Microsoft,Project Engineer,ashwin.chowdhury423@proton.me,+91 8646331504,Yes,1,0.44155052264808364,44.16
ALU0890,Ravi Rao,Ravi,Rao,2022,B.E.,Civil Engineering,Wipro,Systems Engineer,ravi.rao890@proton.me,+91 9526469228,No,0,0.44155052264808364,44.16
ALU0510,Aditi Menon,Aditi,Menon,2021,B.E.,Civil Engineering,Microsoft,Systems Engineer,aditi.menon510@gmail.com,+91 8827463042,Yes,1,0.44155052264808364,44.16
ALU0224,Divya Reddy,Divya,Reddy,2022,B.Sc,Electrical and Electronics Engineering,Cognizant,Project Engineer,divya.reddy224@outlook.com,+91 8762557538,No,0,0.44155052264808364,44.16
ALU0045,Aditya Singh,Aditya,Singh,2021,B.Sc,Artificial Intelligence and Machine Learning,Wipro,DevOps Engineer,aditya.singh45@yahoo.com,+91 9755143093,No,0,0.44078947368421056,44.08
ALU0836,Manoj Joshi,Manoj,Joshi,2021,B.Sc,Artificial Intelligence and Machine Learning,Bosch,DevOps Engineer,manoj.joshi836@yahoo.com,+91 8871640952,Yes,1,0.44078947368421056,44.08
ALU0093,Riya Patel,Riya,Patel,2022,MBA,Artificial Intelligence and Machine Learning,Microsoft,DevOps Engineer,riya.patel93@proton.me,+91 8880160025,Yes,1,0.44078947368421056,44.08
ALU0712,Varun Chowdhury,Varun,Chowdhury,2021,B.E.,Computer Science and Engineering,EY,Data Analyst,varun.chowdhury712@gmail.com,+91 7031026838,Yes,1,0.43986486486486487,43.99
ALU0803,Sanjay Nair,Sanjay,Nair,2021,MBA,Computer Engineering,LTIMindtree,Backend Developer,sanjay.nair803@proton.me,+91 8727869461,No,0,0.43910256410256415,43.91
ALU0795,Priya Patel,Priya,Patel,2021,B.Sc,Mechanical Engineering,Amazon,Systems Engineer,priya.patel795@gmail.com,+91 9840004195,Yes,1,0.4367886178861789,43.68
ALU0226,Neha Naidu,Neha,Naidu,2022,MCA,Mechanical Engineering,PwC,Systems Engineer,neha.naidu226@yahoo.com,+91 9620258967,No,0,0.4367886178861789,43.68
ALU0541,Sahana Patel,Sahana,Patel,2022,MBA,Mechanical Engineering,HCLTech,Systems Engineer,sahana.patel541@yahoo.com,+91 9406685070,No,0,0.4367886178861789,43.68
ALU0865,Sahana Patel,Sahana,Patel,2022,MCA,Mechanical Engineering,Google,Project Engineer,sahana.patel865@gmail.com,+91 7692921852,No,0,0.4367886178861789,43.68
ALU0515,Sneha Das,Sneha,Das,2022,B.Sc,Artificial Intelligence and Machine Learning,Cognizant Technology Solutions,Systems Engineer,sneha.das515@proton.me,+91 7592999772,Yes,1,0.43591142490372276,43.59
ALU0659,Sahana Patel,Sahana,Patel,2020,M.Tech,Civil Engineering,IBM,Cloud Engineer,sahana.patel659@yahoo.com,+91 9596051033,Yes,1,0.434569597069597,43.46
ALU0097,Neha Patel,Neha,Patel,2017,B.Sc,Electrical and Electronics Engineering,EY,Cloud Engineer,neha.patel97@proton.me,+91 9362646960,Yes,1,0.434569597069597,43.46
ALU0791,Sneha Nair,Sneha,Nair,2017,M.Tech,Electrical and Electronics Engineering,Cognizant,Cloud Engineer,sneha.nair791@proton.me,+91 9093602951,Yes,1,0.434569597069597,43.46
ALU0220,Neha Chowdhury,Neha,Chowdhury,2020,B.E.,Electrical and Electronics Engineering,Bosch,Cloud Engineer,neha.chowdhury220@yahoo.com,+91 9178901271,No,0,0.434569597069597,43.46
ALU0744,Naveen Naidu,Naveen,Naidu,2019,B.E.,Civil Engineering,Oracle,Cloud Engineer,naveen.naidu744@gmail.com,+91 7637108294,No,0,0.434569597069597,43.46
ALU0247,Rohit Mishra,Rohit,Mishra,2015,MCA,Civil Engineering,Walmart Global Tech,Cloud Engineer,rohit.mishra247@gmail.com,+91 8700586760,No,0,0.434569597069597,43.46
ALU0621,Shreya Kumar,Shreya,Kumar,2018,B.Sc,Civil Engineering,Microsoft,Cloud Engineer,shreya.kumar621@yahoo.com,+91 8981470996,Yes,1,0.434569597069597,43.46
ALU0080,Ravi Das,Ravi,Das,2020,B.Sc,Civil Engineering,HCLTech,Cloud Engineer,ravi.das80@yahoo.com,+91 7990153355,Yes,1,0.434569597069597,43.46
ALU0578,Aarav Singh,Aarav,Singh,2025,M.Tech,Computer Science (Data Science),Google,Software Developer,aarav.singh578@yahoo.com,+91 9396677171,No,0,0.4336517165005537,43.37
ALU0347,Manoj Sharma,Manoj,Sharma,2024,B.Sc,Computer Science (Data Science),KPMG,Software Developer,manoj.sharma347@outlook.com,+91 7958572516,Yes,1,0.4336517165005537,43.37
ALU0008,Harish Iyer,Harish,Iyer,2025,MBA,Computer Science (Data Science),Bosch,Frontend Developer,harish.iyer8@outlook.com,+91 7701808367,No,0,0.4336517165005537,43.37
ALU0721,Isha Patel,Isha,Patel,2018,MBA,Electrical and Electronics Engineering,Capgemini,QA Engineer,isha.patel721@outlook.com,+91 7315807718,No,0,0.4311507936507936,43.12
ALU0389,Sahana Pillai,Sahana,Pillai,2025,B.Sc,Computer Science (Data Science),SAP,UI Developer,sahana.pillai389@proton.me,+91 7794058803,No,0,0.4301319176319176,43.01
ALU0459,Sanjay Das,Sanjay,Das,2025,B.Sc,Computer Science (Data Science),Oracle,UI Developer,sanjay.das459@proton.me,+91 9503133882,No,0,0.4301319176319176,43.01
ALU0545,Charan Gupta,Charan,Gupta,2018,B.Sc,Mechanical Engineering,SAP,Cloud Engineer,charan.gupta545@yahoo.com,+91 9600108647,No,0,0.4298076923076923,42.98
ALU0104,Nandini Shetty,Nandini,Shetty,2020,MCA,Artificial Intelligence and Machine Learning,TCS,Cloud Engineer,nandini.shetty104@yahoo.com,+91 9520878317,No,0,0.4289304993252362,42.89
ALU0227,Divya Verma,Divya,Verma,2019,MCA,Artificial Intelligence and Machine Learning,Deloitte,Cloud Engineer,divya.verma227@yahoo.com,+91 7890251346,No,0,0.4289304993252362,42.89
ALU0240,Kavya Mehta,Kavya,Mehta,2018,M.Tech,Artificial Intelligence and Machine Learning,LTIMindtree,Cloud Engineer,kavya.mehta240@gmail.com,+91 8123362233,No,0,0.4289304993252362,42.89
ALU0581,Srinivas Naidu,Srinivas,Naidu,2023,MBA,Computer Engineering,Amazon,Data Scientist,srinivas.naidu581@yahoo.com,+91 9896923497,No,0,0.4288461538461539,42.88
ALU0703,Lakshmi Singh,Lakshmi,Singh,2017,B.Tech,Electronics and Communication Engineering,TCS,Database Administrator,lakshmi.singh703@outlook.com,+91 9101237808,No,0,0.4287707665403672,42.88
ALU0903,Harish Verma,Harish,Verma,2024,M.Tech,Computer Science (Data Science),PwC,Technical Consultant,harish.verma903@yahoo.com,+91 8725708681,Yes,1,0.4286904761904762,42.87
ALU0901,Sneha Patel,Sneha,Patel,2025,MCA,Computer Science (Data Science),Capgemini,Technical Consultant,sneha.patel901@gmail.com,+91 9449180965,Yes,1,0.4286904761904762,42.87
ALU0663,Deepak Sharma,Deepak,Sharma,2024,M.Tech,Computer Science (Data Science),Cognizant Technology Solutions,Technical Consultant,deepak.sharma663@proton.me,+91 8397488262,Yes,1,0.4286904761904762,42.87
ALU0441,Yash Rao,Yash,Rao,2022,M.Tech,Computer Science (Data Science),Amazon,Associate Consultant,yash.rao441@gmail.com,+91 7272026241,No,0,0.4267460317460317,42.67
ALU0693,Kavya Nair,Kavya,Nair,2022,MBA,Computer Science (Data Science),SAP,Associate Consultant,kavya.nair693@yahoo.com,+91 8833879716,No,0,0.4267460317460317,42.67
ALU0064,Ravi Pillai,Ravi,Pillai,2015,M.Tech,Mechanical Engineering,Walmart Global Tech,QA Engineer,ravi.pillai64@outlook.com,+91 9007425404,Yes,1,0.4263888888888889,42.64
ALU0289,Ashwin Nair,Ashwin,Nair,2015,M.Tech,Mechanical Engineering,Bosch,QA Engineer,ashwin.nair289@yahoo.com,+91 8890743044,No,0,0.4263888888888889,42.64
ALU0813,Karthik Chowdhury,Karthik,Chowdhury,2016,B.Sc,Mechanical Engineering,Cognizant Technology Solutions,QA Engineer,karthik.chowdhury813@outlook.com,+91 8816208531,Yes,1,0.4263888888888889,42.64
ALU0319,Aditi Rao,Aditi,Rao,2018,B.E.,Mechanical Engineering,Deloitte,QA Engineer,aditi.rao319@proton.me,+91 7610622521,No,0,0.4263888888888889,42.64
ALU0098,Rohit Sharma,Rohit,Sharma,2020,B.Sc,Mechanical Engineering,Accenture,QA Engineer,rohit.sharma98@gmail.com,+91 9824629834,No,0,0.4263888888888889,42.64
ALU0112,Pooja Joshi,Pooja,Joshi,2021,B.E.,Electronics and Communication Engineering,KPMG,Project Engineer,pooja.joshi112@outlook.com,+91 7730074215,Yes,1,0.426286334781156,42.63
ALU0044,Priya Kumar,Priya,Kumar,2022,B.E.,Electronics and Communication Engineering,Google,Systems Engineer,priya.kumar44@yahoo.com,+91 7977515194,Yes,1,0.426286334781156,42.63
ALU0723,Pranav Rao,Pranav,Rao,2022,MBA,Electronics and Communication Engineering,SAP,Systems Engineer,pranav.rao723@yahoo.com,+91 7868489173,No,0,0.426286334781156,42.63
ALU0704,Amar Das,Amar,Das,2025,B.Sc,Civil Engineering,PwC,Associate Consultant,amar.das704@gmail.com,+91 7159097113,No,0,0.4261507936507936,42.62
ALU0052,Swathi Chowdhury,Swathi,Chowdhury,2025,B.Sc,Civil Engineering,Google,Associate Consultant,swathi.chowdhury52@outlook.com,+91 9195475598,No,0,0.4261507936507936,42.62
ALU0642,Sahana Kumar,Sahana,Kumar,2025,B.E.,Civil Engineering,Cognizant,Associate Consultant,sahana.kumar642@yahoo.com,+91 8986293827,No,0,0.4261507936507936,42.62
ALU0453,Anusha Gupta,Anusha,Gupta,2016,M.Tech,Computer Science and Engineering,SAP,Database Administrator,anusha.gupta453@gmail.com,+91 8934902523,No,0,0.4226063829787234,42.26
ALU0995,Vishal Pillai,Vishal,Pillai,2016,B.Sc,Computer Science and Engineering,Bosch,Database Administrator,vishal.pillai995@proton.me,+91 8642272651,Yes,1,0.4226063829787234,42.26
ALU0491,Keerthi Sharma,Keerthi,Sharma,2015,MCA,Computer Science and Engineering,Cognizant Technology Solutions,Database Administrator,keerthi.sharma491@proton.me,+91 9534186676,Yes,1,0.4226063829787234,42.26
ALU0561,Aarav Pillai,Aarav,Pillai,2018,B.Sc,Electrical and Electronics Engineering,Tech Mahindra,Senior Software Engineer,aarav.pillai561@yahoo.com,+91 8991509618,Yes,1,0.4211734693877551,42.12
ALU0177,Bhavana Rao,Bhavana,Rao,2015,B.Sc,Civil Engineering,Cognizant,Senior Software Engineer,bhavana.rao177@proton.me,+91 9642900640,Yes,1,0.4211734693877551,42.12
ALU0954,Deepak Gupta,Deepak,Gupta,2020,MCA,Civil Engineering,EY,Senior Software Engineer,deepak.gupta954@yahoo.com,+91 9496177821,No,0,0.4211734693877551,42.12
ALU0780,Meera Bhat,Meera,Bhat,2024,MBA,Artificial Intelligence and Machine Learning,Walmart Global Tech,Associate Consultant,meera.bhat780@outlook.com,+91 9379050651,No,0,0.4205116959064327,42.05
ALU0945,Harish Mehta,Harish,Mehta,2017,B.Tech,Mechanical Engineering,TCS,Data Analyst,harish.mehta945@yahoo.com,+91 7128924554,Yes,1,0.4190315315315315,41.9
ALU0690,Yash Reddy,Yash,Reddy,2016,B.Tech,Electrical and Electronics Engineering,Accenture,Product Analyst,yash.reddy690@gmail.com,+91 9944198153,No,0,0.4189285714285714,41.89
ALU0615,Isha Reddy,Isha,Reddy,2020,B.Tech,Civil Engineering,Cognizant,Product Analyst,isha.reddy615@proton.me,+91 9789875688,No,0,0.4189285714285714,41.89
ALU0554,Shreya Rao,Shreya,Rao,2020,B.Sc,Civil Engineering,PwC,Software Engineer,shreya.rao554@proton.me,+91 9048987473,No,0,0.4184523809523809,41.85
ALU0519,Anusha Chowdhury,Anusha,Chowdhury,2015,B.E.,Civil Engineering,Google,Software Engineer,anusha.chowdhury519@outlook.com,+91 9821296252,No,0,0.4184523809523809,41.85
ALU0566,Akhil Singh,Akhil,Singh,2016,B.E.,Electrical and Electronics Engineering,LTIMindtree,Software Engineer,akhil.singh566@outlook.com,+91 8185840646,Yes,1,0.4184523809523809,41.85
ALU0562,Nikhil Sharma,Nikhil,Sharma,2017,B.Tech,Artificial Intelligence and Machine Learning,Microsoft,Data Analyst,nikhil.sharma562@proton.me,+91 7779982123,Yes,1,0.41815433854907536,41.82
ALU0069,Karthik Rao,Karthik,Rao,2022,MBA,Computer Science (Data Science),Cognizant Technology Solutions,Backend Developer,karthik.rao69@proton.me,+91 8100558303,No,0,0.41785714285714287,41.79
ALU0365,Vikas Nair,Vikas,Nair,2022,M.Tech,Computer Engineering,EY,Software Developer,vikas.nair365@gmail.com,+91 8201628712,No,0,0.417397137745975,41.74
ALU0029,Aditi Das,Aditi,Das,2025,MBA,Civil Engineering,Cognizant,Backend Developer,aditi.das29@yahoo.com,+91 7935018220,Yes,1,0.4172619047619047,41.73
ALU0802,Manoj Sharma,Manoj,Sharma,2024,MCA,Civil Engineering,Amazon,Backend Developer,manoj.sharma802@yahoo.com,+91 7329259035,No,0,0.4172619047619047,41.73
ALU0593,Meera Mehta,Meera,Mehta,2017,B.E.,Mechanical Engineering,Wipro,Senior Software Engineer,meera.mehta593@gmail.com,+91 9354296652,No,0,0.41641156462585033,41.64
ALU0099,Rakesh Kumar,Rakesh,Kumar,2018,MCA,Mechanical Engineering,Bosch,Senior Software Engineer,rakesh.kumar99@proton.me,+91 7221670908,Yes,1,0.41641156462585033,41.64
ALU0580,Shreya Patel,Shreya,Patel,2016,MBA,Electronics and Communication Engineering,PwC,QA Engineer,shreya.patel580@outlook.com,+91 7829441721,Yes,1,0.41588660578386605,41.59
ALU0523,Pooja Iyer,Pooja,Iyer,2018,MCA,Electronics and Communication Engineering,Google,QA Engineer,pooja.iyer523@gmail.com,+91 8121448210,Yes,1,0.41588660578386605,41.59
ALU0767,Bhavana Reddy,Bhavana,Reddy,2017,MCA,Artificial Intelligence and Machine Learning,Oracle,Senior Software Engineer,bhavana.reddy767@proton.me,+91 8461633584,Yes,1,0.41553437164339424,41.55
ALU0828,Arjun Verma,Arjun,Verma,2018,B.E.,Artificial Intelligence and Machine Learning,Tech Mahindra,Senior Software Engineer,arjun.verma828@proton.me,+91 7559201866,No,0,0.41553437164339424,41.55
ALU0067,Nikhil Mehta,Nikhil,Mehta,2019,M.Tech,Artificial Intelligence and Machine Learning,Wipro,Senior Software Engineer,nikhil.mehta67@gmail.com,+91 9316787198,Yes,1,0.41553437164339424,41.55
ALU0760,Isha Reddy,Isha,Reddy,2015,B.E.,Artificial Intelligence and Machine Learning,Tech Mahindra,Senior Software Engineer,isha.reddy760@gmail.com,+91 9808105335,No,0,0.41553437164339424,41.55
ALU0388,Aditya Singh,Aditya,Singh,2017,MBA,Artificial Intelligence and Machine Learning,Wipro,Senior Software Engineer,aditya.singh388@gmail.com,+91 8324367744,No,0,0.41553437164339424,41.55
ALU0038,Anusha Gupta,Anusha,Gupta,2018,MBA,Artificial Intelligence and Machine Learning,KPMG,Senior Software Engineer,anusha.gupta38@yahoo.com,+91 7218179599,Yes,1,0.41553437164339424,41.55
ALU0186,Divya Kumar,Divya,Kumar,2018,B.Tech,Mechanical Engineering,Tech Mahindra,Product Analyst,divya.kumar186@proton.me,+91 9332299081,No,0,0.4141666666666666,41.42
ALU0457,Ashwin Rao,Ashwin,Rao,2021,MCA,Computer Engineering,Tech Mahindra,UI Developer,ashwin.rao457@yahoo.com,+91 9377614706,Yes,1,0.4138773388773389,41.39
ALU0964,Isha Singh,Isha,Singh,2022,B.E.,Computer Engineering,Cognizant Technology Solutions,UI Developer,isha.singh964@proton.me,+91 8981702791,No,0,0.4138773388773389,41.39
ALU0150,Harish Rao,Harish,Rao,2019,B.Sc,Mechanical Engineering,Accenture,Software Engineer,harish.rao150@proton.me,+91 8849649210,Yes,1,0.41369047619047616,41.37
ALU0991,Isha Singh,Isha,Singh,2016,B.Sc,Mechanical Engineering,IBM,Software Engineer,isha.singh991@proton.me,+91 9808877515,No,0,0.41369047619047616,41.37
ALU0816,Manoj Rao,Manoj,Rao,2020,M.Tech,Mechanical Engineering,Tech Mahindra,Software Engineer,manoj.rao816@gmail.com,+91 9844227995,Yes,1,0.41369047619047616,41.37
ALU0634,Meera Pillai,Meera,Pillai,2017,B.Tech,Artificial Intelligence and Machine Learning,LTIMindtree,Product Analyst,meera.pillai634@proton.me,+91 9253338333,Yes,1,0.41328947368421054,41.33
ALU0952,Bhavana Gupta,Bhavana,Gupta,2018,B.Tech,Artificial Intelligence and Machine Learning,Cognizant,Product Analyst,bhavana.gupta952@proton.me,+91 7898668512,Yes,1,0.41328947368421054,41.33
ALU0987,Priya Nair,Priya,Nair,2022,B.Tech,Business Administration,TCS,Software Developer,priya.nair987@proton.me,+91 7866458310,Yes,1,0.4129915433403805,41.3
ALU0568,Karthik Naidu,Karthik,Naidu,2022,B.Tech,Business Administration,LTIMindtree,Software Developer,karthik.naidu568@gmail.com,+91 8526936792,Yes,1,0.4129915433403805,41.3
ALU0697,Akash Sharma,Akash,Sharma,2016,MCA,Artificial Intelligence and Machine Learning,Google,Software Engineer,akash.sharma697@proton.me,+91 7639324232,Yes,1,0.4128132832080201,41.28
ALU0342,Charan Joshi,Charan,Joshi,2017,MBA,Artificial Intelligence and Machine Learning,Accenture,Software Engineer,charan.joshi342@yahoo.com,+91 8843934986,No,0,0.4128132832080201,41.28
ALU0748,Riya Das,Riya,Das,2017,MCA,Artificial Intelligence and Machine Learning,Accenture,Software Engineer,riya.das748@proton.me,+91 9144979311,Yes,1,0.4128132832080201,41.28
ALU0855,Madhav Bhat,Madhav,Bhat,2024,B.Sc,Mechanical Engineering,IBM,Backend Developer,madhav.bhat855@outlook.com,+91 7335954600,No,0,0.4125,41.25
ALU0238,Meera Mishra,Meera,Mishra,2025,B.E.,Information Technology,Bosch,QA Engineer,meera.mishra238@proton.me,+91 9213113588,No,0,0.4125,41.25
ALU0063,Naveen Mehta,Naveen,Mehta,2021,MCA,Computer Engineering,Bosch,Full Stack Developer,naveen.mehta63@proton.me,+91 7942408767,No,0,0.4124358974358975,41.24
ALU0601,Harish Das,Harish,Das,2023,B.Sc,Computer Engineering,EY,Technical Consultant,harish.das601@outlook.com,+91 9985307816,Yes,1,0.4124358974358975,41.24
ALU0863,Akash Pillai,Akash,Pillai,2021,M.Tech,Computer Engineering,Cognizant Technology Solutions,Technical Consultant,akash.pillai863@proton.me,+91 7996027749,Yes,1,0.4124358974358975,41.24
ALU0628,Aarav Bhat,Aarav,Bhat,2022,M.Tech,Computer Engineering,TCS,Technical Consultant,aarav.bhat628@proton.me,+91 8021679756,Yes,1,0.4124358974358975,41.24
ALU0013,Bhavana Naidu,Bhavana,Naidu,2025,M.Tech,Business Administration,Wipro,QA Engineer,bhavana.naidu13@proton.me,+91 9559321289,No,0,0.4110858585858586,41.11
ALU0382,Anil Pillai,Anil,Pillai,2024,MBA,Electronics and Communication Engineering,IBM,Associate Consultant,anil.pillai382@gmail.com,+91 7143506818,No,0,0.41088660578386604,41.09
ALU0543,Nandini Nair,Nandini,Nair,2020,B.Sc,Computer Engineering,EY,Associate Consultant,nandini.nair543@gmail.com,+91 8636687473,No,0,0.41049145299145295,41.05
ALU0656,Naveen Gupta,Naveen,Gupta,2018,MBA,Computer Engineering,Wipro,Associate Consultant,naveen.gupta656@outlook.com,+91 7399071914,No,0,0.41049145299145295,41.05
ALU0986,Deepak Singh,Deepak,Singh,2015,MBA,Computer Engineering,Capgemini,Associate Consultant,deepak.singh986@gmail.com,+91 9726404046,Yes,1,0.41049145299145295,41.05
ALU0898,Sahana Chowdhury,Sahana,Chowdhury,2017,B.E.,Computer Engineering,SAP,Associate Consultant,sahana.chowdhury898@proton.me,+91 9865691288,No,0,0.41049145299145295,41.05
ALU0058,Sneha Bhat,Sneha,Bhat,2017,MBA,Civil Engineering,Google,DevOps Engineer,sneha.bhat58@outlook.com,+91 9738735023,No,0,0.4089285714285714,40.89
ALU0784,Tarun Mehta,Tarun,Mehta,2016,B.E.,Electrical and Electronics Engineering,EY,DevOps Engineer,tarun.mehta784@yahoo.com,+91 9765233838,No,0,0.4089285714285714,40.89
ALU0686,Lakshmi Das,Lakshmi,Das,2018,M.Tech,Electrical and Electronics Engineering,EY,DevOps Engineer,lakshmi.das686@outlook.com,+91 9278231594,No,0,0.4089285714285714,40.89
ALU0482,Aarav Mishra,Aarav,Mishra,2024,M.Tech,Computer Engineering,PwC,Data Analyst,aarav.mishra482@yahoo.com,+91 7902170293,No,0,0.40813409563409564,40.81
ALU0579,Pranav Kumar,Pranav,Kumar,2024,B.Sc,Computer Engineering,Infosys,Data Analyst,pranav.kumar579@yahoo.com,+91 7334729865,Yes,1,0.40813409563409564,40.81
ALU0935,Meera Mehta,Meera,Mehta,2021,B.Tech,Business Administration,Amazon,Full Stack Developer,meera.mehta935@gmail.com,+91 8947386482,No,0,0.408030303030303,40.8
ALU0353,Aditi Joshi,Aditi,Joshi,2022,MBA,Computer Science (Data Science),Cognizant Technology Solutions,Data Scientist,aditi.joshi353@outlook.com,+91 9736820502,No,0,0.4076007326007326,40.76
ALU0324,Varun Bhat,Varun,Bhat,2015,B.Tech,Information Technology,Google,Associate Consultant,varun.bhat324@gmail.com,+91 8837384013,Yes,1,0.4075,40.75
ALU0084,Aditi Rao,Aditi,Rao,2025,M.Tech,Computer Science (Data Science),TCS,Database Administrator,aditi.rao84@yahoo.com,+91 9016044512,No,0,0.4071301925025329,40.71
ALU0923,Aarav Singh,Aarav,Singh,2025,M.Tech,Computer Science (Data Science),HCLTech,Database Administrator,aarav.singh923@proton.me,+91 7732193544,Yes,1,0.4071301925025329,40.71
ALU0501,Tarun Patel,Tarun,Patel,2025,B.E.,Electrical and Electronics Engineering,LTIMindtree,Data Scientist,tarun.patel501@proton.me,+91 9900088306,No,0,0.40700549450549445,40.7
ALU0262,Nikhil Nair,Nikhil,Nair,2015,B.E.,Electronics and Communication Engineering,Accenture,Senior Software Engineer,nikhil.nair262@outlook.com,+91 9987692130,Yes,1,0.4059092815208275,40.59
ALU0535,Priya Mishra,Priya,Mishra,2016,B.Sc,Mechanical Engineering,Bosch,DevOps Engineer,priya.mishra535@outlook.com,+91 9356061869,No,0,0.4041666666666667,40.42
ALU0317,Harish Singh,Harish,Singh,2015,MCA,Mechanical Engineering,PwC,DevOps Engineer,harish.singh317@outlook.com,+91 8390081665,No,0,0.4041666666666667,40.42
ALU0922,Anusha Verma,Anusha,Verma,2018,M.Tech,Mechanical Engineering,Infosys,DevOps Engineer,anusha.verma922@proton.me,+91 9602866012,Yes,1,0.4041666666666667,40.42
ALU0645,Deepak Chowdhury,Deepak,Chowdhury,2016,B.Sc,Mechanical Engineering,Infosys,DevOps Engineer,deepak.chowdhury645@proton.me,+91 7372793655,No,0,0.4041666666666667,40.42
ALU0400,Aditi Verma,Aditi,Verma,2015,MBA,Civil Engineering,HCLTech,Systems Engineer,aditi.verma400@gmail.com,+91 8451123758,No,0,0.4040505226480836,40.41
ALU0909,Arjun Iyer,Arjun,Iyer,2015,B.Sc,Civil Engineering,PwC,Project Engineer,arjun.iyer909@gmail.com,+91 9079500806,Yes,1,0.4040505226480836,40.41
ALU0830,Meera Iyer,Meera,Iyer,2018,MCA,Civil Engineering,Deloitte,Systems Engineer,meera.iyer830@proton.me,+91 7368244826,Yes,1,0.4040505226480836,40.41
ALU0287,Sai Rao,Sai,Rao,2016,B.E.,Electrical and Electronics Engineering,HCLTech,Project Engineer,sai.rao287@yahoo.com,+91 9079757650,Yes,1,0.4040505226480836,40.41
ALU0024,Divya Patel,Divya,Patel,2016,MBA,Electrical and Electronics Engineering,Oracle,Project Engineer,divya.patel24@proton.me,+91 9005855667,Yes,1,0.4040505226480836,40.41
ALU0817,Aditi Verma,Aditi,Verma,2019,MCA,Electrical and Electronics Engineering,Tech Mahindra,Systems Engineer,aditi.verma817@gmail.com,+91 9297423915,Yes,1,0.4040505226480836,40.41
ALU0702,Priya Singh,Priya,Singh,2019,MBA,Electrical and Electronics Engineering,Accenture,Systems Engineer,priya.singh702@proton.me,+91 7364481568,No,0,0.4040505226480836,40.41
ALU0867,Tarun Bhat,Tarun,Bhat,2017,B.Sc,Electrical and Electronics Engineering,Amazon,Systems Engineer,tarun.bhat867@proton.me,+91 7695895299,Yes,1,0.4040505226480836,40.41
ALU0259,Akhil Das,Akhil,Das,2021,M.Tech,Computer Engineering,KPMG,Business Analyst,akhil.das259@proton.me,+91 8043069385,No,0,0.4033302063789869,40.33
ALU0480,Rahul Reddy,Rahul,Reddy,2022,B.E.,Computer Engineering,Deloitte,Business Analyst,rahul.reddy480@proton.me,+91 9343868762,No,0,0.4033302063789869,40.33
ALU0077,Harish Joshi,Harish,Joshi,2019,B.Sc,Artificial Intelligence and Machine Learning,Bosch,DevOps Engineer,harish.joshi77@gmail.com,+91 9218897149,Yes,1,0.40328947368421053,40.33
ALU0812,Karthik Patel,Karthik,Patel,2024,MBA,Computer Engineering,Accenture,Product Analyst,karthik.patel812@yahoo.com,+91 9132241237,Yes,1,0.40326923076923077,40.33
ALU0586,Naveen Reddy,Naveen,Reddy,2019,B.E.,Electronics and Communication Engineering,LTIMindtree,Software Engineer,naveen.reddy586@yahoo.com,+91 9377965146,Yes,1,0.4031881930854534,40.32
ALU0691,Pooja Verma,Pooja,Verma,2019,B.Sc,Electronics and Communication Engineering,Infosys,Software Engineer,pooja.verma691@gmail.com,+91 7244305931,Yes,1,0.4031881930854534,40.32
ALU0434,Harish Pillai,Harish,Pillai,2020,B.E.,Computer Science and Engineering,TCS,Data Analyst,harish.pillai434@gmail.com,+91 9465967350,No,0,0.40236486486486484,40.24
ALU0522,Rahul Mishra,Rahul,Mishra,2018,MCA,Computer Science and Engineering,Wipro,Data Analyst,rahul.mishra522@yahoo.com,+91 9401375748,No,0,0.40236486486486484,40.24
ALU0183,Varun Mehta,Varun,Mehta,2020,B.Sc,Computer Science and Engineering,Oracle,Data Analyst,varun.mehta183@yahoo.com,+91 8035627944,Yes,1,0.40236486486486484,40.24
ALU0710,Madhav Kumar,Madhav,Kumar,2024,B.E.,Mechanical Engineering,Wipro,Data Scientist,madhav.kumar710@yahoo.com,+91 7606607450,No,0,0.4022435897435897,40.22
ALU0931,Aditya Mishra,Aditya,Mishra,2025,B.Sc,Artificial Intelligence and Machine Learning,Deloitte,Data Scientist,aditya.mishra931@proton.me,+91 8023745012,No,0,0.4013663967611336,40.14
ALU0412,Sneha Chowdhury,Sneha,Chowdhury,2024,B.Sc,Artificial Intelligence and Machine Learning,Walmart Global Tech,Data Scientist,sneha.chowdhury412@proton.me,+91 7274178050,No,0,0.4013663967611336,40.14
ALU0526,Nandini Bhat,Nandini,Bhat,2025,M.Tech,Business Administration,TCS,Senior Software Engineer,nandini.bhat526@gmail.com,+91 8107327477,Yes,1,0.40110853432282007,40.11
ALU0108,Anil Menon,Anil,Menon,2022,B.Tech,Information Technology,Amazon,Business Analyst,anil.menon108@gmail.com,+91 9016446768,No,0,0.40033875338753383,40.03
ALU0191,Pooja Bhat,Pooja,Bhat,2015,MBA,Mechanical Engineering,Bosch,Project Engineer,pooja.bhat191@yahoo.com,+91 9746499773,Yes,1,0.39928861788617886,39.93
ALU0940,Bhavana Pillai,Bhavana,Pillai,2019,MCA,Mechanical Engineering,Tech Mahindra,Systems Engineer,bhavana.pillai940@gmail.com,+91 9223421188,Yes,1,0.39928861788617886,39.93
ALU0470,Ananya Joshi,Ananya,Joshi,2018,B.E.,Mechanical Engineering,LTIMindtree,Systems Engineer,ananya.joshi470@yahoo.com,+91 7938215334,No,0,0.39928861788617886,39.93
ALU0215,Anil Shetty,Anil,Shetty,2017,B.Sc,Mechanical Engineering,Microsoft,Systems Engineer,anil.shetty215@gmail.com,+91 8720484983,Yes,1,0.39928861788617886,39.93
ALU0175,Ravi Sharma,Ravi,Sharma,2018,M.Tech,Mechanical Engineering,TCS,Project Engineer,ravi.sharma175@gmail.com,+91 8702756809,No,0,0.39928861788617886,39.93
ALU0041,Ravi Rao,Ravi,Rao,2015,B.Sc,Mechanical Engineering,Infosys,Systems Engineer,ravi.rao41@outlook.com,+91 9929454134,Yes,1,0.39928861788617886,39.93
ALU0814,Bhavana Patel,Bhavana,Patel,2017,B.E.,Artificial Intelligence and Machine Learning,Google,Project Engineer,bhavana.patel814@yahoo.com,+91 9531801378,Yes,1,0.3984114249037227,39.84
ALU0144,Aditya Naidu,Aditya,Naidu,2019,MBA,Artificial Intelligence and Machine Learning,LTIMindtree,Systems Engineer,aditya.naidu144@gmail.com,+91 7779130936,Yes,1,0.3984114249037227,39.84
ALU0939,Ashwin Kumar,Ashwin,Kumar,2015,B.E.,Artificial Intelligence and Machine Learning,Cognizant Technology Solutions,Project Engineer,ashwin.kumar939@yahoo.com,+91 8336543313,Yes,1,0.3984114249037227,39.84
ALU0293,Keerthi Bhat,Keerthi,Bhat,2018,M.Tech,Artificial Intelligence and Machine Learning,Wipro,Project Engineer,keerthi.bhat293@proton.me,+91 7597769760,No,0,0.3984114249037227,39.84
ALU0326,Pranav Naidu,Pranav,Naidu,2015,M.Tech,Artificial Intelligence and Machine Learning,Deloitte,Project Engineer,pranav.naidu326@gmail.com,+91 7408810792,Yes,1,0.3984114249037227,39.84
ALU0766,Siddharth Gupta,Siddharth,Gupta,2020,MBA,Artificial Intelligence and Machine Learning,HCLTech,Systems Engineer,siddharth.gupta766@gmail.com,+91 9295317821,No,0,0.3984114249037227,39.84
ALU0333,Karthik Das,Karthik,Das,2024,MCA,Business Administration,Tech Mahindra,Software Engineer,karthik.das333@yahoo.com,+91 7882382645,Yes,1,0.3983874458874459,39.84
ALU0231,Tejas Mishra,Tejas,Mishra,2018,B.E.,Computer Science and Engineering,Walmart Global Tech,Product Analyst,tejas.mishra231@outlook.com,+91 9739951076,Yes,1,0.39749999999999996,39.75
ALU0145,Srinivas Mehta,Srinivas,Mehta,2016,B.E.,Computer Science and Engineering,Wipro,Product Analyst,srinivas.mehta145@outlook.com,+91 8615742667,No,0,0.39749999999999996,39.75
ALU0717,Arjun Rao,Arjun,Rao,2025,M.Tech,Civil Engineering,IBM,Frontend Developer,arjun.rao717@gmail.com,+91 7232046822,No,0,0.39555647840531555,39.56
ALU0118,Tarun Joshi,Tarun,Joshi,2018,MBA,Electronics and Communication Engineering,Bosch,DevOps Engineer,tarun.joshi118@outlook.com,+91 9698305085,Yes,1,0.3936643835616438,39.37
ALU0992,Aarav Mehta,Aarav,Mehta,2018,M.Tech,Electronics and Communication Engineering,Wipro,DevOps Engineer,aarav.mehta992@yahoo.com,+91 7188716346,Yes,1,0.3936643835616438,39.37
ALU0075,Keerthi Mishra,Keerthi,Mishra,2019,B.Sc,Electronics and Communication Engineering,Wipro,DevOps Engineer,keerthi.mishra75@proton.me,+91 8047385483,No,0,0.3936643835616438,39.37
ALU0660,Sanjay Patel,Sanjay,Patel,2021,MBA,Computer Science (Data Science),LTIMindtree,UI Developer,sanjay.patel660@gmail.com,+91 8297587456,No,0,0.3926319176319176,39.26
ALU0109,Nikhil Chowdhury,Nikhil,Chowdhury,2021,MBA,Computer Science (Data Science),LTIMindtree,UI Developer,nikhil.chowdhury109@proton.me,+91 8360049298,No,0,0.3926319176319176,39.26
ALU0983,Neha Bhat,Neha,Bhat,2022,M.Tech,Computer Science (Data Science),Wipro,UI Developer,neha.bhat983@outlook.com,+91 8880008770,Yes,1,0.3926319176319176,39.26
ALU0738,Riya Pillai,Riya,Pillai,2023,MCA,Computer Science (Data Science),EY,UI Developer,riya.pillai738@yahoo.com,+91 8941232371,No,0,0.3926319176319176,39.26
ALU0910,Rakesh Verma,Rakesh,Verma,2015,B.Sc,Computer Engineering,Cognizant Technology Solutions,Data Scientist,rakesh.verma910@outlook.com,+91 9382450355,Yes,1,0.39134615384615384,39.13
ALU0932,Akhil Gupta,Akhil,Gupta,2023,B.E.,Computer Science (Data Science),Bosch,Technical Consultant,akhil.gupta932@proton.me,+91 7410902725,No,0,0.3911904761904762,39.12
ALU0699,Sahana Shetty,Sahana,Shetty,2021,MBA,Computer Science (Data Science),PwC,Full Stack Developer,sahana.shetty699@gmail.com,+91 8651087940,No,0,0.3911904761904762,39.12
ALU0279,Akhil Patel,Akhil,Patel,2021,B.E.,Computer Science (Data Science),LTIMindtree,Technical Consultant,akhil.patel279@proton.me,+91 8401777036,Yes,1,0.3911904761904762,39.12
ALU0960,Sanjay Menon,Sanjay,Menon,2023,MBA,Computer Science (Data Science),HCLTech,Full Stack Developer,sanjay.menon960@gmail.com,+91 7509331083,Yes,1,0.3911904761904762,39.12
ALU0758,Rakesh Iyer,Rakesh,Iyer,2021,B.E.,Computer Engineering,Google,Database Administrator,rakesh.iyer758@outlook.com,+91 7855804722,Yes,1,0.3908756137479542,39.09
ALU0631,Akash Mishra,Akash,Mishra,2024,B.Sc,Mechanical Engineering,Wipro,Software Developer,akash.mishra631@gmail.com,+91 8790816346,Yes,1,0.3907945736434108,39.08
ALU0370,Madhav Verma,Madhav,Verma,2024,M.Tech,Mechanical Engineering,IBM,Frontend Developer,madhav.verma370@outlook.com,+91 9544851934,No,0,0.3907945736434108,39.08
ALU0143,Arjun Iyer,Arjun,Iyer,2024,B.E.,Electrical and Electronics Engineering,PwC,Technical Consultant,arjun.iyer143@gmail.com,+91 9615613239,No,0,0.39059523809523805,39.06
ALU0888,Meera Mishra,Meera,Mishra,2025,B.E.,Electrical and Electronics Engineering,KPMG,Full Stack Developer,meera.mishra888@gmail.com,+91 8408091983,Yes,1,0.39059523809523805,39.06
ALU0592,Bhavana Kumar,Bhavana,Kumar,2025,MBA,Electrical and Electronics Engineering,Google,Technical Consultant,bhavana.kumar592@gmail.com,+91 7953850512,No,0,0.39059523809523805,39.06
ALU0598,Tejas Bhat,Tejas,Bhat,2024,B.E.,Civil Engineering,Infosys,Full Stack Developer,tejas.bhat598@outlook.com,+91 9943595471,No,0,0.39059523809523805,39.06
ALU0502,Sahana Singh,Sahana,Singh,2024,B.E.,Electrical and Electronics Engineering,TCS,Full Stack Developer,sahana.singh502@gmail.com,+91 7549262370,Yes,1,0.39059523809523805,39.06
ALU0166,Pooja Nair,Pooja,Nair,2025,MBA,Electrical and Electronics Engineering,Cognizant,Technical Consultant,pooja.nair166@gmail.com,+91 8329644079,No,0,0.39059523809523805,39.06
ALU0265,Rakesh Kumar,Rakesh,Kumar,2024,B.E.,Information Technology,TCS,DevOps Engineer,rakesh.kumar265@proton.me,+91 8267841227,Yes,1,0.3902777777777778,39.03
ALU0159,Sahana Bhat,Sahana,Bhat,2025,B.Sc,Artificial Intelligence and Machine Learning,Cognizant Technology Solutions,Software Developer,sahana.bhat159@yahoo.com,+91 9178995337,Yes,1,0.3899173806609547,38.99
ALU0187,Kavya Kumar,Kavya,Kumar,2025,B.E.,Artificial Intelligence and Machine Learning,Oracle,Software Developer,kavya.kumar187@yahoo.com,+91 8173456409,Yes,1,0.3899173806609547,38.99
ALU0356,Nandini Mishra,Nandini,Mishra,2016,B.E.,Computer Science (Data Science),IBM,Associate Consultant,nandini.mishra356@proton.me,+91 8348762713,No,0,0.3892460317460317,38.92
ALU0147,Charan Chowdhury,Charan,Chowdhury,2015,MBA,Computer Science (Data Science),HCLTech,Associate Consultant,charan.chowdhury147@proton.me,+91 9085901151,No,0,0.3892460317460317,38.92
ALU0875,Vikas Joshi,Vikas,Joshi,2020,B.E.,Computer Science (Data Science),Capgemini,Associate Consultant,vikas.joshi875@proton.me,+91 7028293433,Yes,1,0.3892460317460317,38.92
ALU0762,Tarun Joshi,Tarun,Joshi,2024,M.Tech,Business Administration,Amazon,DevOps Engineer,tarun.joshi762@proton.me,+91 9981759978,Yes,1,0.38886363636363636,38.89
ALU0488,Charan Reddy,Charan,Reddy,2020,B.E.,Electronics and Communication Engineering,SAP,Project Engineer,charan.reddy488@yahoo.com,+91 8543980627,Yes,1,0.388786334781156,38.88
ALU0405,Rohit Kumar,Rohit,Kumar,2020,MBA,Electronics and Communication Engineering,HCLTech,Systems Engineer,rohit.kumar405@proton.me,+91 9169501271,No,0,0.388786334781156,38.88
ALU0949,Nikhil Singh,Nikhil,Singh,2019,M.Tech,Electronics and Communication Engineering,Oracle,Systems Engineer,nikhil.singh949@outlook.com,+91 9263133100,No,0,0.388786334781156,38.88
ALU0790,Arjun Mehta,Arjun,Mehta,2022,B.Sc,Electrical and Electronics Engineering,Google,Associate Consultant,arjun.mehta790@gmail.com,+91 7141131770,Yes,1,0.38865079365079364,38.87
ALU0673,Tejas Naidu,Tejas,Naidu,2022,MCA,Electrical and Electronics Engineering,PwC,Associate Consultant,tejas.naidu673@proton.me,+91 8526032931,Yes,1,0.38865079365079364,38.87
ALU0300,Harish Menon,Harish,Menon,2022,B.Sc,Civil Engineering,Accenture,Associate Consultant,harish.menon300@proton.me,+91 8369705770,Yes,1,0.38865079365079364,38.87
ALU0107,Priya Rao,Priya,Rao,2022,B.Tech,Information Technology,KPMG,Database Administrator,priya.rao107@yahoo.com,+91 7431062656,No,0,0.3878841607565012,38.79
ALU0202,Riya Bhat,Riya,Bhat,2025,MCA,Mechanical Engineering,Cognizant,UI Developer,riya.bhat202@outlook.com,+91 7554192345,No,0,0.38727477477477473,38.73
ALU0139,Pranav Rao,Pranav,Rao,2025,M.Tech,Computer Science (Data Science),Wipro,Data Analyst,pranav.rao139@gmail.com,+91 8854895521,Yes,1,0.38688867438867436,38.69
ALU0448,Ananya Chowdhury,Ananya,Chowdhury,2024,MBA,Artificial Intelligence and Machine Learning,KPMG,UI Developer,ananya.chowdhury448@outlook.com,+91 9811468334,No,0,0.38639758179231865,38.64
ALU0123,Yash Iyer,Yash,Iyer,2024,M.Tech,Mechanical Engineering,Accenture,Full Stack Developer,yash.iyer123@proton.me,+91 7107480046,No,0,0.3858333333333333,38.58
ALU0296,Anil Verma,Anil,Verma,2025,MBA,Mechanical Engineering,IBM,Technical Consultant,anil.verma296@gmail.com,+91 9419012709,No,0,0.3858333333333333,38.58
ALU0242,Aditi Patel,Aditi,Patel,2025,B.Sc,Mechanical Engineering,Bosch,Full Stack Developer,aditi.patel242@outlook.com,+91 7573673552,No,0,0.3858333333333333,38.58
ALU0741,Meera Shetty,Meera,Shetty,2025,MCA,Information Technology,EY,Systems Engineer,meera.shetty741@proton.me,+91 8906364408,Yes,1,0.38539972899728997,38.54
ALU0495,Deepak Mishra,Deepak,Mishra,2024,MBA,Information Technology,EY,Systems Engineer,deepak.mishra495@gmail.com,+91 7939820934,No,0,0.38539972899728997,38.54
ALU0428,Harish Reddy,Harish,Reddy,2024,MCA,Information Technology,Accenture,Systems Engineer,harish.reddy428@gmail.com,+91 8611439217,No,0,0.38539972899728997,38.54
ALU0718,Meera Singh,Meera,Singh,2021,B.Sc,Mechanical Engineering,Bosch,Associate Consultant,meera.singh718@gmail.com,+91 7448485198,Yes,1,0.3838888888888889,38.39
ALU0263,Rahul Verma,Rahul,Verma,2023,B.Sc,Artificial Intelligence and Machine Learning,Microsoft,Associate Consultant,rahul.verma263@yahoo.com,+91 8324663629,No,0,0.38301169590643275,38.3
ALU0401,Naveen Iyer,Naveen,Iyer,2022,MBA,Computer Science (Data Science),Deloitte,Business Analyst,naveen.iyer401@yahoo.com,+91 8903145590,No,0,0.38208478513356564,38.21
ALU0049,Vishal Gupta,Vishal,Gupta,2024,B.Sc,Computer Science (Data Science),Tech Mahindra,Product Analyst,vishal.gupta49@yahoo.com,+91 9864283209,No,0,0.3820238095238095,38.2
ALU0994,Tarun Gupta,Tarun,Gupta,2025,MBA,Electrical and Electronics Engineering,Walmart Global Tech,Business Analyst,tarun.gupta994@yahoo.com,+91 7753041097,No,0,0.3814895470383275,38.15
ALU0610,Ravi Nair,Ravi,Nair,2024,B.Sc,Civil Engineering,PwC,Business Analyst,ravi.nair610@outlook.com,+91 9802348672,Yes,1,0.3814895470383275,38.15
ALU0765,Akhil Nair,Akhil,Nair,2019,MCA,Computer Science (Data Science),KPMG,Backend Developer,akhil.nair765@outlook.com,+91 7405911554,Yes,1,0.38035714285714284,38.04
ALU0800,Pranav Shetty,Pranav,Shetty,2018,M.Tech,Computer Science (Data Science),PwC,Backend Developer,pranav.shetty800@yahoo.com,+91 8138832493,Yes,1,0.38035714285714284,38.04
ALU0106,Divya Verma,Divya,Verma,2024,M.Tech,Electronics and Communication Engineering,Amazon,Software Developer,divya.verma106@yahoo.com,+91 9031417512,No,0,0.38029229053838803,38.03
ALU0234,Nandini Sharma,Nandini,Sharma,2025,MCA,Electronics and Communication Engineering,PwC,Software Developer,nandini.sharma234@outlook.com,+91 8794802316,Yes,1,0.38029229053838803,38.03
ALU0637,Shreya Pillai,Shreya,Pillai,2022,B.E.,Business Administration,Deloitte,Cloud Engineer,shreya.pillai637@outlook.com,+91 7006789986,Yes,1,0.37700466200466204,37.7
ALU0989,Yash Sharma,Yash,Sharma,2018,B.Tech,Information Technology,IBM,Software Developer,yash.sharma989@proton.me,+91 9201171190,Yes,1,0.3769056847545219,37.69
ALU0630,Tejas Das,Tejas,Das,2018,B.Tech,Information Technology,Cognizant,Software Developer,tejas.das630@yahoo.com,+91 7157715720,Yes,1,0.3769056847545219,37.69
ALU0278,Srinivas Mehta,Srinivas,Mehta,2025,MCA,Mechanical Engineering,Microsoft,Business Analyst,srinivas.mehta278@gmail.com,+91 9150888898,No,0,0.37672764227642275,37.67
ALU0366,Ashwin Shetty,Ashwin,Shetty,2018,MBA,Computer Engineering,Deloitte,UI Developer,ashwin.shetty366@gmail.com,+91 8642816742,No,0,0.3763773388773389,37.64
ALU0230,Lakshmi Pillai,Lakshmi,Pillai,2018,B.E.,Computer Engineering,HCLTech,UI Developer,lakshmi.pillai230@yahoo.com,+91 7589582865,Yes,1,0.3763773388773389,37.64
ALU0117,Vishal Mehta,Vishal,Mehta,2019,B.Tech,Business Administration,Walmart Global Tech,Software Developer,vishal.mehta117@proton.me,+91 8229194523,Yes,1,0.3754915433403805,37.55
ALU0408,Akhil Naidu,Akhil,Naidu,2024,B.E.,Electronics and Communication Engineering,SAP,Full Stack Developer,akhil.naidu408@outlook.com,+91 8155705163,No,0,0.3753310502283105,37.53
ALU0595,Sai Mehta,Sai,Mehta,2025,MCA,Electronics and Communication Engineering,PwC,Technical Consultant,sai.mehta595@outlook.com,+91 8040735415,Yes,1,0.3753310502283105,37.53
ALU0308,Sanjay Mehta,Sanjay,Mehta,2021,MCA,Information Technology,Cognizant Technology Solutions,QA Engineer,sanjay.mehta308@proton.me,+91 7797806061,No,0,0.375,37.5
ALU0556,Sneha Shetty,Sneha,Shetty,2021,B.E.,Information Technology,SAP,QA Engineer,sneha.shetty556@proton.me,+91 7947437263,No,0,0.375,37.5
ALU0957,Ashwin Sharma,Ashwin,Sharma,2019,M.Tech,Computer Engineering,Oracle,Full Stack Developer,ashwin.sharma957@gmail.com,+91 8998246910,No,0,0.37493589743589745,37.49
ALU0057,Arjun Bhat,Arjun,Bhat,2017,M.Tech,Computer Engineering,PwC,Technical Consultant,arjun.bhat57@yahoo.com,+91 8900838388,No,0,0.37493589743589745,37.49
ALU0636,Ravi Chowdhury,Ravi,Chowdhury,2020,B.Sc,Computer Engineering,Cognizant Technology Solutions,Technical Consultant,ravi.chowdhury636@yahoo.com,+91 7557113691,No,0,0.37493589743589745,37.49
ALU0200,Sneha Mishra,Sneha,Mishra,2020,M.Tech,Computer Engineering,Cognizant,Technical Consultant,sneha.mishra200@gmail.com,+91 7282385977,No,0,0.37493589743589745,37.49
ALU0082,Keerthi Mishra,Keerthi,Mishra,2023,MCA,Artificial Intelligence and Machine Learning,Accenture,Backend Developer,keerthi.mishra82@yahoo.com,+91 7977032766,No,0,0.3741228070175439,37.41
ALU0059,Nandini Menon,Nandini,Menon,2022,MBA,Electronics and Communication Engineering,HCLTech,Associate Consultant,nandini.menon59@gmail.com,+91 8227193073,Yes,1,0.37338660578386607,37.34
ALU0782,Yash Patel,Yash,Patel,2021,M.Tech,Computer Engineering,Walmart Global Tech,Data Analyst,yash.patel782@gmail.com,+91 7615758990,No,0,0.37063409563409566,37.06
ALU0567,Rahul Verma,Rahul,Verma,2015,B.Tech,Business Administration,EY,Technical Consultant,rahul.verma567@outlook.com,+91 8595145112,Yes,1,0.370530303030303,37.05
ALU0929,Rahul Singh,Rahul,Singh,2020,B.Tech,Business Administration,TCS,Full Stack Developer,rahul.singh929@proton.me,+91 7319718936,Yes,1,0.370530303030303,37.05
ALU0664,Riya Naidu,Riya,Naidu,2019,M.Tech,Computer Science (Data Science),Bosch,Data Scientist,riya.naidu664@proton.me,+91 8406207691,No,0,0.37010073260073256,37.01
ALU0304,Anusha Singh,Anusha,Singh,2018,B.Sc,Computer Science (Data Science),Cognizant Technology Solutions,Data Scientist,anusha.singh304@outlook.com,+91 8571069113,No,0,0.37010073260073256,37.01
ALU0930,Divya Naidu,Divya,Naidu,2020,B.Sc,Computer Science (Data Science),SAP,Data Scientist,divya.naidu930@gmail.com,+91 9061440088,No,0,0.37010073260073256,37.01
ALU0839,Riya Joshi,Riya,Joshi,2023,M.Tech,Civil Engineering,EY,Data Scientist,riya.joshi839@outlook.com,+91 7531090911,No,0,0.36950549450549447,36.95
ALU0976,Shreya Gupta,Shreya,Gupta,2024,M.Tech,Civil Engineering,Google,Database Administrator,shreya.gupta976@gmail.com,+91 7391283036,No,0,0.3690349544072948,36.9
ALU0492,Akash Das,Akash,Das,2019,MCA,Computer Engineering,EY,Business Analyst,akash.das492@yahoo.com,+91 8685767569,Yes,1,0.3658302063789869,36.58
ALU0640,Naveen Nair,Naveen,Nair,2023,MCA,Mechanical Engineering,TCS,Data Scientist,naveen.nair640@yahoo.com,+91 8466136834,No,0,0.3647435897435897,36.47
ALU0990,Neha Gupta,Neha,Gupta,2023,MBA,Electronics and Communication Engineering,Bosch,Backend Developer,neha.gupta990@proton.me,+91 8837731893,Yes,1,0.3644977168949772,36.45
ALU0254,Karthik Kumar,Karthik,Kumar,2021,M.Tech,Electronics and Communication Engineering,PwC,Backend Developer,karthik.kumar254@gmail.com,+91 7601877719,No,0,0.3644977168949772,36.45
ALU0716,Tejas Joshi,Tejas,Joshi,2023,MCA,Electronics and Communication Engineering,Google,Backend Developer,tejas.joshi716@yahoo.com,+91 7227929714,Yes,1,0.3644977168949772,36.45
ALU0675,Akash Kumar,Akash,Kumar,2024,M.Tech,Mechanical Engineering,Accenture,Database Administrator,akash.kumar675@proton.me,+91 9965663196,Yes,1,0.36427304964539003,36.43
ALU0193,Amar Verma,Amar,Verma,2025,B.Sc,Mechanical Engineering,Microsoft,Database Administrator,amar.verma193@gmail.com,+91 9598862507,Yes,1,0.36427304964539003,36.43
ALU0709,Ravi Gupta,Ravi,Gupta,2025,M.Tech,Mechanical Engineering,Accenture,Database Administrator,ravi.gupta709@outlook.com,+91 8381218039,Yes,1,0.36427304964539003,36.43
ALU0222,Keerthi Reddy,Keerthi,Reddy,2024,M.Tech,Artificial Intelligence and Machine Learning,SAP,Database Administrator,keerthi.reddy222@outlook.com,+91 7220568746,No,0,0.36339585666293395,36.34
ALU0740,Anil Naidu,Anil,Naidu,2019,B.Tech,Information Technology,EY,Business Analyst,anil.naidu740@outlook.com,+91 9236336378,Yes,1,0.3628387533875338,36.28
ALU0021,Aditya Mishra,Aditya,Mishra,2023,B.E.,Business Administration,Deloitte,Software Engineer,aditya.mishra21@gmail.com,+91 9710566582,Yes,1,0.3608874458874459,36.09
ALU0825,Pranav Naidu,Pranav,Naidu,2021,M.Tech,Business Administration,Deloitte,Software Engineer,pranav.naidu825@gmail.com,+91 9398868010,Yes,1,0.3608874458874459,36.09
ALU0092,Vikas Rao,Vikas,Rao,2019,B.E.,Computer Science (Data Science),Infosys,Frontend Developer,vikas.rao92@yahoo.com,+91 9555694670,No,0,0.35865171650055366,35.87
ALU0451,Sneha Menon,Sneha,Menon,2020,MBA,Computer Science (Data Science),Infosys,Frontend Developer,sneha.menon451@proton.me,+91 7603224661,No,0,0.35865171650055366,35.87
ALU0737,Pooja Iyer,Pooja,Iyer,2023,MBA,Electrical and Electronics Engineering,HCLTech,Software Developer,pooja.iyer737@gmail.com,+91 8601222993,No,0,0.35805647840531557,35.81
ALU0978,Deepak Chowdhury,Deepak,Chowdhury,2021,M.Tech,Electrical and Electronics Engineering,Walmart Global Tech,Frontend Developer,deepak.chowdhury978@gmail.com,+91 8690290029,Yes,1,0.35805647840531557,35.81
ALU0684,Sai Shetty,Sai,Shetty,2021,B.E.,Civil Engineering,SAP,Frontend Developer,sai.shetty684@outlook.com,+91 9481449107,No,0,0.35805647840531557,35.81
ALU0295,Swathi Mehta,Swathi,Mehta,2023,MCA,Electrical and Electronics Engineering,PwC,Software Developer,swathi.mehta295@yahoo.com,+91 9305993661,Yes,1,0.35805647840531557,35.81
ALU0970,Varun Nair,Varun,Nair,2016,B.E.,Computer Science (Data Science),Walmart Global Tech,UI Developer,varun.nair970@outlook.com,+91 7137693023,No,0,0.3551319176319176,35.51
ALU0612,Vikas Mishra,Vikas,Mishra,2017,B.Sc,Computer Science (Data Science),PwC,UI Developer,vikas.mishra612@gmail.com,+91 7790854733,No,0,0.3551319176319176,35.51
ALU0815,Sai Das,Sai,Das,2020,MBA,Computer Science (Data Science),LTIMindtree,UI Developer,sai.das815@proton.me,+91 9039482919,Yes,1,0.3551319176319176,35.51
ALU0161,Tejas Chowdhury,Tejas,Chowdhury,2023,M.Tech,Civil Engineering,Cognizant Technology Solutions,UI Developer,tejas.chowdhury161@gmail.com,+91 8931591531,Yes,1,0.3545366795366795,35.45
ALU0761,Rakesh Naidu,Rakesh,Naidu,2022,MBA,Electronics and Communication Engineering,TCS,Data Scientist,rakesh.naidu761@yahoo.com,+91 9117634585,Yes,1,0.35424130663856696,35.42
ALU0696,Anil Rao,Anil,Rao,2023,M.Tech,Electronics and Communication Engineering,Bosch,Data Scientist,anil.rao696@proton.me,+91 8112380464,Yes,1,0.35424130663856696,35.42
ALU0969,Rahul Sharma,Rahul,Sharma,2023,M.Tech,Electronics and Communication Engineering,EY,Data Scientist,rahul.sharma969@yahoo.com,+91 9446048329,No,0,0.35424130663856696,35.42
ALU0652,Manoj Rao,Manoj,Rao,2017,B.Sc,Computer Science (Data Science),TCS,Technical Consultant,manoj.rao652@gmail.com,+91 7887243074,No,0,0.35369047619047617,35.37
ALU0369,Nandini Mishra,Nandini,Mishra,2018,B.E.,Computer Science (Data Science),Deloitte,Full Stack Developer,nandini.mishra369@yahoo.com,+91 9292179207,Yes,1,0.35369047619047617,35.37
ALU0340,Akhil Verma,Akhil,Verma,2016,M.Tech,Computer Science (Data Science),Google,Technical Consultant,akhil.verma340@gmail.com,+91 8328390707,Yes,1,0.35369047619047617,35.37
ALU0253,Tejas Reddy,Tejas,Reddy,2018,B.E.,Computer Science (Data Science),Accenture,Technical Consultant,tejas.reddy253@gmail.com,+91 8917449772,Yes,1,0.35369047619047617,35.37
ALU0022,Isha Sharma,Isha,Sharma,2015,B.Sc,Computer Science (Data Science),KPMG,Full Stack Developer,isha.sharma22@yahoo.com,+91 9873237671,No,0,0.35369047619047617,35.37
ALU0442,Vikas Gupta,Vikas,Gupta,2015,MBA,Computer Engineering,Cognizant Technology Solutions,Database Administrator,vikas.gupta442@outlook.com,+91 9876959590,No,0,0.3533756137479542,35.34
ALU0476,Amar Kumar,Amar,Kumar,2017,B.Sc,Computer Engineering,Wipro,Database Administrator,amar.kumar476@outlook.com,+91 8110884543,No,0,0.3533756137479542,35.34
ALU0536,Karthik Iyer,Karthik,Iyer,2022,MCA,Mechanical Engineering,Oracle,Frontend Developer,karthik.iyer536@proton.me,+91 8820820806,Yes,1,0.3532945736434108,35.33
ALU0687,Aarav Nair,Aarav,Nair,2022,M.Tech,Mechanical Engineering,KPMG,Software Developer,aarav.nair687@gmail.com,+91 9281887562,No,0,0.3532945736434108,35.33
ALU0857,Vikas Pillai,Vikas,Pillai,2022,MBA,Electrical and Electronics Engineering,Walmart Global Tech,Technical Consultant,vikas.pillai857@proton.me,+91 8300516022,No,0,0.3530952380952381,35.31
ALU0398,Rakesh Iyer,Rakesh,Iyer,2021,MBA,Civil Engineering,Cognizant Technology Solutions,Technical Consultant,rakesh.iyer398@proton.me,+91 7160913827,Yes,1,0.3530952380952381,35.31
ALU0440,Rakesh Mishra,Rakesh,Mishra,2022,MCA,Civil Engineering,IBM,Technical Consultant,rakesh.mishra440@proton.me,+91 8540170604,Yes,1,0.3530952380952381,35.31
ALU0629,Swathi Pillai,Swathi,Pillai,2022,M.Tech,Civil Engineering,Wipro,Technical Consultant,swathi.pillai629@gmail.com,+91 8051035049,No,0,0.3530952380952381,35.31
ALU0020,Vishal Joshi,Vishal,Joshi,2022,MCA,Civil Engineering,Accenture,Full Stack Developer,vishal.joshi20@outlook.com,+91 7274989148,No,0,0.3530952380952381,35.31
ALU0587,Anil Kumar,Anil,Kumar,2022,B.Sc,Information Technology,Cognizant,DevOps Engineer,anil.kumar587@yahoo.com,+91 9500339713,Yes,1,0.3527777777777778,35.28
ALU0807,Amar Singh,Amar,Singh,2021,B.Sc,Artificial Intelligence and Machine Learning,SAP,Frontend Developer,amar.singh807@yahoo.com,+91 9950019339,Yes,1,0.35241738066095474,35.24
ALU0111,Anil Patel,Anil,Patel,2022,B.E.,Artificial Intelligence and Machine Learning,TCS,Software Developer,anil.patel111@yahoo.com,+91 7241030242,No,0,0.35241738066095474,35.24
ALU0532,Tejas Gupta,Tejas,Gupta,2022,MCA,Artificial Intelligence and Machine Learning,EY,Frontend Developer,tejas.gupta532@yahoo.com,+91 8708879427,Yes,1,0.35241738066095474,35.24
ALU0613,Bhavana Reddy,Bhavana,Reddy,2020,M.Tech,Electrical and Electronics Engineering,Tech Mahindra,Associate Consultant,bhavana.reddy613@yahoo.com,+91 7652650570,Yes,1,0.3511507936507936,35.12
ALU0912,Siddharth Naidu,Siddharth,Naidu,2018,MCA,Electrical and Electronics Engineering,PwC,Associate Consultant,siddharth.naidu912@gmail.com,+91 7004299516,No,0,0.3511507936507936,35.12
ALU0115,Pooja Mishra,Pooja,Mishra,2019,MBA,Electrical and Electronics Engineering,HCLTech,Associate Consultant,pooja.mishra115@yahoo.com,+91 7855630484,No,0,0.3511507936507936,35.12
ALU0446,Rahul Verma,Rahul,Verma,2016,M.Tech,Civil Engineering,Cognizant Technology Solutions,Associate Consultant,rahul.verma446@gmail.com,+91 9140852855,No,0,0.3511507936507936,35.12
ALU0357,Arjun Das,Arjun,Das,2020,B.E.,Civil Engineering,Tech Mahindra,Associate Consultant,arjun.das357@yahoo.com,+91 7515024824,Yes,1,0.3511507936507936,35.12
ALU0965,Ananya Gupta,Ananya,Gupta,2018,M.Tech,Electrical and Electronics Engineering,Capgemini,Associate Consultant,ananya.gupta965@proton.me,+91 9398510824,Yes,1,0.3511507936507936,35.12
ALU0105,Bhavana Bhat,Bhavana,Bhat,2023,M.Tech,Mechanical Engineering,LTIMindtree,UI Developer,bhavana.bhat105@proton.me,+91 8955690228,No,0,0.34977477477477475,34.98
ALU0320,Varun Shetty,Varun,Shetty,2021,M.Tech,Computer Science (Data Science),SAP,Data Analyst,varun.shetty320@proton.me,+91 9214542998,No,0,0.3493886743886744,34.94
ALU0588,Isha Iyer,Isha,Iyer,2019,B.Tech,Business Administration,Microsoft,Database Administrator,isha.iyer588@outlook.com,+91 7331578205,No,0,0.3489700193423597,34.9
ALU0071,Naveen Mishra,Naveen,Mishra,2025,M.Tech,Electrical and Electronics Engineering,Capgemini,Data Analyst,naveen.mishra71@outlook.com,+91 7437662764,No,0,0.3487934362934363,34.88
ALU0667,Naveen Mishra,Naveen,Mishra,2025,B.Sc,Electrical and Electronics Engineering,Oracle,Data Analyst,naveen.mishra667@gmail.com,+91 9626332786,No,0,0.3487934362934363,34.88
ALU0294,Karthik Iyer,Karthik,Iyer,2025,B.E.,Electrical and Electronics Engineering,Microsoft,Data Analyst,karthik.iyer294@proton.me,+91 9568106346,No,0,0.3487934362934363,34.88
ALU0618,Riya Chowdhury,Riya,Chowdhury,2022,MBA,Mechanical Engineering,Google,Full Stack Developer,riya.chowdhury618@proton.me,+91 8738889526,Yes,1,0.34833333333333333,34.83
ALU0136,Tejas Mishra,Tejas,Mishra,2023,MBA,Mechanical Engineering,Microsoft,Technical Consultant,tejas.mishra136@yahoo.com,+91 8948692883,No,0,0.34833333333333333,34.83
ALU0350,Nandini Singh,Nandini,Singh,2023,B.E.,Information Technology,TCS,Project Engineer,nandini.singh350@gmail.com,+91 8000717686,No,0,0.34789972899729,34.79
ALU0838,Deepak Kumar,Deepak,Kumar,2022,B.Sc,Information Technology,Google,Project Engineer,deepak.kumar838@gmail.com,+91 9125625600,Yes,1,0.34789972899729,34.79
ALU0756,Lakshmi Shetty,Lakshmi,Shetty,2022,B.Sc,Information Technology,Amazon,Project Engineer,lakshmi.shetty756@outlook.com,+91 9521919170,Yes,1,0.34789972899729,34.79
ALU0848,Sai Bhat,Sai,Bhat,2021,M.Tech,Artificial Intelligence and Machine Learning,Cognizant Technology Solutions,Technical Consultant,sai.bhat848@proton.me,+91 7387502046,No,0,0.34745614035087724,34.75
ALU0171,Yash Verma,Yash,Verma,2022,MCA,Artificial Intelligence and Machine Learning,Google,Full Stack Developer,yash.verma171@outlook.com,+91 8329154472,No,0,0.34745614035087724,34.75
ALU0678,Sahana Bhat,Sahana,Bhat,2023,M.Tech,Business Administration,LTIMindtree,Project Engineer,sahana.bhat678@yahoo.com,+91 8265374436,No,0,0.34648558758314857,34.65
ALU0956,Harish Nair,Harish,Nair,2021,M.Tech,Business Administration,IBM,Systems Engineer,harish.nair956@yahoo.com,+91 9364602747,Yes,1,0.34648558758314857,34.65
ALU0658,Pranav Mehta,Pranav,Mehta,2017,MBA,Mechanical Engineering,LTIMindtree,Associate Consultant,pranav.mehta658@proton.me,+91 7129983470,Yes,1,0.34638888888888886,34.64
ALU0245,Srinivas Das,Srinivas,Das,2017,B.E.,Mechanical Engineering,KPMG,Associate Consultant,srinivas.das245@gmail.com,+91 9921845810,Yes,1,0.34638888888888886,34.64
ALU0755,Pranav Reddy,Pranav,Reddy,2019,B.Sc,Mechanical Engineering,Tech Mahindra,Associate Consultant,pranav.reddy755@gmail.com,+91 7926403640,No,0,0.34638888888888886,34.64
ALU0364,Deepak Joshi,Deepak,Joshi,2018,B.E.,Artificial Intelligence and Machine Learning,HCLTech,Associate Consultant,deepak.joshi364@outlook.com,+91 7148818209,Yes,1,0.3455116959064327,34.55
ALU0190,Neha Patel,Neha,Patel,2016,B.Sc,Artificial Intelligence and Machine Learning,Tech Mahindra,Associate Consultant,neha.patel190@proton.me,+91 7715733827,No,0,0.3455116959064327,34.55
ALU0060,Manoj Gupta,Manoj,Gupta,2020,MCA,Computer Science (Data Science),Cognizant,Business Analyst,manoj.gupta60@outlook.com,+91 8645124051,Yes,1,0.3445847851335656,34.46
ALU0907,Anusha Kumar,Anusha,Kumar,2019,M.Tech,Computer Science (Data Science),LTIMindtree,Business Analyst,anusha.kumar907@proton.me,+91 8392504821,No,0,0.3445847851335656,34.46
ALU0927,Neha Shetty,Neha,Shetty,2021,B.Sc,Computer Science (Data Science),Walmart Global Tech,Product Analyst,neha.shetty927@proton.me,+91 9128477207,No,0,0.3445238095238095,34.45
ALU0133,Riya Joshi,Riya,Joshi,2023,MCA,Computer Science (Data Science),Google,Product Analyst,riya.joshi133@outlook.com,+91 9641863774,Yes,1,0.3445238095238095,34.45
ALU0911,Naveen Mishra,Naveen,Mishra,2021,M.Tech,Computer Science (Data Science),SAP,Product Analyst,naveen.mishra911@outlook.com,+91 7611461750,No,0,0.3445238095238095,34.45
ALU0395,Divya Rao,Divya,Rao,2024,B.Sc,Mechanical Engineering,Wipro,Data Analyst,divya.rao395@proton.me,+91 9389566051,No,0,0.34403153153153154,34.4
ALU0232,Akhil Patel,Akhil,Patel,2021,B.Sc,Civil Engineering,Accenture,Business Analyst,akhil.patel232@gmail.com,+91 9363746243,Yes,1,0.3439895470383275,34.4
ALU0594,Kavya Sharma,Kavya,Sharma,2021,MCA,Electrical and Electronics Engineering,Cognizant,Business Analyst,kavya.sharma594@proton.me,+91 9402158803,Yes,1,0.3439895470383275,34.4
ALU0420,Yash Mehta,Yash,Mehta,2023,B.Sc,Electrical and Electronics Engineering,Infosys,Business Analyst,yash.mehta420@outlook.com,+91 7860267314,No,0,0.3439895470383275,34.4
ALU0574,Neha Sharma,Neha,Sharma,2025,MCA,Electrical and Electronics Engineering,Capgemini,Product Analyst,neha.sharma574@proton.me,+91 9368536195,Yes,1,0.34392857142857136,34.39
ALU0785,Pooja Pillai,Pooja,Pillai,2025,MCA,Electrical and Electronics Engineering,EY,Product Analyst,pooja.pillai785@yahoo.com,+91 7632966915,No,0,0.34392857142857136,34.39
ALU0313,Charan Bhat,Charan,Bhat,2024,MBA,Civil Engineering,PwC,Product Analyst,charan.bhat313@gmail.com,+91 9459788151,Yes,1,0.34392857142857136,34.39
ALU0102,Rohit Patel,Rohit,Patel,2025,B.E.,Civil Engineering,Tech Mahindra,Product Analyst,rohit.patel102@yahoo.com,+91 8784517419,No,0,0.34392857142857136,34.39
ALU0900,Siddharth Kumar,Siddharth,Kumar,2025,M.Tech,Artificial Intelligence and Machine Learning,SAP,Data Analyst,siddharth.kumar900@outlook.com,+91 7106532739,No,0,0.3431543385490754,34.32
ALU0208,Sahana Verma,Sahana,Verma,2025,M.Tech,Artificial Intelligence and Machine Learning,Google,Data Analyst,sahana.verma208@gmail.com,+91 7678950361,No,0,0.3431543385490754,34.32
ALU0538,Anil Iyer,Anil,Iyer,2018,MCA,Electrical and Electronics Engineering,Microsoft,Backend Developer,anil.iyer538@outlook.com,+91 7642304025,No,0,0.3422619047619047,34.23
ALU0713,Ananya Mishra,Ananya,Mishra,2019,M.Tech,Civil Engineering,Cognizant,Backend Developer,ananya.mishra713@outlook.com,+91 9748030488,No,0,0.3422619047619047,34.23
ALU0831,Sahana Rao,Sahana,Rao,2020,MBA,Electrical and Electronics Engineering,Walmart Global Tech,Backend Developer,sahana.rao831@proton.me,+91 8818020775,No,0,0.3422619047619047,34.23
ALU0837,Neha Pillai,Neha,Pillai,2017,MCA,Civil Engineering,Infosys,Backend Developer,neha.pillai837@outlook.com,+91 7234364203,Yes,1,0.3422619047619047,34.23
ALU0806,Pranav Bhat,Pranav,Bhat,2017,B.E.,Information Technology,Walmart Global Tech,Cloud Engineer,pranav.bhat806@proton.me,+91 8762054424,No,0,0.3409188034188034,34.09
ALU0745,Meera Bhat,Meera,Bhat,2017,MCA,Information Technology,PwC,Cloud Engineer,meera.bhat745@outlook.com,+91 7753162653,Yes,1,0.3409188034188034,34.09
ALU0824,Lakshmi Rao,Lakshmi,Rao,2019,B.E.,Business Administration,LTIMindtree,Cloud Engineer,lakshmi.rao824@outlook.com,+91 7362490731,No,0,0.339504662004662,33.95
ALU0280,Varun Iyer,Varun,Iyer,2022,M.Tech,Electronics and Communication Engineering,Oracle,UI Developer,varun.iyer280@proton.me,+91 8854772804,Yes,1,0.339272491669752,33.93
ALU0869,Anil Shetty,Anil,Shetty,2022,B.Sc,Electronics and Communication Engineering,Capgemini,UI Developer,anil.shetty869@gmail.com,+91 7077870311,No,0,0.339272491669752,33.93
ALU0151,Ashwin Mehta,Ashwin,Mehta,2023,MBA,Electronics and Communication Engineering,KPMG,UI Developer,ashwin.mehta151@yahoo.com,+91 7309561891,No,0,0.339272491669752,33.93
ALU0729,Sahana Patel,Sahana,Patel,2022,M.Tech,Electronics and Communication Engineering,Wipro,UI Developer,sahana.patel729@gmail.com,+91 9977098835,No,0,0.339272491669752,33.93
ALU0209,Rakesh Pillai,Rakesh,Pillai,2022,B.E.,Mechanical Engineering,Bosch,Business Analyst,rakesh.pillai209@yahoo.com,+91 8371453454,No,0,0.33922764227642277,33.92
ALU0267,Keerthi Pillai,Keerthi,Pillai,2022,B.E.,Mechanical Engineering,IBM,Business Analyst,keerthi.pillai267@proton.me,+91 7790479137,Yes,1,0.33922764227642277,33.92
ALU0559,Manoj Chowdhury,Manoj,Chowdhury,2022,B.E.,Mechanical Engineering,TCS,Business Analyst,manoj.chowdhury559@gmail.com,+91 9297681898,Yes,1,0.33922764227642277,33.92
ALU0799,Sai Patel,Sai,Patel,2025,B.E.,Mechanical Engineering,EY,Product Analyst,sai.patel799@yahoo.com,+91 7715658458,No,0,0.3391666666666666,33.92
ALU0500,Isha Sharma,Isha,Sharma,2023,MBA,Artificial Intelligence and Machine Learning,Capgemini,Business Analyst,isha.sharma500@outlook.com,+91 7675844672,No,0,0.3383504492939667,33.84
ALU0283,Aarav Nair,Aarav,Nair,2022,B.Sc,Artificial Intelligence and Machine Learning,Accenture,Business Analyst,aarav.nair283@gmail.com,+91 7804841598,No,0,0.3383504492939667,33.84
ALU0951,Neha Chowdhury,Neha,Chowdhury,2021,MBA,Electronics and Communication Engineering,Infosys,Technical Consultant,neha.chowdhury951@outlook.com,+91 9299819036,No,0,0.3378310502283105,33.78
ALU0438,Keerthi Sharma,Keerthi,Sharma,2020,B.Sc,Information Technology,Accenture,QA Engineer,keerthi.sharma438@proton.me,+91 8960818751,No,0,0.33749999999999997,33.75
ALU0290,Ravi Chowdhury,Ravi,Chowdhury,2017,B.Sc,Mechanical Engineering,Bosch,Backend Developer,ravi.chowdhury290@proton.me,+91 8349406919,Yes,1,0.33749999999999997,33.75
ALU0826,Ananya Bhat,Ananya,Bhat,2018,B.Sc,Information Technology,Infosys,QA Engineer,ananya.bhat826@proton.me,+91 9578667149,No,0,0.33749999999999997,33.75
ALU0582,Aditi Shetty,Aditi,Shetty,2016,B.E.,Information Technology,PwC,QA Engineer,aditi.shetty582@yahoo.com,+91 9824077950,Yes,1,0.33749999999999997,33.75
ALU0547,Aditya Rao,Aditya,Rao,2018,MBA,Artificial Intelligence and Machine Learning,Wipro,Backend Developer,aditya.rao547@outlook.com,+91 8705297819,Yes,1,0.3366228070175439,33.66
ALU0899,Bhavana Gupta,Bhavana,Gupta,2016,MCA,Business Administration,Amazon,QA Engineer,bhavana.gupta899@outlook.com,+91 8698217745,No,0,0.3360858585858586,33.61
ALU0399,Manoj Mehta,Manoj,Mehta,2017,MCA,Business Administration,Walmart Global Tech,QA Engineer,manoj.mehta399@gmail.com,+91 8699916883,No,0,0.3360858585858586,33.61
ALU0273,Rahul Bhat,Rahul,Bhat,2024,B.E.,Electronics and Communication Engineering,Tech Mahindra,Data Analyst,rahul.bhat273@gmail.com,+91 7401581601,No,0,0.33352924842650866,33.35
ALU0757,Bhavana Singh,Bhavana,Singh,2019,M.Tech,Computer Engineering,LTIMindtree,Data Analyst,bhavana.singh757@proton.me,+91 7379882490,Yes,1,0.33313409563409563,33.31
ALU0979,Karthik Naidu,Karthik,Naidu,2019,MBA,Computer Engineering,Tech Mahindra,Data Analyst,karthik.naidu979@outlook.com,+91 9119513018,No,0,0.33313409563409563,33.31
ALU0216,Srinivas Das,Srinivas,Das,2018,B.Sc,Computer Engineering,Tech Mahindra,Data Analyst,srinivas.das216@proton.me,+91 9165761020,No,0,0.33313409563409563,33.31
ALU0100,Manoj Das,Manoj,Das,2017,B.Sc,Civil Engineering,EY,Data Scientist,manoj.das100@gmail.com,+91 9705925058,Yes,1,0.33200549450549444,33.2
ALU0934,Riya Kumar,Riya,Kumar,2019,MCA,Electrical and Electronics Engineering,Wipro,Data Scientist,riya.kumar934@gmail.com,+91 9401995051,Yes,1,0.33200549450549444,33.2
ALU0590,Ananya Kumar,Ananya,Kumar,2020,B.Sc,Electrical and Electronics Engineering,Amazon,Data Scientist,ananya.kumar590@outlook.com,+91 9803665224,Yes,1,0.33200549450549444,33.2
ALU0142,Srinivas Menon,Srinivas,Menon,2018,B.E.,Civil Engineering,Deloitte,Data Scientist,srinivas.menon142@yahoo.com,+91 9389142017,No,0,0.33200549450549444,33.2
ALU0271,Siddharth Nair,Siddharth,Nair,2015,MCA,Electrical and Electronics Engineering,IBM,Data Scientist,siddharth.nair271@gmail.com,+91 9252218154,Yes,1,0.33200549450549444,33.2
ALU0711,Charan Joshi,Charan,Joshi,2023,B.E.,Civil Engineering,Deloitte,Database Administrator,charan.joshi711@gmail.com,+91 7572823571,Yes,1,0.3315349544072948,33.15
ALU0731,Charan Bhat,Charan,Bhat,2024,MBA,Business Administration,TCS,Associate Consultant,charan.bhat731@proton.me,+91 7595385173,No,0,0.3310858585858586,33.11
ALU0349,Divya Nair,Divya,Nair,2024,B.Sc,Business Administration,Deloitte,Associate Consultant,divya.nair349@yahoo.com,+91 9541293188,No,0,0.3310858585858586,33.11
ALU0682,Aarav Patel,Aarav,Patel,2024,B.E.,Business Administration,Cognizant,Associate Consultant,aarav.patel682@yahoo.com,+91 7753334536,No,0,0.3310858585858586,33.11
ALU0676,Bhavana Menon,Bhavana,Menon,2019,M.Tech,Computer Engineering,Wipro,Product Analyst,bhavana.menon676@gmail.com,+91 8053260431,No,0,0.32826923076923076,32.83
ALU0337,Harish Kumar,Harish,Kumar,2015,M.Tech,Computer Engineering,Tech Mahindra,Product Analyst,harish.kumar337@proton.me,+91 8819241774,No,0,0.32826923076923076,32.83
ALU0953,Sahana Chowdhury,Sahana,Chowdhury,2016,B.E.,Computer Engineering,Microsoft,Product Analyst,sahana.chowdhury953@yahoo.com,+91 9141418189,No,0,0.32826923076923076,32.83
ALU0012,Swathi Mehta,Swathi,Mehta,2020,B.E.,Information Technology,KPMG,Senior Software Engineer,swathi.mehta12@gmail.com,+91 7202363285,Yes,1,0.3275226757369614,32.75
ALU0575,Tejas Nair,Tejas,Nair,2020,M.Tech,Mechanical Engineering,Accenture,Data Scientist,tejas.nair575@gmail.com,+91 7188021892,Yes,1,0.3272435897435897,32.72
ALU0734,Tejas Gupta,Tejas,Gupta,2015,MCA,Mechanical Engineering,Infosys,Data Scientist,tejas.gupta734@proton.me,+91 8570200796,No,0,0.3272435897435897,32.72
ALU0617,Madhav Reddy,Madhav,Reddy,2019,M.Tech,Electronics and Communication Engineering,Walmart Global Tech,Backend Developer,madhav.reddy617@outlook.com,+91 7284053367,Yes,1,0.32699771689497714,32.7
ALU0496,Isha Sharma,Isha,Sharma,2019,B.Sc,Electronics and Communication Engineering,Infosys,Backend Developer,isha.sharma496@yahoo.com,+91 8666847218,No,0,0.32699771689497714,32.7
ALU0418,Isha Nair,Isha,Nair,2021,B.Sc,Mechanical Engineering,HCLTech,Database Administrator,isha.nair418@yahoo.com,+91 8991836726,Yes,1,0.32677304964539006,32.68
ALU0244,Shreya Bhat,Shreya,Bhat,2023,MBA,Mechanical Engineering,Wipro,Database Administrator,shreya.bhat244@gmail.com,+91 7265248799,Yes,1,0.32677304964539006,32.68
ALU0770,Tarun Menon,Tarun,Menon,2020,B.E.,Artificial Intelligence and Machine Learning,TCS,Data Scientist,tarun.menon770@outlook.com,+91 7552824466,Yes,1,0.3263663967611336,32.64
ALU0128,Siddharth Joshi,Siddharth,Joshi,2015,M.Tech,Artificial Intelligence and Machine Learning,Capgemini,Data Scientist,siddharth.joshi128@proton.me,+91 7393734347,Yes,1,0.3263663967611336,32.64
ALU0228,Neha Pillai,Neha,Pillai,2020,MCA,Artificial Intelligence and Machine Learning,Tech Mahindra,Data Scientist,neha.pillai228@proton.me,+91 8694503971,No,0,0.3263663967611336,32.64
ALU0023,Harish Das,Harish,Das,2017,MBA,Business Administration,Cognizant Technology Solutions,Senior Software Engineer,harish.das23@outlook.com,+91 9031403296,No,0,0.32610853432282005,32.61
ALU0266,Divya Gupta,Divya,Gupta,2018,M.Tech,Business Administration,Deloitte,Senior Software Engineer,divya.gupta266@yahoo.com,+91 8105209993,No,0,0.32610853432282005,32.61
ALU0650,Akash Patel,Akash,Patel,2023,MBA,Artificial Intelligence and Machine Learning,TCS,Database Administrator,akash.patel650@yahoo.com,+91 9743843492,Yes,1,0.32589585666293397,32.59
ALU0132,Aditya Naidu,Aditya,Naidu,2019,B.Tech,Information Technology,Amazon,Product Analyst,aditya.naidu132@gmail.com,+91 7272979685,No,0,0.3252777777777778,32.53
ALU0560,Deepak Patel,Deepak,Patel,2019,B.Sc,Information Technology,Google,Software Engineer,deepak.patel560@outlook.com,+91 7387393108,Yes,1,0.3248015873015873,32.48
ALU0427,Nikhil Pillai,Nikhil,Pillai,2020,B.E.,Information Technology,Microsoft,Software Engineer,nikhil.pillai427@outlook.com,+91 7963452923,Yes,1,0.3248015873015873,32.48
ALU0776,Shreya Singh,Shreya,Singh,2018,B.Sc,Information Technology,PwC,Software Engineer,shreya.singh776@gmail.com,+91 7919189079,No,0,0.3248015873015873,32.48
ALU0671,Pranav Shetty,Pranav,Shetty,2017,B.Sc,Information Technology,Cognizant,Software Engineer,pranav.shetty671@gmail.com,+91 9784810609,Yes,1,0.3248015873015873,32.48
ALU0130,Swathi Singh,Swathi,Singh,2018,B.Sc,Information Technology,Bosch,Software Engineer,swathi.singh130@yahoo.com,+91 7621430136,Yes,1,0.3248015873015873,32.48
ALU0904,Sai Reddy,Sai,Reddy,2020,M.Tech,Information Technology,Amazon,Software Engineer,sai.reddy904@yahoo.com,+91 8640724675,No,0,0.3248015873015873,32.48
ALU0665,Vikas Kumar,Vikas,Kumar,2016,B.E.,Information Technology,Cognizant Technology Solutions,Software Engineer,vikas.kumar665@outlook.com,+91 9838463998,Yes,1,0.3248015873015873,32.48
ALU0896,Akhil Nair,Akhil,Nair,2019,B.E.,Information Technology,EY,Software Engineer,akhil.nair896@gmail.com,+91 9351654798,No,0,0.3248015873015873,32.48
ALU0868,Meera Sharma,Meera,Sharma,2025,M.Tech,Information Technology,IBM,Backend Developer,meera.sharma868@outlook.com,+91 9601672187,No,0,0.32361111111111107,32.36
ALU0827,Bhavana Sharma,Bhavana,Sharma,2020,B.E.,Business Administration,Accenture,Software Engineer,bhavana.sharma827@proton.me,+91 8948660439,No,0,0.3233874458874459,32.34
ALU0597,Pooja Singh,Pooja,Singh,2020,B.Sc,Business Administration,SAP,Software Engineer,pooja.singh597@yahoo.com,+91 7726945805,No,0,0.3233874458874459,32.34
ALU0065,Tejas Das,Tejas,Das,2015,M.Tech,Business Administration,Cognizant Technology Solutions,Software Engineer,tejas.das65@gmail.com,+91 9760588734,No,0,0.3233874458874459,32.34
ALU0384,Sneha Sharma,Sneha,Sharma,2020,MCA,Business Administration,EY,Software Engineer,sneha.sharma384@proton.me,+91 9807341727,Yes,1,0.3233874458874459,32.34
ALU0467,Sneha Iyer,Sneha,Iyer,2017,B.E.,Business Administration,HCLTech,Software Engineer,sneha.iyer467@yahoo.com,+91 9002877824,Yes,1,0.3233874458874459,32.34
ALU0584,Keerthi Gupta,Keerthi,Gupta,2024,B.E.,Business Administration,PwC,Backend Developer,keerthi.gupta584@proton.me,+91 9363257229,No,0,0.32219696969696965,32.22
ALU0306,Swathi Patel,Swathi,Patel,2020,B.Sc,Civil Engineering,Bosch,Frontend Developer,swathi.patel306@yahoo.com,+91 9639190897,Yes,1,0.32055647840531554,32.06
ALU0149,Shreya Nair,Shreya,Nair,2015,B.E.,Electrical and Electronics Engineering,Bosch,Software Developer,shreya.nair149@gmail.com,+91 7877990647,No,0,0.32055647840531554,32.06
ALU0849,Pranav Chowdhury,Pranav,Chowdhury,2017,M.Tech,Electrical and Electronics Engineering,Wipro,Software Developer,pranav.chowdhury849@yahoo.com,+91 8990824177,Yes,1,0.32055647840531554,32.06
ALU0820,Lakshmi Shetty,Lakshmi,Shetty,2020,MBA,Electrical and Electronics Engineering,Accenture,Frontend Developer,lakshmi.shetty820@yahoo.com,+91 9174690195,Yes,1,0.32055647840531554,32.06
ALU0018,Srinivas Sharma,Srinivas,Sharma,2016,MBA,Civil Engineering,Wipro,UI Developer,srinivas.sharma18@outlook.com,+91 7551437149,No,0,0.31703667953667947,31.7
ALU0551,Rohit Das,Rohit,Das,2019,MCA,Civil Engineering,Cognizant,UI Developer,rohit.das551@outlook.com,+91 9537599506,No,0,0.31703667953667947,31.7
ALU0449,Nikhil Joshi,Nikhil,Joshi,2015,B.E.,Civil Engineering,LTIMindtree,UI Developer,nikhil.joshi449@proton.me,+91 9822511659,No,0,0.31703667953667947,31.7
ALU0993,Harish Shetty,Harish,Shetty,2019,MCA,Civil Engineering,Accenture,UI Developer,harish.shetty993@outlook.com,+91 8082074708,Yes,1,0.31703667953667947,31.7
ALU0061,Anusha Singh,Anusha,Singh,2016,M.Tech,Electrical and Electronics Engineering,LTIMindtree,UI Developer,anusha.singh61@proton.me,+91 8785736751,Yes,1,0.31703667953667947,31.7
ALU0113,Ananya Chowdhury,Ananya,Chowdhury,2021,MCA,Electronics and Communication Engineering,EY,Database Administrator,ananya.chowdhury113@outlook.com,+91 7997241761,No,0,0.31627076654036723,31.63
ALU0212,Karthik Naidu,Karthik,Naidu,2020,MCA,Mechanical Engineering,Capgemini,Frontend Developer,karthik.naidu212@proton.me,+91 9210726347,No,0,0.3157945736434108,31.58
ALU0445,Amar Pillai,Amar,Pillai,2020,B.E.,Mechanical Engineering,HCLTech,Software Developer,amar.pillai445@outlook.com,+91 9364360455,No,0,0.3157945736434108,31.58
ALU0030,Swathi Das,Swathi,Das,2015,MBA,Mechanical Engineering,Infosys,Software Developer,swathi.das30@proton.me,+91 9159725924,Yes,1,0.3157945736434108,31.58
ALU0657,Anil Bhat,Anil,Bhat,2019,MBA,Civil Engineering,EY,Full Stack Developer,anil.bhat657@outlook.com,+91 7617279928,No,0,0.31559523809523804,31.56
ALU0302,Sneha Naidu,Sneha,Naidu,2020,MCA,Electrical and Electronics Engineering,Google,Full Stack Developer,sneha.naidu302@proton.me,+91 9704799972,Yes,1,0.31559523809523804,31.56
ALU0258,Naveen Mehta,Naveen,Mehta,2017,MCA,Civil Engineering,Deloitte,Full Stack Developer,naveen.mehta258@yahoo.com,+91 7619986018,No,0,0.31559523809523804,31.56
ALU0462,Harish Das,Harish,Das,2015,B.Sc,Civil Engineering,Accenture,Technical Consultant,harish.das462@outlook.com,+91 9779356860,No,0,0.31559523809523804,31.56
ALU0938,Varun Menon,Varun,Menon,2019,B.Sc,Electrical and Electronics Engineering,EY,Technical Consultant,varun.menon938@proton.me,+91 7798534963,Yes,1,0.31559523809523804,31.56
ALU0549,Tejas Rao,Tejas,Rao,2016,MBA,Electrical and Electronics Engineering,Tech Mahindra,Full Stack Developer,tejas.rao549@outlook.com,+91 8220523522,No,0,0.31559523809523804,31.56
ALU0127,Manoj Kumar,Manoj,Kumar,2020,B.E.,Civil Engineering,Google,Full Stack Developer,manoj.kumar127@yahoo.com,+91 7426724858,No,0,0.31559523809523804,31.56
ALU0396,Sneha Gupta,Sneha,Gupta,2019,MCA,Civil Engineering,TCS,Technical Consultant,sneha.gupta396@proton.me,+91 7483264745,No,0,0.31559523809523804,31.56
ALU0942,Amar Gupta,Amar,Gupta,2018,MBA,Civil Engineering,Google,Technical Consultant,amar.gupta942@yahoo.com,+91 9484255247,No,0,0.31559523809523804,31.56
ALU0168,Naveen Naidu,Naveen,Naidu,2018,B.Sc,Civil Engineering,Capgemini,Full Stack Developer,naveen.naidu168@outlook.com,+91 7665484476,Yes,1,0.31559523809523804,31.56
ALU0355,Neha Mehta,Neha,Mehta,2020,B.Sc,Civil Engineering,HCLTech,Full Stack Developer,neha.mehta355@gmail.com,+91 7870644102,Yes,1,0.31559523809523804,31.56
ALU0288,Pranav Iyer,Pranav,Iyer,2018,MBA,Civil Engineering,Bosch,Technical Consultant,pranav.iyer288@outlook.com,+91 8966500767,Yes,1,0.31559523809523804,31.56
ALU0291,Rahul Gupta,Rahul,Gupta,2019,MBA,Civil Engineering,Cognizant Technology Solutions,Full Stack Developer,rahul.gupta291@yahoo.com,+91 8615145225,No,0,0.31559523809523804,31.56
ALU0196,Sneha Patel,Sneha,Patel,2019,B.Sc,Civil Engineering,Capgemini,Technical Consultant,sneha.patel196@yahoo.com,+91 9980624159,No,0,0.31559523809523804,31.56
ALU0074,Varun Bhat,Varun,Bhat,2017,M.Tech,Information Technology,KPMG,DevOps Engineer,varun.bhat74@proton.me,+91 8996617659,No,0,0.31527777777777777,31.53
ALU0461,Akhil Kumar,Akhil,Kumar,2018,B.Sc,Information Technology,Tech Mahindra,DevOps Engineer,akhil.kumar461@outlook.com,+91 7266428954,No,0,0.31527777777777777,31.53
ALU0237,Manoj Singh,Manoj,Singh,2016,B.Sc,Information Technology,Google,DevOps Engineer,manoj.singh237@outlook.com,+91 7060491148,No,0,0.31527777777777777,31.53
ALU0876,Sahana Gupta,Sahana,Gupta,2019,MCA,Information Technology,Wipro,DevOps Engineer,sahana.gupta876@yahoo.com,+91 8782448387,No,0,0.31527777777777777,31.53
ALU0840,Ananya Singh,Ananya,Singh,2019,B.E.,Information Technology,KPMG,DevOps Engineer,ananya.singh840@outlook.com,+91 9506316951,Yes,1,0.31527777777777777,31.53
ALU0537,Rakesh Joshi,Rakesh,Joshi,2020,M.Tech,Artificial Intelligence and Machine Learning,Google,Frontend Developer,rakesh.joshi537@outlook.com,+91 9473440423,Yes,1,0.3149173806609547,31.49
ALU0352,Rakesh Pillai,Rakesh,Pillai,2015,B.E.,Artificial Intelligence and Machine Learning,Wipro,Software Developer,rakesh.pillai352@outlook.com,+91 9232348845,No,0,0.3149173806609547,31.49
ALU0359,Rahul Menon,Rahul,Menon,2015,MBA,Artificial Intelligence and Machine Learning,HCLTech,Frontend Developer,rahul.menon359@gmail.com,+91 8736851379,No,0,0.3149173806609547,31.49
ALU0422,Neha Kumar,Neha,Kumar,2015,M.Tech,Artificial Intelligence and Machine Learning,Capgemini,Frontend Developer,neha.kumar422@outlook.com,+91 9102717570,Yes,1,0.3149173806609547,31.49
ALU0256,Vishal Menon,Vishal,Menon,2018,M.Tech,Artificial Intelligence and Machine Learning,HCLTech,Software Developer,vishal.menon256@outlook.com,+91 9688620050,No,0,0.3149173806609547,31.49
ALU0847,Ravi Nair,Ravi,Nair,2025,MCA,Information Technology,Oracle,Data Scientist,ravi.nair847@yahoo.com,+91 9201828849,Yes,1,0.31335470085470085,31.34
ALU0789,Sai Menon,Sai,Menon,2019,MCA,Mechanical Engineering,PwC,UI Developer,sai.menon789@gmail.com,+91 7135714617,No,0,0.3122747747747747,31.23
ALU0481,Varun Rao,Varun,Rao,2019,MBA,Mechanical Engineering,TCS,UI Developer,varun.rao481@outlook.com,+91 7529290976,Yes,1,0.3122747747747747,31.23
ALU0397,Bhavana Rao,Bhavana,Rao,2024,MCA,Business Administration,Accenture,Data Scientist,bhavana.rao397@gmail.com,+91 8228759446,No,0,0.31194055944055943,31.19
ALU0031,Akhil Menon,Akhil,Menon,2016,B.E.,Computer Science (Data Science),Bosch,Data Analyst,akhil.menon31@outlook.com,+91 8734202799,Yes,1,0.31188867438867435,31.19
ALU0733,Shreya Kumar,Shreya,Kumar,2019,M.Tech,Artificial Intelligence and Machine Learning,Bosch,UI Developer,shreya.kumar733@outlook.com,+91 9940614579,Yes,1,0.31139758179231863,31.14
ALU0201,Rahul Pillai,Rahul,Pillai,2023,M.Tech,Electrical and Electronics Engineering,Cognizant Technology Solutions,Data Analyst,rahul.pillai201@outlook.com,+91 8361623473,Yes,1,0.31129343629343625,31.13
ALU0331,Varun Rao,Varun,Rao,2021,MCA,Civil Engineering,Capgemini,Data Analyst,varun.rao331@gmail.com,+91 7601351841,Yes,1,0.31129343629343625,31.13
ALU0332,Swathi Mehta,Swathi,Mehta,2020,M.Tech,Mechanical Engineering,Cognizant,Full Stack Developer,swathi.mehta332@yahoo.com,+91 9768624284,Yes,1,0.3108333333333333,31.08
ALU0471,Sneha Reddy,Sneha,Reddy,2016,MBA,Mechanical Engineering,Google,Full Stack Developer,sneha.reddy471@outlook.com,+91 7171271484,No,0,0.3108333333333333,31.08
ALU0047,Tarun Shetty,Tarun,Shetty,2020,MBA,Mechanical Engineering,Amazon,Technical Consultant,tarun.shetty47@gmail.com,+91 8654401763,Yes,1,0.3108333333333333,31.08
ALU0025,Yash Patel,Yash,Patel,2015,M.Tech,Mechanical Engineering,Accenture,Full Stack Developer,yash.patel25@outlook.com,+91 7816941039,No,0,0.3108333333333333,31.08
ALU0544,Rohit Rao,Rohit,Rao,2017,MBA,Mechanical Engineering,Amazon,Technical Consultant,rohit.rao544@proton.me,+91 7306420495,Yes,1,0.3108333333333333,31.08
ALU0043,Rakesh Reddy,Rakesh,Reddy,2017,MBA,Mechanical Engineering,Amazon,Full Stack Developer,rakesh.reddy43@yahoo.com,+91 7683749521,Yes,1,0.3108333333333333,31.08
ALU0394,Deepak Naidu,Deepak,Naidu,2018,B.E.,Information Technology,Infosys,Project Engineer,deepak.naidu394@gmail.com,+91 9934001543,No,0,0.31039972899728996,31.04
ALU0823,Arjun Naidu,Arjun,Naidu,2018,MCA,Information Technology,Bosch,Project Engineer,arjun.naidu823@yahoo.com,+91 8939134358,No,0,0.31039972899728996,31.04
ALU0783,Rahul Mishra,Rahul,Mishra,2016,MBA,Information Technology,Wipro,Systems Engineer,rahul.mishra783@outlook.com,+91 8454411858,Yes,1,0.31039972899728996,31.04
ALU0050,Neha Mehta,Neha,Mehta,2019,MCA,Information Technology,Capgemini,Project Engineer,neha.mehta50@proton.me,+91 9909058412,Yes,1,0.31039972899728996,31.04
ALU0893,Rohit Pillai,Rohit,Pillai,2015,MBA,Information Technology,PwC,Systems Engineer,rohit.pillai893@gmail.com,+91 9583853222,No,0,0.31039972899728996,31.04
ALU0437,Anil Kumar,Anil,Kumar,2015,B.E.,Information Technology,LTIMindtree,Systems Engineer,anil.kumar437@proton.me,+91 9670640892,No,0,0.31039972899728996,31.04
ALU0120,Neha Shetty,Neha,Shetty,2017,B.E.,Information Technology,PwC,Systems Engineer,neha.shetty120@yahoo.com,+91 7706712922,No,0,0.31039972899728996,31.04
ALU0571,Siddharth Pillai,Siddharth,Pillai,2018,MCA,Information Technology,PwC,Systems Engineer,siddharth.pillai571@yahoo.com,+91 9011740002,No,0,0.31039972899728996,31.04
ALU0464,Sneha Kumar,Sneha,Kumar,2015,MBA,Artificial Intelligence and Machine Learning,Capgemini,Technical Consultant,sneha.kumar464@proton.me,+91 7968723414,No,0,0.3099561403508772,31.0
ALU0001,Varun Patel,Varun,Patel,2015,MBA,Artificial Intelligence and Machine Learning,Deloitte,Full Stack Developer,varun.patel1@outlook.com,+91 7440213415,Yes,1,0.3099561403508772,31.0
ALU0681,Ashwin Menon,Ashwin,Menon,2016,B.Sc,Artificial Intelligence and Machine Learning,Cognizant,Technical Consultant,ashwin.menon681@yahoo.com,+91 8182048491,No,0,0.3099561403508772,31.0
ALU0653,Sneha Gupta,Sneha,Gupta,2019,B.E.,Artificial Intelligence and Machine Learning,Cognizant Technology Solutions,Full Stack Developer,sneha.gupta653@outlook.com,+91 7305985809,No,0,0.3099561403508772,31.0
ALU0977,Vikas Bhat,Vikas,Bhat,2020,MBA,Artificial Intelligence and Machine Learning,Microsoft,Technical Consultant,vikas.bhat977@outlook.com,+91 8782638028,Yes,1,0.3099561403508772,31.0
ALU0662,Amar Gupta,Amar,Gupta,2018,MBA,Business Administration,Amazon,Project Engineer,amar.gupta662@yahoo.com,+91 9338725151,Yes,1,0.30898558758314854,30.9
ALU0980,Madhav Das,Madhav,Das,2016,B.Sc,Computer Science (Data Science),Accenture,Product Analyst,madhav.das980@yahoo.com,+91 8761349189,No,0,0.3070238095238095,30.7
ALU0705,Akhil Gupta,Akhil,Gupta,2015,M.Tech,Computer Science (Data Science),Capgemini,Product Analyst,akhil.gupta705@proton.me,+91 9912322067,Yes,1,0.3070238095238095,30.7
ALU0864,Shreya Reddy,Shreya,Reddy,2021,MCA,Mechanical Engineering,PwC,Data Analyst,shreya.reddy864@yahoo.com,+91 9784428542,No,0,0.3065315315315315,30.65
ALU0421,Rakesh Mishra,Rakesh,Mishra,2022,B.E.,Mechanical Engineering,IBM,Data Analyst,rakesh.mishra421@proton.me,+91 8428632583,Yes,1,0.3065315315315315,30.65
ALU0042,Vishal Patel,Vishal,Patel,2020,MCA,Electrical and Electronics Engineering,Bosch,Business Analyst,vishal.patel42@outlook.com,+91 7697939765,Yes,1,0.3064895470383275,30.65
ALU0286,Srinivas Menon,Srinivas,Menon,2017,MBA,Electrical and Electronics Engineering,IBM,Business Analyst,srinivas.menon286@yahoo.com,+91 8293348937,No,0,0.3064895470383275,30.65
ALU0553,Ananya Bhat,Ananya,Bhat,2019,B.Sc,Electrical and Electronics Engineering,HCLTech,Business Analyst,ananya.bhat553@yahoo.com,+91 7045336904,Yes,1,0.3064895470383275,30.65
ALU0895,Naveen Joshi,Naveen,Joshi,2019,B.Sc,Civil Engineering,TCS,Business Analyst,naveen.joshi895@outlook.com,+91 9532416852,No,0,0.3064895470383275,30.65
ALU0877,Varun Verma,Varun,Verma,2017,MCA,Electrical and Electronics Engineering,Deloitte,Business Analyst,varun.verma877@proton.me,+91 8775579927,No,0,0.3064895470383275,30.65
ALU0786,Anil Patel,Anil,Patel,2019,M.Tech,Civil Engineering,Deloitte,Business Analyst,anil.patel786@gmail.com,+91 7427793293,Yes,1,0.3064895470383275,30.65
ALU0249,Amar Pillai,Amar,Pillai,2015,B.Sc,Electrical and Electronics Engineering,IBM,Business Analyst,amar.pillai249@proton.me,+91 8608297407,No,0,0.3064895470383275,30.65
ALU0859,Aditi Singh,Aditi,Singh,2015,B.E.,Civil Engineering,SAP,Business Analyst,aditi.singh859@outlook.com,+91 8871697244,Yes,1,0.3064895470383275,30.65
ALU0846,Aditya Singh,Aditya,Singh,2017,M.Tech,Electrical and Electronics Engineering,Tech Mahindra,Business Analyst,aditya.singh846@gmail.com,+91 8282248157,No,0,0.3064895470383275,30.65
ALU0892,Sanjay Rao,Sanjay,Rao,2022,MBA,Civil Engineering,Cognizant,Product Analyst,sanjay.rao892@gmail.com,+91 9982728970,Yes,1,0.3064285714285714,30.64
ALU0454,Vishal Mishra,Vishal,Mishra,2023,B.E.,Civil Engineering,TCS,Product Analyst,vishal.mishra454@gmail.com,+91 9376088968,No,0,0.3064285714285714,30.64
ALU0866,Keerthi Singh,Keerthi,Singh,2022,B.Sc,Civil Engineering,Deloitte,Product Analyst,keerthi.singh866@outlook.com,+91 9523974937,No,0,0.3064285714285714,30.64
ALU0959,Aditya Naidu,Aditya,Naidu,2022,B.E.,Artificial Intelligence and Machine Learning,SAP,Data Analyst,aditya.naidu959@yahoo.com,+91 7353984828,No,0,0.3056543385490754,30.57
ALU0348,Rahul Sharma,Rahul,Sharma,2022,B.Sc,Artificial Intelligence and Machine Learning,LTIMindtree,Data Analyst,rahul.sharma348@proton.me,+91 7034227351,No,0,0.3056543385490754,30.57
ALU0829,Harish Chowdhury,Harish,Chowdhury,2018,B.Sc,Electronics and Communication Engineering,Amazon,Frontend Developer,harish.chowdhury829@proton.me,+91 7626819783,Yes,1,0.305292290538388,30.53
ALU0006,Varun Chowdhury,Varun,Chowdhury,2020,MCA,Electronics and Communication Engineering,Wipro,Software Developer,varun.chowdhury6@outlook.com,+91 8242911821,Yes,1,0.305292290538388,30.53
ALU0870,Kavya Joshi,Kavya,Joshi,2025,B.E.,Information Technology,KPMG,Software Developer,kavya.joshi870@gmail.com,+91 8450559731,No,0,0.30190568475452195,30.19
ALU0483,Harish Shetty,Harish,Shetty,2025,MCA,Information Technology,IBM,Frontend Developer,harish.shetty483@outlook.com,+91 9649500547,No,0,0.30190568475452195,30.19
ALU0810,Kavya Iyer,Kavya,Iyer,2025,MCA,Information Technology,SAP,Software Developer,kavya.iyer810@proton.me,+91 7085507405,Yes,1,0.30190568475452195,30.19
ALU0555,Aarav Shetty,Aarav,Shetty,2019,MCA,Electronics and Communication Engineering,TCS,UI Developer,aarav.shetty555@yahoo.com,+91 7809906184,No,0,0.30177249166975195,30.18
ALU0768,Anil Singh,Anil,Singh,2017,MCA,Electronics and Communication Engineering,Capgemini,UI Developer,anil.singh768@gmail.com,+91 8792488531,No,0,0.30177249166975195,30.18
ALU0292,Rahul Joshi,Rahul,Joshi,2016,MCA,Electronics and Communication Engineering,Cognizant Technology Solutions,UI Developer,rahul.joshi292@outlook.com,+91 9927933468,Yes,1,0.30177249166975195,30.18
ALU0329,Keerthi Patel,Keerthi,Patel,2016,B.Sc,Mechanical Engineering,Tech Mahindra,Business Analyst,keerthi.patel329@proton.me,+91 7571858688,Yes,1,0.30172764227642274,30.17
ALU0425,Varun Verma,Varun,Verma,2018,MBA,Mechanical Engineering,Tech Mahindra,Business Analyst,varun.verma425@gmail.com,+91 8647336743,No,0,0.30172764227642274,30.17
ALU0413,Manoj Gupta,Manoj,Gupta,2019,B.Sc,Artificial Intelligence and Machine Learning,Capgemini,Business Analyst,manoj.gupta413@outlook.com,+91 7243845356,No,0,0.30085044929396665,30.09
ALU0494,Sanjay Reddy,Sanjay,Reddy,2025,B.E.,Business Administration,Walmart Global Tech,Frontend Developer,sanjay.reddy494@outlook.com,+91 8916502228,Yes,1,0.30049154334038053,30.05
ALU0924,Vishal Mishra,Vishal,Mishra,2025,MBA,Business Administration,Cognizant Technology Solutions,Frontend Developer,vishal.mishra924@gmail.com,+91 9526147677,Yes,1,0.30049154334038053,30.05
ALU0530,Karthik Verma,Karthik,Verma,2019,B.E.,Electronics and Communication Engineering,Capgemini,Full Stack Developer,karthik.verma530@yahoo.com,+91 7669995863,Yes,1,0.30033105022831047,30.03
ALU0808,Rahul Verma,Rahul,Verma,2016,B.E.,Electronics and Communication Engineering,TCS,Full Stack Developer,rahul.verma808@yahoo.com,+91 8993550742,No,0,0.30033105022831047,30.03
ALU0632,Charan Nair,Charan,Nair,2024,MBA,Business Administration,Cognizant Technology Solutions,UI Developer,charan.nair632@outlook.com,+91 8955661068,No,0,0.29697174447174446,29.7
ALU0376,Varun Pillai,Varun,Pillai,2025,B.Sc,Information Technology,PwC,Technical Consultant,varun.pillai376@yahoo.com,+91 7958796521,Yes,1,0.29694444444444446,29.69
ALU0943,Tejas Nair,Tejas,Nair,2021,B.Sc,Information Technology,Accenture,Associate Consultant,tejas.nair943@gmail.com,+91 9130006033,Yes,1,0.295,29.5
ALU0162,Neha Chowdhury,Neha,Chowdhury,2022,MCA,Information Technology,Infosys,Associate Consultant,neha.chowdhury162@gmail.com,+91 8475054001,Yes,1,0.295,29.5
ALU0194,Yash Bhat,Yash,Bhat,2020,B.Sc,Civil Engineering,Wipro,Database Administrator,yash.bhat194@outlook.com,+91 9274012889,No,0,0.29403495440729477,29.4
ALU0525,Siddharth Mishra,Siddharth,Mishra,2019,MBA,Civil Engineering,Microsoft,Database Administrator,siddharth.mishra525@proton.me,+91 8044850685,No,0,0.29403495440729477,29.4
ALU0882,Vikas Singh,Vikas,Singh,2023,MCA,Business Administration,SAP,Associate Consultant,vikas.singh882@yahoo.com,+91 9786390122,No,0,0.29358585858585856,29.36
ALU0698,Akash Mehta,Akash,Mehta,2019,B.E.,Mechanical Engineering,Microsoft,Database Administrator,akash.mehta698@gmail.com,+91 9213553149,No,0,0.28927304964539,28.93
ALU0727,Keerthi Shetty,Keerthi,Shetty,2018,B.E.,Mechanical Engineering,Amazon,Database Administrator,keerthi.shetty727@outlook.com,+91 9541639799,Yes,1,0.28927304964539,28.93
ALU0276,Manoj Kumar,Manoj,Kumar,2016,MBA,Artificial Intelligence and Machine Learning,PwC,Database Administrator,manoj.kumar276@gmail.com,+91 7770321709,No,0,0.28839585666293394,28.84
ALU0146,Rohit Gupta,Rohit,Gupta,2017,B.Sc,Artificial Intelligence and Machine Learning,LTIMindtree,Database Administrator,rohit.gupta146@gmail.com,+91 7225953184,Yes,1,0.28839585666293394,28.84
ALU0672,Bhavana Pillai,Bhavana,Pillai,2025,M.Tech,Information Technology,Wipro,Business Analyst,bhavana.pillai672@proton.me,+91 8958628128,No,0,0.28783875338753384,28.78
ALU0016,Varun Nair,Varun,Nair,2025,MCA,Business Administration,Capgemini,Business Analyst,varun.nair16@yahoo.com,+91 7693847829,Yes,1,0.2864246119733924,28.64
ALU0223,Charan Menon,Charan,Menon,2025,MBA,Business Administration,Microsoft,Business Analyst,charan.menon223@outlook.com,+91 7135594311,Yes,1,0.2864246119733924,28.64
ALU0516,Lakshmi Verma,Lakshmi,Verma,2022,MBA,Information Technology,Accenture,Backend Developer,lakshmi.verma516@proton.me,+91 8453579468,Yes,1,0.2861111111111111,28.61
ALU0252,Isha Verma,Isha,Verma,2022,B.Sc,Information Technology,HCLTech,Backend Developer,isha.verma252@gmail.com,+91 7138372291,No,0,0.2861111111111111,28.61
ALU0103,Sahana Verma,Sahana,Verma,2022,MCA,Information Technology,Microsoft,Backend Developer,sahana.verma103@outlook.com,+91 7299832023,No,0,0.2861111111111111,28.61
ALU0616,Deepak Mehta,Deepak,Mehta,2022,M.Tech,Information Technology,IBM,Backend Developer,deepak.mehta616@outlook.com,+91 7138424884,No,0,0.2861111111111111,28.61
ALU0465,Madhav Mishra,Madhav,Mishra,2023,MBA,Business Administration,Capgemini,Backend Developer,madhav.mishra465@yahoo.com,+91 8927645417,Yes,1,0.28469696969696967,28.47
ALU0079,Ananya Nair,Ananya,Nair,2018,M.Tech,Electronics and Communication Engineering,Tech Mahindra,Database Administrator,ananya.nair79@yahoo.com,+91 9032638323,No,0,0.27877076654036725,27.88
ALU0908,Priya Patel,Priya,Patel,2015,B.E.,Electronics and Communication Engineering,Bosch,Database Administrator,priya.patel908@outlook.com,+91 9117330575,No,0,0.27877076654036725,27.88
ALU0378,Deepak Chowdhury,Deepak,Chowdhury,2020,MCA,Electronics and Communication Engineering,SAP,Database Administrator,deepak.chowdhury378@gmail.com,+91 9131098613,Yes,1,0.27877076654036725,27.88
ALU0126,Pranav Das,Pranav,Das,2021,MCA,Information Technology,Amazon,Data Scientist,pranav.das126@proton.me,+91 9644206129,No,0,0.2758547008547009,27.59
ALU0974,Naveen Shetty,Naveen,Shetty,2025,M.Tech,Information Technology,Bosch,Database Administrator,naveen.shetty974@yahoo.com,+91 9523258748,Yes,1,0.2753841607565012,27.54
ALU0487,Nikhil Chowdhury,Nikhil,Chowdhury,2025,B.Sc,Business Administration,Cognizant,Database Administrator,nikhil.chowdhury487@yahoo.com,+91 8358640560,No,0,0.27397001934235976,27.4
ALU0478,Siddharth Reddy,Siddharth,Reddy,2025,MBA,Business Administration,Wipro,Database Administrator,siddharth.reddy478@gmail.com,+91 7311769311,No,0,0.27397001934235976,27.4
ALU0411,Rohit Nair,Rohit,Nair,2025,MCA,Business Administration,Microsoft,Database Administrator,rohit.nair411@gmail.com,+91 7031557592,No,0,0.27397001934235976,27.4
ALU0361,Nandini Verma,Nandini,Verma,2017,B.E.,Electrical and Electronics Engineering,Oracle,Data Analyst,nandini.verma361@yahoo.com,+91 7322067505,Yes,1,0.2737934362934363,27.38
ALU0372,Sai Das,Sai,Das,2019,B.E.,Civil Engineering,Infosys,Data Analyst,sai.das372@gmail.com,+91 7999109703,Yes,1,0.2737934362934363,27.38
ALU0026,Ashwin Shetty,Ashwin,Shetty,2017,B.Sc,Civil Engineering,Deloitte,Data Analyst,ashwin.shetty26@proton.me,+91 9363629219,Yes,1,0.2737934362934363,27.38
ALU0379,Nikhil Sharma,Nikhil,Sharma,2018,B.Sc,Mechanical Engineering,IBM,Data Analyst,nikhil.sharma379@yahoo.com,+91 8918260963,Yes,1,0.26903153153153153,26.9
ALU0774,Swathi Singh,Swathi,Singh,2017,MBA,Mechanical Engineering,TCS,Data Analyst,swathi.singh774@outlook.com,+91 8191319381,No,0,0.26903153153153153,26.9
ALU0004,Nikhil Iyer,Nikhil,Iyer,2017,B.E.,Mechanical Engineering,Accenture,Data Analyst,nikhil.iyer4@proton.me,+91 7415393687,No,0,0.26903153153153153,26.9
ALU0633,Akash Sharma,Akash,Sharma,2019,B.Sc,Mechanical Engineering,Microsoft,Data Analyst,akash.sharma633@proton.me,+91 9364255319,Yes,1,0.26903153153153153,26.9
ALU0155,Rahul Nair,Rahul,Nair,2020,B.E.,Mechanical Engineering,IBM,Data Analyst,rahul.nair155@gmail.com,+91 9278930366,Yes,1,0.26903153153153153,26.9
ALU0493,Nandini Mishra,Nandini,Mishra,2019,B.E.,Civil Engineering,KPMG,Product Analyst,nandini.mishra493@gmail.com,+91 8704179289,No,0,0.2689285714285714,26.89
ALU0163,Sanjay Naidu,Sanjay,Naidu,2015,B.E.,Civil Engineering,Google,Product Analyst,sanjay.naidu163@outlook.com,+91 8562929828,No,0,0.2689285714285714,26.89
ALU0479,Sanjay Patel,Sanjay,Patel,2019,MBA,Artificial Intelligence and Machine Learning,Bosch,Data Analyst,sanjay.patel479@yahoo.com,+91 8879804739,No,0,0.2681543385490754,26.82
ALU0818,Riya Mehta,Riya,Mehta,2015,M.Tech,Artificial Intelligence and Machine Learning,Tech Mahindra,Data Analyst,riya.mehta818@outlook.com,+91 8277421636,Yes,1,0.2681543385490754,26.82
ALU0853,Vishal Mishra,Vishal,Mishra,2019,B.Sc,Artificial Intelligence and Machine Learning,Cognizant Technology Solutions,Data Analyst,vishal.mishra853@gmail.com,+91 7489349186,No,0,0.2681543385490754,26.82
ALU0714,Shreya Bhat,Shreya,Bhat,2021,B.E.,Information Technology,Bosch,Software Developer,shreya.bhat714@outlook.com,+91 9147001030,Yes,1,0.264405684754522,26.44
ALU0219,Akash Kumar,Akash,Kumar,2017,MBA,Mechanical Engineering,EY,Product Analyst,akash.kumar219@proton.me,+91 7639695273,Yes,1,0.26416666666666666,26.42
ALU0497,Rohit Kumar,Rohit,Kumar,2015,MBA,Mechanical Engineering,Accenture,Product Analyst,rohit.kumar497@yahoo.com,+91 8130933907,Yes,1,0.26416666666666666,26.42
ALU0426,Charan Sharma,Charan,Sharma,2015,B.Sc,Artificial Intelligence and Machine Learning,Google,Product Analyst,charan.sharma426@yahoo.com,+91 8862577974,Yes,1,0.2632894736842105,26.33
ALU0885,Siddharth Mishra,Siddharth,Mishra,2019,B.E.,Artificial Intelligence and Machine Learning,Amazon,Product Analyst,siddharth.mishra885@gmail.com,+91 7257464979,No,0,0.2632894736842105,26.33
ALU0894,Arjun Patel,Arjun,Patel,2020,MCA,Artificial Intelligence and Machine Learning,Infosys,Product Analyst,arjun.patel894@outlook.com,+91 7505698967,No,0,0.2632894736842105,26.33
ALU0851,Sahana Nair,Sahana,Nair,2017,B.E.,Artificial Intelligence and Machine Learning,Deloitte,Product Analyst,sahana.nair851@proton.me,+91 8269083941,Yes,1,0.2632894736842105,26.33
ALU0607,Yash Joshi,Yash,Joshi,2020,MBA,Artificial Intelligence and Machine Learning,Deloitte,Product Analyst,yash.joshi607@yahoo.com,+91 7266329625,No,0,0.2632894736842105,26.33
ALU0946,Bhavana Nair,Bhavana,Nair,2022,B.E.,Business Administration,Oracle,Software Developer,bhavana.nair946@gmail.com,+91 7855226225,Yes,1,0.26299154334038055,26.3
ALU0577,Vishal Pillai,Vishal,Pillai,2023,MCA,Business Administration,HCLTech,Software Developer,vishal.pillai577@yahoo.com,+91 7947997148,Yes,1,0.26299154334038055,26.3
ALU0088,Naveen Mishra,Naveen,Mishra,2021,B.Sc,Business Administration,Bosch,Software Developer,naveen.mishra88@gmail.com,+91 7892442253,Yes,1,0.26299154334038055,26.3
ALU0416,Vishal Joshi,Vishal,Joshi,2023,B.Sc,Information Technology,Walmart Global Tech,UI Developer,vishal.joshi416@outlook.com,+91 8261792922,Yes,1,0.2608858858858859,26.09
ALU0661,Rahul Mishra,Rahul,Mishra,2021,B.E.,Business Administration,Deloitte,UI Developer,rahul.mishra661@outlook.com,+91 9071783372,No,0,0.2594717444717445,25.95
ALU0906,Bhavana Nair,Bhavana,Nair,2021,MBA,Information Technology,Infosys,Technical Consultant,bhavana.nair906@yahoo.com,+91 7779355497,Yes,1,0.2594444444444444,25.94
ALU0872,Nandini Kumar,Nandini,Kumar,2023,B.Sc,Information Technology,KPMG,Technical Consultant,nandini.kumar872@gmail.com,+91 7216561008,No,0,0.2594444444444444,25.94
ALU0771,Aditi Verma,Aditi,Verma,2019,B.E.,Electronics and Communication Engineering,Cognizant,Data Analyst,aditi.verma771@proton.me,+91 9967041308,Yes,1,0.2585292484265087,25.85
ALU0730,Harish Rao,Harish,Rao,2020,B.Sc,Electronics and Communication Engineering,SAP,Data Analyst,harish.rao730@gmail.com,+91 9060652074,No,0,0.2585292484265087,25.85
ALU0609,Ananya Mehta,Ananya,Mehta,2023,MBA,Business Administration,SAP,Full Stack Developer,ananya.mehta609@proton.me,+91 8032341816,Yes,1,0.25803030303030305,25.8
ALU0589,Sahana Naidu,Sahana,Naidu,2022,MBA,Business Administration,Accenture,Technical Consultant,sahana.naidu589@yahoo.com,+91 7160509766,No,0,0.25803030303030305,25.8
ALU0506,Charan Gupta,Charan,Gupta,2022,MCA,Business Administration,Wipro,Full Stack Developer,charan.gupta506@proton.me,+91 8655546199,Yes,1,0.25803030303030305,25.8
ALU0087,Arjun Das,Arjun,Das,2021,MCA,Business Administration,Bosch,Full Stack Developer,arjun.das87@proton.me,+91 8934944879,No,0,0.25803030303030305,25.8
ALU0874,Charan Patel,Charan,Patel,2018,B.Sc,Information Technology,Tech Mahindra,Associate Consultant,charan.patel874@proton.me,+91 7426465521,Yes,1,0.25749999999999995,25.75
ALU0666,Riya Das,Riya,Das,2019,M.Tech,Business Administration,Cognizant Technology Solutions,Associate Consultant,riya.das666@outlook.com,+91 7883310198,No,0,0.2560858585858586,25.61
ALU0546,Manoj Bhat,Manoj,Bhat,2020,MBA,Business Administration,KPMG,Associate Consultant,manoj.bhat546@proton.me,+91 7718625803,Yes,1,0.2560858585858586,25.61
ALU0170,Bhavana Naidu,Bhavana,Naidu,2017,MBA,Business Administration,IBM,Associate Consultant,bhavana.naidu170@gmail.com,+91 8764624310,No,0,0.2560858585858586,25.61
ALU0325,Aditi Rao,Aditi,Rao,2025,B.Sc,Information Technology,HCLTech,Data Analyst,aditi.rao325@yahoo.com,+91 8075413763,Yes,1,0.25514264264264264,25.51
ALU0796,Karthik Verma,Karthik,Verma,2025,B.Sc,Business Administration,Wipro,Data Analyst,karthik.verma796@yahoo.com,+91 7491650481,No,0,0.2537285012285012,25.37
ALU0419,Sahana Kumar,Sahana,Kumar,2025,MCA,Business Administration,Bosch,Data Analyst,sahana.kumar419@proton.me,+91 7835559278,Yes,1,0.2537285012285012,25.37
ALU0752,Ananya Gupta,Ananya,Gupta,2015,MCA,Electronics and Communication Engineering,Cognizant Technology Solutions,Product Analyst,ananya.gupta752@outlook.com,+91 8193688100,Yes,1,0.25366438356164384,25.37
ALU0056,Vikas Reddy,Vikas,Reddy,2016,M.Tech,Electronics and Communication Engineering,IBM,Product Analyst,vikas.reddy56@proton.me,+91 7215686308,Yes,1,0.25366438356164384,25.37
ALU0914,Yash Mehta,Yash,Mehta,2020,MBA,Electronics and Communication Engineering,Cognizant Technology Solutions,Product Analyst,yash.mehta914@yahoo.com,+91 7195355435,Yes,1,0.25366438356164384,25.37
ALU0473,Sai Kumar,Sai,Kumar,2019,MBA,Electronics and Communication Engineering,LTIMindtree,Product Analyst,sai.kumar473@gmail.com,+91 7412129737,Yes,1,0.25366438356164384,25.37
ALU0218,Nikhil Das,Nikhil,Das,2020,B.E.,Electronics and Communication Engineering,Bosch,Product Analyst,nikhil.das218@proton.me,+91 9147818256,Yes,1,0.25366438356164384,25.37
ALU0439,Priya Pillai,Priya,Pillai,2021,MBA,Information Technology,Accenture,Business Analyst,priya.pillai439@gmail.com,+91 7684598046,Yes,1,0.25033875338753386,25.03
ALU0627,Naveen Nair,Naveen,Nair,2022,B.Sc,Information Technology,Accenture,Business Analyst,naveen.nair627@outlook.com,+91 7015173668,No,0,0.25033875338753386,25.03
ALU0611,Swathi Das,Swathi,Das,2025,B.E.,Information Technology,Tech Mahindra,Product Analyst,swathi.das611@outlook.com,+91 8847112068,Yes,1,0.25027777777777777,25.03
ALU0298,Riya Joshi,Riya,Joshi,2021,M.Tech,Business Administration,KPMG,Business Analyst,riya.joshi298@yahoo.com,+91 7105495798,No,0,0.24892461197339244,24.89
ALU0455,Swathi Pillai,Swathi,Pillai,2023,B.E.,Business Administration,IBM,Business Analyst,swathi.pillai455@gmail.com,+91 8663894274,No,0,0.24892461197339244,24.89
ALU0490,Deepak Chowdhury,Deepak,Chowdhury,2016,B.Sc,Information Technology,PwC,Backend Developer,deepak.chowdhury490@yahoo.com,+91 9691307645,Yes,1,0.2486111111111111,24.86
ALU0950,Anusha Sharma,Anusha,Sharma,2016,B.E.,Information Technology,Capgemini,Backend Developer,anusha.sharma950@proton.me,+91 9982227275,No,0,0.2486111111111111,24.86
ALU0486,Vishal Verma,Vishal,Verma,2016,B.Sc,Business Administration,Wipro,Backend Developer,vishal.verma486@yahoo.com,+91 9086758111,No,0,0.2471969696969697,24.72
ALU0091,Yash Verma,Yash,Verma,2019,MBA,Business Administration,Walmart Global Tech,Backend Developer,yash.verma91@proton.me,+91 7492960451,Yes,1,0.2471969696969697,24.72
ALU0019,Sneha Naidu,Sneha,Naidu,2019,MCA,Business Administration,Amazon,Backend Developer,sneha.naidu19@outlook.com,+91 8338811290,No,0,0.2471969696969697,24.72
ALU0558,Rakesh Singh,Rakesh,Singh,2016,B.E.,Information Technology,Tech Mahindra,Data Scientist,rakesh.singh558@proton.me,+91 9653127632,No,0,0.23835470085470087,23.84
ALU0156,Nandini Joshi,Nandini,Joshi,2020,MBA,Information Technology,Deloitte,Data Scientist,nandini.joshi156@outlook.com,+91 8099375147,Yes,1,0.23835470085470087,23.84
ALU0596,Manoj Shetty,Manoj,Shetty,2020,MBA,Business Administration,Wipro,Data Scientist,manoj.shetty596@proton.me,+91 8819093035,No,0,0.23694055944055945,23.69
ALU0374,Neha Kumar,Neha,Kumar,2015,B.E.,Business Administration,Cognizant,Data Scientist,neha.kumar374@yahoo.com,+91 7311520864,No,0,0.23694055944055945,23.69
ALU0897,Amar Kumar,Amar,Kumar,2021,M.Tech,Business Administration,Tech Mahindra,Database Administrator,amar.kumar897@proton.me,+91 8450939779,No,0,0.23647001934235978,23.65
ALU0801,Naveen Mishra,Naveen,Mishra,2021,B.E.,Business Administration,Wipro,Database Administrator,naveen.mishra801@gmail.com,+91 9542039357,No,0,0.23647001934235978,23.65
ALU0879,Ananya Gupta,Ananya,Gupta,2020,M.Tech,Information Technology,Amazon,Software Developer,ananya.gupta879@proton.me,+91 7159316365,Yes,1,0.22690568475452197,22.69
ALU0570,Aditya Mehta,Aditya,Mehta,2020,MBA,Information Technology,HCLTech,Software Developer,aditya.mehta570@proton.me,+91 8879048201,No,0,0.22690568475452197,22.69
ALU0550,Varun Rao,Varun,Rao,2017,MCA,Information Technology,TCS,Software Developer,varun.rao550@yahoo.com,+91 8396729008,No,0,0.22690568475452197,22.69
ALU0503,Ashwin Menon,Ashwin,Menon,2015,MCA,Information Technology,Infosys,Frontend Developer,ashwin.menon503@yahoo.com,+91 7773255350,No,0,0.22690568475452197,22.69
ALU0203,Sanjay Kumar,Sanjay,Kumar,2016,MCA,Information Technology,Tech Mahindra,Frontend Developer,sanjay.kumar203@outlook.com,+91 8385817349,Yes,1,0.22690568475452197,22.69
ALU0054,Yash Nair,Yash,Nair,2018,B.E.,Information Technology,TCS,Software Developer,yash.nair54@outlook.com,+91 9040695043,Yes,1,0.22690568475452197,22.69
ALU0529,Sahana Gupta,Sahana,Gupta,2020,B.E.,Business Administration,HCLTech,Frontend Developer,sahana.gupta529@outlook.com,+91 9143185843,Yes,1,0.22549154334038055,22.55
ALU0181,Aarav Chowdhury,Aarav,Chowdhury,2020,B.E.,Business Administration,Amazon,Frontend Developer,aarav.chowdhury181@gmail.com,+91 9248349034,No,0,0.22549154334038055,22.55
ALU0947,Meera Naidu,Meera,Naidu,2018,B.Sc,Information Technology,LTIMindtree,UI Developer,meera.naidu947@outlook.com,+91 7766829608,Yes,1,0.2233858858858859,22.34
ALU0011,Rahul Bhat,Rahul,Bhat,2017,B.Sc,Information Technology,Deloitte,UI Developer,rahul.bhat11@yahoo.com,+91 9510777721,No,0,0.2233858858858859,22.34
ALU0735,Tejas Kumar,Tejas,Kumar,2020,B.Sc,Information Technology,SAP,UI Developer,tejas.kumar735@gmail.com,+91 9408438165,Yes,1,0.2233858858858859,22.34
ALU0484,Divya Patel,Divya,Patel,2017,MBA,Business Administration,Infosys,UI Developer,divya.patel484@proton.me,+91 9768855958,Yes,1,0.22197174447174448,22.2
ALU0887,Rohit Gupta,Rohit,Gupta,2018,MBA,Business Administration,Cognizant Technology Solutions,UI Developer,rohit.gupta887@outlook.com,+91 8504686545,No,0,0.22197174447174448,22.2
ALU0873,Rohit Patel,Rohit,Patel,2016,MCA,Business Administration,Accenture,UI Developer,rohit.patel873@gmail.com,+91 9178861531,Yes,1,0.22197174447174448,22.2
ALU0722,Swathi Pillai,Swathi,Pillai,2015,M.Tech,Information Technology,Capgemini,Technical Consultant,swathi.pillai722@proton.me,+91 7764765165,No,0,0.22194444444444444,22.19
ALU0178,Ananya Reddy,Ananya,Reddy,2019,B.E.,Information Technology,PwC,Technical Consultant,ananya.reddy178@proton.me,+91 7477543926,No,0,0.22194444444444444,22.19
ALU0725,Charan Gupta,Charan,Gupta,2018,B.Sc,Business Administration,IBM,Technical Consultant,charan.gupta725@outlook.com,+91 9483012703,Yes,1,0.22053030303030305,22.05
ALU0619,Tarun Mehta,Tarun,Mehta,2020,M.Tech,Business Administration,Cognizant Technology Solutions,Technical Consultant,tarun.mehta619@gmail.com,+91 9236170837,Yes,1,0.22053030303030305,22.05
ALU0944,Aarav Verma,Aarav,Verma,2018,M.Tech,Business Administration,Capgemini,Full Stack Developer,aarav.verma944@proton.me,+91 8423846528,No,0,0.22053030303030305,22.05
ALU0316,Nandini Verma,Nandini,Verma,2018,MBA,Business Administration,Oracle,Technical Consultant,nandini.verma316@proton.me,+91 7712885628,Yes,1,0.22053030303030305,22.05
ALU0338,Ananya Das,Ananya,Das,2023,MCA,Information Technology,HCLTech,Data Analyst,ananya.das338@yahoo.com,+91 7339395013,Yes,1,0.21764264264264266,21.76
ALU0185,Nandini Bhat,Nandini,Bhat,2022,MBA,Information Technology,Cognizant,Data Analyst,nandini.bhat185@proton.me,+91 7158844179,No,0,0.21764264264264266,21.76
ALU0469,Amar Gupta,Amar,Gupta,2023,B.E.,Information Technology,KPMG,Data Analyst,amar.gupta469@outlook.com,+91 8786411073,No,0,0.21764264264264266,21.76
ALU0905,Ananya Patel,Ananya,Patel,2016,MCA,Information Technology,Tech Mahindra,Business Analyst,ananya.patel905@outlook.com,+91 8097598306,Yes,1,0.21283875338753386,21.28
ALU0192,Amar Mehta,Amar,Mehta,2020,MCA,Information Technology,TCS,Business Analyst,amar.mehta192@proton.me,+91 7149460439,Yes,1,0.21283875338753386,21.28
ALU0670,Ravi Das,Ravi,Das,2018,MBA,Information Technology,EY,Business Analyst,ravi.das670@outlook.com,+91 9385517516,No,0,0.21283875338753386,21.28
ALU0626,Akash Naidu,Akash,Naidu,2020,MCA,Information Technology,IBM,Business Analyst,akash.naidu626@outlook.com,+91 7220376885,No,0,0.21283875338753386,21.28
ALU0539,Aarav Naidu,Aarav,Naidu,2021,M.Tech,Information Technology,SAP,Product Analyst,aarav.naidu539@yahoo.com,+91 9090017854,No,0,0.2127777777777778,21.28
ALU0217,Madhav Das,Madhav,Das,2019,MCA,Business Administration,Accenture,Business Analyst,madhav.das217@gmail.com,+91 8691803583,No,0,0.21142461197339246,21.14
ALU0775,Pooja Naidu,Pooja,Naidu,2023,MBA,Business Administration,Deloitte,Product Analyst,pooja.naidu775@gmail.com,+91 7425655666,Yes,1,0.21136363636363636,21.14
ALU0499,Pooja Joshi,Pooja,Joshi,2022,M.Tech,Business Administration,TCS,Product Analyst,pooja.joshi499@outlook.com,+91 8889350539,Yes,1,0.21136363636363636,21.14
ALU0205,Tejas Das,Tejas,Das,2016,MCA,Information Technology,Cognizant Technology Solutions,Database Administrator,tejas.das205@outlook.com,+91 7735301069,No,0,0.2003841607565012,20.04
ALU0377,Priya Nair,Priya,Nair,2019,B.E.,Information Technology,TCS,Database Administrator,priya.nair377@proton.me,+91 9437319900,Yes,1,0.2003841607565012,20.04
ALU0968,Ashwin Rao,Ashwin,Rao,2020,MCA,Business Administration,Bosch,Database Administrator,ashwin.rao968@proton.me,+91 8637750783,Yes,1,0.19897001934235978,19.9
ALU0116,Sahana Patel,Sahana,Patel,2018,M.Tech,Business Administration,Oracle,Database Administrator,sahana.patel116@yahoo.com,+91 8268006448,Yes,1,0.19897001934235978,19.9
ALU0393,Ananya Mehta,Ananya,Mehta,2015,MCA,Business Administration,KPMG,Database Administrator,ananya.mehta393@outlook.com,+91 7516606697,No,0,0.19897001934235978,19.9
ALU0505,Sahana Naidu,Sahana,Naidu,2018,M.Tech,Business Administration,Cognizant,Database Administrator,sahana.naidu505@outlook.com,+91 9676674027,No,0,0.19897001934235978,19.9
ALU0089,Kavya Sharma,Kavya,Sharma,2017,B.E.,Information Technology,PwC,Data Analyst,kavya.sharma89@outlook.com,+91 7011492154,No,0,0.18014264264264265,18.01
ALU0328,Aditi Gupta,Aditi,Gupta,2016,M.Tech,Information Technology,EY,Data Analyst,aditi.gupta328@outlook.com,+91 8645272822,Yes,1,0.18014264264264265,18.01
ALU0407,Swathi Das,Swathi,Das,2020,B.Sc,Information Technology,HCLTech,Data Analyst,swathi.das407@yahoo.com,+91 7117898946,No,0,0.18014264264264265,18.01
ALU0339,Bhavana Das,Bhavana,Das,2020,M.Tech,Business Administration,SAP,Data Analyst,bhavana.das339@yahoo.com,+91 8878988236,Yes,1,0.17872850122850123,17.87
ALU0343,Shreya Sharma,Shreya,Sharma,2019,MBA,Business Administration,SAP,Data Analyst,shreya.sharma343@proton.me,+91 8955059570,No,0,0.17872850122850123,17.87
ALU0648,Sahana Menon,Sahana,Menon,2019,B.Sc,Information Technology,Accenture,Product Analyst,sahana.menon648@outlook.com,+91 7881271916,Yes,1,0.17527777777777778,17.53
ALU0327,Harish Pillai,Harish,Pillai,2016,B.E.,Business Administration,Deloitte,Product Analyst,harish.pillai327@proton.me,+91 7039887139,Yes,1,0.17386363636363636,17.39
ALU0925,Lakshmi Sharma,Lakshmi,Sharma,2017,B.Sc,Business Administration,Deloitte,Product Analyst,lakshmi.sharma925@yahoo.com,+91 7823996116,Yes,1,0.17386363636363636,17.39
