id_num,job_title,short_description,industry,pay_grade,normalized_skills,missing_skills,skill_gap_percentage,skill_gap_priority
1,Software Engineer,Develop and maintain web applications using modern frameworks,Technology,High paying,['problem solving logical reasoning attention to detail team collaboration critical thinking'],['problem solving logical reasoning attention to detail team collaboration critical thinking'],100.0,Critical
2,Data Scientist,Analyze large datasets to extract business insights and build predictive models,Technology,High paying,['analytical thinking pattern recognition mathematical reasoning problem solving research skills'],['analytical thinking pattern recognition mathematical reasoning problem solving research skills'],100.0,Critical
3,Marketing Manager,Lead marketing campaigns and brand strategy development,Marketing,Average paying,['creative thinking strategic planning communication leadership project management'],['creative thinking strategic planning communication leadership project management'],100.0,Critical
4,UX Designer,Design user-friendly interfaces and improve user experience,Technology,Average paying,['creative problem solving empathy research skills visual thinking user-centered design'],['creative problem solving empathy research skills visual thinking user-centered design'],100.0,Critical
5,Financial Analyst,Analyze financial data and prepare reports for investment decisions,Finance,Average paying,['analytical thinking attention to detail mathematical reasoning critical thinking report writing'],['analytical thinking attention to detail mathematical reasoning critical thinking report writing'],100.0,Critical
6,Project Manager,Coordinate cross-functional teams to deliver projects on time and budget,Business Services,Average paying,['leadership organization time management communication risk assessment'],['leadership organization time management communication risk assessment'],100.0,Critical
7,Sales Representative,Generate leads and close deals with potential customers,Sales,Average paying,['persuasion communication relationship building resilience goal orientation'],['persuasion communication relationship building resilience goal orientation'],100.0,Critical
8,HR Specialist,Manage recruitment processes and employee relations,Human Resources,Average paying,['interpersonal skills communication conflict resolution organizational skills discretion'],['interpersonal skills communication conflict resolution organizational skills discretion'],100.0,Critical
9,Graphic Designer,Create visual content for marketing materials and brand assets,Creative Services,Average paying,['creativity visual communication color theory artistic skills brand awareness'],['creativity visual communication color theory artistic skills brand awareness'],100.0,Critical
9,Graphic Designer,Create visual content for marketing materials and brand assets,Creative Services,Average paying,['creativity visual communication color theory artistic skills brand awareness'],"['adobe creative suite', 'brand guidelines', 'creativity', 'graphic design', 'visual communication']",100.0,Critical
10,Business Analyst,Analyze business processes and recommend improvements,Business Services,Average paying,['analytical thinking process improvement problem solving communication systems thinking'],['analytical thinking process improvement problem solving communication systems thinking'],100.0,Critical
11,Content Writer,Create engaging content for websites blogs and marketing materials,Media & Publishing,Average paying,['creative writing research skills communication adaptability time management'],['creative writing research skills communication adaptability time management'],100.0,Critical
12,Network Administrator,Maintain and troubleshoot computer networks and systems,Technology,Average paying,['problem solving technical troubleshooting logical reasoning attention to detail patience'],['problem solving technical troubleshooting logical reasoning attention to detail patience'],100.0,Critical
13,Accountant,Prepare financial statements and manage accounting records,Finance,Average paying,['mathematical accuracy attention to detail organizational skills analytical thinking ethics'],['mathematical accuracy attention to detail organizational skills analytical thinking ethics'],100.0,Critical
14,Customer Service Representative,Provide support to customers via phone email and chat,Customer Service,Low paying,['active listening patience problem solving communication empathy'],['active listening patience problem solving communication empathy'],100.0,Critical
14,Customer Service Representative,Provide support to customers via phone email and chat,Customer Service,Low paying,['active listening patience problem solving communication empathy'],"['communication', 'crm systems', 'customer service', 'patience', 'problem solving']",100.0,Critical
15,Operations Manager,Oversee daily operations and optimize business processes,Business Services,Average paying,['leadership process improvement decision making strategic thinking team management'],['leadership process improvement decision making strategic thinking team management'],100.0,Critical
16,DevOps Engineer,Implement CI/CD pipelines and manage cloud infrastructure,Technology,High paying,['problem solving systems thinking automation mindset continuous learning technical troubleshooting'],['problem solving systems thinking automation mindset continuous learning technical troubleshooting'],100.0,Critical
17,Quality Assurance Tester,Test software applications to identify bugs and ensure quality,Technology,Average paying,['attention to detail critical thinking problem solving patience systematic thinking'],['attention to detail critical thinking problem solving patience systematic thinking'],100.0,Critical
18,Social Media Manager,Manage social media presence and create engaging content,Marketing,Average paying,['creative thinking trend awareness communication brand awareness community building'],['creative thinking trend awareness communication brand awareness community building'],100.0,Critical
18,Social Media Manager,Manage social media presence and create engaging content,Marketing,Average paying,['creative thinking trend awareness communication brand awareness community building'],"['analytics', 'brand management', 'community management', 'content creation', 'social media platforms']",100.0,Critical
19,Research Scientist,Conduct scientific research and publish findings,Research & Development,High paying,['critical thinking research skills analytical reasoning persistence scientific writing'],['critical thinking research skills analytical reasoning persistence scientific writing'],100.0,Critical
20,Legal Assistant,Support lawyers with case preparation and legal documentation,Legal Services,Average paying,['attention to detail research skills organization confidentiality time management'],['attention to detail research skills organization confidentiality time management'],100.0,Critical
21,Web Developer,Build and maintain websites using various programming languages,Technology,Average paying,['problem solving creative thinking attention to detail continuous learning adaptability'],['problem solving creative thinking attention to detail continuous learning adaptability'],100.0,Critical
22,Nurse,Provide patient care in healthcare settings,Healthcare,Average paying,['compassion clinical judgment communication attention to detail stress management'],['compassion clinical judgment communication attention to detail stress management'],100.0,Critical
23,Teacher,Educate students and develop curriculum for classroom instruction,Education,Average paying,['communication patience creativity organization adaptability'],['communication patience creativity organization adaptability'],100.0,Critical
24,Mechanical Engineer,Design and develop mechanical systems and products,Engineering,High paying,['problem solving mathematical reasoning spatial reasoning critical thinking project management'],['problem solving mathematical reasoning spatial reasoning critical thinking project management'],100.0,Critical
25,Digital Marketing Specialist,Execute digital marketing campaigns across multiple channels,Marketing,Average paying,['analytical thinking creative problem solving data interpretation communication trend awareness'],['analytical thinking creative problem solving data interpretation communication trend awareness'],100.0,Critical
25,Digital Marketing Specialist,Execute digital marketing campaigns across multiple channels,Marketing,Average paying,['analytical thinking creative problem solving data interpretation communication trend awareness'],"['a', 'analytics', 'b testing', 'content marketing', 'sem', 'seo', 'social media']",100.0,Critical
26,Database Administrator,Manage and maintain database systems and ensure data integrity,Technology,Average paying,['logical reasoning problem solving attention to detail systems thinking security awareness'],['logical reasoning problem solving attention to detail systems thinking security awareness'],100.0,Critical
26,Database Administrator,Manage and maintain database systems and ensure data integrity,Technology,Average paying,['logical reasoning problem solving attention to detail systems thinking security awareness'],"['backup and recovery', 'database management', 'performance tuning', 'security']",80.0,Critical
27,Administrative Assistant,Provide administrative support to executives and teams,Business Services,Low paying,['organization multitasking communication attention to detail discretion'],['organization multitasking communication attention to detail discretion'],100.0,Critical
27,Administrative Assistant,Provide administrative support to executives and teams,Business Services,Low paying,['organization multitasking communication attention to detail discretion'],"['calendar management', 'communication', 'microsoft office', 'office administration', 'organization']",100.0,Critical
28,Video Editor,Edit and produce video content for various media platforms,Media & Publishing,Average paying,['creativity attention to detail time management visual storytelling technical aptitude'],['creativity attention to detail time management visual storytelling technical aptitude'],100.0,Critical
29,Cybersecurity Analyst,Monitor and protect computer systems from security threats,Technology,High paying,['critical thinking problem solving attention to detail ethical reasoning continuous learning'],['critical thinking problem solving attention to detail ethical reasoning continuous learning'],100.0,Critical
30,Supply Chain Coordinator,Manage inventory and coordinate logistics operations,Logistics,Average paying,['organization analytical thinking communication problem solving time management'],['organization analytical thinking communication problem solving time management'],100.0,Critical
31,Mobile App Developer,Develop mobile applications for iOS and Android platforms,Technology,High paying,['problem solving logical reasoning user experience design attention to detail innovation'],['problem solving logical reasoning user experience design attention to detail innovation'],100.0,Critical
32,Interior Designer,Design interior spaces for residential and commercial properties,Design Services,Average paying,['creativity spatial reasoning communication client relations project management'],['creativity spatial reasoning communication client relations project management'],100.0,Critical
33,Electrical Engineer,Design electrical systems and troubleshoot electrical problems,Engineering,High paying,['problem solving mathematical reasoning safety awareness attention to detail critical thinking'],['problem solving mathematical reasoning safety awareness attention to detail critical thinking'],100.0,Critical
34,Marketing Coordinator,Support marketing initiatives and coordinate promotional activities,Marketing,Low paying,['organization communication creative thinking time management attention to detail'],['organization communication creative thinking time management attention to detail'],100.0,Critical
34,Marketing Coordinator,Support marketing initiatives and coordinate promotional activities,Marketing,Low paying,['organization communication creative thinking time management attention to detail'],"['communication', 'content creation', 'event coordination', 'marketing support', 'social media']",100.0,Critical
35,Technical Writer,Create technical documentation and user manuals,Media & Publishing,Average paying,['communication clarity logical organization research skills attention to detail'],['communication clarity logical organization research skills attention to detail'],100.0,Critical
35,Technical Writer,Create technical documentation and user manuals,Media & Publishing,Average paying,['communication clarity logical organization research skills attention to detail'],"['communication', 'documentation tools', 'research', 'software understanding', 'technical writing']",100.0,Critical
36,Pharmacist,Dispense medications and provide pharmaceutical care to patients,Healthcare,High paying,['attention to detail communication patient care scientific knowledge ethical reasoning'],['attention to detail communication patient care scientific knowledge ethical reasoning'],100.0,Critical
37,Product Manager,Define product strategy and coordinate product development,Technology,High paying,['strategic thinking leadership communication market awareness decision making'],['strategic thinking leadership communication market awareness decision making'],100.0,Critical
37,Product Manager,Define product strategy and coordinate product development,Technology,High paying,['strategic thinking leadership communication market awareness decision making'],"['analytics', 'market research', 'product management', 'stakeholder management', 'strategic thinking']",100.0,Critical
38,Event Planner,Plan and coordinate events from conception to execution,Hospitality,Average paying,['organization time management communication problem solving attention to detail'],['organization time management communication problem solving attention to detail'],100.0,Critical
39,Speech Therapist,Provide therapy services to patients with communication disorders,Healthcare,Average paying,['patience communication assessment skills empathy problem solving'],['patience communication assessment skills empathy problem solving'],100.0,Critical
40,Civil Engineer,Design and supervise construction of infrastructure projects,Engineering,High paying,['problem solving mathematical reasoning safety awareness project management critical thinking'],['problem solving mathematical reasoning safety awareness project management critical thinking'],100.0,Critical
41,SEO Specialist,Optimize websites to improve search engine rankings,Marketing,Average paying,['analytical thinking research skills attention to detail strategic thinking continuous learning'],['analytical thinking research skills attention to detail strategic thinking continuous learning'],100.0,Critical
42,Physical Therapist,Provide rehabilitation services to patients with injuries,Healthcare,High paying,['empathy physical assessment communication patience problem solving'],['empathy physical assessment communication patience problem solving'],100.0,Critical
42,Physical Therapist,Provide rehabilitation services to patients with injuries,Healthcare,High paying,['empathy physical assessment communication patience problem solving'],"['anatomy', 'exercise prescription', 'manual therapy', 'patient care', 'physical therapy']",100.0,Critical
43,Investment Advisor,Provide financial advice and investment recommendations to clients,Finance,High paying,['analytical thinking communication risk assessment trust building financial acumen'],['analytical thinking communication risk assessment trust building financial acumen'],100.0,Critical
44,Veterinarian,Provide medical care to animals and educate pet owners,Healthcare,High paying,['compassion problem solving communication scientific knowledge stress management'],['compassion problem solving communication scientific knowledge stress management'],100.0,Critical
45,Real Estate Agent,Help clients buy sell and rent properties,Real Estate,Average paying,['communication negotiation market knowledge relationship building persistence'],['communication negotiation market knowledge relationship building persistence'],100.0,Critical
46,Chef,Prepare meals and manage kitchen operations,Food Service,Average paying,['creativity time management leadership attention to detail stress management'],['creativity time management leadership attention to detail stress management'],100.0,Critical
47,Translator,Translate written and spoken content between languages,Professional Services,Average paying,['language proficiency cultural awareness attention to detail communication adaptability'],['language proficiency cultural awareness attention to detail communication adaptability'],100.0,Critical
48,Architect,Design buildings and oversee construction projects,Architecture,High paying,['creativity problem solving spatial reasoning communication project management'],['creativity problem solving spatial reasoning communication project management'],100.0,Critical
49,Occupational Therapist,Help patients develop skills for daily living activities,Healthcare,High paying,['empathy problem solving communication assessment skills patience'],['empathy problem solving communication assessment skills patience'],100.0,Critical
49,Occupational Therapist,Help patients develop skills for daily living activities,Healthcare,High paying,['empathy problem solving communication assessment skills patience'],"['empathy', 'occupational therapy', 'patient assessment', 'rehabilitation', 'treatment planning']",100.0,Critical
50,Construction Manager,Oversee construction projects and manage construction teams,Construction,High paying,['leadership problem solving safety awareness time management communication'],['leadership problem solving safety awareness time management communication'],100.0,Critical
51,Fashion Designer,Design clothing and accessories for various markets,Fashion,Average paying,['creativity trend awareness visual skills innovation color theory'],['creativity trend awareness visual skills innovation color theory'],100.0,Critical
52,Massage Therapist,Provide therapeutic massage services to clients,Healthcare,Average paying,['physical dexterity empathy communication client care attention to detail'],['physical dexterity empathy communication client care attention to detail'],100.0,Critical
53,Insurance Agent,Sell insurance policies and provide customer service,Insurance,Average paying,['communication persuasion risk assessment trust building problem solving'],['communication persuasion risk assessment trust building problem solving'],100.0,Critical
54,Dental Hygienist,Provide dental cleaning and preventive care services,Healthcare,Average paying,['attention to detail patient care communication manual dexterity safety awareness'],['attention to detail patient care communication manual dexterity safety awareness'],100.0,Critical
54,Dental Hygienist,Provide dental cleaning and preventive care services,Healthcare,Average paying,['attention to detail patient care communication manual dexterity safety awareness'],"['attention to detail', 'dental equipment', 'dental hygiene', 'health education', 'patient care']",100.0,Critical
55,Personal Trainer,Provide fitness training and exercise guidance to clients,Fitness & Recreation,Low paying,['motivation communication goal setting safety awareness adaptability'],['motivation communication goal setting safety awareness adaptability'],100.0,Critical
56,Photographer,Capture and edit photographs for various purposes,Creative Services,Average paying,['creativity visual composition attention to detail communication technical aptitude'],['creativity visual composition attention to detail communication technical aptitude'],100.0,Critical
57,Landscaper,Design and maintain outdoor spaces and gardens,Landscaping,Low paying,['creativity physical stamina attention to detail planning problem solving'],['creativity physical stamina attention to detail planning problem solving'],100.0,Critical
58,Electrician,Install and repair electrical systems in buildings,Construction,Average paying,['problem solving safety awareness manual dexterity attention to detail logical reasoning'],['problem solving safety awareness manual dexterity attention to detail logical reasoning'],100.0,Critical
59,Plumber,Install and repair plumbing systems and fixtures,Construction,Average paying,['problem solving manual dexterity safety awareness attention to detail physical stamina'],['problem solving manual dexterity safety awareness attention to detail physical stamina'],100.0,Critical
60,Carpenter,Build and repair wooden structures and furniture,Construction,Average paying,['manual dexterity problem solving attention to detail spatial reasoning craftsmanship'],['manual dexterity problem solving attention to detail spatial reasoning craftsmanship'],100.0,Critical
61,Auto Mechanic,Diagnose and repair automotive problems,Automotive,Average paying,['problem solving logical reasoning manual dexterity attention to detail continuous learning'],['problem solving logical reasoning manual dexterity attention to detail continuous learning'],100.0,Critical
62,Hair Stylist,Provide hair cutting styling and coloring services,Personal Care,Low paying,['creativity communication client relations manual dexterity trend awareness'],['creativity communication client relations manual dexterity trend awareness'],100.0,Critical
63,Dental Assistant,Assist dentists with patient care and office procedures,Healthcare,Low paying,['attention to detail patient care communication organization multitasking'],['attention to detail patient care communication organization multitasking'],100.0,Critical
64,Bartender,Prepare and serve alcoholic and non-alcoholic beverages,Food Service,Low paying,['communication multitasking customer service memory creativity'],['communication multitasking customer service memory creativity'],100.0,Critical
65,Security Guard,Monitor and protect property and people,Security,Low paying,['vigilance communication problem solving stress management physical fitness'],['vigilance communication problem solving stress management physical fitness'],100.0,Critical
65,Security Guard,Monitor and protect property and people,Security,Low paying,['vigilance communication problem solving stress management physical fitness'],"['communication', 'emergency response', 'observation skills', 'physical fitness', 'security procedures']",100.0,Critical
66,Flight Attendant,Ensure passenger safety and comfort during flights,Aviation,Average paying,['communication safety awareness customer service stress management cultural sensitivity'],['communication safety awareness customer service stress management cultural sensitivity'],100.0,Critical
67,Truck Driver,Transport goods safely and efficiently over long distances,Transportation,Average paying,['safety awareness time management navigation stress management physical stamina'],['safety awareness time management navigation stress management physical stamina'],100.0,Critical
68,Receptionist,Greet visitors and handle phone calls and appointments,Business Services,Low paying,['communication organization multitasking customer service attention to detail'],['communication organization multitasking customer service attention to detail'],100.0,Critical
68,Receptionist,Greet visitors and handle phone calls and appointments,Business Services,Low paying,['communication organization multitasking customer service attention to detail'],"['communication', 'customer service', 'phone etiquette', 'professional appearance', 'scheduling']",100.0,Critical
69,Janitor,Maintain cleanliness and sanitation of buildings,Facilities Management,Low paying,['attention to detail time management physical stamina safety awareness work ethic'],['attention to detail time management physical stamina safety awareness work ethic'],100.0,Critical
69,Janitor,Maintain cleanliness and sanitation of buildings,Facilities Management,Low paying,['attention to detail time management physical stamina safety awareness work ethic'],"['attention to detail', 'cleaning techniques', 'equipment operation', 'physical stamina', 'time management']",100.0,Critical
70,Cashier,Process customer transactions and provide customer service,Retail,Low paying,['attention to detail communication customer service mathematical accuracy multitasking'],['attention to detail communication customer service mathematical accuracy multitasking'],100.0,Critical
70,Cashier,Process customer transactions and provide customer service,Retail,Low paying,['attention to detail communication customer service mathematical accuracy multitasking'],"['attention to detail', 'cash handling', 'customer service', 'mathematics', 'point of sale systems']",100.0,Critical
71,Waiter,Serve food and beverages to restaurant customers,Food Service,Low paying,['communication customer service multitasking memory physical stamina'],['communication customer service multitasking memory physical stamina'],100.0,Critical
72,Retail Sales Associate,Assist customers and process sales transactions,Retail,Low paying,['communication customer service persuasion product knowledge patience'],['communication customer service persuasion product knowledge patience'],100.0,Critical
72,Retail Sales Associate,Assist customers and process sales transactions,Retail,Low paying,['communication customer service persuasion product knowledge patience'],"['cash handling', 'communication', 'customer service', 'product knowledge', 'sales skills']",100.0,Critical
73,Library Assistant,Help patrons find resources and maintain library organization,Education,Low paying,['research skills communication organization customer service attention to detail'],['research skills communication organization customer service attention to detail'],100.0,Critical
73,Library Assistant,Help patrons find resources and maintain library organization,Education,Low paying,['research skills communication organization customer service attention to detail'],"['attention to detail', 'communication', 'computer skills', 'customer service', 'organization']",100.0,Critical
74,Museum Curator,Manage museum collections and educational programs,Arts & Culture,Average paying,['research skills communication organization cultural awareness project management'],['research skills communication organization cultural awareness project management'],100.0,Critical
75,Park Ranger,Protect natural resources and educate visitors about parks,Government,Average paying,['communication environmental awareness safety skills leadership physical fitness'],['communication environmental awareness safety skills leadership physical fitness'],100.0,Critical
76,Fire Fighter,Respond to emergency situations and provide fire suppression,Public Safety,Average paying,['physical fitness teamwork stress management problem solving safety awareness'],['physical fitness teamwork stress management problem solving safety awareness'],100.0,Critical
77,Police Officer,Enforce laws and maintain public safety,Public Safety,Average paying,['communication problem solving physical fitness ethical reasoning stress management'],['communication problem solving physical fitness ethical reasoning stress management'],100.0,Critical
78,Paramedic,Provide emergency medical care and transport patients,Healthcare,Average paying,['quick decision making stress management communication empathy physical fitness'],['quick decision making stress management communication empathy physical fitness'],100.0,Critical
79,Social Worker,Provide support services to individuals and families,Social Services,Average paying,['empathy communication problem solving advocacy skills stress management'],['empathy communication problem solving advocacy skills stress management'],100.0,Critical
79,Social Worker,Provide support services to individuals and families,Social Services,Average paying,['empathy communication problem solving advocacy skills stress management'],"['advocacy', 'case management', 'counseling', 'empathy', 'social work']",100.0,Critical
80,Psychologist,Provide mental health assessment and therapy services,Healthcare,High paying,['active listening empathy analytical thinking communication ethical reasoning'],['active listening empathy analytical thinking communication ethical reasoning'],100.0,Critical
81,Radiologic Technologist,Perform medical imaging procedures for diagnosis,Healthcare,Average paying,['attention to detail safety awareness communication technical aptitude patient care'],['attention to detail safety awareness communication technical aptitude patient care'],100.0,Critical
82,Medical Assistant,Provide clinical and administrative support in healthcare,Healthcare,Low paying,['multitasking communication organization attention to detail empathy'],['multitasking communication organization attention to detail empathy'],100.0,Critical
83,Laboratory Technician,Perform laboratory tests and analyze samples,Healthcare,Average paying,['attention to detail safety awareness analytical thinking organization technical aptitude'],['attention to detail safety awareness analytical thinking organization technical aptitude'],100.0,Critical
83,Laboratory Technician,Perform laboratory tests and analyze samples,Healthcare,Average paying,['attention to detail safety awareness analytical thinking organization technical aptitude'],"['attention to detail', 'data collection', 'laboratory techniques', 'safety protocols', 'scientific equipment']",100.0,Critical
84,Pharmacist Technician,Assist pharmacists with medication preparation and inventory,Healthcare,Low paying,['attention to detail organization communication customer service mathematical accuracy'],['attention to detail organization communication customer service mathematical accuracy'],100.0,Critical
85,Optician,Fit and dispense eyeglasses and contact lenses,Healthcare,Average paying,['customer service attention to detail communication manual dexterity problem solving'],['customer service attention to detail communication manual dexterity problem solving'],100.0,Critical
86,Respiratory Therapist,Provide respiratory care to patients with breathing disorders,Healthcare,Average paying,['patient care communication assessment skills problem solving stress management'],['patient care communication assessment skills problem solving stress management'],100.0,Critical
87,Dietitian,Provide nutrition counseling and meal planning services,Healthcare,Average paying,['communication analytical thinking empathy research skills health awareness'],['communication analytical thinking empathy research skills health awareness'],100.0,Critical
88,Environmental Scientist,Study environmental problems and develop solutions,Environmental Services,High paying,['research skills analytical thinking problem solving communication environmental awareness'],['research skills analytical thinking problem solving communication environmental awareness'],100.0,Critical
89,Geologist,Study earth materials and processes for various applications,Mining & Resources,High paying,['research skills analytical thinking problem solving physical stamina attention to detail'],['research skills analytical thinking problem solving physical stamina attention to detail'],100.0,Critical
90,Meteorologist,Study weather patterns and provide weather forecasts,Science & Research,High paying,['analytical thinking pattern recognition communication data interpretation mathematical reasoning'],['analytical thinking pattern recognition communication data interpretation mathematical reasoning'],100.0,Critical
91,Astronomer,Study celestial objects and phenomena in space,Science & Research,High paying,['research skills mathematical reasoning pattern recognition analytical thinking patience'],['research skills mathematical reasoning pattern recognition analytical thinking patience'],100.0,Critical
92,Biologist,Study living organisms and biological processes,Science & Research,High paying,['research skills analytical thinking problem solving attention to detail scientific writing'],['research skills analytical thinking problem solving attention to detail scientific writing'],100.0,Critical
93,Chemist,Conduct chemical research and analysis for various applications,Science & Research,High paying,['analytical thinking safety awareness problem solving attention to detail research skills'],['analytical thinking safety awareness problem solving attention to detail research skills'],100.0,Critical
94,Physicist,Study matter energy and their interactions,Science & Research,High paying,['mathematical reasoning analytical thinking problem solving research skills abstract thinking'],['mathematical reasoning analytical thinking problem solving research skills abstract thinking'],100.0,Critical
95,Mathematician,Solve mathematical problems and develop mathematical theories,Science & Research,High paying,['logical reasoning abstract thinking problem solving pattern recognition analytical thinking'],['logical reasoning abstract thinking problem solving pattern recognition analytical thinking'],100.0,Critical
96,Statistician,Analyze data and develop statistical models,Science & Research,High paying,['analytical thinking mathematical reasoning pattern recognition attention to detail research skills'],['analytical thinking mathematical reasoning pattern recognition attention to detail research skills'],100.0,Critical
97,Economist,Study economic trends and analyze economic data,Economics,High paying,['analytical thinking research skills critical thinking mathematical reasoning communication'],['analytical thinking research skills critical thinking mathematical reasoning communication'],100.0,Critical
98,Political Scientist,Study political systems and analyze political behavior,Social Sciences,High paying,['research skills analytical thinking critical thinking communication writing skills'],['research skills analytical thinking critical thinking communication writing skills'],100.0,Critical
99,Sociologist,Study human society and social behavior,Social Sciences,High paying,['research skills analytical thinking communication cultural awareness critical thinking'],['research skills analytical thinking communication cultural awareness critical thinking'],100.0,Critical
100,Anthropologist,Study human culture and social organization,Social Sciences,High paying,['research skills cultural awareness communication analytical thinking adaptability'],['research skills cultural awareness communication analytical thinking adaptability'],100.0,Critical
101,Historian,Research and analyze historical events and trends,Education,Average paying,['research skills analytical thinking writing skills critical thinking attention to detail'],['research skills analytical thinking writing skills critical thinking attention to detail'],100.0,Critical
102,Journalist,Research and report news stories for various media,Media & Publishing,Average paying,['research skills communication writing skills curiosity time management'],['research skills communication writing skills curiosity time management'],100.0,Critical
103,Editor,Review and edit written content for publication,Media & Publishing,Average paying,['attention to detail communication writing skills critical thinking organization'],['attention to detail communication writing skills critical thinking organization'],100.0,Critical
104,Public Relations Specialist,Manage public image and media relations for organizations,Marketing,Average paying,['communication strategic thinking relationship building crisis management creativity'],['communication strategic thinking relationship building crisis management creativity'],100.0,Critical
105,Advertising Executive,Develop and implement advertising campaigns,Advertising,High paying,['creative thinking strategic planning communication leadership project management'],['creative thinking strategic planning communication leadership project management'],100.0,Critical
106,Art Director,Oversee visual aspects of advertising and media projects,Advertising,High paying,['creative leadership visual communication project management team management'],['creative leadership visual communication project management team management'],100.0,Critical
107,Copywriter,Write persuasive content for advertising and marketing,Advertising,Average paying,['creative writing communication persuasion brand awareness research skills'],['creative writing communication persuasion brand awareness research skills'],100.0,Critical
108,Film Director,Direct actors and crew in film and video production,Entertainment,High paying,['leadership creative vision communication project management decision making'],['leadership creative vision communication project management decision making'],100.0,Critical
109,Screenwriter,Write scripts for films television and other media,Entertainment,Average paying,['creative writing storytelling research skills character development communication'],['creative writing storytelling research skills character development communication'],100.0,Critical
110,Actor,Perform roles in theatrical film and television productions,Entertainment,Average paying,['creativity memorization emotional expression communication adaptability'],['creativity memorization emotional expression communication adaptability'],100.0,Critical
111,Musician,Perform music for live audiences and recordings,Entertainment,Average paying,['creativity discipline performance skills communication collaboration'],['creativity discipline performance skills communication collaboration'],100.0,Critical
112,Sound Engineer,Operate audio equipment for recordings and live events,Entertainment,Average paying,['technical aptitude attention to detail problem solving communication creativity'],['technical aptitude attention to detail problem solving communication creativity'],100.0,Critical
113,Video Game Designer,Design gameplay mechanics and overall game experience,Gaming,High paying,['creative problem solving systems thinking user experience design innovation logical reasoning'],['creative problem solving systems thinking user experience design innovation logical reasoning'],100.0,Critical
114,Animation Artist,Create animated sequences for films games and media,Entertainment,Average paying,['creativity visual storytelling attention to detail patience technical aptitude'],['creativity visual storytelling attention to detail patience technical aptitude'],100.0,Critical
115,Comic Book Artist,Create artwork and illustrations for comic books,Entertainment,Average paying,['creativity visual storytelling character development attention to detail time management'],['creativity visual storytelling character development attention to detail time management'],100.0,Critical
116,Fashion Model,Model clothing and accessories for fashion shows and photography,Fashion,Average paying,['physical fitness professionalism adaptability communication self-discipline'],['physical fitness professionalism adaptability communication self-discipline'],100.0,Critical
117,Dance Instructor,Teach dance techniques and choreography to students,Arts & Culture,Low paying,['physical coordination communication teaching skills creativity patience'],['physical coordination communication teaching skills creativity patience'],100.0,Critical
118,Yoga Instructor,Lead yoga classes and provide instruction in yoga practices,Fitness & Recreation,Low paying,['physical fitness communication teaching skills mindfulness empathy'],['physical fitness communication teaching skills mindfulness empathy'],100.0,Critical
119,Sports Coach,Train athletes and develop game strategies,Sports,Average paying,['leadership communication motivation strategic thinking physical fitness'],['leadership communication motivation strategic thinking physical fitness'],100.0,Critical
120,Athletic Trainer,Provide injury prevention and treatment for athletes,Sports,Average paying,['physical assessment communication problem solving safety awareness empathy'],['physical assessment communication problem solving safety awareness empathy'],100.0,Critical
121,Recreation Coordinator,Plan and organize recreational activities and programs,Recreation,Average paying,['organization communication leadership time management creativity'],['organization communication leadership time management creativity'],100.0,Critical
122,Camp Counselor,Supervise and lead activities for children at camps,Recreation,Low paying,['communication patience leadership safety awareness creativity'],['communication patience leadership safety awareness creativity'],100.0,Critical
123,Cruise Director,Organize entertainment and activities for cruise passengers,Hospitality,Average paying,['communication leadership entertainment skills organization customer service'],['communication leadership entertainment skills organization customer service'],100.0,Critical
124,Travel Agent,Plan and book travel arrangements for clients,Travel & Tourism,Average paying,['customer service organization communication research skills problem solving'],['customer service organization communication research skills problem solving'],100.0,Critical
125,Hotel Manager,Oversee hotel operations and ensure guest satisfaction,Hospitality,Average paying,['leadership customer service problem solving financial management communication'],['leadership customer service problem solving financial management communication'],100.0,Critical
126,Restaurant Manager,Manage restaurant operations and staff,Food Service,Average paying,['leadership communication customer service problem solving time management'],['leadership communication customer service problem solving time management'],100.0,Critical
127,Catering Manager,Plan and coordinate catering events and services,Food Service,Average paying,['organization leadership communication time management customer service'],['organization leadership communication time management customer service'],100.0,Critical
128,Wedding Planner,Plan and coordinate wedding ceremonies and receptions,Event Planning,Average paying,['organization communication attention to detail time management customer service'],['organization communication attention to detail time management customer service'],100.0,Critical
129,Florist,Design and arrange flowers for various occasions,Retail,Low paying,['creativity color theory customer service manual dexterity attention to detail'],['creativity color theory customer service manual dexterity attention to detail'],100.0,Critical
130,Baker,Bake bread pastries and other baked goods,Food Service,Low paying,['attention to detail time management creativity safety awareness quality control'],['attention to detail time management creativity safety awareness quality control'],100.0,Critical
131,Butcher,Cut and prepare meat products for sale,Food Service,Low paying,['manual dexterity safety awareness customer service attention to detail product knowledge'],['manual dexterity safety awareness customer service attention to detail product knowledge'],100.0,Critical
132,Farmer,Grow crops and raise livestock for food production,Agriculture,Low paying,['physical stamina problem solving environmental awareness time management planning'],['physical stamina problem solving environmental awareness time management planning'],100.0,Critical
133,Fisherman,Catch fish and other seafood for commercial purposes,Agriculture,Low paying,['physical stamina safety awareness navigation problem solving environmental awareness'],['physical stamina safety awareness navigation problem solving environmental awareness'],100.0,Critical
134,Logger,Harvest timber from forests for commercial use,Forestry,Average paying,['physical stamina safety awareness environmental awareness equipment operation teamwork'],['physical stamina safety awareness environmental awareness equipment operation teamwork'],100.0,Critical
135,Miner,Extract minerals and resources from underground mines,Mining & Resources,Average paying,['physical stamina safety awareness attention to detail teamwork problem solving'],['physical stamina safety awareness attention to detail teamwork problem solving'],100.0,Critical
136,Oil Rig Worker,Operate equipment on offshore oil drilling platforms,Oil & Gas,High paying,['physical stamina safety awareness teamwork problem solving stress management'],['physical stamina safety awareness teamwork problem solving stress management'],100.0,Critical
137,Solar Panel Installer,Install and maintain solar energy systems,Renewable Energy,Average paying,['safety awareness manual dexterity problem solving physical fitness environmental awareness'],['safety awareness manual dexterity problem solving physical fitness environmental awareness'],100.0,Critical
138,Wind Turbine Technician,Maintain and repair wind energy equipment,Renewable Energy,Average paying,['safety awareness physical fitness problem solving manual dexterity environmental awareness'],['safety awareness physical fitness problem solving manual dexterity environmental awareness'],100.0,Critical
139,HVAC Technician,Install and repair heating ventilation and air conditioning systems,Construction,Average paying,['problem solving manual dexterity safety awareness attention to detail customer service'],['problem solving manual dexterity safety awareness attention to detail customer service'],100.0,Critical
140,Locksmith,Install and repair locks and security systems,Security,Average paying,['problem solving manual dexterity attention to detail customer service security awareness'],['problem solving manual dexterity attention to detail customer service security awareness'],100.0,Critical
141,Watchmaker,Repair and maintain timepieces and clocks,Specialized Services,Average paying,['manual dexterity attention to detail patience problem solving precision'],['manual dexterity attention to detail patience problem solving precision'],100.0,Critical
142,Jeweler,Design and repair jewelry and precious items,Retail,Average paying,['manual dexterity creativity attention to detail customer service visual skills'],['manual dexterity creativity attention to detail customer service visual skills'],100.0,Critical
143,Tailor,Alter and create custom clothing and garments,Personal Services,Low paying,['manual dexterity attention to detail customer service problem solving creativity'],['manual dexterity attention to detail customer service problem solving creativity'],100.0,Critical
144,Cobbler,Repair and restore shoes and leather goods,Personal Services,Low paying,['manual dexterity problem solving attention to detail customer service craftsmanship'],['manual dexterity problem solving attention to detail customer service craftsmanship'],100.0,Critical
145,Upholsterer,Repair and reupholster furniture and cushions,Personal Services,Low paying,['manual dexterity problem solving attention to detail customer service creativity'],['manual dexterity problem solving attention to detail customer service creativity'],100.0,Critical
146,Glass Blower,Create decorative and functional glass objects,Arts & Crafts,Average paying,['manual dexterity creativity physical stamina safety awareness artistic skills'],['manual dexterity creativity physical stamina safety awareness artistic skills'],100.0,Critical
147,Potter,Create ceramic pottery and decorative items,Arts & Crafts,Low paying,['creativity manual dexterity attention to detail patience artistic skills'],['creativity manual dexterity attention to detail patience artistic skills'],100.0,Critical
148,Blacksmith,Shape and forge metal objects using traditional techniques,Arts & Crafts,Average paying,['physical stamina manual dexterity safety awareness problem solving craftsmanship'],['physical stamina manual dexterity safety awareness problem solving craftsmanship'],100.0,Critical
149,Welder,Join metal parts using various welding techniques,Manufacturing,Average paying,['manual dexterity safety awareness attention to detail problem solving physical stamina'],['manual dexterity safety awareness attention to detail problem solving physical stamina'],100.0,Critical
150,Machinist,Operate machine tools to create precision metal parts,Manufacturing,Average paying,['attention to detail manual dexterity problem solving mathematical reasoning safety awareness'],['attention to detail manual dexterity problem solving mathematical reasoning safety awareness'],100.0,Critical
151,Tool and Die Maker,Create tools dies and fixtures for manufacturing,Manufacturing,High paying,['precision manual dexterity problem solving mathematical reasoning attention to detail'],['precision manual dexterity problem solving mathematical reasoning attention to detail'],100.0,Critical
152,Quality Control Inspector,Inspect products to ensure they meet quality standards,Manufacturing,Average paying,['attention to detail analytical thinking problem solving communication organization'],['attention to detail analytical thinking problem solving communication organization'],100.0,Critical
153,Assembly Line Worker,Assemble products on manufacturing production lines,Manufacturing,Low paying,['manual dexterity attention to detail repetitive task management teamwork quality focus'],['manual dexterity attention to detail repetitive task management teamwork quality focus'],100.0,Critical
153,Assembly Line Worker,Assemble products on manufacturing production lines,Manufacturing,Low paying,['manual dexterity attention to detail repetitive task management teamwork quality focus'],"['attention to detail', 'manual dexterity', 'physical stamina', 'quality control', 'teamwork']",100.0,Critical
154,Forklift Operator,Operate forklifts to move materials in warehouses,Warehousing,Low paying,['safety awareness spatial awareness attention to detail physical coordination responsibility'],['safety awareness spatial awareness attention to detail physical coordination responsibility'],100.0,Critical
155,Warehouse Manager,Oversee warehouse operations and inventory management,Warehousing,Average paying,['leadership organization problem solving safety awareness communication'],['leadership organization problem solving safety awareness communication'],100.0,Critical
156,Shipping Clerk,Prepare and process shipments for delivery,Logistics,Low paying,['attention to detail organization time management communication problem solving'],['attention to detail organization time management communication problem solving'],100.0,Critical
157,Receiving Clerk,Process incoming shipments and inventory,Logistics,Low paying,['attention to detail organization physical stamina communication problem solving'],['attention to detail organization physical stamina communication problem solving'],100.0,Critical
158,Inventory Specialist,Track and manage inventory levels and stock,Logistics,Average paying,['attention to detail organization analytical thinking problem solving communication'],['attention to detail organization analytical thinking problem solving communication'],100.0,Critical
159,Procurement Specialist,Purchase goods and services for organizations,Business Services,Average paying,['negotiation analytical thinking communication relationship building decision making'],['negotiation analytical thinking communication relationship building decision making'],100.0,Critical
160,Logistics Coordinator,Coordinate transportation and distribution of goods,Logistics,Average paying,['organization communication problem solving time management analytical thinking'],['organization communication problem solving time management analytical thinking'],100.0,Critical
160,Logistics Coordinator,Coordinate transportation and distribution of goods,Logistics,Average paying,['organization communication problem solving time management analytical thinking'],"['communication', 'inventory management', 'logistics', 'organization', 'problem solving']",100.0,Critical
161,Import Export Specialist,Manage international trade and shipping documentation,International Trade,Average paying,['attention to detail organization communication cultural awareness problem solving'],['attention to detail organization communication cultural awareness problem solving'],100.0,Critical
162,Customs Broker,Facilitate customs clearance for international shipments,International Trade,Average paying,['attention to detail communication problem solving regulatory knowledge relationship building'],['attention to detail communication problem solving regulatory knowledge relationship building'],100.0,Critical
163,Air Traffic Controller,Direct aircraft movement and ensure flight safety,Aviation,High paying,['attention to detail multitasking communication stress management decision making'],['attention to detail multitasking communication stress management decision making'],100.0,Critical
164,Ship Captain,Navigate and command ships and vessels,Maritime,High paying,['leadership navigation skills decision making safety awareness communication'],['leadership navigation skills decision making safety awareness communication'],100.0,Critical
165,Train Conductor,Operate trains and ensure passenger safety,Transportation,Average paying,['safety awareness communication attention to detail responsibility problem solving'],['safety awareness communication attention to detail responsibility problem solving'],100.0,Critical
166,Bus Driver,Transport passengers safely on scheduled routes,Transportation,Low paying,['safety awareness customer service communication patience responsibility'],['safety awareness customer service communication patience responsibility'],100.0,Critical
167,Taxi Driver,Provide transportation services to passengers,Transportation,Low paying,['customer service communication navigation problem solving safety awareness'],['customer service communication navigation problem solving safety awareness'],100.0,Critical
168,Delivery Driver,Deliver packages and goods to customers,Transportation,Low paying,['time management customer service navigation problem solving physical stamina'],['time management customer service navigation problem solving physical stamina'],100.0,Critical
168,Delivery Driver,Deliver packages and goods to customers,Transportation,Low paying,['time management customer service navigation problem solving physical stamina'],"['customer service', 'driving skills', 'navigation', 'physical stamina', 'time management']",100.0,Critical
169,Mail Carrier,Deliver mail and packages to residential and business addresses,Postal Services,Average paying,['physical stamina attention to detail customer service navigation time management'],['physical stamina attention to detail customer service navigation time management'],100.0,Critical
170,Courier,Provide fast delivery services for documents and packages,Transportation,Low paying,['time management problem solving customer service navigation physical stamina'],['time management problem solving customer service navigation physical stamina'],100.0,Critical
171,Moving Company Worker,Pack and transport household and office items,Moving Services,Low paying,['physical stamina teamwork customer service problem solving organization'],['physical stamina teamwork customer service problem solving organization'],100.0,Critical
172,Landscaping Crew Leader,Supervise landscaping teams and coordinate projects,Landscaping,Average paying,['leadership communication safety awareness physical stamina problem solving'],['leadership communication safety awareness physical stamina problem solving'],100.0,Critical
173,Groundskeeper,Maintain grounds and outdoor spaces for facilities,Landscaping,Low paying,['physical stamina attention to detail environmental awareness safety awareness problem solving'],['physical stamina attention to detail environmental awareness safety awareness problem solving'],100.0,Critical
173,Groundskeeper,Maintain grounds and outdoor spaces for facilities,Landscaping,Low paying,['physical stamina attention to detail environmental awareness safety awareness problem solving'],"['attention to detail', 'equipment operation', 'landscaping', 'physical labor', 'weather tolerance']",100.0,Critical
174,Golf Course Maintenance,Maintain golf courses and playing surfaces,Recreation,Low paying,['attention to detail physical stamina environmental awareness equipment operation problem solving'],['attention to detail physical stamina environmental awareness equipment operation problem solving'],100.0,Critical
174,Golf Course Maintenance,Maintain golf courses and playing surfaces,Recreation,Low paying,['attention to detail physical stamina environmental awareness equipment operation problem solving'],"['attention to detail', 'early hours', 'equipment operation', 'landscaping', 'physical labor']",100.0,Critical
175,Pool Maintenance Technician,Clean and maintain swimming pools and spas,Maintenance Services,Low paying,['safety awareness attention to detail customer service problem solving chemical knowledge'],['safety awareness attention to detail customer service problem solving chemical knowledge'],100.0,Critical
176,Pest Control Technician,Identify and eliminate pest infestations,Pest Control,Average paying,['problem solving safety awareness customer service attention to detail environmental awareness'],['problem solving safety awareness customer service attention to detail environmental awareness'],100.0,Critical
177,House Cleaner,Provide residential cleaning services,Cleaning Services,Low paying,['attention to detail time management physical stamina customer service reliability'],['attention to detail time management physical stamina customer service reliability'],100.0,Critical
178,Window Cleaner,Clean windows and glass surfaces on buildings,Cleaning Services,Low paying,['safety awareness physical fitness attention to detail problem solving customer service'],['safety awareness physical fitness attention to detail problem solving customer service'],100.0,Critical
179,Crime Scene Investigator,Collect and analyze evidence from crime scenes,Law Enforcement,High paying,['attention to detail analytical thinking problem solving communication ethical reasoning'],['attention to detail analytical thinking problem solving communication ethical reasoning'],100.0,Critical
180,Private Investigator,Conduct investigations for legal and personal matters,Legal Services,Average paying,['research skills problem solving communication discretion persistence'],['research skills problem solving communication discretion persistence'],100.0,Critical
181,Forensic Accountant,Investigate financial crimes and fraud,Legal Services,High paying,['analytical thinking attention to detail problem solving ethical reasoning communication'],['analytical thinking attention to detail problem solving ethical reasoning communication'],100.0,Critical
182,Court Reporter,Create written records of legal proceedings,Legal Services,Average paying,['attention to detail listening skills accuracy time management concentration'],['attention to detail listening skills accuracy time management concentration'],100.0,Critical
183,Bailiff,Maintain order in courtrooms and provide security,Legal Services,Average paying,['communication physical fitness authority safety awareness conflict resolution'],['communication physical fitness authority safety awareness conflict resolution'],100.0,Critical
184,Process Server,Deliver legal documents to individuals and businesses,Legal Services,Low paying,['communication persistence problem solving navigation customer service'],['communication persistence problem solving navigation customer service'],100.0,Critical
185,Notary Public,Verify identities and witness document signings,Legal Services,Low paying,['attention to detail communication ethical reasoning customer service organization'],['attention to detail communication ethical reasoning customer service organization'],100.0,Critical
186,Tax Preparer,Prepare tax returns for individuals and businesses,Financial Services,Low paying,['attention to detail mathematical accuracy customer service problem solving organization'],['attention to detail mathematical accuracy customer service problem solving organization'],100.0,Critical
187,Bookkeeper,Maintain financial records for small businesses,Financial Services,Average paying,['attention to detail organization mathematical accuracy communication reliability'],['attention to detail organization mathematical accuracy communication reliability'],100.0,Critical
188,Payroll Clerk,Process employee payroll and maintain payroll records,Human Resources,Average paying,['attention to detail mathematical accuracy discretion organization time management'],['attention to detail mathematical accuracy discretion organization time management'],100.0,Critical
189,Benefits Administrator,Manage employee benefits programs and enrollment,Human Resources,Average paying,['communication organization attention to detail customer service problem solving'],['communication organization attention to detail customer service problem solving'],100.0,Critical
190,Training Coordinator,Develop and coordinate employee training programs,Human Resources,Average paying,['communication organization presentation skills problem solving leadership'],['communication organization presentation skills problem solving leadership'],100.0,Critical
190,Training Coordinator,Develop and coordinate employee training programs,Human Resources,Average paying,['communication organization presentation skills problem solving leadership'],"['communication', 'learning management systems', 'organization', 'presentation skills', 'training development']",100.0,Critical
191,Talent Acquisition Specialist,Recruit and hire qualified candidates for positions,Human Resources,Average paying,['communication relationship building assessment skills persuasion organization'],['communication relationship building assessment skills persuasion organization'],100.0,Critical
192,Compensation Analyst,Analyze and develop compensation structures and policies,Human Resources,High paying,['analytical thinking mathematical reasoning research skills communication attention to detail'],['analytical thinking mathematical reasoning research skills communication attention to detail'],100.0,Critical
192,Compensation Analyst,Analyze and develop compensation structures and policies,Human Resources,High paying,['analytical thinking mathematical reasoning research skills communication attention to detail'],"['compensation analysis', 'excel', 'hr analytics', 'market research', 'statistical analysis']",100.0,Critical
193,Employee Relations Specialist,Handle employee concerns and workplace issues,Human Resources,Average paying,['communication conflict resolution problem solving discretion empathy'],['communication conflict resolution problem solving discretion empathy'],100.0,Critical
194,Safety Coordinator,Develop and implement workplace safety programs,Safety & Compliance,Average paying,['safety awareness communication training skills problem solving leadership'],['safety awareness communication training skills problem solving leadership'],100.0,Critical
195,Environmental Compliance Specialist,Ensure compliance with environmental regulations,Environmental Services,Average paying,['environmental awareness attention to detail communication problem solving analytical thinking'],['environmental awareness attention to detail communication problem solving analytical thinking'],100.0,Critical
196,Regulatory Affairs Specialist,Ensure compliance with industry regulations,Regulatory Affairs,Average paying,['attention to detail communication analytical thinking problem solving organization'],['attention to detail communication analytical thinking problem solving organization'],100.0,Critical
197,Risk Management Analyst,Identify and assess business risks and mitigation strategies,Risk Management,High paying,['analytical thinking problem solving communication research skills critical thinking'],['analytical thinking problem solving communication research skills critical thinking'],100.0,Critical
198,Internal Auditor,Examine financial records and internal controls,Finance,High paying,['analytical thinking attention to detail problem solving communication ethical reasoning'],['analytical thinking attention to detail problem solving communication ethical reasoning'],100.0,Critical
199,External Auditor,Conduct independent audits of organizations,Finance,High paying,['analytical thinking attention to detail communication ethical reasoning critical thinking'],['analytical thinking attention to detail communication ethical reasoning critical thinking'],100.0,Critical
200,Compliance Officer,Ensure organizational compliance with laws and regulations,Regulatory Affairs,High paying,['attention to detail communication problem solving ethical reasoning analytical thinking'],['attention to detail communication problem solving ethical reasoning analytical thinking'],100.0,Critical
200,Compliance Officer,Ensure organizational compliance with laws and regulations,Regulatory Affairs,High paying,['attention to detail communication problem solving ethical reasoning analytical thinking'],"['attention to detail', 'audit skills', 'communication', 'regulatory knowledge', 'risk assessment']",100.0,Critical
201,Ethics Officer,Develop and oversee organizational ethics programs,Corporate Governance,High paying,['ethical reasoning communication leadership problem solving training skills'],['ethical reasoning communication leadership problem solving training skills'],100.0,Critical
202,Chief Executive Officer,Lead organizational strategy and overall operations,Executive Leadership,High paying,['strategic thinking leadership decision making communication visionary thinking'],['strategic thinking leadership decision making communication visionary thinking'],100.0,Critical
203,Chief Financial Officer,Oversee financial operations and strategy,Executive Leadership,High paying,['financial acumen strategic thinking leadership risk management decision making'],['financial acumen strategic thinking leadership risk management decision making'],100.0,Critical
203,Chief Financial Officer,Oversee financial operations and strategy,Executive Leadership,High paying,['financial acumen strategic thinking leadership risk management decision making'],"['corporate finance', 'executive leadership', 'financial strategy', 'investor relations', 'risk management']",100.0,Critical
204,Chief Technology Officer,Lead technology strategy and innovation,Executive Leadership,High paying,['strategic thinking innovation leadership technical vision team building'],['strategic thinking innovation leadership technical vision team building'],100.0,Critical
204,Chief Technology Officer,Lead technology strategy and innovation,Executive Leadership,High paying,['strategic thinking innovation leadership technical vision team building'],"['digital transformation', 'engineering leadership', 'executive management', 'innovation', 'technology strategy']",100.0,Critical
205,Chief Marketing Officer,Develop and execute marketing strategy,Executive Leadership,High paying,['strategic thinking brand leadership communication market awareness innovation'],['strategic thinking brand leadership communication market awareness innovation'],100.0,Critical
205,Chief Marketing Officer,Develop and execute marketing strategy,Executive Leadership,High paying,['strategic thinking brand leadership communication market awareness innovation'],"['analytics', 'brand management', 'digital marketing', 'marketing strategy', 'team leadership']",100.0,Critical
206,Chief Human Resources Officer,Lead human resources strategy and operations,Executive Leadership,High paying,['strategic thinking leadership employee relations organizational development communication'],['strategic thinking leadership employee relations organizational development communication'],100.0,Critical
207,Chief Operating Officer,Oversee daily operations and process improvement,Executive Leadership,High paying,['operations management leadership strategic thinking process improvement decision making'],['operations management leadership strategic thinking process improvement decision making'],100.0,Critical
207,Chief Operating Officer,Oversee daily operations and process improvement,Executive Leadership,High paying,['operations management leadership strategic thinking process improvement decision making'],"['change management', 'executive leadership', 'operations strategy', 'p&l management', 'process optimization']",100.0,Critical
208,Vice President of Sales,Lead sales strategy and team management,Executive Leadership,High paying,['sales leadership strategic thinking team management revenue growth communication'],['sales leadership strategic thinking team management revenue growth communication'],100.0,Critical
209,Vice President of Engineering,Lead engineering teams and technical strategy,Executive Leadership,High paying,['technical leadership strategic thinking team management innovation problem solving'],['technical leadership strategic thinking team management innovation problem solving'],100.0,Critical
210,Director of Product Management,Oversee product strategy and development,Executive Leadership,High paying,['strategic thinking market awareness leadership product vision decision making'],['strategic thinking market awareness leadership product vision decision making'],100.0,Critical
211,Beekeeper,Manage bee colonies and harvest honey products,Agriculture,Low paying,['animal husbandry seasonal planning protective equipment use honey processing agricultural knowledge'],['animal husbandry seasonal planning protective equipment use honey processing agricultural knowledge'],100.0,Critical
212,Chocolatier,Create artisanal chocolates and confections,Food Production,Average paying,['culinary arts temperature control flavor pairing creative presentation food safety'],['culinary arts temperature control flavor pairing creative presentation food safety'],100.0,Critical
213,Cartographer,Create and update maps using geographic data,Mapping & Surveying,Average paying,['geographic information systems spatial analysis attention to detail technical drawing survey data'],['geographic information systems spatial analysis attention to detail technical drawing survey data'],100.0,Critical
214,Sommelier,Evaluate and recommend wines and beverages,Hospitality,Average paying,['wine knowledge taste analysis customer service beverage pairing sensory skills'],['wine knowledge taste analysis customer service beverage pairing sensory skills'],100.0,Critical
215,Auction House Appraiser,Evaluate and authenticate valuable items for auction,Art & Antiques,Average paying,['art history valuation skills authentication research attention to detail'],['art history valuation skills authentication research attention to detail'],100.0,Critical
216,Perfumer,Create fragrances and scent compositions,Cosmetics,Average paying,['olfactory skills chemistry knowledge creative blending sensory analysis market trends'],['olfactory skills chemistry knowledge creative blending sensory analysis market trends'],100.0,Critical
217,Gemologist,Examine and grade precious stones and jewelry,Jewelry,Average paying,['gemstone knowledge microscopy grading standards attention to detail certification'],['gemstone knowledge microscopy grading standards attention to detail certification'],100.0,Critical
218,Lighthouse Keeper,Maintain lighthouse operations and maritime safety,Maritime,Average paying,['maritime safety equipment maintenance weather monitoring isolation tolerance emergency response'],['maritime safety equipment maintenance weather monitoring isolation tolerance emergency response'],100.0,Critical
219,Blackjack Dealer,Deal cards and manage casino table games,Gaming,Low paying,['mathematics quick calculation customer service game rules hand dexterity'],['mathematics quick calculation customer service game rules hand dexterity'],100.0,Critical
220,Rodeo Clown,Entertain crowds and protect riders at rodeo events,Entertainment,Low paying,['physical agility entertainment skills animal behavior safety skills performance'],['physical agility entertainment skills animal behavior safety skills performance'],100.0,Critical
221,Cheese Maker,Produce artisanal cheeses and dairy products,Food Production,Average paying,['fermentation science quality control sanitation temperature monitoring aging processes'],['fermentation science quality control sanitation temperature monitoring aging processes'],100.0,Critical
222,Crop Duster Pilot,Spray agricultural fields from aircraft,Agriculture,High paying,['aviation skills agricultural knowledge weather assessment precision flying chemical safety'],['aviation skills agricultural knowledge weather assessment precision flying chemical safety'],100.0,Critical
223,Ice Road Trucker,Transport goods over frozen waterways,Transportation,High paying,['cold weather driving ice conditions assessment vehicle maintenance isolation tolerance risk management'],['cold weather driving ice conditions assessment vehicle maintenance isolation tolerance risk management'],100.0,Critical
224,Bomb Disposal Expert,Safely disarm explosive devices,Public Safety,High paying,['explosives knowledge steady hands risk assessment problem solving attention to detail'],['explosives knowledge steady hands risk assessment problem solving attention to detail'],100.0,Critical
225,Funeral Director,Coordinate funeral services and support grieving families,Funeral Services,Average paying,['grief counseling event planning empathy communication organization'],['grief counseling event planning empathy communication organization'],100.0,Critical
226,Marine Biologist,Study ocean ecosystems and marine life populations,Marine Science,High paying,['research skills environmental science diving certification data analysis scientific writing'],['research skills environmental science diving certification data analysis scientific writing'],100.0,Critical
227,Robotics Engineer,Design and program automated systems and robots,Robotics,High paying,['programming mechanical design systems integration problem solving innovation'],['programming mechanical design systems integration problem solving innovation'],100.0,Critical
228,Blockchain Developer,Create decentralized applications and cryptocurrency systems,Technology,High paying,['programming cryptography distributed systems security protocols innovation'],['programming cryptography distributed systems security protocols innovation'],100.0,Critical
228,Blockchain Developer,Create decentralized applications and cryptocurrency systems,Technology,High paying,['programming cryptography distributed systems security protocols innovation'],"['cryptography', 'distributed systems', 'javascript', 'solidity', 'web3']",100.0,Critical
229,Sustainability Consultant,Advise organizations on environmental and social responsibility,Environmental Services,High paying,['environmental science strategic planning data analysis communication stakeholder management'],['environmental science strategic planning data analysis communication stakeholder management'],100.0,Critical
230,Voice Actor,Provide voice talent for animation commercials and media,Entertainment,Average paying,['voice control acting skills audio recording character development adaptability'],['voice control acting skills audio recording character development adaptability'],100.0,Critical
231,Patent Examiner,Review patent applications for government agencies,Government,Average paying,['technical analysis legal research attention to detail critical thinking report writing'],['technical analysis legal research attention to detail critical thinking report writing'],100.0,Critical
232,Archivist,Preserve and organize historical documents and records,Cultural Heritage,Average paying,['historical research organization digital preservation information management attention to detail'],['historical research organization digital preservation information management attention to detail'],100.0,Critical
233,Medical Illustrator,Create detailed anatomical drawings and medical graphics,Healthcare,Average paying,['medical knowledge artistic skills digital illustration attention to detail scientific accuracy'],['medical knowledge artistic skills digital illustration attention to detail scientific accuracy'],100.0,Critical
234,Forensic Psychologist,Evaluate criminal behavior and provide expert testimony,Legal Services,High paying,['psychological assessment criminal justice knowledge report writing ethical reasoning communication'],['psychological assessment criminal justice knowledge report writing ethical reasoning communication'],100.0,Critical
235,Wind Farm Manager,Oversee renewable energy operations and maintenance,Renewable Energy,High paying,['project management renewable energy safety protocols team leadership environmental awareness'],['project management renewable energy safety protocols team leadership environmental awareness'],100.0,Critical
236,Quantum Computing Researcher,Develop quantum algorithms and computing systems,Science & Research,High paying,['quantum physics programming mathematical modeling research skills innovation'],['quantum physics programming mathematical modeling research skills innovation'],100.0,Critical
237,Ethical Hacker,Test cybersecurity systems by identifying vulnerabilities,Technology,High paying,['cybersecurity programming network security problem solving ethical reasoning'],['cybersecurity programming network security problem solving ethical reasoning'],100.0,Critical
238,Disaster Recovery Specialist,Plan and coordinate emergency response procedures,Emergency Services,Average paying,['emergency management risk assessment communication leadership crisis management'],['emergency management risk assessment communication leadership crisis management'],100.0,Critical
239,Viticulturist,Grow and harvest grapes for wine production,Agriculture,Average paying,['agricultural science soil management weather analysis quality control seasonal planning'],['agricultural science soil management weather analysis quality control seasonal planning'],100.0,Critical
240,Paleontologist,Study fossilized remains of ancient organisms,Science & Research,High paying,['geological knowledge research skills excavation techniques scientific writing attention to detail'],['geological knowledge research skills excavation techniques scientific writing attention to detail'],100.0,Critical
241,Cryptographer,Develop secure communication systems and encryption,Technology,High paying,['mathematics programming security protocols logical reasoning problem solving'],['mathematics programming security protocols logical reasoning problem solving'],100.0,Critical
242,Biomechanical Engineer,Design medical devices and prosthetics,Engineering,High paying,['engineering principles medical knowledge cad design problem solving innovation'],['engineering principles medical knowledge cad design problem solving innovation'],100.0,Critical
243,Food Scientist,Research food safety nutrition and product development,Food Science,High paying,['chemistry biology food safety regulations research skills innovation'],['chemistry biology food safety regulations research skills innovation'],100.0,Critical
244,Sleep Technologist,Monitor and analyze sleep patterns for medical diagnosis,Healthcare,Average paying,['medical technology patient care data analysis attention to detail technical equipment'],['medical technology patient care data analysis attention to detail technical equipment'],100.0,Critical
245,Drone Pilot,Operate unmanned aerial vehicles for various applications,Aviation,Average paying,['aviation regulations remote piloting weather assessment safety protocols technical skills'],['aviation regulations remote piloting weather assessment safety protocols technical skills'],100.0,Critical
246,Biostatistician,Analyze biological and health data for research,Healthcare,High paying,['statistics mathematical modeling data analysis programming research skills'],['statistics mathematical modeling data analysis programming research skills'],100.0,Critical
247,Genealogist,Research family histories and ancestry records,Professional Services,Average paying,['historical research database management communication attention to detail documentation'],['historical research database management communication attention to detail documentation'],100.0,Critical
248,Animal Behaviorist,Study and modify animal behavior patterns,Animal Sciences,Average paying,['animal psychology research skills observation patience problem solving'],['animal psychology research skills observation patience problem solving'],100.0,Critical
249,Aquaculture Farmer,Raise fish and aquatic organisms for commercial purposes,Agriculture,Average paying,['aquatic biology water quality management equipment operation problem solving environmental awareness'],['aquatic biology water quality management equipment operation problem solving environmental awareness'],100.0,Critical
250,Holographic Designer,Create three dimensional visual displays and experiences,Technology,High paying,['3d modeling programming optical physics creative vision technical innovation'],['3d modeling programming optical physics creative vision technical innovation'],100.0,Critical
251,Space Mission Planner,Design and coordinate space exploration missions,Aerospace,High paying,['aerospace engineering project management systems analysis risk assessment strategic planning'],['aerospace engineering project management systems analysis risk assessment strategic planning'],100.0,Critical
252,Neuropsychologist,Study brain function and treat neurological disorders,Healthcare,High paying,['neuroscience psychology assessment skills research methods clinical reasoning'],['neuroscience psychology assessment skills research methods clinical reasoning'],100.0,Critical
253,Atmospheric Scientist,Study weather patterns and climate change,Environmental Sciences,High paying,['meteorology data analysis research skills environmental science mathematical modeling'],['meteorology data analysis research skills environmental science mathematical modeling'],100.0,Critical
254,Biomedical Engineer,Design medical equipment and biological systems,Engineering,High paying,['engineering biology medical devices problem solving innovation'],['engineering biology medical devices problem solving innovation'],100.0,Critical
254,Biomedical Engineer,Design medical equipment and biological systems,Engineering,High paying,['engineering biology medical devices problem solving innovation'],"['biology', 'cad', 'engineering design', 'medical device regulations', 'testing']",100.0,Critical
255,Cryptocurrency Analyst,Analyze digital currency markets and trends,Finance,High paying,['financial analysis blockchain technology market research data interpretation risk assessment'],['financial analysis blockchain technology market research data interpretation risk assessment'],100.0,Critical
256,Virtual Reality Developer,Create immersive digital experiences and applications,Technology,High paying,['3d programming user experience design spatial design innovation technical skills'],['3d programming user experience design spatial design innovation technical skills'],100.0,Critical
257,Forensic Anthropologist,Analyze human remains for legal investigations,Forensic Science,High paying,['anatomy archaeological methods legal procedures research skills attention to detail'],['anatomy archaeological methods legal procedures research skills attention to detail'],100.0,Critical
258,Artificial Intelligence Trainer,Develop and train machine learning models,Technology,High paying,['machine learning programming data science algorithm development problem solving'],['machine learning programming data science algorithm development problem solving'],100.0,Critical
259,Organ Transplant Coordinator,Facilitate organ donation and transplant procedures,Healthcare,High paying,['medical knowledge communication ethical reasoning time management crisis management'],['medical knowledge communication ethical reasoning time management crisis management'],100.0,Critical
260,Nanotechnology Engineer,Design and create materials at the molecular level,Engineering,High paying,['materials science physics chemistry innovation problem solving'],['materials science physics chemistry innovation problem solving'],100.0,Critical
261,Esports Coach,Train professional video game players and teams,Gaming,Average paying,['gaming strategy team leadership communication performance analysis motivation'],['gaming strategy team leadership communication performance analysis motivation'],100.0,Critical
262,Podcast Producer,Create and manage audio content for digital platforms,Media & Publishing,Average paying,['audio production storytelling project management communication creative direction'],['audio production storytelling project management communication creative direction'],100.0,Critical
263,Renewable Energy Analyst,Evaluate and optimize clean energy systems,Renewable Energy,High paying,['energy systems analysis data interpretation environmental science financial modeling market research'],['energy systems analysis data interpretation environmental science financial modeling market research'],100.0,Critical
264,Genetic Counselor,Provide guidance on hereditary conditions and genetic testing,Healthcare,High paying,['genetics medical knowledge counseling skills communication empathy'],['genetics medical knowledge counseling skills communication empathy'],100.0,Critical
265,Computational Biologist,Use computer modeling to solve biological problems,Science & Research,High paying,['biology programming data analysis mathematical modeling research skills'],['biology programming data analysis mathematical modeling research skills'],100.0,Critical
266,User Interface Designer,Create intuitive digital interfaces and experiences,Technology,Average paying,['design principles user psychology prototyping software skills creative problem solving'],['design principles user psychology prototyping software skills creative problem solving'],100.0,Critical
267,Seismologist,Study earthquakes and earth movements,Earth Sciences,High paying,['geology data analysis research skills mathematical modeling fieldwork'],['geology data analysis research skills mathematical modeling fieldwork'],100.0,Critical
268,Food Safety Inspector,Ensure restaurants and food facilities meet health standards,Government,Average paying,['food safety regulations attention to detail communication problem solving report writing'],['food safety regulations attention to detail communication problem solving report writing'],100.0,Critical
269,Organ Procurement Coordinator,Manage the process of organ donation and recovery,Healthcare,High paying,['medical knowledge communication time management ethical reasoning crisis management'],['medical knowledge communication time management ethical reasoning crisis management'],100.0,Critical
270,Renewable Energy Technician,Install and maintain solar wind and other clean energy systems,Renewable Energy,Average paying,['electrical skills safety protocols problem solving environmental awareness equipment maintenance'],['electrical skills safety protocols problem solving environmental awareness equipment maintenance'],100.0,Critical
271,Cybersecurity Consultant,Advise organizations on digital security strategies,Technology,High paying,['cybersecurity risk assessment communication strategic planning problem solving'],['cybersecurity risk assessment communication strategic planning problem solving'],100.0,Critical
272,Wearable Technology Designer,Create smart devices and health monitoring equipment,Technology,High paying,['electronics design programming user experience innovation problem solving'],['electronics design programming user experience innovation problem solving'],100.0,Critical
273,Offshore Wind Specialist,Design and maintain ocean based wind energy systems,Renewable Energy,High paying,['marine engineering renewable energy safety protocols project management environmental awareness'],['marine engineering renewable energy safety protocols project management environmental awareness'],100.0,Critical
274,Cognitive Behavioral Therapist,Provide specialized mental health treatment,Healthcare,High paying,['psychology therapeutic techniques active listening empathy problem solving'],['psychology therapeutic techniques active listening empathy problem solving'],100.0,Critical
275,Synthetic Biology Engineer,Design and create artificial biological systems,Biotechnology,High paying,['biology engineering programming innovation problem solving'],['biology engineering programming innovation problem solving'],100.0,Critical
276,Digital Forensics Investigator,Recover and analyze digital evidence for legal cases,Law Enforcement,High paying,['computer forensics legal procedures attention to detail problem solving technical analysis'],['computer forensics legal procedures attention to detail problem solving technical analysis'],100.0,Critical
277,Climate Change Analyst,Study environmental data and climate patterns,Environmental Services,High paying,['environmental science data analysis research skills mathematical modeling policy analysis'],['environmental science data analysis research skills mathematical modeling policy analysis'],100.0,Critical
278,Bioethicist,Advise on ethical issues in medicine and biology,Healthcare,High paying,['ethics philosophy critical thinking communication medical knowledge'],['ethics philosophy critical thinking communication medical knowledge'],100.0,Critical
279,Space Debris Tracker,Monitor and predict movements of orbital debris,Aerospace,High paying,['orbital mechanics mathematical modeling data analysis problem solving space science'],['orbital mechanics mathematical modeling data analysis problem solving space science'],100.0,Critical
280,Precision Agriculture Specialist,Use technology to optimize crop production,Agriculture,High paying,['agricultural science gps technology data analysis problem solving innovation'],['agricultural science gps technology data analysis problem solving innovation'],100.0,Critical
281,Disaster Response Coordinator,Organize emergency relief efforts and resources,Emergency Services,Average paying,['emergency management leadership communication crisis management resource allocation'],['emergency management leadership communication crisis management resource allocation'],100.0,Critical
282,Molecular Gastronomy Chef,Create innovative culinary experiences using science,Food Service,High paying,['culinary arts chemistry innovation creativity problem solving'],['culinary arts chemistry innovation creativity problem solving'],100.0,Critical
283,Augmented Reality Developer,Create applications that blend digital and physical worlds,Technology,High paying,['programming 3d modeling user experience innovation problem solving'],['programming 3d modeling user experience innovation problem solving'],100.0,Critical
284,Marine Archaeologist,Study underwater historical sites and artifacts,Cultural Heritage,Average paying,['archaeology diving skills historical research attention to detail documentation'],['archaeology diving skills historical research attention to detail documentation'],100.0,Critical
285,Bioinformatics Specialist,Analyze biological data using computational methods,Science & Research,High paying,['biology programming data analysis mathematical modeling research skills'],['biology programming data analysis mathematical modeling research skills'],100.0,Critical
286,Sustainable Architecture Designer,Design environmentally friendly buildings and structures,Architecture,High paying,['architecture environmental science energy systems creative design project management'],['architecture environmental science energy systems creative design project management'],100.0,Critical
287,Telepresence Robot Operator,Control remote robots for various applications,Technology,Average paying,['technical skills problem solving communication spatial awareness attention to detail'],['technical skills problem solving communication spatial awareness attention to detail'],100.0,Critical
288,Coral Reef Restoration Specialist,Rehabilitate damaged marine ecosystems,Environmental Services,High paying,['marine biology environmental science diving skills project management problem solving'],['marine biology environmental science diving skills project management problem solving'],100.0,Critical
289,Space Weather Forecaster,Predict solar activity and its effects on Earth,Space Science,High paying,['astronomy data analysis mathematical modeling research skills communication'],['astronomy data analysis mathematical modeling research skills communication'],100.0,Critical
290,Bioprinting Technician,Operate 3D printers that create biological tissues,Biotechnology,High paying,['biology 3d printing technology medical knowledge attention to detail innovation'],['biology 3d printing technology medical knowledge attention to detail innovation'],100.0,Critical
291,Smart City Planner,Design technology integrated urban environments,Urban Development,High paying,['urban planning technology systems analysis innovation strategic thinking'],['urban planning technology systems analysis innovation strategic thinking'],100.0,Critical
292,Neuroengineering Researcher,Develop brain computer interfaces and neural devices,Science & Research,High paying,['neuroscience engineering programming innovation problem solving'],['neuroscience engineering programming innovation problem solving'],100.0,Critical
293,Cryptocurrency Mining Coordinator,Manage digital currency mining operations,Technology,High paying,['blockchain technology computer hardware energy management problem solving technical skills'],['blockchain technology computer hardware energy management problem solving technical skills'],100.0,Critical
294,Vertical Farm Manager,Oversee indoor agricultural production systems,Agriculture,High paying,['agricultural science hydroponics technology management environmental control problem solving'],['agricultural science hydroponics technology management environmental control problem solving'],100.0,Critical
295,Ocean Thermal Energy Specialist,Harness temperature differences in oceans for power,Renewable Energy,High paying,['marine engineering renewable energy thermodynamics problem solving innovation'],['marine engineering renewable energy thermodynamics problem solving innovation'],100.0,Critical
296,Autonomous Vehicle Tester,Test and validate self driving car systems,Automotive,High paying,['automotive technology safety protocols problem solving attention to detail data analysis'],['automotive technology safety protocols problem solving attention to detail data analysis'],100.0,Critical
297,Cellular Agriculture Scientist,Develop lab grown meat and dairy products,Food Science,High paying,['biology food science innovation problem solving research skills'],['biology food science innovation problem solving research skills'],100.0,Critical
298,Digital Twin Engineer,Create virtual replicas of physical systems,Technology,High paying,['engineering programming data analysis systems modeling innovation'],['engineering programming data analysis systems modeling innovation'],100.0,Critical
299,Space Elevator Engineer,Design transportation systems between Earth and space,Aerospace,High paying,['aerospace engineering materials science physics innovation problem solving'],['aerospace engineering materials science physics innovation problem solving'],100.0,Critical
300,Quantum Cryptography Specialist,Develop ultra secure communication systems using quantum mechanics,Technology,High paying,['quantum physics cryptography programming security protocols innovation'],['quantum physics cryptography programming security protocols innovation'],100.0,Critical
301,Atmospheric River Forecaster,Predict extreme weather patterns and flooding,Weather Services,High paying,['meteorology data analysis mathematical modeling research skills communication'],['meteorology data analysis mathematical modeling research skills communication'],100.0,Critical
302,Biocement Engineer,Develop self healing concrete and construction materials,Construction,High paying,['materials science biology engineering innovation problem solving'],['materials science biology engineering innovation problem solving'],100.0,Critical
303,Neural Dust Researcher,Create wireless brain monitoring systems,Science & Research,High paying,['neuroscience electronics miniaturization innovation problem solving'],['neuroscience electronics miniaturization innovation problem solving'],100.0,Critical
304,Swarm Robotics Coordinator,Manage groups of autonomous robots working together,Technology,High paying,['robotics programming systems coordination problem solving innovation'],['robotics programming systems coordination problem solving innovation'],100.0,Critical
305,Atmospheric Carbon Capture Specialist,Design systems to remove CO2 from the atmosphere,Environmental Services,High paying,['environmental engineering chemistry innovation problem solving climate science'],['environmental engineering chemistry innovation problem solving climate science'],100.0,Critical
306,Quantum Sensor Developer,Create ultra precise measurement instruments,Technology,High paying,['quantum physics engineering innovation problem solving technical skills'],['quantum physics engineering innovation problem solving technical skills'],100.0,Critical
307,Synthetic Spider Silk Producer,Manufacture artificial spider silk for various applications,Biotechnology,High paying,['biology materials science manufacturing innovation problem solving'],['biology materials science manufacturing innovation problem solving'],100.0,Critical
308,Asteroid Mining Planner,Design systems for extracting resources from asteroids,Aerospace,High paying,['aerospace engineering mining engineering space science innovation strategic planning'],['aerospace engineering mining engineering space science innovation strategic planning'],100.0,Critical
309,Metamaterial Engineer,Design materials with properties not found in nature,Engineering,High paying,['materials science physics engineering innovation problem solving'],['materials science physics engineering innovation problem solving'],100.0,Critical
310,Biocomputer Programmer,Develop computing systems using biological components,Biotechnology,High paying,['biology programming innovation problem solving technical skills'],['biology programming innovation problem solving technical skills'],100.0,Critical
311,Magnetic Levitation Engineer,Design transportation systems using magnetic forces,Transportation,High paying,['electrical engineering physics transportation innovation problem solving'],['electrical engineering physics transportation innovation problem solving'],100.0,Critical
312,Genetically Modified Organism Regulator,Oversee safety of modified organisms,Government,High paying,['biology regulatory knowledge risk assessment communication ethical reasoning'],['biology regulatory knowledge risk assessment communication ethical reasoning'],100.0,Critical
313,Fusion Energy Researcher,Develop clean energy through nuclear fusion,Energy Research,High paying,['nuclear physics engineering research skills innovation problem solving'],['nuclear physics engineering research skills innovation problem solving'],100.0,Critical
314,Bioluminescent Lighting Designer,Create sustainable lighting using living organisms,Biotechnology,High paying,['biology lighting design innovation environmental science problem solving'],['biology lighting design innovation environmental science problem solving'],100.0,Critical
315,Hypersonic Flight Engineer,Design aircraft capable of extreme speeds,Aerospace,High paying,['aerospace engineering aerodynamics innovation problem solving technical skills'],['aerospace engineering aerodynamics innovation problem solving technical skills'],100.0,Critical
316,Microbiome Analyst,Study beneficial bacteria in humans and environment,Science & Research,High paying,['microbiology research skills data analysis laboratory techniques innovation'],['microbiology research skills data analysis laboratory techniques innovation'],100.0,Critical
317,Gravity Wave Detector Operator,Monitor cosmic gravitational disturbances,Science & Research,High paying,['physics data analysis technical skills attention to detail research skills'],['physics data analysis technical skills attention to detail research skills'],100.0,Critical
318,Programmable Matter Engineer,Design materials that can change shape and properties,Engineering,High paying,['materials science programming physics innovation problem solving'],['materials science programming physics innovation problem solving'],100.0,Critical
319,Exoplanet Hunter,Search for planets outside our solar system,Space Science,High paying,['astronomy data analysis research skills mathematical modeling attention to detail'],['astronomy data analysis research skills mathematical modeling attention to detail'],100.0,Critical
320,Biorefinery Process Engineer,Convert biological waste into useful products,Biotechnology,High paying,['chemical engineering biology environmental science innovation problem solving'],['chemical engineering biology environmental science innovation problem solving'],100.0,Critical
321,Telepathic Interface Developer,Create brain to brain communication systems,Science & Research,High paying,['neuroscience programming innovation problem solving technical skills'],['neuroscience programming innovation problem solving technical skills'],100.0,Critical
322,Molecular Assembler Technician,Build products atom by atom using nanotechnology,Manufacturing,High paying,['nanotechnology precision manufacturing technical skills innovation problem solving'],['nanotechnology precision manufacturing technical skills innovation problem solving'],100.0,Critical
323,Terraforming Specialist,Design systems to make planets habitable for humans,Aerospace,High paying,['planetary science environmental engineering innovation strategic planning problem solving'],['planetary science environmental engineering innovation strategic planning problem solving'],100.0,Critical
324,Time Crystal Researcher,Study materials with repeating patterns in time,Science & Research,High paying,['quantum physics research skills mathematical modeling innovation problem solving'],['quantum physics research skills mathematical modeling innovation problem solving'],100.0,Critical
325,Bioharmonic Therapist,Use biological frequencies to treat medical conditions,Healthcare,High paying,['biology medical knowledge therapeutic techniques innovation problem solving'],['biology medical knowledge therapeutic techniques innovation problem solving'],100.0,Critical
326,Music Therapist,Use music interventions to address physical emotional and social needs,Healthcare,Average paying,['empathy musical skills therapeutic techniques active listening patient care'],['empathy musical skills therapeutic techniques active listening patient care'],100.0,Critical
327,Digital Archivist,Preserve and organize digital cultural heritage materials,Cultural Heritage,Average paying,['information science digital preservation metadata standards organization technical skills'],['information science digital preservation metadata standards organization technical skills'],100.0,Critical
328,Ethical AI Auditor,Evaluate artificial intelligence systems for bias and fairness,Technology,High paying,['machine learning ethics critical thinking problem solving communication'],['machine learning ethics critical thinking problem solving communication'],100.0,Critical
329,Wilderness Guide,Lead outdoor expeditions and teach survival skills,Recreation,Average paying,['outdoor skills safety awareness leadership navigation physical fitness'],['outdoor skills safety awareness leadership navigation physical fitness'],100.0,Critical
330,Marine Salvage Diver,Recover sunken vessels and underwater equipment,Maritime,High paying,['deep sea diving technical skills problem solving risk assessment physical fitness'],['deep sea diving technical skills problem solving risk assessment physical fitness'],100.0,Critical
331,Flavor Chemist,Develop artificial and natural flavors for food products,Food Science,High paying,['chemistry sensory analysis innovation research skills quality control'],['chemistry sensory analysis innovation research skills quality control'],100.0,Critical
332,Pet Grief Counselor,Support families through loss of companion animals,Animal Services,Average paying,['counseling skills empathy communication animal behavior understanding grief support'],['counseling skills empathy communication animal behavior understanding grief support'],100.0,Critical
333,Virtual Interior Designer,Create 3D interior spaces for online clients,Design Services,Average paying,['interior design 3d modeling software skills creativity communication'],['interior design 3d modeling software skills creativity communication'],100.0,Critical
334,Bee Removal Specialist,Safely relocate bee colonies without harm,Pest Control,Average paying,['animal handling safety protocols problem solving environmental awareness customer service'],['animal handling safety protocols problem solving environmental awareness customer service'],100.0,Critical
335,Sign Language Interpreter,Facilitate communication for deaf and hearing individuals,Professional Services,Average paying,['sign language fluency cultural awareness communication attention to detail empathy'],['sign language fluency cultural awareness communication attention to detail empathy'],100.0,Critical
336,Crime Prevention Specialist,Analyze crime patterns and develop prevention strategies,Law Enforcement,Average paying,['data analysis criminal justice research skills communication strategic planning'],['data analysis criminal justice research skills communication strategic planning'],100.0,Critical
337,Equine Therapist,Provide therapeutic services using horses,Healthcare,Average paying,['animal training therapy techniques empathy physical coordination safety awareness'],['animal training therapy techniques empathy physical coordination safety awareness'],100.0,Critical
338,Digital Detox Coach,Help individuals reduce technology dependency and digital overwhelm,Wellness,Average paying,['counseling skills psychology technology awareness communication goal setting'],['counseling skills psychology technology awareness communication goal setting'],100.0,Critical
339,Fossil Preparator,Clean and prepare fossils for research and display,Science & Research,Average paying,['manual dexterity scientific knowledge attention to detail patience laboratory skills'],['manual dexterity scientific knowledge attention to detail patience laboratory skills'],100.0,Critical
340,Rope Access Technician,Perform maintenance on tall structures using climbing techniques,Maintenance Services,Average paying,['physical fitness safety protocols problem solving manual dexterity risk assessment'],['physical fitness safety protocols problem solving manual dexterity risk assessment'],100.0,Critical
341,Medical Scribe,Document patient encounters for healthcare providers,Healthcare,Low paying,['medical terminology typing skills attention to detail communication organization'],['medical terminology typing skills attention to detail communication organization'],100.0,Critical
342,Urban Beekeeper,Manage bee colonies in city environments,Agriculture,Average paying,['beekeeping skills urban planning environmental awareness problem solving seasonal planning'],['beekeeping skills urban planning environmental awareness problem solving seasonal planning'],100.0,Critical
343,Disaster Victim Advocate,Support individuals affected by natural disasters,Social Services,Average paying,['crisis counseling communication empathy resource coordination problem solving'],['crisis counseling communication empathy resource coordination problem solving'],100.0,Critical
344,Genealogy Researcher,Trace family histories and ancestral connections,Professional Services,Average paying,['research skills historical knowledge database management communication attention to detail'],['research skills historical knowledge database management communication attention to detail'],100.0,Critical
345,Commercial Fisherman,Harvest fish and seafood for commercial markets,Fishing,Average paying,['maritime skills physical stamina safety awareness weather assessment equipment operation'],['maritime skills physical stamina safety awareness weather assessment equipment operation'],100.0,Critical
346,Sleep Disorder Specialist,Diagnose and treat sleep related medical conditions,Healthcare,High paying,['medical knowledge patient assessment diagnostic skills communication problem solving'],['medical knowledge patient assessment diagnostic skills communication problem solving'],100.0,Critical
347,Digital Rights Advocate,Protect online privacy and digital freedoms,Legal Services,Average paying,['legal knowledge technology understanding advocacy skills communication research skills'],['legal knowledge technology understanding advocacy skills communication research skills'],100.0,Critical
348,Aerial Photography Pilot,Capture images and video from aircraft or drones,Photography,Average paying,['aviation skills photography technical equipment visual composition safety protocols'],['aviation skills photography technical equipment visual composition safety protocols'],100.0,Critical
349,Kombucha Brewer,Ferment and produce probiotic beverages,Food Production,Average paying,['fermentation science quality control food safety creativity problem solving'],['fermentation science quality control food safety creativity problem solving'],100.0,Critical
350,Memory Care Specialist,Provide specialized care for dementia and Alzheimer patients,Healthcare,Average paying,['patient care compassion communication problem solving medical knowledge'],['patient care compassion communication problem solving medical knowledge'],100.0,Critical
351,Cave Rescue Technician,Perform emergency rescues in underground environments,Emergency Services,Average paying,['technical rescue skills physical fitness problem solving safety protocols risk assessment'],['technical rescue skills physical fitness problem solving safety protocols risk assessment'],100.0,Critical
352,Digital Accessibility Consultant,Ensure websites and apps are usable by people with disabilities,Technology,Average paying,['web development accessibility standards problem solving communication technical skills'],['web development accessibility standards problem solving communication technical skills'],100.0,Critical
353,Butterfly Conservationist,Protect and restore butterfly habitats and populations,Environmental Services,Average paying,['entomology environmental science research skills conservation biology fieldwork'],['entomology environmental science research skills conservation biology fieldwork'],100.0,Critical
354,Voice Recognition Trainer,Improve speech recognition software accuracy,Technology,Average paying,['linguistics computer science audio processing communication technical skills'],['linguistics computer science audio processing communication technical skills'],100.0,Critical
355,Competitive Eating Coach,Train professional competitive eaters,Sports,Low paying,['nutrition knowledge coaching skills psychology performance analysis safety awareness'],['nutrition knowledge coaching skills psychology performance analysis safety awareness'],100.0,Critical
356,Digital Nomad Consultant,Help remote workers optimize location independent careers,Consulting,Average paying,['business consulting technology skills communication cultural awareness travel planning'],['business consulting technology skills communication cultural awareness travel planning'],100.0,Critical
357,Soap Maker,Create artisanal soaps and personal care products,Manufacturing,Low paying,['chemistry creativity quality control safety protocols customer service'],['chemistry creativity quality control safety protocols customer service'],100.0,Critical
358,Storm Chaser,Document severe weather phenomena for research and media,Weather Services,Average paying,['meteorology photography safety protocols problem solving risk assessment'],['meteorology photography safety protocols problem solving risk assessment'],100.0,Critical
359,Candle Maker,Design and manufacture decorative and functional candles,Manufacturing,Low paying,['craftsmanship creativity safety protocols quality control customer service'],['craftsmanship creativity safety protocols quality control customer service'],100.0,Critical
360,Meditation Teacher,Instruct individuals and groups in mindfulness practices,Wellness,Low paying,['mindfulness training communication empathy teaching skills stress management'],['mindfulness training communication empathy teaching skills stress management'],100.0,Critical
361,Digital Nomad Tax Advisor,Provide tax services for location independent workers,Financial Services,Average paying,['tax law international regulations communication problem solving attention to detail'],['tax law international regulations communication problem solving attention to detail'],100.0,Critical
362,Terrarium Designer,Create miniature ecosystems in glass containers,Design Services,Low paying,['botany creativity attention to detail customer service environmental knowledge'],['botany creativity attention to detail customer service environmental knowledge'],100.0,Critical
363,Sleep Study Technician,Monitor patients during overnight sleep assessments,Healthcare,Average paying,['medical technology patient care attention to detail technical equipment problem solving'],['medical technology patient care attention to detail technical equipment problem solving'],100.0,Critical
364,Urban Forager,Identify and harvest edible plants in city environments,Environmental Services,Low paying,['botany foraging skills safety awareness environmental knowledge teaching skills'],['botany foraging skills safety awareness environmental knowledge teaching skills'],100.0,Critical
365,Cord Blood Bank Coordinator,Manage collection and storage of umbilical cord blood,Healthcare,Average paying,['medical knowledge organization communication attention to detail quality control'],['medical knowledge organization communication attention to detail quality control'],100.0,Critical
366,Sensory Deprivation Tank Operator,Maintain flotation therapy equipment and facilities,Wellness,Low paying,['customer service equipment maintenance safety protocols problem solving relaxation techniques'],['customer service equipment maintenance safety protocols problem solving relaxation techniques'],100.0,Critical
367,Digital Estate Planner,Help families manage digital assets after death,Legal Services,Average paying,['estate planning technology skills communication problem solving legal knowledge'],['estate planning technology skills communication problem solving legal knowledge'],100.0,Critical
368,Mushroom Forager,Identify and harvest wild mushrooms for culinary use,Food Services,Average paying,['mycology safety protocols foraging skills environmental knowledge risk assessment'],['mycology safety protocols foraging skills environmental knowledge risk assessment'],100.0,Critical
369,Color Consultant,Advise on color schemes for interior and exterior spaces,Design Services,Average paying,['color theory creativity communication visual skills customer service'],['color theory creativity communication visual skills customer service'],100.0,Critical
370,Escape Room Designer,Create puzzle based entertainment experiences,Entertainment,Average paying,['creative problem solving game design engineering customer experience innovation'],['creative problem solving game design engineering customer experience innovation'],100.0,Critical
371,Digital Minimalism Coach,Help people simplify their digital lives and reduce screen time,Wellness,Average paying,['psychology communication goal setting technology awareness lifestyle coaching'],['psychology communication goal setting technology awareness lifestyle coaching'],100.0,Critical
372,Tiny House Builder,Construct small scale living spaces and mobile homes,Construction,Average paying,['construction skills spatial design problem solving creativity customer service'],['construction skills spatial design problem solving creativity customer service'],100.0,Critical
373,Aquarium Maintenance Specialist,Care for fish tanks and aquatic ecosystems,Pet Services,Low paying,['aquatic biology water chemistry equipment maintenance customer service problem solving'],['aquatic biology water chemistry equipment maintenance customer service problem solving'],100.0,Critical
374,Professional Organizer,Help individuals and businesses organize their spaces,Professional Services,Average paying,['organization skills problem solving communication customer service time management'],['organization skills problem solving communication customer service time management'],100.0,Critical
375,Digital Marketing Automation Specialist,Create automated marketing campaigns and workflows,Marketing,High paying,['marketing technology programming analytics creative thinking'],['marketing technology programming analytics creative thinking'],100.0,Critical
376,Permaculture Designer,Design sustainable agricultural and living systems,Environmental Services,Average paying,['ecological design environmental science agriculture problem solving systems thinking'],['ecological design environmental science agriculture problem solving systems thinking'],100.0,Critical
377,Home Energy Auditor,Assess residential energy efficiency and recommend improvements,Energy Services,Average paying,['energy systems knowledge problem solving communication attention to detail technical skills'],['energy systems knowledge problem solving communication attention to detail technical skills'],100.0,Critical
378,Pet Portrait Artist,Create artistic representations of companion animals,Arts & Crafts,Low paying,['artistic skills animal behavior customer service creativity communication'],['artistic skills animal behavior customer service creativity communication'],100.0,Critical
379,Digital Privacy Consultant,Advise individuals and organizations on online privacy protection,Technology,Average paying,['cybersecurity legal knowledge communication problem solving technology skills'],['cybersecurity legal knowledge communication problem solving technology skills'],100.0,Critical
380,Bereavement Photographer,Document final moments and memorial services for families,Photography,Average paying,['photography empathy discretion communication artistic skills'],['photography empathy discretion communication artistic skills'],100.0,Critical
381,Fermentation Specialist,Develop fermented foods and beverages for commercial production,Food Production,Average paying,['food science microbiology quality control innovation problem solving'],['food science microbiology quality control innovation problem solving'],100.0,Critical
382,Digital Asset Recovery Specialist,Help retrieve lost cryptocurrency and digital files,Technology,High paying,['cybersecurity problem solving attention to detail communication technical skills'],['cybersecurity problem solving attention to detail communication technical skills'],100.0,Critical
383,Mushroom Cultivation Specialist,Grow exotic and medicinal mushrooms for commercial use,Agriculture,Average paying,['mycology agriculture environmental control quality control problem solving'],['mycology agriculture environmental control quality control problem solving'],100.0,Critical
384,Virtual Reality Therapist,Use VR technology to treat phobias and mental health conditions,Healthcare,High paying,['psychology technology skills therapeutic techniques empathy innovation'],['psychology technology skills therapeutic techniques empathy innovation'],100.0,Critical
385,Disaster Recovery Pet Rescuer,Save and care for animals during natural disasters,Emergency Services,Low paying,['animal handling emergency response physical fitness problem solving empathy'],['animal handling emergency response physical fitness problem solving empathy'],100.0,Critical
386,Digital Content Moderator,Review and filter online content for appropriateness,Technology,Low paying,['attention to detail critical thinking communication problem solving cultural awareness'],['attention to detail critical thinking communication problem solving cultural awareness'],100.0,Critical
387,Rare Book Restorer,Preserve and repair historical manuscripts and texts,Cultural Heritage,Average paying,['manual dexterity historical knowledge attention to detail patience craftsmanship'],['manual dexterity historical knowledge attention to detail patience craftsmanship'],100.0,Critical
388,Urban Sketching Instructor,Teach drawing techniques for capturing city scenes,Arts & Culture,Low paying,['artistic skills teaching communication creativity observational skills'],['artistic skills teaching communication creativity observational skills'],100.0,Critical
389,Digital Wellness Coach,Help individuals develop healthy relationships with technology,Wellness,Average paying,['psychology communication goal setting technology awareness lifestyle coaching'],['psychology communication goal setting technology awareness lifestyle coaching'],100.0,Critical
390,Vintage Clothing Curator,Authenticate and preserve historical garments and fashion,Fashion,Average paying,['fashion history research skills attention to detail communication textile knowledge'],['fashion history research skills attention to detail communication textile knowledge'],100.0,Critical
391,Sound Bath Practitioner,Provide therapeutic sound healing sessions,Wellness,Low paying,['musical skills healing techniques communication empathy mindfulness'],['musical skills healing techniques communication empathy mindfulness'],100.0,Critical
392,Edible Landscape Designer,Create gardens that produce food while maintaining aesthetic appeal,Landscaping,Average paying,['horticulture landscape design sustainability creativity problem solving'],['horticulture landscape design sustainability creativity problem solving'],100.0,Critical
393,Digital Sabbath Consultant,Help individuals and organizations implement technology breaks,Wellness,Average paying,['psychology communication time management wellness coaching technology awareness'],['psychology communication time management wellness coaching technology awareness'],100.0,Critical
394,Mushroom Identification Guide,Lead foraging expeditions and teach mushroom safety,Education,Low paying,['mycology teaching skills safety protocols communication environmental knowledge'],['mycology teaching skills safety protocols communication environmental knowledge'],100.0,Critical
395,Virtual Event Producer,Organize and manage online conferences and gatherings,Event Planning,Average paying,['event planning technology skills communication problem solving project management'],['event planning technology skills communication problem solving project management'],100.0,Critical
396,Pollinator Garden Designer,Create spaces that support bees butterflies and other pollinators,Environmental Services,Average paying,['ecology horticulture environmental science creativity problem solving'],['ecology horticulture environmental science creativity problem solving'],100.0,Critical
397,Digital Legacy Planner,Help people prepare their online presence for after death,Professional Services,Average paying,['technology planning communication legal knowledge problem solving'],['technology planning communication legal knowledge problem solving'],100.0,Critical
398,Rain Water Harvesting Specialist,Design systems to collect and utilize rainwater,Environmental Services,Average paying,['environmental engineering water management problem solving sustainability planning'],['environmental engineering water management problem solving sustainability planning'],100.0,Critical
399,Mindful Eating Coach,Teach individuals to develop healthy relationships with food,Wellness,Average paying,['nutrition psychology communication empathy goal setting'],['nutrition psychology communication empathy goal setting'],100.0,Critical
400,Digital Detox Retreat Leader,Organize and lead technology free wellness experiences,Wellness,Average paying,['event planning communication leadership wellness coaching outdoor skills'],['event planning communication leadership wellness coaching outdoor skills'],100.0,Critical
401,Heritage Breed Livestock Conservationist,Preserve rare and endangered farm animal breeds,Agriculture,Average paying,['animal husbandry conservation biology genetics agriculture problem solving'],['animal husbandry conservation biology genetics agriculture problem solving'],100.0,Critical
402,Online Community Manager,Build and moderate digital communities for brands and organizations,Marketing,Average paying,['communication social media marketing community building problem solving'],['communication social media marketing community building problem solving'],100.0,Critical
403,Greywater System Designer,Create systems to reuse household wastewater,Environmental Services,Average paying,['plumbing engineering environmental science problem solving sustainability planning'],['plumbing engineering environmental science problem solving sustainability planning'],100.0,Critical
404,Digital Nomad Insurance Advisor,Provide coverage solutions for location independent workers,Insurance,Average paying,['insurance knowledge travel regulations communication problem solving risk assessment'],['insurance knowledge travel regulations communication problem solving risk assessment'],100.0,Critical
405,Seed Bank Curator,Preserve plant genetic diversity through seed collection and storage,Environmental Services,Average paying,['botany conservation biology organization research skills problem solving'],['botany conservation biology organization research skills problem solving'],100.0,Critical
406,Virtual Assistant Trainer,Teach skills for remote administrative support work,Professional Services,Average paying,['business skills communication teaching technology skills organization'],['business skills communication teaching technology skills organization'],100.0,Critical
407,Sustainable Fashion Consultant,Advise on environmentally conscious clothing choices,Fashion,Average paying,['fashion knowledge environmental awareness communication sustainability problem solving'],['fashion knowledge environmental awareness communication sustainability problem solving'],100.0,Critical
408,Digital Archaeology Researcher,Use technology to study ancient civilizations and artifacts,Cultural Heritage,High paying,['archaeology technology skills research methods data analysis problem solving'],['archaeology technology skills research methods data analysis problem solving'],100.0,Critical
409,Microgreen Farmer,Grow nutrient dense young vegetables for restaurants and markets,Agriculture,Low paying,['agriculture hydroponics quality control customer service problem solving'],['agriculture hydroponics quality control customer service problem solving'],100.0,Critical
410,Online Learning Designer,Create educational courses and training programs for digital platforms,Education,Average paying,['instructional design communication technology skills creativity problem solving'],['instructional design communication technology skills creativity problem solving'],100.0,Critical
411,Wetland Restoration Specialist,Rehabilitate damaged aquatic ecosystems and habitats,Environmental Services,Average paying,['environmental science ecology project management problem solving research skills'],['environmental science ecology project management problem solving research skills'],100.0,Critical
412,Digital Product Designer,Create user centered digital products and applications,Technology,High paying,['user experience design problem solving creativity technology skills communication'],['user experience design problem solving creativity technology skills communication'],100.0,Critical
413,Heirloom Tomato Grower,Cultivate rare and heritage varieties of tomatoes,Agriculture,Low paying,['agriculture horticulture quality control customer service problem solving'],['agriculture horticulture quality control customer service problem solving'],100.0,Critical
414,Remote Team Building Facilitator,Organize activities to strengthen distributed teams,Human Resources,Average paying,['communication leadership psychology team dynamics problem solving'],['communication leadership psychology team dynamics problem solving'],100.0,Critical
415,Green Roof Designer,Create living roof systems for buildings,Architecture,Average paying,['landscape architecture environmental science engineering creativity problem solving'],['landscape architecture environmental science engineering creativity problem solving'],100.0,Critical
416,Digital Anthropologist,Study how technology affects human behavior and culture,Social Sciences,High paying,['anthropology research skills data analysis communication critical thinking'],['anthropology research skills data analysis communication critical thinking'],100.0,Critical
417,Specialty Coffee Roaster,Process coffee beans to create unique flavor profiles,Food Production,Average paying,['food science sensory analysis quality control creativity customer service'],['food science sensory analysis quality control creativity customer service'],100.0,Critical
418,Virtual Reality Fitness Instructor,Lead exercise classes in immersive digital environments,Fitness & Recreation,Average paying,['fitness training technology skills communication motivation innovation'],['fitness training technology skills communication motivation innovation'],100.0,Critical
419,Soil Health Specialist,Assess and improve agricultural soil quality,Agriculture,Average paying,['soil science agriculture environmental science problem solving research skills'],['soil science agriculture environmental science problem solving research skills'],100.0,Critical
420,Digital Rights Lawyer,Practice law focused on technology and online issues,Legal Services,High paying,['legal knowledge technology understanding communication problem solving research skills'],['legal knowledge technology understanding communication problem solving research skills'],100.0,Critical
421,Artisanal Ice Cream Maker,Create unique frozen desserts using traditional methods,Food Production,Low paying,['culinary arts creativity food safety quality control customer service'],['culinary arts creativity food safety quality control customer service'],100.0,Critical
422,Online Course Instructor,Teach specialized subjects through digital platforms,Education,Average paying,['subject matter expertise teaching skills communication technology skills adaptability'],['subject matter expertise teaching skills communication technology skills adaptability'],100.0,Critical
423,Renewable Energy Sales Consultant,Sell solar panels and clean energy systems to consumers,Sales,Average paying,['sales skills renewable energy knowledge communication problem solving customer service'],['sales skills renewable energy knowledge communication problem solving customer service'],100.0,Critical
424,Digital Marketing Analytics Specialist,Analyze online marketing data to optimize campaigns,Marketing,High paying,['data analysis marketing knowledge problem solving communication technical skills'],['data analysis marketing knowledge problem solving communication technical skills'],100.0,Critical
425,Heritage Seed Keeper,Preserve heirloom plant varieties for future generations,Environmental Services,Average paying,['botany conservation genetics agriculture research skills'],['botany conservation genetics agriculture research skills'],100.0,Critical
426,Virtual Reality Game Designer,Create immersive gaming experiences and worlds,Gaming,High paying,['game design programming creativity problem solving user experience'],['game design programming creativity problem solving user experience'],100.0,Critical
427,Sustainable Building Inspector,Evaluate construction projects for environmental compliance,Construction,Average paying,['building codes environmental standards attention to detail communication problem solving'],['building codes environmental standards attention to detail communication problem solving'],100.0,Critical
428,Digital Wellness Researcher,Study the effects of technology on human health and behavior,Science & Research,High paying,['research methods psychology data analysis communication critical thinking'],['research methods psychology data analysis communication critical thinking'],100.0,Critical
429,Artisanal Chocolate Maker,Craft small batch chocolates using traditional techniques,Food Production,Average paying,['culinary arts creativity quality control food safety customer service'],['culinary arts creativity quality control food safety customer service'],100.0,Critical
430,Online Community Moderator,Maintain safe and productive digital discussion spaces,Technology,Low paying,['communication problem solving critical thinking conflict resolution attention to detail'],['communication problem solving critical thinking conflict resolution attention to detail'],100.0,Critical
431,Permeable Pavement Installer,Install eco friendly surfaces that allow water drainage,Construction,Average paying,['construction skills environmental science problem solving safety protocols technical skills'],['construction skills environmental science problem solving safety protocols technical skills'],100.0,Critical
432,Digital Asset Appraiser,Evaluate the value of cryptocurrency and digital collectibles,Finance,High paying,['financial analysis technology knowledge research skills communication problem solving'],['financial analysis technology knowledge research skills communication problem solving'],100.0,Critical
433,Specialty Tea Blender,Create unique tea combinations and flavor profiles,Food Production,Average paying,['culinary arts sensory analysis creativity quality control customer service'],['culinary arts sensory analysis creativity quality control customer service'],100.0,Critical
434,Virtual Reality Training Developer,Create immersive educational and skills training programs,Education,High paying,['instructional design programming 3d modeling communication innovation'],['instructional design programming 3d modeling communication innovation'],100.0,Critical
435,Carbon Credit Analyst,Evaluate and trade environmental impact offsets,Environmental Services,High paying,['environmental science financial analysis research skills communication problem solving'],['environmental science financial analysis research skills communication problem solving'],100.0,Critical
436,Digital Nomad Visa Consultant,Advise on immigration requirements for remote workers,Legal Services,Average paying,['immigration law research skills communication problem solving cultural awareness'],['immigration law research skills communication problem solving cultural awareness'],100.0,Critical
437,Aquaponics Farmer,Grow plants and fish together in sustainable systems,Agriculture,Average paying,['agriculture aquaculture systems thinking problem solving environmental science'],['agriculture aquaculture systems thinking problem solving environmental science'],100.0,Critical
438,Online Reputation Manager,Monitor and improve digital presence for individuals and businesses,Marketing,Average paying,['digital marketing communication problem solving research skills strategic thinking'],['digital marketing communication problem solving research skills strategic thinking'],100.0,Critical
439,Green Chemistry Researcher,Develop environmentally friendly chemical processes,Science & Research,High paying,['chemistry environmental science research skills innovation problem solving'],['chemistry environmental science research skills innovation problem solving'],100.0,Critical
440,Digital Estate Executor,Manage digital assets and accounts after someone passes away,Legal Services,Average paying,['legal knowledge technology skills communication problem solving organization'],['legal knowledge technology skills communication problem solving organization'],100.0,Critical
441,Botanical Illustrator,Create scientific drawings of plants and flowers,Arts & Sciences,Average paying,['artistic skills botany attention to detail communication scientific knowledge'],['artistic skills botany attention to detail communication scientific knowledge'],100.0,Critical
442,Virtual Reality Social Worker,Provide counseling and support through immersive technology,Social Services,High paying,['social work technology skills empathy communication innovation'],['social work technology skills empathy communication innovation'],100.0,Critical
443,Indigenous Plant Specialist,Cultivate and preserve native plant species,Environmental Services,Average paying,['botany conservation biology cultural awareness research skills problem solving'],['botany conservation biology cultural awareness research skills problem solving'],100.0,Critical
444,Digital Literacy Instructor,Teach technology skills to underserved populations,Education,Low paying,['teaching skills technology knowledge communication patience cultural sensitivity'],['teaching skills technology knowledge communication patience cultural sensitivity'],100.0,Critical
445,Sustainable Fashion Designer,Create clothing with minimal environmental impact,Fashion,Average paying,['fashion design environmental awareness creativity innovation problem solving'],['fashion design environmental awareness creativity innovation problem solving'],100.0,Critical
446,Virtual Assistant Services Manager,Coordinate remote administrative support teams,Business Services,Average paying,['management communication organization problem solving technology skills'],['management communication organization problem solving technology skills'],100.0,Critical
447,Rainforest Conservation Guide,Lead educational tours while protecting tropical ecosystems,Environmental Services,Average paying,['environmental science teaching skills communication physical fitness conservation biology'],['environmental science teaching skills communication physical fitness conservation biology'],100.0,Critical
448,Digital Payment Security Analyst,Protect online financial transactions from fraud,Finance,High paying,['cybersecurity financial systems problem solving attention to detail communication'],['cybersecurity financial systems problem solving attention to detail communication'],100.0,Critical
449,Artisanal Bread Baker,Create traditional breads using time honored techniques,Food Production,Average paying,['culinary arts attention to detail quality control creativity customer service'],['culinary arts attention to detail quality control creativity customer service'],100.0,Critical
450,Online Learning Support Specialist,Help students navigate digital educational platforms,Education,Low paying,['education technology communication problem solving customer service'],['education technology communication problem solving customer service'],100.0,Critical
451,Green Building Consultant,Advise on sustainable construction practices and materials,Construction,High paying,['architecture environmental science building codes communication problem solving'],['architecture environmental science building codes communication problem solving'],100.0,Critical
452,Digital Privacy Educator,Teach individuals and organizations about online security,Education,Average paying,['cybersecurity teaching skills communication technology knowledge problem solving'],['cybersecurity teaching skills communication technology knowledge problem solving'],100.0,Critical
453,Heritage Fruit Tree Cultivator,Grow and preserve rare and antique fruit varieties,Agriculture,Average paying,['horticulture conservation biology agriculture research skills problem solving'],['horticulture conservation biology agriculture research skills problem solving'],100.0,Critical
454,Virtual Reality Meditation Guide,Lead mindfulness sessions in immersive digital environments,Wellness,Average paying,['meditation teaching technology skills communication mindfulness training'],['meditation teaching technology skills communication mindfulness training'],100.0,Critical
455,Waste Stream Analyst,Study material flows to reduce environmental impact,Environmental Services,Average paying,['environmental science data analysis research skills problem solving communication'],['environmental science data analysis research skills problem solving communication'],100.0,Critical
456,Digital Content Creator,Produce engaging multimedia content for online audiences,Media & Publishing,Average paying,['creativity communication technology skills marketing problem solving'],['creativity communication technology skills marketing problem solving'],100.0,Critical
457,Regenerative Agriculture Specialist,Implement farming practices that restore soil health,Agriculture,Average paying,['agriculture environmental science research skills problem solving systems thinking'],['agriculture environmental science research skills problem solving systems thinking'],100.0,Critical
458,Online Business Coach,Help entrepreneurs build successful digital enterprises,Business Services,Average paying,['business consulting communication coaching skills problem solving strategic thinking'],['business consulting communication coaching skills problem solving strategic thinking'],100.0,Critical
459,Biochar Production Specialist,Create carbon sequestering soil amendments from organic waste,Environmental Services,Average paying,['environmental science chemistry agriculture innovation problem solving'],['environmental science chemistry agriculture innovation problem solving'],100.0,Critical
460,Digital Marketing Strategist,Develop comprehensive online marketing campaigns,Marketing,High paying,['marketing strategy communication analytical thinking creativity problem solving'],['marketing strategy communication analytical thinking creativity problem solving'],100.0,Critical
461,Traditional Craft Instructor,Teach historical handicraft techniques and skills,Arts & Culture,Low paying,['craftsmanship teaching skills communication cultural knowledge patience'],['craftsmanship teaching skills communication cultural knowledge patience'],100.0,Critical
462,Virtual Events Technical Director,Manage technology for online conferences and gatherings,Technology,Average paying,['technology skills problem solving communication project management innovation'],['technology skills problem solving communication project management innovation'],100.0,Critical
463,Pollinator Habitat Restorer,Create and maintain spaces for bees butterflies and beneficial insects,Environmental Services,Average paying,['ecology conservation biology environmental science problem solving research skills'],['ecology conservation biology environmental science problem solving research skills'],100.0,Critical
464,Digital Transformation Consultant,Help organizations adapt to new technologies and processes,Consulting,High paying,['business consulting technology strategy communication problem solving change management'],['business consulting technology strategy communication problem solving change management'],100.0,Critical
465,Artisanal Fermented Foods Producer,Create traditional cultured foods like kimchi and sauerkraut,Food Production,Average paying,['food science fermentation cultural knowledge quality control customer service'],['food science fermentation cultural knowledge quality control customer service'],100.0,Critical
466,Online Community Builder,Create and grow digital spaces for shared interests and goals,Technology,Average paying,['community management communication social media problem solving relationship building'],['community management communication social media problem solving relationship building'],100.0,Critical
467,Ecological Restoration Coordinator,Plan and oversee habitat rehabilitation projects,Environmental Services,High paying,['environmental science project management research skills communication problem solving'],['environmental science project management research skills communication problem solving'],100.0,Critical
468,Digital Product Manager,Oversee development and launch of software products and applications,Technology,High paying,['product management technology strategy communication problem solving leadership'],['product management technology strategy communication problem solving leadership'],100.0,Critical
468,Digital Product Manager,Oversee development and launch of software products and applications,Technology,High paying,['product management technology strategy communication problem solving leadership'],"['agile development', 'analytics', 'digital strategy', 'product management', 'user experience']",100.0,Critical
469,Sustainable Tourism Guide,Lead eco friendly travel experiences while preserving destinations,Tourism,Average paying,['tourism environmental awareness communication cultural knowledge problem solving'],['tourism environmental awareness communication cultural knowledge problem solving'],100.0,Critical
470,Virtual Reality Healthcare Developer,Create medical training and patient treatment applications,Healthcare,High paying,['healthcare technology programming innovation problem solving'],['healthcare technology programming innovation problem solving'],100.0,Critical
471,Indigenous Food Sovereignty Advocate,Promote traditional food systems and cultural preservation,Social Services,Average paying,['cultural awareness advocacy skills communication research skills problem solving'],['cultural awareness advocacy skills communication research skills problem solving'],100.0,Critical
472,Digital Analytics Consultant,Help organizations understand and optimize their online performance,Consulting,High paying,['data analysis marketing technology communication problem solving'],['data analysis marketing technology communication problem solving'],100.0,Critical
473,Artisanal Soap and Cosmetics Maker,Create natural personal care products using traditional methods,Manufacturing,Low paying,['chemistry creativity quality control safety protocols customer service'],['chemistry creativity quality control safety protocols customer service'],100.0,Critical
474,Online Education Quality Assurance Specialist,Ensure digital learning programs meet educational standards,Education,Average paying,['education quality control communication problem solving attention to detail'],['education quality control communication problem solving attention to detail'],100.0,Critical
475,Climate Adaptation Planner,Help communities prepare for environmental changes,Environmental Services,High paying,['environmental science urban planning communication problem solving research skills'],['environmental science urban planning communication problem solving research skills'],100.0,Critical
476,Digital Accessibility Developer,Create inclusive technology solutions for people with disabilities,Technology,High paying,['web development accessibility standards problem solving communication innovation'],['web development accessibility standards problem solving communication innovation'],100.0,Critical
477,Heritage Livestock Guardian,Protect and preserve rare farm animal breeds,Agriculture,Average paying,['animal husbandry conservation biology genetics problem solving research skills'],['animal husbandry conservation biology genetics problem solving research skills'],100.0,Critical
478,Virtual Reality Architecture Visualizer,Create immersive previews of building designs,Architecture,Average paying,['architecture 3d modeling technology skills creativity communication'],['architecture 3d modeling technology skills creativity communication'],100.0,Critical
479,Ecosystem Services Valuer,Quantify the economic benefits of natural environments,Environmental Services,High paying,['environmental economics research skills data analysis communication problem solving'],['environmental economics research skills data analysis communication problem solving'],100.0,Critical
480,Digital Brand Strategist,Develop online identity and positioning for organizations,Marketing,High paying,['branding marketing strategy communication creativity problem solving'],['branding marketing strategy communication creativity problem solving'],100.0,Critical
481,Traditional Building Craft Specialist,Preserve historical construction techniques and skills,Construction,Average paying,['construction cultural heritage manual dexterity problem solving teaching skills'],['construction cultural heritage manual dexterity problem solving teaching skills'],100.0,Critical
482,Online Learning Community Manager,Foster engagement and connection in educational platforms,Education,Average paying,['community management education communication problem solving technology skills'],['community management education communication problem solving technology skills'],100.0,Critical
483,Renewable Energy Project Developer,Plan and implement clean energy installations,Renewable Energy,High paying,['project management renewable energy finance communication problem solving'],['project management renewable energy finance communication problem solving'],100.0,Critical
484,Digital Employee Experience Designer,Optimize remote work environments and company culture,Human Resources,High paying,['human resources technology skills communication problem solving psychology'],['human resources technology skills communication problem solving psychology'],100.0,Critical
485,Artisanal Pickle and Preserve Maker,Create traditional preserved foods using time honored methods,Food Production,Low paying,['food science food safety creativity quality control customer service'],['food science food safety creativity quality control customer service'],100.0,Critical
486,Virtual Reality Sports Trainer,Use immersive technology to improve athletic performance,Sports,Average paying,['sports training technology skills communication motivation innovation'],['sports training technology skills communication motivation innovation'],100.0,Critical
487,Biodiversity Conservation Coordinator,Protect and restore species and habitat diversity,Environmental Services,High paying,['conservation biology environmental science research skills problem solving communication'],['conservation biology environmental science research skills problem solving communication'],100.0,Critical
488,Digital Marketing Automation Developer,Create systems that automate online marketing processes,Marketing,High paying,['marketing technology programming problem solving innovation'],['marketing technology programming problem solving innovation'],100.0,Critical
489,Traditional Medicine Plant Cultivator,Grow herbs and plants used in historical healing practices,Agriculture,Average paying,['botany traditional medicine agriculture research skills problem solving'],['botany traditional medicine agriculture research skills problem solving'],100.0,Critical
490,Online Workshop Facilitator,Lead interactive learning sessions through digital platforms,Education,Average paying,['teaching skills communication technology skills problem solving group dynamics'],['teaching skills communication technology skills problem solving group dynamics'],100.0,Critical
491,Sustainable Water Systems Designer,Create eco friendly water treatment and distribution systems,Environmental Services,High paying,['environmental engineering water management problem solving innovation sustainability'],['environmental engineering water management problem solving innovation sustainability'],100.0,Critical
492,Digital Customer Experience Analyst,Study and improve online user interactions and satisfaction,Technology,High paying,['user experience research data analysis communication problem solving'],['user experience research data analysis communication problem solving'],100.0,Critical
493,Heritage Grain Grower and Miller,Cultivate and process ancient wheat and grain varieties,Agriculture,Average paying,['agriculture food processing traditional skills quality control problem solving'],['agriculture food processing traditional skills quality control problem solving'],100.0,Critical
494,Virtual Reality Museum Curator,Create immersive cultural and educational experiences,Cultural Heritage,Average paying,['museum studies technology skills communication creativity research skills'],['museum studies technology skills communication creativity research skills'],100.0,Critical
495,Ecological Economist,Study the relationship between economic systems and environmental health,Economics,High paying,['economics environmental science research skills communication problem solving'],['economics environmental science research skills communication problem solving'],100.0,Critical
496,Digital Wellness Program Coordinator,Develop and manage technology balance initiatives for organizations,Wellness,Average paying,['wellness coaching program management communication problem solving psychology'],['wellness coaching program management communication problem solving psychology'],100.0,Critical
497,Artisanal Fiber Artist and Dyer,Create textiles using traditional techniques and natural materials,Arts & Crafts,Low paying,['textile arts creativity manual dexterity cultural knowledge customer service'],['textile arts creativity manual dexterity cultural knowledge customer service'],100.0,Critical
498,Online Course Technical Producer,Manage the technical aspects of digital educational content creation,Education,Average paying,['education technology video production problem solving communication'],['education technology video production problem solving communication'],100.0,Critical
499,Climate Change Communication Specialist,Translate scientific research into accessible public information,Environmental Services,Average paying,['environmental science communication research skills problem solving public speaking'],['environmental science communication research skills problem solving public speaking'],100.0,Critical
500,Digital Innovation Consultant,Help organizations adopt emerging technologies and future focused strategies,Consulting,High paying,['technology strategy innovation management communication problem solving'],['technology strategy innovation management communication problem solving'],100.0,Critical
501,Machine Learning Engineer,Design and implement ML algorithms for production systems,Technology,High paying,"['python', 'tensorflow', 'statistics', 'cloud platforms', 'data engineering']","['cloud platforms', 'data engineering', 'statistics', 'tensorflow']",80.0,Critical
502,Cybersecurity Architect,Design comprehensive security frameworks for enterprise systems,Technology,High paying,"['security protocols', 'risk assessment', 'network security', 'compliance', 'leadership']","['compliance', 'leadership', 'network security', 'risk assessment', 'security protocols']",100.0,Critical
503,Product Owner,Define product vision and manage development roadmap,Technology,High paying,"['agile methodologies', 'stakeholder management', 'analytics', 'market research', 'communication']","['agile methodologies', 'analytics', 'communication', 'market research', 'stakeholder management']",100.0,Critical
504,Cloud Solutions Architect,Design scalable cloud infrastructure and migration strategies,Technology,High paying,"['aws', 'azure', 'microservices', 'devops', 'system design', 'cost optimization']","['aws', 'azure', 'cost optimization', 'devops', 'microservices', 'system design']",100.0,Critical
505,AI Research Scientist,Conduct advanced research in artificial intelligence and machine learning,Science & Research,High paying,"['deep learning', 'research methodology', 'statistical analysis', 'python', 'publications']","['deep learning', 'publications', 'research methodology', 'statistical analysis']",80.0,Critical
506,Blockchain Developer,Develop decentralized applications and smart contracts,Technology,High paying,"['solidity', 'web3', 'cryptography', 'distributed systems', 'javascript']",['programming cryptography distributed systems security protocols innovation'],100.0,Critical
506,Blockchain Developer,Develop decentralized applications and smart contracts,Technology,High paying,"['solidity', 'web3', 'cryptography', 'distributed systems', 'javascript']","['cryptography', 'distributed systems', 'javascript', 'solidity', 'web3']",100.0,Critical
507,Investment Banking Analyst,Analyze financial markets and support M&A transactions,Finance,High paying,"['financial modeling', 'valuation', 'excel', 'powerpoint', 'market analysis']","['excel', 'financial modeling', 'market analysis', 'powerpoint', 'valuation']",100.0,Critical
508,Petroleum Engineer,Design extraction methods for oil and gas resources,Oil & Gas,High paying,"['reservoir engineering', 'drilling technology', 'geology', 'safety protocols', 'cad']","['cad', 'drilling technology', 'geology', 'reservoir engineering', 'safety protocols']",100.0,Critical
509,Neurosurgeon,Perform complex brain and nervous system surgeries,Healthcare,High paying,"['medical expertise', 'surgical skills', 'precision', 'decision making', 'stamina']","['decision making', 'medical expertise', 'precision', 'stamina', 'surgical skills']",100.0,Critical
510,Aerospace Engineer,Design aircraft and spacecraft systems,Aerospace,High paying,"['aerodynamics', 'cad', 'materials science', 'systems engineering', 'testing']","['aerodynamics', 'cad', 'materials science', 'systems engineering', 'testing']",100.0,Critical
511,Clinical Research Scientist,Lead clinical trials for new medical treatments,Healthcare,High paying,"['clinical trial design', 'statistical analysis', 'regulatory knowledge', 'medical writing', 'ethics']","['clinical trial design', 'ethics', 'medical writing', 'regulatory knowledge', 'statistical analysis']",100.0,Critical
512,Quantitative Analyst,Develop mathematical models for financial trading,Finance,High paying,"['mathematics', 'python', 'r', 'statistics', 'risk management', 'financial markets']","['financial markets', 'mathematics', 'r', 'risk management', 'statistics']",83.33333333333334,Critical
513,Senior Software Architect,Design large-scale software systems and technical strategy,Technology,High paying,"['system design', 'architecture patterns', 'leadership', 'multiple programming languages', 'scalability']","['architecture patterns', 'leadership', 'multiple programming languages', 'scalability', 'system design']",100.0,Critical
514,Data Engineering Manager,Lead teams building data infrastructure and pipelines,Technology,High paying,"['data architecture', 'team leadership', 'big data tools', 'cloud platforms', 'strategy']","['big data tools', 'cloud platforms', 'data architecture', 'strategy', 'team leadership']",100.0,Critical
515,Pharmaceutical Scientist,Research and develop new drugs and medical treatments,Healthcare,High paying,"['chemistry', 'pharmacology', 'clinical research', 'regulatory affairs', 'laboratory skills']","['chemistry', 'clinical research', 'laboratory skills', 'pharmacology', 'regulatory affairs']",100.0,Critical
516,Chief Information Officer,Oversee enterprise IT strategy and digital transformation,Executive Leadership,High paying,"['it strategy', 'leadership', 'digital transformation', 'budgeting', 'risk management']","['budgeting', 'digital transformation', 'it strategy', 'leadership', 'risk management']",100.0,Critical
517,Principal Consultant,Provide expert advisory services to Fortune 500 companies,Consulting,High paying,"['industry expertise', 'strategic thinking', 'client management', 'presentation skills', 'analytics']","['analytics', 'client management', 'industry expertise', 'presentation skills', 'strategic thinking']",100.0,Critical
518,Biomedical Engineer,Design medical devices and equipment,Healthcare,High paying,"['engineering design', 'biology', 'medical device regulations', 'cad', 'testing']",['engineering biology medical devices problem solving innovation'],100.0,Critical
518,Biomedical Engineer,Design medical devices and equipment,Healthcare,High paying,"['engineering design', 'biology', 'medical device regulations', 'cad', 'testing']","['biology', 'cad', 'engineering design', 'medical device regulations', 'testing']",100.0,Critical
519,Corporate Finance Director,Manage corporate financial strategy and capital allocation,Finance,High paying,"['financial planning', 'm&a', 'capital markets', 'leadership', 'strategic analysis']","['capital markets', 'financial planning', 'leadership', 'm&a', 'strategic analysis']",100.0,Critical
520,Lead UX Researcher,Conduct user research to inform product design decisions,Technology,High paying,"['user research methods', 'data analysis', 'psychology', 'prototyping', 'communication']","['communication', 'data analysis', 'prototyping', 'psychology', 'user research methods']",100.0,Critical
521,Solutions Engineer,Provide technical expertise to support sales and implementations,Technology,Average paying,"['technical sales', 'problem solving', 'communication', 'software architecture', 'customer success']","['communication', 'customer success', 'problem solving', 'software architecture', 'technical sales']",100.0,Critical
522,Digital Marketing Specialist,Develop and execute digital marketing campaigns,Marketing,Average paying,"['seo', 'sem', 'social media', 'analytics', 'content marketing', 'a', 'b testing']",['analytical thinking creative problem solving data interpretation communication trend awareness'],100.0,Critical
522,Digital Marketing Specialist,Develop and execute digital marketing campaigns,Marketing,Average paying,"['seo', 'sem', 'social media', 'analytics', 'content marketing', 'a', 'b testing']","['a', 'analytics', 'b testing', 'content marketing', 'sem', 'seo', 'social media']",100.0,Critical
523,Technical Writer,Create documentation for software and technical products,Technology,Average paying,"['technical writing', 'documentation tools', 'software understanding', 'communication', 'research']",['communication clarity logical organization research skills attention to detail'],100.0,Critical
523,Technical Writer,Create documentation for software and technical products,Technology,Average paying,"['technical writing', 'documentation tools', 'software understanding', 'communication', 'research']","['communication', 'documentation tools', 'research', 'software understanding', 'technical writing']",100.0,Critical
524,Business Intelligence Analyst,Analyze business data to support decision making,Business Services,Average paying,"['sql', 'tableau', 'powerbi', 'data analysis', 'business acumen', 'reporting']","['business acumen', 'data analysis', 'powerbi', 'reporting', 'tableau']",83.33333333333334,Critical
525,Scrum Master,Facilitate agile development processes and team collaboration,Technology,Average paying,"['agile methodologies', 'team facilitation', 'conflict resolution', 'project management', 'communication']","['agile methodologies', 'communication', 'conflict resolution', 'project management', 'team facilitation']",100.0,Critical
526,Quality Assurance Engineer,Ensure software quality through testing and validation,Technology,Average paying,"['test automation', 'bug tracking', 'testing methodologies', 'scripting', 'attention to detail']","['attention to detail', 'bug tracking', 'scripting', 'test automation', 'testing methodologies']",100.0,Critical
527,Recruitment Specialist,Source and recruit talent for various organizational roles,Human Resources,Average paying,"['talent acquisition', 'interviewing', 'networking', 'communication', 'ats systems']","['ats systems', 'communication', 'interviewing', 'networking', 'talent acquisition']",100.0,Critical
528,Financial Planner,Provide financial planning and investment advice to clients,Finance,Average paying,"['financial planning', 'investment knowledge', 'client relations', 'regulatory compliance', 'mathematics']","['client relations', 'financial planning', 'investment knowledge', 'mathematics', 'regulatory compliance']",100.0,Critical
529,Operations Research Analyst,Use analytical methods to solve complex business problems,Business Services,Average paying,"['operations research', 'statistical analysis', 'optimization', 'mathematical modeling', 'programming']","['mathematical modeling', 'operations research', 'optimization', 'programming', 'statistical analysis']",100.0,Critical
530,Environmental Consultant,Assess environmental impact and ensure regulatory compliance,Environmental Services,Average paying,"['environmental science', 'regulatory knowledge', 'data collection', 'report writing', 'site assessment']","['data collection', 'environmental science', 'regulatory knowledge', 'report writing', 'site assessment']",100.0,Critical
531,Instructional Designer,Design educational content and training programs,Education,Average paying,"['learning theory', 'curriculum development', 'e-learning tools', 'assessment design', 'communication']","['assessment design', 'communication', 'curriculum development', 'e-learning tools', 'learning theory']",100.0,Critical
532,Supply Chain Analyst,Optimize supply chain operations and logistics,Logistics,Average paying,"['supply chain management', 'data analysis', 'forecasting', 'process improvement', 'erp systems']","['data analysis', 'erp systems', 'forecasting', 'process improvement', 'supply chain management']",100.0,Critical
533,Market Research Analyst,Conduct market research to identify business opportunities,Marketing,Average paying,"['market research', 'statistical analysis', 'survey design', 'data interpretation', 'presentation skills']","['data interpretation', 'market research', 'presentation skills', 'statistical analysis', 'survey design']",100.0,Critical
534,Systems Administrator,Maintain and troubleshoot IT infrastructure and systems,Technology,Average paying,"['system administration', 'networking', 'troubleshooting', 'scripting', 'security']","['networking', 'scripting', 'security', 'system administration', 'troubleshooting']",100.0,Critical
535,Credit Analyst,Evaluate creditworthiness of individuals and organizations,Finance,Average paying,"['credit analysis', 'financial statement analysis', 'risk assessment', 'regulatory knowledge', 'attention to detail']","['attention to detail', 'credit analysis', 'financial statement analysis', 'regulatory knowledge', 'risk assessment']",100.0,Critical
536,Training Coordinator,Organize and deliver training programs for employees,Human Resources,Average paying,"['training development', 'presentation skills', 'learning management systems', 'communication', 'organization']",['communication organization presentation skills problem solving leadership'],100.0,Critical
536,Training Coordinator,Organize and deliver training programs for employees,Human Resources,Average paying,"['training development', 'presentation skills', 'learning management systems', 'communication', 'organization']","['communication', 'learning management systems', 'organization', 'presentation skills', 'training development']",100.0,Critical
537,Database Administrator,Manage and maintain database systems and data integrity,Technology,Average paying,"['database management', 'sql', 'backup and recovery', 'performance tuning', 'security']",['logical reasoning problem solving attention to detail systems thinking security awareness'],100.0,Critical
537,Database Administrator,Manage and maintain database systems and data integrity,Technology,Average paying,"['database management', 'sql', 'backup and recovery', 'performance tuning', 'security']","['backup and recovery', 'database management', 'performance tuning', 'security']",80.0,Critical
538,Compliance Officer,Ensure organizational adherence to regulatory requirements,Legal Services,Average paying,"['regulatory knowledge', 'risk assessment', 'audit skills', 'communication', 'attention to detail']",['attention to detail communication problem solving ethical reasoning analytical thinking'],100.0,Critical
538,Compliance Officer,Ensure organizational adherence to regulatory requirements,Legal Services,Average paying,"['regulatory knowledge', 'risk assessment', 'audit skills', 'communication', 'attention to detail']","['attention to detail', 'audit skills', 'communication', 'regulatory knowledge', 'risk assessment']",100.0,Critical
539,User Experience Designer,Design intuitive and engaging user interfaces,Technology,Average paying,"['ux design', 'prototyping', 'user research', 'visual design', 'interaction design']","['interaction design', 'prototyping', 'user research', 'ux design', 'visual design']",100.0,Critical
540,Social Media Manager,Manage social media presence and engagement strategies,Marketing,Average paying,"['social media platforms', 'content creation', 'analytics', 'community management', 'brand management']",['creative thinking trend awareness communication brand awareness community building'],100.0,Critical
540,Social Media Manager,Manage social media presence and engagement strategies,Marketing,Average paying,"['social media platforms', 'content creation', 'analytics', 'community management', 'brand management']","['analytics', 'brand management', 'community management', 'content creation', 'social media platforms']",100.0,Critical
541,Laboratory Technician,Conduct scientific tests and experiments in laboratory settings,Science & Research,Average paying,"['laboratory techniques', 'data collection', 'scientific equipment', 'safety protocols', 'attention to detail']",['attention to detail safety awareness analytical thinking organization technical aptitude'],100.0,Critical
541,Laboratory Technician,Conduct scientific tests and experiments in laboratory settings,Science & Research,Average paying,"['laboratory techniques', 'data collection', 'scientific equipment', 'safety protocols', 'attention to detail']","['attention to detail', 'data collection', 'laboratory techniques', 'safety protocols', 'scientific equipment']",100.0,Critical
542,Purchasing Agent,Negotiate and manage procurement of goods and services,Business Services,Average paying,"['negotiation', 'vendor management', 'cost analysis', 'contract management', 'supply chain knowledge']","['contract management', 'cost analysis', 'negotiation', 'supply chain knowledge', 'vendor management']",100.0,Critical
543,Health Information Technician,Manage and organize healthcare data and records,Healthcare,Average paying,"['medical coding', 'health information systems', 'data management', 'privacy regulations', 'attention to detail']","['attention to detail', 'data management', 'health information systems', 'medical coding', 'privacy regulations']",100.0,Critical
544,Paralegal,Provide legal support and research assistance,Legal Services,Average paying,"['legal research', 'document preparation', 'case management', 'legal software', 'communication']","['case management', 'communication', 'document preparation', 'legal research', 'legal software']",100.0,Critical
545,Event Coordinator,Plan and execute corporate and special events,Event Planning,Average paying,"['event planning', 'vendor management', 'budget management', 'communication', 'time management']","['budget management', 'communication', 'event planning', 'time management', 'vendor management']",100.0,Critical
546,Graphic Designer,Create visual content for various media and platforms,Creative Services,Average paying,"['graphic design', 'adobe creative suite', 'visual communication', 'brand guidelines', 'creativity']",['creativity visual communication color theory artistic skills brand awareness'],100.0,Critical
546,Graphic Designer,Create visual content for various media and platforms,Creative Services,Average paying,"['graphic design', 'adobe creative suite', 'visual communication', 'brand guidelines', 'creativity']","['adobe creative suite', 'brand guidelines', 'creativity', 'graphic design', 'visual communication']",100.0,Critical
547,Sales Development Representative,Generate leads and qualify prospects for sales team,Sales,Average paying,"['lead generation', 'crm systems', 'communication', 'sales process', 'prospecting']","['communication', 'crm systems', 'lead generation', 'prospecting', 'sales process']",100.0,Critical
548,Manufacturing Engineer,Optimize manufacturing processes and production efficiency,Manufacturing,Average paying,"['manufacturing processes', 'lean manufacturing', 'cad', 'process improvement', 'quality control']","['cad', 'lean manufacturing', 'manufacturing processes', 'process improvement', 'quality control']",100.0,Critical
549,Tax Accountant,Prepare and file tax returns for individuals and businesses,Finance,Average paying,"['tax law', 'accounting software', 'attention to detail', 'analytical skills', 'communication']","['accounting software', 'analytical skills', 'attention to detail', 'communication', 'tax law']",100.0,Critical
550,Content Marketing Manager,Develop content strategies to drive brand awareness and engagement,Marketing,Average paying,"['content strategy', 'seo', 'analytics', 'brand management', 'creative writing']","['analytics', 'brand management', 'content strategy', 'creative writing', 'seo']",100.0,Critical
551,Help Desk Technician,Provide first-level technical support to end users,Technology,Low paying,"['technical support', 'troubleshooting', 'customer service', 'it systems', 'communication']","['communication', 'customer service', 'it systems', 'technical support', 'troubleshooting']",100.0,Critical
552,Administrative Assistant,Provide administrative support to executives and teams,Business Services,Low paying,"['office administration', 'calendar management', 'communication', 'microsoft office', 'organization']",['organization multitasking communication attention to detail discretion'],100.0,Critical
552,Administrative Assistant,Provide administrative support to executives and teams,Business Services,Low paying,"['office administration', 'calendar management', 'communication', 'microsoft office', 'organization']","['calendar management', 'communication', 'microsoft office', 'office administration', 'organization']",100.0,Critical
553,Customer Service Representative,Handle customer inquiries and resolve issues,Customer Service,Low paying,"['customer service', 'communication', 'problem solving', 'crm systems', 'patience']",['active listening patience problem solving communication empathy'],100.0,Critical
553,Customer Service Representative,Handle customer inquiries and resolve issues,Customer Service,Low paying,"['customer service', 'communication', 'problem solving', 'crm systems', 'patience']","['communication', 'crm systems', 'customer service', 'patience', 'problem solving']",100.0,Critical
554,Data Entry Clerk,Input and maintain accurate data in computer systems,Business Services,Low paying,"['data entry', 'attention to detail', 'typing speed', 'database software', 'accuracy']","['accuracy', 'attention to detail', 'data entry', 'database software', 'typing speed']",100.0,Critical
555,Receptionist,Greet visitors and manage front desk operations,Business Services,Low paying,"['customer service', 'phone etiquette', 'scheduling', 'communication', 'professional appearance']",['communication organization multitasking customer service attention to detail'],100.0,Critical
555,Receptionist,Greet visitors and manage front desk operations,Business Services,Low paying,"['customer service', 'phone etiquette', 'scheduling', 'communication', 'professional appearance']","['communication', 'customer service', 'phone etiquette', 'professional appearance', 'scheduling']",100.0,Critical
556,Warehouse Associate,Handle inventory management and order fulfillment,Warehousing,Low paying,"['inventory management', 'physical stamina', 'attention to detail', 'warehouse management systems', 'safety']","['attention to detail', 'inventory management', 'physical stamina', 'safety', 'warehouse management systems']",100.0,Critical
557,Retail Sales Associate,Assist customers with purchases and product information,Retail,Low paying,"['customer service', 'sales skills', 'product knowledge', 'cash handling', 'communication']",['communication customer service persuasion product knowledge patience'],100.0,Critical
557,Retail Sales Associate,Assist customers with purchases and product information,Retail,Low paying,"['customer service', 'sales skills', 'product knowledge', 'cash handling', 'communication']","['cash handling', 'communication', 'customer service', 'product knowledge', 'sales skills']",100.0,Critical
558,Food Service Worker,Prepare and serve food in restaurant or cafeteria settings,Food Service,Low paying,"['food preparation', 'customer service', 'sanitation', 'teamwork', 'physical stamina']","['customer service', 'food preparation', 'physical stamina', 'sanitation', 'teamwork']",100.0,Critical
559,Security Guard,Monitor premises and ensure safety and security,Security,Low paying,"['security procedures', 'observation skills', 'communication', 'physical fitness', 'emergency response']",['vigilance communication problem solving stress management physical fitness'],100.0,Critical
559,Security Guard,Monitor premises and ensure safety and security,Security,Low paying,"['security procedures', 'observation skills', 'communication', 'physical fitness', 'emergency response']","['communication', 'emergency response', 'observation skills', 'physical fitness', 'security procedures']",100.0,Critical
560,Janitor,Maintain cleanliness and sanitation of facilities,Cleaning Services,Low paying,"['cleaning techniques', 'equipment operation', 'attention to detail', 'physical stamina', 'time management']",['attention to detail time management physical stamina safety awareness work ethic'],100.0,Critical
560,Janitor,Maintain cleanliness and sanitation of facilities,Cleaning Services,Low paying,"['cleaning techniques', 'equipment operation', 'attention to detail', 'physical stamina', 'time management']","['attention to detail', 'cleaning techniques', 'equipment operation', 'physical stamina', 'time management']",100.0,Critical
561,Delivery Driver,Transport goods and packages to customers,Transportation,Low paying,"['driving skills', 'navigation', 'customer service', 'time management', 'physical stamina']",['time management customer service navigation problem solving physical stamina'],100.0,Critical
561,Delivery Driver,Transport goods and packages to customers,Transportation,Low paying,"['driving skills', 'navigation', 'customer service', 'time management', 'physical stamina']","['customer service', 'driving skills', 'navigation', 'physical stamina', 'time management']",100.0,Critical
562,Cashier,Process customer transactions and handle payments,Retail,Low paying,"['cash handling', 'customer service', 'attention to detail', 'point of sale systems', 'mathematics']",['attention to detail communication customer service mathematical accuracy multitasking'],100.0,Critical
562,Cashier,Process customer transactions and handle payments,Retail,Low paying,"['cash handling', 'customer service', 'attention to detail', 'point of sale systems', 'mathematics']","['attention to detail', 'cash handling', 'customer service', 'mathematics', 'point of sale systems']",100.0,Critical
563,Maintenance Worker,Perform routine maintenance and repairs on facilities,Maintenance Services,Low paying,"['maintenance skills', 'tool usage', 'problem solving', 'safety protocols', 'physical skills']","['maintenance skills', 'physical skills', 'problem solving', 'safety protocols', 'tool usage']",100.0,Critical
564,Landscaping Worker,Maintain and beautify outdoor spaces and gardens,Landscaping,Low paying,"['landscaping', 'plant knowledge', 'equipment operation', 'physical stamina', 'attention to detail']","['attention to detail', 'equipment operation', 'landscaping', 'physical stamina', 'plant knowledge']",100.0,Critical
565,Kitchen Assistant,Support kitchen operations in food service establishments,Food Service,Low paying,"['food preparation', 'sanitation', 'teamwork', 'physical stamina', 'following instructions']","['following instructions', 'food preparation', 'physical stamina', 'sanitation', 'teamwork']",100.0,Critical
566,Parking Attendant,Manage parking facilities and assist customers,Facilities Management,Low paying,"['customer service', 'cash handling', 'attention to detail', 'physical activity', 'communication']","['attention to detail', 'cash handling', 'communication', 'customer service', 'physical activity']",100.0,Critical
567,Farm Worker,Perform agricultural tasks and crop maintenance,Agriculture,Low paying,"['agricultural skills', 'physical stamina', 'equipment operation', 'seasonal work', 'attention to detail']","['agricultural skills', 'attention to detail', 'equipment operation', 'physical stamina', 'seasonal work']",100.0,Critical
568,Housekeeping Aide,Clean and maintain residential or commercial properties,Cleaning Services,Low paying,"['cleaning skills', 'attention to detail', 'time management', 'physical stamina', 'reliability']","['attention to detail', 'cleaning skills', 'physical stamina', 'reliability', 'time management']",100.0,Critical
569,Library Assistant,Support library operations and help patrons,Education,Low paying,"['customer service', 'organization', 'computer skills', 'attention to detail', 'communication']",['research skills communication organization customer service attention to detail'],100.0,Critical
569,Library Assistant,Support library operations and help patrons,Education,Low paying,"['customer service', 'organization', 'computer skills', 'attention to detail', 'communication']","['attention to detail', 'communication', 'computer skills', 'customer service', 'organization']",100.0,Critical
570,Assembly Line Worker,Assemble products on manufacturing production lines,Manufacturing,Low paying,"['manual dexterity', 'attention to detail', 'teamwork', 'physical stamina', 'quality control']",['manual dexterity attention to detail repetitive task management teamwork quality focus'],100.0,Critical
570,Assembly Line Worker,Assemble products on manufacturing production lines,Manufacturing,Low paying,"['manual dexterity', 'attention to detail', 'teamwork', 'physical stamina', 'quality control']","['attention to detail', 'manual dexterity', 'physical stamina', 'quality control', 'teamwork']",100.0,Critical
571,Childcare Worker,Supervise and care for children in daycare settings,Education,Low paying,"['child development', 'patience', 'communication', 'safety awareness', 'creativity']","['child development', 'communication', 'creativity', 'patience', 'safety awareness']",100.0,Critical
572,Dog Walker,Provide exercise and care services for pets,Pet Services,Low paying,"['animal handling', 'physical fitness', 'reliability', 'love for animals', 'communication']","['animal handling', 'communication', 'love for animals', 'physical fitness', 'reliability']",100.0,Critical
573,Dishwasher,Clean dishes and maintain kitchen sanitation,Food Service,Low paying,"['sanitation', 'physical stamina', 'teamwork', 'attention to detail', 'following instructions']","['attention to detail', 'following instructions', 'physical stamina', 'sanitation', 'teamwork']",100.0,Critical
574,Hotel Housekeeper,Clean and maintain hotel rooms and facilities,Hospitality,Low paying,"['cleaning skills', 'attention to detail', 'time management', 'physical stamina', 'hospitality']","['attention to detail', 'cleaning skills', 'hospitality', 'physical stamina', 'time management']",100.0,Critical
575,Telemarketer,Make outbound calls to promote products or services,Sales,Low paying,"['communication', 'persistence', 'sales skills', 'computer skills', 'stress management']","['communication', 'computer skills', 'persistence', 'sales skills', 'stress management']",100.0,Critical
576,Product Manager,Define product strategy and coordinate development teams,Technology,High paying,"['product management', 'market research', 'stakeholder management', 'analytics', 'strategic thinking']",['strategic thinking leadership communication market awareness decision making'],100.0,Critical
576,Product Manager,Define product strategy and coordinate development teams,Technology,High paying,"['product management', 'market research', 'stakeholder management', 'analytics', 'strategic thinking']","['analytics', 'market research', 'product management', 'stakeholder management', 'strategic thinking']",100.0,Critical
577,Principal Data Scientist,Lead data science initiatives and advanced analytics projects,Technology,High paying,"['advanced statistics', 'machine learning', 'team leadership', 'business strategy', 'python', 'r']","['advanced statistics', 'business strategy', 'r', 'team leadership']",66.66666666666666,High
578,Senior DevOps Engineer,Design and implement CI/CD pipelines and infrastructure automation,Technology,High paying,"['devops', 'kubernetes', 'cloud platforms', 'infrastructure as code', 'automation']","['automation', 'cloud platforms', 'devops', 'infrastructure as code', 'kubernetes']",100.0,Critical
579,Enterprise Architect,Design enterprise-wide technology architecture and standards,Technology,High paying,"['enterprise architecture', 'system integration', 'technology strategy', 'leadership', 'communication']","['communication', 'enterprise architecture', 'leadership', 'system integration', 'technology strategy']",100.0,Critical
580,Chief Marketing Officer,Develop and execute comprehensive marketing strategies,Executive Leadership,High paying,"['marketing strategy', 'brand management', 'digital marketing', 'team leadership', 'analytics']",['strategic thinking brand leadership communication market awareness innovation'],100.0,Critical
580,Chief Marketing Officer,Develop and execute comprehensive marketing strategies,Executive Leadership,High paying,"['marketing strategy', 'brand management', 'digital marketing', 'team leadership', 'analytics']","['analytics', 'brand management', 'digital marketing', 'marketing strategy', 'team leadership']",100.0,Critical
581,Investment Manager,Manage investment portfolios and client relationships,Finance,High paying,"['portfolio management', 'financial analysis', 'risk management', 'client relations', 'market knowledge']","['client relations', 'financial analysis', 'market knowledge', 'portfolio management', 'risk management']",100.0,Critical
582,Cardiologist,Diagnose and treat heart and cardiovascular conditions,Healthcare,High paying,"['medical expertise', 'diagnostic skills', 'patient care', 'surgical skills', 'continuous learning']","['continuous learning', 'diagnostic skills', 'medical expertise', 'patient care', 'surgical skills']",100.0,Critical
583,Patent Attorney,Provide legal counsel on intellectual property matters,Legal Services,High paying,"['patent law', 'technical knowledge', 'legal research', 'writing skills', 'analytical thinking']","['analytical thinking', 'legal research', 'patent law', 'technical knowledge', 'writing skills']",100.0,Critical
584,Principal Software Engineer,Lead complex software development projects and technical decisions,Technology,High paying,"['advanced programming', 'system design', 'technical leadership', 'code review', 'mentoring']","['advanced programming', 'code review', 'mentoring', 'system design', 'technical leadership']",100.0,Critical
585,Head of Product,Oversee product portfolio and strategic product direction,Technology,High paying,"['product strategy', 'market analysis', 'team leadership', 'stakeholder management', 'innovation']","['innovation', 'market analysis', 'product strategy', 'stakeholder management', 'team leadership']",100.0,Critical
586,Senior Management Consultant,Advise executives on strategic business transformations,Consulting,High paying,"['strategic analysis', 'change management', 'client management', 'industry expertise', 'leadership']","['change management', 'client management', 'industry expertise', 'leadership', 'strategic analysis']",100.0,Critical
587,Chief Data Officer,Lead enterprise data strategy and governance initiatives,Executive Leadership,High paying,"['data strategy', 'data governance', 'analytics', 'leadership', 'digital transformation']","['analytics', 'data governance', 'data strategy', 'digital transformation', 'leadership']",100.0,Critical
588,Interventional Radiologist,Perform minimally invasive medical procedures using imaging guidance,Healthcare,High paying,"['medical imaging', 'surgical skills', 'patient care', 'technical expertise', 'precision']","['medical imaging', 'patient care', 'precision', 'surgical skills', 'technical expertise']",100.0,Critical
589,Hedge Fund Manager,Manage investment funds and trading strategies,Finance,High paying,"['investment strategy', 'risk management', 'financial markets', 'quantitative analysis', 'leadership']","['financial markets', 'investment strategy', 'leadership', 'quantitative analysis', 'risk management']",100.0,Critical
590,VP of Engineering,Lead engineering organizations and technical strategy,Technology,High paying,"['engineering leadership', 'technical strategy', 'team building', 'product development', 'innovation']","['engineering leadership', 'innovation', 'product development', 'team building', 'technical strategy']",100.0,Critical
591,Senior Business Analyst,Analyze business processes and recommend improvements,Business Services,Average paying,"['business analysis', 'process modeling', 'stakeholder management', 'requirements gathering', 'communication']","['business analysis', 'communication', 'process modeling', 'requirements gathering', 'stakeholder management']",100.0,Critical
592,Marketing Automation Specialist,Implement and manage marketing automation campaigns,Marketing,Average paying,"['marketing automation', 'email marketing', 'crm systems', 'analytics', 'campaign management']","['analytics', 'campaign management', 'crm systems', 'email marketing', 'marketing automation']",100.0,Critical
593,Technical Support Engineer,Provide advanced technical support for software products,Technology,Average paying,"['technical troubleshooting', 'customer service', 'software knowledge', 'communication', 'problem solving']","['communication', 'customer service', 'problem solving', 'software knowledge', 'technical troubleshooting']",100.0,Critical
594,Operations Coordinator,Coordinate operational activities and process improvements,Business Services,Average paying,"['operations management', 'project coordination', 'process improvement', 'communication', 'organization']","['communication', 'operations management', 'organization', 'process improvement', 'project coordination']",100.0,Critical
595,HR Business Partner,Provide strategic HR support to business units,Human Resources,Average paying,"['hr strategy', 'employee relations', 'talent management', 'business acumen', 'communication']","['business acumen', 'communication', 'employee relations', 'hr strategy', 'talent management']",100.0,Critical
596,Financial Controller,Oversee financial reporting and accounting operations,Finance,Average paying,"['financial reporting', 'accounting standards', 'team management', 'budgeting', 'compliance']","['accounting standards', 'budgeting', 'compliance', 'financial reporting', 'team management']",100.0,Critical
597,Product Marketing Manager,Develop go-to-market strategies for products,Marketing,Average paying,"['product marketing', 'market research', 'competitive analysis', 'campaign management', 'communication']","['campaign management', 'communication', 'competitive analysis', 'market research', 'product marketing']",100.0,Critical
598,Site Reliability Engineer,Ensure reliability and performance of production systems,Technology,Average paying,"['system reliability', 'monitoring', 'automation', 'incident response', 'performance optimization']","['automation', 'incident response', 'monitoring', 'performance optimization', 'system reliability']",100.0,Critical
599,Learning and Development Specialist,Design and deliver employee training programs,Human Resources,Average paying,"['training design', 'adult learning', 'facilitation', 'lms administration', 'assessment']","['adult learning', 'assessment', 'facilitation', 'lms administration', 'training design']",100.0,Critical
600,Business Development Manager,Identify and pursue new business opportunities,Sales,Average paying,"['business development', 'sales strategy', 'relationship building', 'market analysis', 'negotiation']","['business development', 'market analysis', 'negotiation', 'relationship building', 'sales strategy']",100.0,Critical
601,Junior Software Developer,Develop software applications under senior guidance,Technology,Average paying,"['programming', 'debugging', 'version control', 'testing', 'learning agility']","['debugging', 'learning agility', 'programming', 'testing', 'version control']",100.0,Critical
602,Marketing Coordinator,Support marketing campaigns and activities,Marketing,Average paying,"['marketing support', 'content creation', 'social media', 'event coordination', 'communication']",['organization communication creative thinking time management attention to detail'],100.0,Critical
602,Marketing Coordinator,Support marketing campaigns and activities,Marketing,Average paying,"['marketing support', 'content creation', 'social media', 'event coordination', 'communication']","['communication', 'content creation', 'event coordination', 'marketing support', 'social media']",100.0,Critical
603,Accounts Receivable Specialist,Manage customer billing and payment collection,Finance,Average paying,"['accounts receivable', 'billing systems', 'customer service', 'attention to detail', 'communication']","['accounts receivable', 'attention to detail', 'billing systems', 'communication', 'customer service']",100.0,Critical
604,IT Support Specialist,Provide technical support for hardware and software issues,Technology,Average paying,"['it support', 'hardware troubleshooting', 'software installation', 'customer service', 'documentation']","['customer service', 'documentation', 'hardware troubleshooting', 'it support', 'software installation']",100.0,Critical
605,Logistics Coordinator,Coordinate shipments and supply chain activities,Logistics,Average paying,"['logistics', 'inventory management', 'communication', 'organization', 'problem solving']",['organization communication problem solving time management analytical thinking'],100.0,Critical
605,Logistics Coordinator,Coordinate shipments and supply chain activities,Logistics,Average paying,"['logistics', 'inventory management', 'communication', 'organization', 'problem solving']","['communication', 'inventory management', 'logistics', 'organization', 'problem solving']",100.0,Critical
606,Junior Graphic Designer,Create visual designs for various marketing materials,Creative Services,Average paying,"['graphic design', 'adobe creative suite', 'brand guidelines', 'creativity', 'time management']","['adobe creative suite', 'brand guidelines', 'creativity', 'graphic design', 'time management']",100.0,Critical
607,Customer Success Manager,Ensure customer satisfaction and retention,Business Services,Average paying,"['customer success', 'relationship management', 'product knowledge', 'communication', 'problem solving']","['communication', 'customer success', 'problem solving', 'product knowledge', 'relationship management']",100.0,Critical
608,Payroll Specialist,Process payroll and maintain employee compensation records,Human Resources,Average paying,"['payroll processing', 'payroll software', 'attention to detail', 'confidentiality', 'compliance']","['attention to detail', 'compliance', 'confidentiality', 'payroll processing', 'payroll software']",100.0,Critical
609,Research Assistant,Support research projects and data collection activities,Science & Research,Average paying,"['research methods', 'data collection', 'literature review', 'analytical skills', 'organization']","['analytical skills', 'data collection', 'literature review', 'organization', 'research methods']",100.0,Critical
610,Junior Accountant,Assist with accounting tasks and financial record keeping,Finance,Average paying,"['accounting', 'financial reporting', 'bookkeeping', 'attention to detail', 'analytical skills']","['accounting', 'analytical skills', 'attention to detail', 'bookkeeping', 'financial reporting']",100.0,Critical
611,Social Worker,Provide support services to individuals and families in need,Social Services,Average paying,"['social work', 'case management', 'counseling', 'advocacy', 'empathy']",['empathy communication problem solving advocacy skills stress management'],100.0,Critical
611,Social Worker,Provide support services to individuals and families in need,Social Services,Average paying,"['social work', 'case management', 'counseling', 'advocacy', 'empathy']","['advocacy', 'case management', 'counseling', 'empathy', 'social work']",100.0,Critical
612,Occupational Therapist,Help patients develop or recover daily living skills,Healthcare,Average paying,"['occupational therapy', 'patient assessment', 'treatment planning', 'rehabilitation', 'empathy']",['empathy problem solving communication assessment skills patience'],100.0,Critical
612,Occupational Therapist,Help patients develop or recover daily living skills,Healthcare,Average paying,"['occupational therapy', 'patient assessment', 'treatment planning', 'rehabilitation', 'empathy']","['empathy', 'occupational therapy', 'patient assessment', 'rehabilitation', 'treatment planning']",100.0,Critical
613,Physical Therapist,Provide rehabilitation services for patients with physical injuries,Healthcare,Average paying,"['physical therapy', 'anatomy', 'exercise prescription', 'patient care', 'manual therapy']",['empathy physical assessment communication patience problem solving'],100.0,Critical
613,Physical Therapist,Provide rehabilitation services for patients with physical injuries,Healthcare,Average paying,"['physical therapy', 'anatomy', 'exercise prescription', 'patient care', 'manual therapy']","['anatomy', 'exercise prescription', 'manual therapy', 'patient care', 'physical therapy']",100.0,Critical
614,Dental Hygienist,Provide preventive dental care and patient education,Healthcare,Average paying,"['dental hygiene', 'patient care', 'dental equipment', 'health education', 'attention to detail']",['attention to detail patient care communication manual dexterity safety awareness'],100.0,Critical
614,Dental Hygienist,Provide preventive dental care and patient education,Healthcare,Average paying,"['dental hygiene', 'patient care', 'dental equipment', 'health education', 'attention to detail']","['attention to detail', 'dental equipment', 'dental hygiene', 'health education', 'patient care']",100.0,Critical
615,Registered Nurse,Provide direct patient care in healthcare settings,Healthcare,Average paying,"['nursing', 'patient care', 'medical procedures', 'documentation', 'empathy']","['documentation', 'empathy', 'medical procedures', 'nursing', 'patient care']",100.0,Critical
616,Elementary School Teacher,Educate and nurture young students in elementary grades,Education,Average paying,"['teaching', 'curriculum development', 'classroom management', 'child development', 'patience']","['child development', 'classroom management', 'curriculum development', 'patience', 'teaching']",100.0,Critical
617,High School Teacher,Educate students in specific subject areas,Education,Average paying,"['subject matter expertise', 'teaching', 'lesson planning', 'classroom management', 'communication']","['classroom management', 'communication', 'lesson planning', 'subject matter expertise', 'teaching']",100.0,Critical
618,Librarian,Manage library resources and assist patrons with information needs,Education,Average paying,"['library science', 'information management', 'research skills', 'customer service', 'organization']","['customer service', 'information management', 'library science', 'organization', 'research skills']",100.0,Critical
619,Mental Health Counselor,Provide counseling services to individuals with mental health issues,Healthcare,Average paying,"['counseling', 'psychology', 'active listening', 'empathy', 'treatment planning']","['active listening', 'counseling', 'empathy', 'psychology', 'treatment planning']",100.0,Critical
620,Veterinary Technician,Assist veterinarians with animal care and medical procedures,Animal Services,Average paying,"['veterinary medicine', 'animal handling', 'medical equipment', 'patient care', 'attention to detail']","['animal handling', 'attention to detail', 'medical equipment', 'patient care', 'veterinary medicine']",100.0,Critical
621,File Clerk,Organize and maintain filing systems and records,Business Services,Low paying,"['filing systems', 'organization', 'attention to detail', 'data entry', 'record keeping']","['attention to detail', 'data entry', 'filing systems', 'organization', 'record keeping']",100.0,Critical
622,Ticket Taker,Collect tickets and direct patrons at entertainment venues,Entertainment,Low paying,"['customer service', 'crowd management', 'attention to detail', 'communication', 'standing']","['attention to detail', 'communication', 'crowd management', 'customer service', 'standing']",100.0,Critical
623,Concession Stand Worker,Sell food and beverages at entertainment venues,Food Service,Low paying,"['food service', 'cash handling', 'customer service', 'inventory management', 'teamwork']","['cash handling', 'customer service', 'food service', 'inventory management', 'teamwork']",100.0,Critical
624,Usher,Guide and assist patrons at theaters and entertainment venues,Entertainment,Low paying,"['customer service', 'crowd management', 'communication', 'physical activity', 'attention to detail']","['attention to detail', 'communication', 'crowd management', 'customer service', 'physical activity']",100.0,Critical
625,Groundskeeper,Maintain outdoor grounds and facilities,Landscaping,Low paying,"['landscaping', 'equipment operation', 'physical labor', 'attention to detail', 'weather tolerance']",['physical stamina attention to detail environmental awareness safety awareness problem solving'],100.0,Critical
625,Groundskeeper,Maintain outdoor grounds and facilities,Landscaping,Low paying,"['landscaping', 'equipment operation', 'physical labor', 'attention to detail', 'weather tolerance']","['attention to detail', 'equipment operation', 'landscaping', 'physical labor', 'weather tolerance']",100.0,Critical
626,Laundry Attendant,Operate laundry equipment and fold clothing,Personal Services,Low paying,"['laundry operations', 'equipment operation', 'attention to detail', 'physical stamina', 'time management']","['attention to detail', 'equipment operation', 'laundry operations', 'physical stamina', 'time management']",100.0,Critical
627,Car Wash Attendant,Clean vehicles using various cleaning techniques,Automotive,Low paying,"['vehicle cleaning', 'physical labor', 'attention to detail', 'customer service', 'teamwork']","['attention to detail', 'customer service', 'physical labor', 'teamwork', 'vehicle cleaning']",100.0,Critical
628,Grocery Store Clerk,Stock shelves and assist customers in grocery stores,Retail,Low paying,"['inventory management', 'customer service', 'physical labor', 'attention to detail', 'teamwork']","['attention to detail', 'customer service', 'inventory management', 'physical labor', 'teamwork']",100.0,Critical
629,Fast Food Worker,Prepare and serve food in fast-food restaurants,Food Service,Low paying,"['food preparation', 'customer service', 'speed', 'teamwork', 'sanitation']","['customer service', 'food preparation', 'sanitation', 'speed', 'teamwork']",100.0,Critical
630,Movie Theater Attendant,Assist customers and maintain theater facilities,Entertainment,Low paying,"['customer service', 'cleaning', 'crowd management', 'communication', 'physical activity']","['cleaning', 'communication', 'crowd management', 'customer service', 'physical activity']",100.0,Critical
631,Newspaper Delivery,Deliver newspapers to subscribers,Media & Publishing,Low paying,"['driving', 'cycling', 'route management', 'time management', 'physical activity', 'reliability']","['cycling', 'driving', 'physical activity', 'reliability', 'route management', 'time management']",100.0,Critical
632,Pet Groomer,Provide grooming services for pets,Pet Services,Low paying,"['animal handling', 'grooming techniques', 'customer service', 'patience', 'physical stamina']","['animal handling', 'customer service', 'grooming techniques', 'patience', 'physical stamina']",100.0,Critical
633,Furniture Mover,Transport furniture and household items,Moving Services,Low paying,"['physical strength', 'lifting techniques', 'customer service', 'teamwork', 'problem solving']","['customer service', 'lifting techniques', 'physical strength', 'problem solving', 'teamwork']",100.0,Critical
634,Valet Parking Attendant,Park and retrieve vehicles for customers,Hospitality,Low paying,"['driving skills', 'customer service', 'physical activity', 'attention to detail', 'time management']","['attention to detail', 'customer service', 'driving skills', 'physical activity', 'time management']",100.0,Critical
635,Tour Guide,Lead tours and provide information to visitors,Tourism,Low paying,"['public speaking', 'local knowledge', 'customer service', 'communication', 'walking', 'standing']","['communication', 'customer service', 'local knowledge', 'public speaking', 'standing', 'walking']",100.0,Critical
636,Amusement Park Attendant,Operate rides and assist guests at amusement parks,Recreation,Low paying,"['safety procedures', 'customer service', 'equipment operation', 'physical activity', 'attention to detail']","['attention to detail', 'customer service', 'equipment operation', 'physical activity', 'safety procedures']",100.0,Critical
637,Golf Course Maintenance,Maintain golf course grounds and facilities,Recreation,Low paying,"['landscaping', 'equipment operation', 'physical labor', 'attention to detail', 'early hours']",['attention to detail physical stamina environmental awareness equipment operation problem solving'],100.0,Critical
637,Golf Course Maintenance,Maintain golf course grounds and facilities,Recreation,Low paying,"['landscaping', 'equipment operation', 'physical labor', 'attention to detail', 'early hours']","['attention to detail', 'early hours', 'equipment operation', 'landscaping', 'physical labor']",100.0,Critical
638,Lifeguard,Monitor swimming areas and ensure safety of swimmers,Recreation,Low paying,"['swimming skills', 'cpr', 'first aid', 'safety awareness', 'physical fitness', 'vigilance']","['cpr', 'first aid', 'physical fitness', 'safety awareness', 'swimming skills', 'vigilance']",100.0,Critical
639,Ski Lift Operator,Operate ski lifts and assist skiers,Recreation,Low paying,"['equipment operation', 'customer service', 'safety procedures', 'physical activity', 'weather tolerance']","['customer service', 'equipment operation', 'physical activity', 'safety procedures', 'weather tolerance']",100.0,Critical
640,Boat Rental Attendant,Rent boats and provide safety instructions,Recreation,Low paying,"['boating knowledge', 'customer service', 'safety procedures', 'physical activity', 'communication']","['boating knowledge', 'communication', 'customer service', 'physical activity', 'safety procedures']",100.0,Critical
641,Senior Quality Engineer,Lead quality assurance programs and process improvements,Manufacturing,High paying,"['quality management', 'statistical analysis', 'process improvement', 'leadership', 'compliance']","['compliance', 'leadership', 'process improvement', 'quality management', 'statistical analysis']",100.0,Critical
642,Director of Operations,Oversee operational excellence and strategic initiatives,Business Services,High paying,"['operations management', 'strategic planning', 'leadership', 'process optimization', 'p&l management']","['leadership', 'operations management', 'p&l management', 'process optimization', 'strategic planning']",100.0,Critical
643,Principal UX Designer,Lead user experience design for complex digital products,Technology,High paying,"['ux design', 'design systems', 'user research', 'prototyping', 'design leadership']","['design leadership', 'design systems', 'prototyping', 'user research', 'ux design']",100.0,Critical
644,Senior Research Scientist,Conduct advanced research and lead scientific projects,Science & Research,High paying,"['research methodology', 'scientific analysis', 'grant writing', 'team leadership', 'publication']","['grant writing', 'publication', 'research methodology', 'scientific analysis', 'team leadership']",100.0,Critical
645,Chief Technology Officer,Define technology vision and lead engineering organizations,Executive Leadership,High paying,"['technology strategy', 'engineering leadership', 'innovation', 'digital transformation', 'executive management']",['strategic thinking innovation leadership technical vision team building'],100.0,Critical
645,Chief Technology Officer,Define technology vision and lead engineering organizations,Executive Leadership,High paying,"['technology strategy', 'engineering leadership', 'innovation', 'digital transformation', 'executive management']","['digital transformation', 'engineering leadership', 'executive management', 'innovation', 'technology strategy']",100.0,Critical
646,Investment Banking Director,Lead M&A transactions and client relationships,Finance,High paying,"['corporate finance', 'deal structuring', 'client management', 'team leadership', 'financial modeling']","['client management', 'corporate finance', 'deal structuring', 'financial modeling', 'team leadership']",100.0,Critical
647,Chief Operating Officer,Oversee all operational aspects of the organization,Executive Leadership,High paying,"['operations strategy', 'executive leadership', 'process optimization', 'change management', 'p&l management']",['operations management leadership strategic thinking process improvement decision making'],100.0,Critical
647,Chief Operating Officer,Oversee all operational aspects of the organization,Executive Leadership,High paying,"['operations strategy', 'executive leadership', 'process optimization', 'change management', 'p&l management']","['change management', 'executive leadership', 'operations strategy', 'p&l management', 'process optimization']",100.0,Critical
648,Senior Tax Manager,Manage complex tax planning and compliance for corporations,Finance,High paying,"['tax strategy', 'corporate tax', 'regulatory compliance', 'team leadership', 'financial planning']","['corporate tax', 'financial planning', 'regulatory compliance', 'tax strategy', 'team leadership']",100.0,Critical
649,Principal Solutions Architect,Design enterprise-level technical solutions,Technology,High paying,"['solution architecture', 'technical leadership', 'client consulting', 'system integration', 'innovation']","['client consulting', 'innovation', 'solution architecture', 'system integration', 'technical leadership']",100.0,Critical
650,VP of Sales,Lead sales organization and revenue growth strategies,Sales,High paying,"['sales leadership', 'revenue strategy', 'team building', 'market development', 'executive presence']","['executive presence', 'market development', 'revenue strategy', 'sales leadership', 'team building']",100.0,Critical
651,Digital Product Manager,Manage digital product development and user experience,Technology,Average paying,"['product management', 'digital strategy', 'user experience', 'agile development', 'analytics']",['product management technology strategy communication problem solving leadership'],100.0,Critical
651,Digital Product Manager,Manage digital product development and user experience,Technology,Average paying,"['product management', 'digital strategy', 'user experience', 'agile development', 'analytics']","['agile development', 'analytics', 'digital strategy', 'product management', 'user experience']",100.0,Critical
652,Brand Manager,Develop and execute brand strategies and campaigns,Marketing,Average paying,"['brand management', 'marketing strategy', 'campaign development', 'market research', 'creative direction']","['brand management', 'campaign development', 'creative direction', 'market research', 'marketing strategy']",100.0,Critical
653,Compensation Analyst,Analyze and design employee compensation programs,Human Resources,Average paying,"['compensation analysis', 'hr analytics', 'market research', 'statistical analysis', 'excel']",['analytical thinking mathematical reasoning research skills communication attention to detail'],100.0,Critical
653,Compensation Analyst,Analyze and design employee compensation programs,Human Resources,Average paying,"['compensation analysis', 'hr analytics', 'market research', 'statistical analysis', 'excel']","['compensation analysis', 'excel', 'hr analytics', 'market research', 'statistical analysis']",100.0,Critical
654,Network Engineer,Design and maintain network infrastructure,Technology,Average paying,"['network engineering', 'cisco technologies', 'troubleshooting', 'security', 'documentation']","['cisco technologies', 'documentation', 'network engineering', 'security', 'troubleshooting']",100.0,Critical
655,Training Manager,Develop and oversee organizational training programs,Human Resources,Average paying,"['training management', 'curriculum development', 'adult learning', 'team leadership', 'assessment']","['adult learning', 'assessment', 'curriculum development', 'team leadership', 'training management']",100.0,Critical
656,Business Operations Analyst,Analyze business operations and recommend improvements,Business Services,Average paying,"['operations analysis', 'process mapping', 'data analysis', 'project management', 'communication']","['communication', 'data analysis', 'operations analysis', 'process mapping', 'project management']",100.0,Critical
657,Email Marketing Specialist,Develop and execute email marketing campaigns,Marketing,Average paying,"['email marketing', 'marketing automation', 'a', 'b testing', 'analytics', 'creative writing']","['a', 'analytics', 'b testing', 'creative writing', 'email marketing', 'marketing automation']",100.0,Critical
658,Application Support Analyst,Provide support for business applications and systems,Technology,Average paying,"['application support', 'troubleshooting', 'sql', 'business analysis', 'customer service']","['application support', 'business analysis', 'customer service', 'troubleshooting']",80.0,Critical
659,Budget Analyst,Analyze budgets and financial planning for organizations,Finance,Average paying,"['budget analysis', 'financial planning', 'excel', 'cost analysis', 'forecasting']","['budget analysis', 'cost analysis', 'excel', 'financial planning', 'forecasting']",100.0,Critical
660,Facilities Manager,Manage building operations and maintenance,Facilities Management,Average paying,"['facilities management', 'vendor management', 'maintenance planning', 'budgeting', 'safety compliance']","['budgeting', 'facilities management', 'maintenance planning', 'safety compliance', 'vendor management']",100.0,Critical
661,Junior Marketing Assistant,Support marketing activities and campaigns,Marketing,Low paying,"['marketing support', 'social media', 'content creation', 'administrative tasks', 'communication']","['administrative tasks', 'communication', 'content creation', 'marketing support', 'social media']",100.0,Critical
662,Office Assistant,Provide general administrative support to office staff,Business Services,Low paying,"['administrative support', 'filing', 'phone answering', 'data entry', 'customer service']","['administrative support', 'customer service', 'data entry', 'filing', 'phone answering']",100.0,Critical
663,Inventory Clerk,Track and manage inventory levels and stock movements,Warehousing,Low paying,"['inventory management', 'data entry', 'attention to detail', 'computer skills', 'organization']","['attention to detail', 'computer skills', 'data entry', 'inventory management', 'organization']",100.0,Critical
664,Mail Clerk,Sort and distribute mail within organization,Postal Services,Low paying,"['mail sorting', 'organization', 'attention to detail', 'physical activity', 'time management']","['attention to detail', 'mail sorting', 'organization', 'physical activity', 'time management']",100.0,Critical
665,Copy Machine Operator,Operate copy machines and handle print requests,Business Services,Low paying,"['equipment operation', 'attention to detail', 'customer service', 'organization', 'basic maintenance']","['attention to detail', 'basic maintenance', 'customer service', 'equipment operation', 'organization']",100.0,Critical
666,Parking Meter Attendant,Monitor parking meters and issue citations,Government,Low paying,"['enforcement', 'walking', 'attention to detail', 'customer service', 'record keeping']","['attention to detail', 'customer service', 'enforcement', 'record keeping', 'walking']",100.0,Critical
667,Survey Taker,Conduct surveys and collect data from respondents,Research & Development,Low paying,"['data collection', 'communication', 'attention to detail', 'patience', 'computer skills']","['attention to detail', 'communication', 'computer skills', 'data collection', 'patience']",100.0,Critical
668,Telemarketing Assistant,Make calls to promote products or gather information,Sales,Low paying,"['communication', 'phone skills', 'data entry', 'persistence', 'customer service']","['communication', 'customer service', 'data entry', 'persistence', 'phone skills']",100.0,Critical
669,Cleaning Service Worker,Clean offices and commercial buildings,Cleaning Services,Low paying,"['cleaning techniques', 'attention to detail', 'physical stamina', 'time management', 'reliability']","['attention to detail', 'cleaning techniques', 'physical stamina', 'reliability', 'time management']",100.0,Critical
670,Landscape Laborer,Perform basic landscaping tasks and maintenance,Landscaping,Low paying,"['physical labor', 'basic landscaping', 'equipment use', 'teamwork', 'weather tolerance']","['basic landscaping', 'equipment use', 'physical labor', 'teamwork', 'weather tolerance']",100.0,Critical
671,Construction Laborer,Assist with construction projects and manual labor,Construction,Low paying,"['physical labor', 'construction safety', 'tool usage', 'teamwork', 'following instructions']","['construction safety', 'following instructions', 'physical labor', 'teamwork', 'tool usage']",100.0,Critical
672,Kitchen Prep Cook,Prepare ingredients and assist with food preparation,Food Service,Low paying,"['food preparation', 'kitchen safety', 'sanitation', 'teamwork', 'time management']","['food preparation', 'kitchen safety', 'sanitation', 'teamwork', 'time management']",100.0,Critical
673,Dishwasher/Busser,Clean dishes and maintain dining area cleanliness,Food Service,Low paying,"['cleaning', 'physical stamina', 'teamwork', 'time management', 'attention to detail']","['attention to detail', 'cleaning', 'physical stamina', 'teamwork', 'time management']",100.0,Critical
674,Retail Stock Clerk,Receive and stock merchandise in retail stores,Retail,Low paying,"['inventory management', 'physical labor', 'attention to detail', 'organization', 'teamwork']","['attention to detail', 'inventory management', 'organization', 'physical labor', 'teamwork']",100.0,Critical
675,Gas Station Attendant,Assist customers with fuel and vehicle services,Automotive,Low paying,"['customer service', 'cash handling', 'basic automotive', 'attention to detail', 'physical activity']","['attention to detail', 'basic automotive', 'cash handling', 'customer service', 'physical activity']",100.0,Critical
676,Animal Kennel Worker,Care for animals in kennels and shelters,Animal Services,Low paying,"['animal care', 'cleaning', 'physical stamina', 'patience', 'attention to detail']","['animal care', 'attention to detail', 'cleaning', 'patience', 'physical stamina']",100.0,Critical
677,Recycling Worker,Sort and process recyclable materials,Environmental Services,Low paying,"['sorting', 'physical labor', 'attention to detail', 'environmental awareness', 'teamwork']","['attention to detail', 'environmental awareness', 'physical labor', 'sorting', 'teamwork']",100.0,Critical
678,Sign Holder,Hold advertising signs to promote businesses,Advertising,Low paying,"['physical stamina', 'weather tolerance', 'reliability', 'attention to detail', 'customer interaction']","['attention to detail', 'customer interaction', 'physical stamina', 'reliability', 'weather tolerance']",100.0,Critical
679,Leaflet Distributor,Distribute flyers and promotional materials,Advertising,Low paying,"['physical activity', 'customer interaction', 'reliability', 'time management', 'communication']","['communication', 'customer interaction', 'physical activity', 'reliability', 'time management']",100.0,Critical
680,Event Setup Worker,Set up equipment and decorations for events,Event Planning,Low paying,"['physical labor', 'attention to detail', 'teamwork', 'time management', 'following instructions']","['attention to detail', 'following instructions', 'physical labor', 'teamwork', 'time management']",100.0,Critical
681,Senior VP of Technology,Lead technology transformation and innovation initiatives,Executive Leadership,High paying,"['technology leadership', 'digital transformation', 'strategic planning', 'innovation management', 'executive leadership']","['digital transformation', 'executive leadership', 'innovation management', 'strategic planning', 'technology leadership']",100.0,Critical
682,Chief Revenue Officer,Drive revenue growth and go-to-market strategies,Executive Leadership,High paying,"['revenue strategy', 'sales leadership', 'market development', 'strategic partnerships', 'executive management']","['executive management', 'market development', 'revenue strategy', 'sales leadership', 'strategic partnerships']",100.0,Critical
683,Principal Engineer,Lead engineering excellence and technical innovation,Technology,High paying,"['technical leadership', 'engineering excellence', 'system architecture', 'mentoring', 'innovation']","['engineering excellence', 'innovation', 'mentoring', 'system architecture', 'technical leadership']",100.0,Critical
684,VP of Product Management,Oversee product portfolio and strategic roadmap,Technology,High paying,"['product strategy', 'portfolio management', 'market analysis', 'leadership', 'innovation']","['innovation', 'leadership', 'market analysis', 'portfolio management', 'product strategy']",100.0,Critical
685,Head of Data Science,Lead data science organization and AI initiatives,Technology,High paying,"['data science leadership', 'machine learning', 'ai strategy', 'team building', 'advanced analytics']","['advanced analytics', 'ai strategy', 'data science leadership', 'team building']",80.0,Critical
686,Managing Director,Lead business unit operations and strategic growth,Executive Leadership,High paying,"['business leadership', 'strategic planning', 'p&l management', 'team building', 'market development']","['business leadership', 'market development', 'p&l management', 'strategic planning', 'team building']",100.0,Critical
687,Chief Financial Officer,Oversee financial strategy and corporate finance,Executive Leadership,High paying,"['financial strategy', 'corporate finance', 'risk management', 'executive leadership', 'investor relations']",['financial acumen strategic thinking leadership risk management decision making'],100.0,Critical
687,Chief Financial Officer,Oversee financial strategy and corporate finance,Executive Leadership,High paying,"['financial strategy', 'corporate finance', 'risk management', 'executive leadership', 'investor relations']","['corporate finance', 'executive leadership', 'financial strategy', 'investor relations', 'risk management']",100.0,Critical
688,Senior Vice President,Lead major business divisions and strategic initiatives,Executive Leadership,High paying,"['executive leadership', 'strategic planning', 'business development', 'team management', 'market strategy']","['business development', 'executive leadership', 'market strategy', 'strategic planning', 'team management']",100.0,Critical
689,General Manager,Manage overall business operations and performance,Executive Leadership,High paying,"['operations management', 'business strategy', 'team leadership', 'p&l responsibility', 'customer relations']","['business strategy', 'customer relations', 'operations management', 'p&l responsibility', 'team leadership']",100.0,Critical
690,Director of Engineering,Lead engineering teams and technical delivery,Technology,High paying,"['engineering management', 'technical strategy', 'team building', 'product development', 'innovation']","['engineering management', 'innovation', 'product development', 'team building', 'technical strategy']",100.0,Critical
691,Corporate Development Manager,Lead M&A activities and strategic partnerships,Finance,Average paying,"['corporate development', 'financial analysis', 'deal structuring', 'due diligence', 'negotiation']","['corporate development', 'deal structuring', 'due diligence', 'financial analysis', 'negotiation']",100.0,Critical
692,Regional Sales Manager,Manage sales operations across geographic regions,Sales,Average paying,"['sales management', 'territory management', 'team leadership', 'customer relations', 'revenue growth']","['customer relations', 'revenue growth', 'sales management', 'team leadership', 'territory management']",100.0,Critical
693,Product Operations Manager,Optimize product development processes and workflows,Technology,Average paying,"['product operations', 'process improvement', 'cross-functional collaboration', 'analytics', 'project management']","['analytics', 'cross-functional collaboration', 'process improvement', 'product operations', 'project management']",100.0,Critical
694,Customer Experience Manager,Design and improve customer journey and satisfaction,Business Services,Average paying,"['customer experience', 'journey mapping', 'analytics', 'process improvement', 'stakeholder management']","['analytics', 'customer experience', 'journey mapping', 'process improvement', 'stakeholder management']",100.0,Critical
695,Revenue Operations Analyst,Analyze and optimize revenue processes and systems,Business Services,Average paying,"['revenue operations', 'sales analytics', 'crm management', 'process optimization', 'data analysis']","['crm management', 'data analysis', 'process optimization', 'revenue operations', 'sales analytics']",100.0,Critical
696,AI Prompt Engineer,Design and optimize prompts for AI language models,Technology,High paying,"['prompt engineering', 'nlp', 'data analysis', 'creativity', 'experimentation']","['creativity', 'data analysis', 'experimentation', 'nlp', 'prompt engineering']",100.0,Critical
697,Remote Work Policy Advisor,Develop and implement remote work strategies for organizations,Business Services,Average paying,"['policy development', 'hr strategy', 'communication', 'change management', 'research']","['change management', 'communication', 'hr strategy', 'policy development', 'research']",100.0,Critical
698,Electric Vehicle Technician,Maintain and repair electric vehicles and charging stations,Automotive,Average paying,"['ev systems', 'diagnostics', 'electrical engineering', 'safety protocols', 'problem solving']","['diagnostics', 'electrical engineering', 'ev systems', 'problem solving', 'safety protocols']",100.0,Critical
699,Podcast Marketing Manager,Promote and grow podcast audiences through digital channels,Media & Publishing,Average paying,"['podcast promotion', 'social media', 'analytics', 'content strategy', 'communication']","['analytics', 'communication', 'content strategy', 'podcast promotion', 'social media']",100.0,Critical
700,Drone Delivery Operator,Manage and operate drone-based delivery services,Logistics,Average paying,"['drone piloting', 'logistics', 'safety compliance', 'navigation', 'customer service']","['customer service', 'drone piloting', 'logistics', 'navigation', 'safety compliance']",100.0,Critical
701,Climate Policy Analyst,Research and advise on climate-related policies and regulations,Government,High paying,"['policy analysis', 'environmental science', 'research', 'communication', 'data interpretation']","['communication', 'data interpretation', 'environmental science', 'policy analysis', 'research']",100.0,Critical
702,Digital Health Coach,Guide clients in using technology for health and wellness,Healthcare,Average paying,"['health coaching', 'digital tools', 'communication', 'motivation', 'data tracking']","['communication', 'data tracking', 'digital tools', 'health coaching', 'motivation']",100.0,Critical
703,3D Printing Technician,Operate and maintain 3D printers for various applications,Manufacturing,Average paying,"['3d printing', 'cad', 'troubleshooting', 'material science', 'attention to detail']","['3d printing', 'attention to detail', 'cad', 'material science', 'troubleshooting']",100.0,Critical
704,Online Fundraising Specialist,Plan and execute digital fundraising campaigns for nonprofits,Nonprofit,Average paying,"['fundraising', 'digital marketing', 'communication', 'analytics', 'campaign management']","['analytics', 'campaign management', 'communication', 'digital marketing', 'fundraising']",100.0,Critical
705,Voice User Interface Designer,Design conversational interfaces for voice-activated devices,Technology,High paying,"['voice ux', 'interaction design', 'prototyping', 'user research', 'creativity']","['creativity', 'interaction design', 'prototyping', 'user research', 'voice ux']",100.0,Critical
706,Urban Mobility Planner,Design transportation solutions for growing cities,Urban Development,Average paying,"['urban planning', 'transportation systems', 'data analysis', 'communication', 'innovation']","['communication', 'data analysis', 'innovation', 'transportation systems', 'urban planning']",100.0,Critical
707,AI Ethics Consultant,Advise organizations on responsible AI use,Technology,High paying,"['ethics', 'ai policy', 'communication', 'risk assessment', 'research']","['ai policy', 'communication', 'ethics', 'research', 'risk assessment']",100.0,Critical
708,Hydrogen Fuel Cell Technician,Maintain and repair hydrogen energy systems,Energy,Average paying,"['hydrogen systems', 'diagnostics', 'electrical engineering', 'safety protocols', 'troubleshooting']","['diagnostics', 'electrical engineering', 'hydrogen systems', 'safety protocols', 'troubleshooting']",100.0,Critical
709,Digital Currency Compliance Officer,Ensure cryptocurrency operations meet legal standards,Finance,High paying,"['compliance', 'cryptocurrency', 'regulatory knowledge', 'risk management', 'communication']","['communication', 'compliance', 'cryptocurrency', 'regulatory knowledge', 'risk management']",100.0,Critical
710,Remote Learning Facilitator,Support students and teachers in virtual classrooms,Education,Average paying,"['education technology', 'communication', 'organization', 'troubleshooting', 'empathy']","['communication', 'education technology', 'empathy', 'organization', 'troubleshooting']",100.0,Critical
711,Smart Home Installer,Set up and configure home automation systems,Technology,Average paying,"['home automation', 'networking', 'troubleshooting', 'customer service', 'security']","['customer service', 'home automation', 'networking', 'security', 'troubleshooting']",100.0,Critical
712,Plant-Based Food Developer,Create new vegan and vegetarian food products,Food Production,Average paying,"['food science', 'nutrition', 'product development', 'innovation', 'quality control']","['food science', 'innovation', 'nutrition', 'product development', 'quality control']",100.0,Critical
713,Digital Twin Analyst,Monitor and optimize virtual models of real-world systems,Technology,Average paying,"['data analysis', 'simulation', 'iot', 'problem solving', 'reporting']","['data analysis', 'iot', 'problem solving', 'reporting', 'simulation']",100.0,Critical
714,Personal Cybersecurity Coach,Help individuals protect their digital lives,Technology,Average paying,"['cybersecurity', 'communication', 'training', 'risk assessment', 'technology awareness']","['communication', 'cybersecurity', 'risk assessment', 'technology awareness', 'training']",100.0,Critical
715,Remote Onboarding Specialist,Guide new hires through virtual orientation,Human Resources,Average paying,"['hr', 'communication', 'organization', 'technology skills', 'empathy']","['communication', 'empathy', 'hr', 'organization', 'technology skills']",100.0,Critical
716,AI Model Validator,Test and verify machine learning models for accuracy,Technology,High paying,"['machine learning', 'testing', 'data analysis', 'documentation', 'python']","['data analysis', 'documentation', 'testing']",60.0,High
717,Digital Art Curator,Select and manage digital art collections,Arts & Culture,Average paying,"['art history', 'digital media', 'curation', 'communication', 'research']","['art history', 'communication', 'curation', 'digital media', 'research']",100.0,Critical
718,Online Therapy Platform Manager,Oversee operations of digital mental health services,Healthcare,High paying,"['healthcare management', 'technology', 'communication', 'compliance', 'customer service']","['communication', 'compliance', 'customer service', 'healthcare management', 'technology']",100.0,Critical
719,Electric Scooter Mechanic,Repair and maintain electric scooters and bikes,Transportation,Low paying,"['diagnostics', 'electrical systems', 'mechanical skills', 'safety', 'customer service']","['customer service', 'diagnostics', 'electrical systems', 'mechanical skills', 'safety']",100.0,Critical
720,Remote Customer Success Trainer,Teach best practices for virtual client support,Business Services,Average paying,"['training', 'customer success', 'communication', 'technology skills', 'coaching']","['coaching', 'communication', 'customer success', 'technology skills', 'training']",100.0,Critical
721,AI Data Labeling Supervisor,Oversee teams tagging data for machine learning,Technology,Average paying,"['team management', 'data annotation', 'quality control', 'communication', 'organization']","['communication', 'data annotation', 'organization', 'quality control', 'team management']",100.0,Critical
722,Digital Agriculture Consultant,Advise farms on technology adoption,Agriculture,High paying,"['agriculture', 'technology', 'data analysis', 'communication', 'project management']","['agriculture', 'communication', 'data analysis', 'project management', 'technology']",100.0,Critical
723,Online Marketplace Manager,Oversee digital sales platforms and vendor relations,Sales,Average paying,"['e-commerce', 'vendor management', 'analytics', 'communication', 'marketing']","['analytics', 'communication', 'e-commerce', 'marketing', 'vendor management']",100.0,Critical
724,Virtual Reality Safety Trainer,Develop VR-based safety training programs,Technology,High paying,"['vr development', 'safety protocols', 'instructional design', 'communication', 'innovation']","['communication', 'innovation', 'instructional design', 'safety protocols', 'vr development']",100.0,Critical
725,Remote Technical Interviewer,Conduct coding interviews for distributed teams,Technology,Average paying,"['technical assessment', 'communication', 'coding skills', 'interviewing', 'objectivity']","['coding skills', 'communication', 'interviewing', 'objectivity', 'technical assessment']",100.0,Critical
726,Digital Supply Chain Analyst,Monitor and optimize online supply networks,Logistics,Average paying,"['supply chain', 'data analysis', 'technology', 'problem solving', 'reporting']","['data analysis', 'problem solving', 'reporting', 'supply chain', 'technology']",100.0,Critical
727,Online Brand Reputation Analyst,Track and report on digital brand sentiment,Marketing,Average paying,"['analytics', 'social listening', 'communication', 'reporting', 'marketing']","['analytics', 'communication', 'marketing', 'reporting', 'social listening']",100.0,Critical
728,AI-Driven Content Strategist,Plan content using artificial intelligence tools,Media & Publishing,High paying,"['content strategy', 'ai tools', 'analytics', 'communication', 'creativity']","['ai tools', 'analytics', 'communication', 'content strategy', 'creativity']",100.0,Critical
729,Remote Event Moderator,Facilitate virtual conferences and webinars,Event Planning,Average paying,"['event management', 'communication', 'technology', 'moderation', 'problem solving']","['communication', 'event management', 'moderation', 'problem solving', 'technology']",100.0,Critical
730,Digital Accessibility Tester,Test websites and apps for accessibility compliance,Technology,Average paying,"['accessibility standards', 'testing', 'reporting', 'communication', 'empathy']","['accessibility standards', 'communication', 'empathy', 'reporting', 'testing']",100.0,Critical
731,Online Fitness Program Designer,Create digital exercise and wellness plans,Fitness & Recreation,Average paying,"['fitness', 'program design', 'technology', 'communication', 'motivation']","['communication', 'fitness', 'motivation', 'program design', 'technology']",100.0,Critical
732,Remote Executive Assistant,Support executives from a distance,Business Services,Average paying,"['organization', 'communication', 'technology', 'scheduling', 'confidentiality']","['communication', 'confidentiality', 'organization', 'scheduling', 'technology']",100.0,Critical
733,AI-Powered Marketing Analyst,Leverage AI to optimize marketing campaigns,Marketing,High paying,"['marketing analytics', 'ai tools', 'data interpretation', 'reporting', 'communication']","['ai tools', 'communication', 'data interpretation', 'marketing analytics', 'reporting']",100.0,Critical
734,Digital Fundraising Campaign Manager,Lead online donation drives for nonprofits,Nonprofit,Average paying,"['fundraising', 'digital marketing', 'campaign management', 'analytics', 'communication']","['analytics', 'campaign management', 'communication', 'digital marketing', 'fundraising']",100.0,Critical
735,Online Language Tutor,Teach languages via digital platforms,Education,Average paying,"['language proficiency', 'teaching', 'communication', 'technology', 'patience']","['communication', 'language proficiency', 'patience', 'teaching', 'technology']",100.0,Critical
736,Remote IT Asset Manager,Track and manage distributed technology resources,Technology,Average paying,"['it asset management', 'organization', 'technology', 'reporting', 'communication']","['communication', 'it asset management', 'organization', 'reporting', 'technology']",100.0,Critical
737,Digital Health Data Analyst,Analyze patient data from digital health tools,Healthcare,High paying,"['data analysis', 'healthcare', 'reporting', 'privacy', 'technology']","['data analysis', 'healthcare', 'privacy', 'reporting', 'technology']",100.0,Critical
738,Online Product Demo Specialist,Showcase products through virtual presentations,Sales,Average paying,"['presentation skills', 'product knowledge', 'communication', 'technology', 'sales']","['communication', 'presentation skills', 'product knowledge', 'sales', 'technology']",100.0,Critical
739,Remote HR Compliance Auditor,Ensure virtual teams follow employment laws,Human Resources,High paying,"['hr compliance', 'auditing', 'communication', 'documentation', 'organization']","['auditing', 'communication', 'documentation', 'hr compliance', 'organization']",100.0,Critical
740,AI Chatbot Designer,Create conversational flows for automated assistants,Technology,High paying,"['conversation design', 'ai tools', 'ux', 'scripting', 'creativity']","['ai tools', 'conversation design', 'creativity', 'scripting', 'ux']",100.0,Critical
741,Digital Art Therapist,Use digital media for therapeutic interventions,Healthcare,Average paying,"['art therapy', 'digital tools', 'empathy', 'communication', 'creativity']","['art therapy', 'communication', 'creativity', 'digital tools', 'empathy']",100.0,Critical
742,Online Peer Support Facilitator,Moderate digital mental health support groups,Healthcare,Average paying,"['facilitation', 'empathy', 'communication', 'technology', 'confidentiality']","['communication', 'confidentiality', 'empathy', 'facilitation', 'technology']",100.0,Critical
743,Remote Payroll Coordinator,Process payroll for distributed teams,Human Resources,Average paying,"['payroll', 'hr', 'technology', 'attention to detail', 'compliance']","['attention to detail', 'compliance', 'hr', 'payroll', 'technology']",100.0,Critical
744,Digital Product Tester,Test and review new digital products,Technology,Average paying,"['testing', 'reporting', 'technology', 'communication', 'attention to detail']","['attention to detail', 'communication', 'reporting', 'technology', 'testing']",100.0,Critical
745,Online Volunteer Coordinator,Manage remote volunteers for organizations,Nonprofit,Average paying,"['volunteer management', 'communication', 'organization', 'technology', 'empathy']","['communication', 'empathy', 'organization', 'technology', 'volunteer management']",100.0,Critical
746,Remote Legal Researcher,Support legal teams with online research,Legal Services,Average paying,"['legal research', 'technology', 'writing', 'attention to detail', 'organization']","['attention to detail', 'legal research', 'organization', 'technology', 'writing']",100.0,Critical
747,Digital Customer Insights Analyst,Analyze online customer feedback and trends,Marketing,Average paying,"['analytics', 'data interpretation', 'reporting', 'communication', 'marketing']","['analytics', 'communication', 'data interpretation', 'marketing', 'reporting']",100.0,Critical
748,Remote Technical Account Manager,Support clients with technical solutions from afar,Technology,High paying,"['account management', 'technical knowledge', 'communication', 'problem solving', 'customer service']","['account management', 'communication', 'customer service', 'problem solving', 'technical knowledge']",100.0,Critical
749,Online Community Engagement Specialist,Boost participation in digital groups,Technology,Average paying,"['community management', 'communication', 'social media', 'creativity', 'analytics']","['analytics', 'communication', 'community management', 'creativity', 'social media']",100.0,Critical
750,Remote Learning Assessment Designer,Create digital tests and quizzes,Education,Average paying,"['assessment design', 'education technology', 'analytics', 'communication', 'creativity']","['analytics', 'assessment design', 'communication', 'creativity', 'education technology']",100.0,Critical
751,Digital Sustainability Analyst,Track and report on environmental impact of tech,Environmental Services,Average paying,"['environmental science', 'data analysis', 'reporting', 'technology', 'communication']","['communication', 'data analysis', 'environmental science', 'reporting', 'technology']",100.0,Critical
752,Remote Medical Billing Specialist,Process healthcare payments from home,Healthcare,Average paying,"['medical billing', 'technology', 'attention to detail', 'compliance', 'communication']","['attention to detail', 'communication', 'compliance', 'medical billing', 'technology']",100.0,Critical
753,Online Course Quality Reviewer,Ensure digital classes meet standards,Education,Average paying,"['quality assurance', 'education', 'technology', 'reporting', 'communication']","['communication', 'education', 'quality assurance', 'reporting', 'technology']",100.0,Critical
754,Remote Social Media Content Creator,Produce posts for brands from anywhere,Marketing,Average paying,"['content creation', 'social media', 'creativity', 'communication', 'technology']","['communication', 'content creation', 'creativity', 'social media', 'technology']",100.0,Critical
755,Digital HR Data Analyst,Analyze workforce data for virtual teams,Human Resources,Average paying,"['data analysis', 'hr', 'reporting', 'technology', 'communication']","['communication', 'data analysis', 'hr', 'reporting', 'technology']",100.0,Critical
756,Remote Customer Retention Specialist,Keep online clients engaged and loyal,Sales,Average paying,"['customer service', 'communication', 'problem solving', 'technology', 'analytics']","['analytics', 'communication', 'customer service', 'problem solving', 'technology']",100.0,Critical
757,Online Product Feedback Coordinator,Collect and organize digital user reviews,Technology,Average paying,"['feedback management', 'communication', 'organization', 'technology', 'reporting']","['communication', 'feedback management', 'organization', 'reporting', 'technology']",100.0,Critical
758,Remote Learning Experience Designer,Build engaging online education journeys,Education,High paying,"['instructional design', 'technology', 'creativity', 'communication', 'ux']","['communication', 'creativity', 'instructional design', 'technology', 'ux']",100.0,Critical
759,Digital Event Sponsorship Manager,Secure sponsors for virtual events,Event Planning,Average paying,"['sponsorship sales', 'event planning', 'communication', 'negotiation', 'technology']","['communication', 'event planning', 'negotiation', 'sponsorship sales', 'technology']",100.0,Critical
760,Remote Technical Documentation Specialist,Write manuals for distributed software teams,Technology,Average paying,"['technical writing', 'documentation', 'technology', 'communication', 'organization']","['communication', 'documentation', 'organization', 'technical writing', 'technology']",100.0,Critical
761,Online Diversity & Inclusion Trainer,Deliver virtual D&I workshops,Human Resources,Average paying,"['training', 'diversity & inclusion', 'communication', 'technology', 'empathy']","['communication', 'diversity & inclusion', 'empathy', 'technology', 'training']",100.0,Critical
762,Remote Product Launch Coordinator,Manage digital product rollouts,Technology,Average paying,"['project management', 'marketing', 'technology', 'communication', 'organization']","['communication', 'marketing', 'organization', 'project management', 'technology']",100.0,Critical
763,Digital Wellness App Coach,Guide users through health apps,Wellness,Average paying,"['coaching', 'wellness', 'technology', 'communication', 'motivation']","['coaching', 'communication', 'motivation', 'technology', 'wellness']",100.0,Critical
764,Remote Data Privacy Officer,Oversee digital privacy compliance,Technology,High paying,"['data privacy', 'compliance', 'technology', 'communication', 'risk assessment']","['communication', 'compliance', 'data privacy', 'risk assessment', 'technology']",100.0,Critical
765,Online Customer Loyalty Program Manager,Develop digital rewards initiatives,Marketing,Average paying,"['loyalty programs', 'marketing', 'analytics', 'communication', 'technology']","['analytics', 'communication', 'loyalty programs', 'marketing', 'technology']",100.0,Critical
766,Remote Employee Engagement Analyst,Track morale in distributed teams,Human Resources,Average paying,"['analytics', 'hr', 'communication', 'reporting', 'technology']","['analytics', 'communication', 'hr', 'reporting', 'technology']",100.0,Critical
767,Digital Product Accessibility Advocate,Promote inclusive design in tech,Technology,Average paying,"['accessibility', 'advocacy', 'communication', 'technology', 'ux']","['accessibility', 'advocacy', 'communication', 'technology', 'ux']",100.0,Critical
768,Remote Brand Partnership Manager,Build alliances for online brands,Marketing,Average paying,"['partnerships', 'marketing', 'negotiation', 'communication', 'technology']","['communication', 'marketing', 'negotiation', 'partnerships', 'technology']",100.0,Critical
769,Online Learning Analytics Specialist,Analyze student data from digital courses,Education,Average paying,"['analytics', 'education', 'reporting', 'technology', 'communication']","['analytics', 'communication', 'education', 'reporting', 'technology']",100.0,Critical
770,Remote Technical Support Supervisor,Lead virtual help desk teams,Technology,Average paying,"['team leadership', 'technical support', 'communication', 'technology', 'problem solving']","['communication', 'problem solving', 'team leadership', 'technical support', 'technology']",100.0,Critical
771,Digital Content Licensing Manager,Oversee rights for online media,Media & Publishing,High paying,"['licensing', 'media law', 'negotiation', 'communication', 'organization']","['communication', 'licensing', 'media law', 'negotiation', 'organization']",100.0,Critical
772,Remote Employee Wellness Coordinator,Organize virtual health initiatives,Human Resources,Average paying,"['wellness', 'hr', 'communication', 'program management', 'technology']","['communication', 'hr', 'program management', 'technology', 'wellness']",100.0,Critical
773,Online Product Usability Tester,Evaluate ease of use for digital tools,Technology,Average paying,"['usability testing', 'ux', 'reporting', 'communication', 'technology']","['communication', 'reporting', 'technology', 'usability testing', 'ux']",100.0,Critical
774,Remote Digital Marketing Trainer,Teach online marketing skills,Marketing,Average paying,"['training', 'digital marketing', 'communication', 'technology', 'coaching']","['coaching', 'communication', 'digital marketing', 'technology', 'training']",100.0,Critical
775,Digital Customer Journey Analyst,Map and improve online user experiences,Technology,Average paying,"['customer experience', 'analytics', 'ux', 'communication', 'technology']","['analytics', 'communication', 'customer experience', 'technology', 'ux']",100.0,Critical
776,Remote IT Security Analyst,Monitor cybersecurity for distributed teams,Technology,High paying,"['cybersecurity', 'monitoring', 'reporting', 'technology', 'communication']","['communication', 'cybersecurity', 'monitoring', 'reporting', 'technology']",100.0,Critical
777,Online Community Policy Writer,Develop guidelines for digital groups,Technology,Average paying,"['policy writing', 'community management', 'communication', 'technology', 'research']","['communication', 'community management', 'policy writing', 'research', 'technology']",100.0,Critical
778,Remote Product Analytics Lead,Oversee data-driven product decisions,Technology,High paying,"['analytics', 'product management', 'leadership', 'communication', 'technology']","['analytics', 'communication', 'leadership', 'product management', 'technology']",100.0,Critical
779,Digital Content Monetization Strategist,Develop revenue streams for online media,Media & Publishing,High paying,"['monetization', 'media strategy', 'analytics', 'communication', 'technology']","['analytics', 'communication', 'media strategy', 'monetization', 'technology']",100.0,Critical
780,Remote Learning Support Specialist,Assist students in virtual classrooms,Education,Average paying,"['support', 'education', 'communication', 'technology', 'empathy']","['communication', 'education', 'empathy', 'support', 'technology']",100.0,Critical
781,Online Brand Storyteller,Create compelling narratives for digital brands,Marketing,Average paying,"['storytelling', 'content creation', 'marketing', 'communication', 'creativity']","['communication', 'content creation', 'creativity', 'marketing', 'storytelling']",100.0,Critical
782,Remote Technical Skills Assessor,Test candidates for digital job skills,Technology,Average paying,"['assessment', 'technology', 'communication', 'reporting', 'objectivity']","['assessment', 'communication', 'objectivity', 'reporting', 'technology']",100.0,Critical
783,Digital Product Lifecycle Manager,Oversee all stages of online product development,Technology,High paying,"['product management', 'project management', 'technology', 'communication', 'analytics']","['analytics', 'communication', 'product management', 'project management', 'technology']",100.0,Critical
784,Remote Employee Training Coordinator,Organize virtual learning sessions,Human Resources,Average paying,"['training', 'organization', 'communication', 'technology', 'scheduling']","['communication', 'organization', 'scheduling', 'technology', 'training']",100.0,Critical
785,Online Community Growth Hacker,Boost membership in digital groups,Technology,Average paying,"['growth hacking', 'marketing', 'analytics', 'communication', 'technology']","['analytics', 'communication', 'growth hacking', 'marketing', 'technology']",100.0,Critical
786,Remote Digital Transformation Lead,Guide companies through tech adoption,Consulting,High paying,"['digital strategy', 'change management', 'communication', 'technology', 'leadership']","['change management', 'communication', 'digital strategy', 'leadership', 'technology']",100.0,Critical
787,Digital Content Rights Analyst,Track and enforce online media usage,Media & Publishing,Average paying,"['rights management', 'analytics', 'media law', 'communication', 'technology']","['analytics', 'communication', 'media law', 'rights management', 'technology']",100.0,Critical
788,Remote Customer Feedback Analyst,Analyze online reviews and surveys,Sales,Average paying,"['analytics', 'communication', 'reporting', 'technology', 'customer service']","['analytics', 'communication', 'customer service', 'reporting', 'technology']",100.0,Critical
789,Online Product Customization Specialist,Help users personalize digital tools,Technology,Average paying,"['customization', 'ux', 'communication', 'technology', 'problem solving']","['communication', 'customization', 'problem solving', 'technology', 'ux']",100.0,Critical
790,Remote Employee Recognition Program Manager,Develop digital reward systems,Human Resources,Average paying,"['recognition programs', 'hr', 'communication', 'technology', 'organization']","['communication', 'hr', 'organization', 'recognition programs', 'technology']",100.0,Critical
791,Digital Brand Compliance Officer,Ensure online branding meets standards,Marketing,Average paying,"['compliance', 'branding', 'communication', 'technology', 'reporting']","['branding', 'communication', 'compliance', 'reporting', 'technology']",100.0,Critical
792,Remote Learning Platform Administrator,Manage digital education systems,Education,Average paying,"['platform administration', 'technology', 'communication', 'troubleshooting', 'organization']","['communication', 'organization', 'platform administration', 'technology', 'troubleshooting']",100.0,Critical
793,Online Product Localization Manager,Adapt digital tools for global markets,Technology,High paying,"['localization', 'translation', 'project management', 'communication', 'technology']","['communication', 'localization', 'project management', 'technology', 'translation']",100.0,Critical
794,Remote Digital HR Specialist,Support virtual HR operations,Human Resources,Average paying,"['hr', 'technology', 'communication', 'organization', 'reporting']","['communication', 'hr', 'organization', 'reporting', 'technology']",100.0,Critical
795,Digital Customer Advocacy Manager,Champion user needs in online products,Technology,Average paying,"['advocacy', 'customer experience', 'communication', 'technology', 'problem solving']","['advocacy', 'communication', 'customer experience', 'problem solving', 'technology']",100.0,Critical
796,Remote Technical Training Developer,Create online tech learning content,Technology,Average paying,"['instructional design', 'technology', 'communication', 'training', 'creativity']","['communication', 'creativity', 'instructional design', 'technology', 'training']",100.0,Critical
797,Online Community Crisis Moderator,Handle emergencies in digital groups,Technology,Average paying,"['crisis management', 'community management', 'communication', 'technology', 'empathy']","['communication', 'community management', 'crisis management', 'empathy', 'technology']",100.0,Critical
798,Remote Digital Brand Manager,Oversee online brand presence,Marketing,Average paying,"['brand management', 'marketing', 'communication', 'technology', 'strategy']","['brand management', 'communication', 'marketing', 'strategy', 'technology']",100.0,Critical
799,Digital Product Feedback Analyst,Analyze user input for online tools,Technology,Average paying,"['analytics', 'feedback management', 'communication', 'technology', 'reporting']","['analytics', 'communication', 'feedback management', 'reporting', 'technology']",100.0,Critical
800,Remote Employee Benefits Specialist,Manage virtual perks and insurance,Human Resources,Average paying,"['hr', 'benefits administration', 'communication', 'technology', 'compliance']","['benefits administration', 'communication', 'compliance', 'hr', 'technology']",100.0,Critical
801,Online Product Documentation Lead,Oversee digital manuals and guides,Technology,Average paying,"['documentation', 'writing', 'technology', 'communication', 'organization']","['communication', 'documentation', 'organization', 'technology', 'writing']",100.0,Critical
802,Remote Digital Marketing Analyst,Track online campaign performance,Marketing,Average paying,"['analytics', 'marketing', 'reporting', 'technology', 'communication']","['analytics', 'communication', 'marketing', 'reporting', 'technology']",100.0,Critical
803,Digital Customer Support Chatbot Trainer,Improve automated help systems,Technology,Average paying,"['chatbot training', 'ai tools', 'communication', 'technology', 'ux']","['ai tools', 'chatbot training', 'communication', 'technology', 'ux']",100.0,Critical
804,Remote Learning Content Curator,Select resources for digital courses,Education,Average paying,"['content curation', 'education', 'technology', 'communication', 'organization']","['communication', 'content curation', 'education', 'organization', 'technology']",100.0,Critical
805,Online Product Security Tester,Find vulnerabilities in digital tools,Technology,High paying,"['security testing', 'technology', 'reporting', 'communication', 'problem solving']","['communication', 'problem solving', 'reporting', 'security testing', 'technology']",100.0,Critical
806,Remote Employee Onboarding Content Creator,Develop digital orientation materials,Human Resources,Average paying,"['content creation', 'hr', 'technology', 'communication', 'organization']","['communication', 'content creation', 'hr', 'organization', 'technology']",100.0,Critical
807,Digital Customer Experience Program Manager,Lead initiatives to improve online service,Technology,High paying,"['program management', 'customer experience', 'communication', 'technology', 'analytics']","['analytics', 'communication', 'customer experience', 'program management', 'technology']",100.0,Critical
808,Remote Technical Project Scheduler,Plan timelines for distributed teams,Technology,Average paying,"['project scheduling', 'technology', 'communication', 'organization', 'reporting']","['communication', 'organization', 'project scheduling', 'reporting', 'technology']",100.0,Critical
809,Online Product Beta Tester,Try out new digital features before launch,Technology,Average paying,"['beta testing', 'feedback', 'technology', 'communication', 'attention to detail']","['attention to detail', 'beta testing', 'communication', 'feedback', 'technology']",100.0,Critical
810,Remote Digital HR Compliance Lead,Ensure virtual teams follow employment laws,Human Resources,High paying,"['hr compliance', 'auditing', 'communication', 'documentation', 'organization']","['auditing', 'communication', 'documentation', 'hr compliance', 'organization']",100.0,Critical
811,Digital Product Knowledge Base Manager,Maintain online help resources,Technology,Average paying,"['knowledge management', 'writing', 'technology', 'communication', 'organization']","['communication', 'knowledge management', 'organization', 'technology', 'writing']",100.0,Critical
812,Remote Employee Survey Analyst,Interpret feedback from distributed teams,Human Resources,Average paying,"['survey analysis', 'hr', 'analytics', 'communication', 'reporting']","['analytics', 'communication', 'hr', 'reporting', 'survey analysis']",100.0,Critical
813,Online Product Roadmap Coordinator,Track development milestones for digital tools,Technology,Average paying,"['project management', 'product management', 'communication', 'technology', 'organization']","['communication', 'organization', 'product management', 'project management', 'technology']",100.0,Critical
814,Remote Digital Brand Strategist,Plan online brand direction,Marketing,High paying,"['brand strategy', 'marketing', 'communication', 'technology', 'analytics']","['analytics', 'brand strategy', 'communication', 'marketing', 'technology']",100.0,Critical
815,Digital Customer Loyalty Analyst,Study retention trends in online services,Marketing,Average paying,"['analytics', 'customer experience', 'reporting', 'communication', 'technology']","['analytics', 'communication', 'customer experience', 'reporting', 'technology']",100.0,Critical
816,Remote Learning Technology Integrator,Implement new tools in digital classrooms,Education,Average paying,"['edtech', 'integration', 'training', 'communication', 'problem solving']","['communication', 'edtech', 'integration', 'problem solving', 'training']",100.0,Critical
817,Online Product Accessibility Tester,Check digital tools for inclusive design,Technology,Average paying,"['accessibility testing', 'ux', 'reporting', 'communication', 'technology']","['accessibility testing', 'communication', 'reporting', 'technology', 'ux']",100.0,Critical
818,Remote Employee Wellness App Coordinator,Promote digital health tools for staff,Human Resources,Average paying,"['wellness', 'hr', 'technology', 'communication', 'program management']","['communication', 'hr', 'program management', 'technology', 'wellness']",100.0,Critical
819,Digital Product Release Manager,Oversee online tool launches,Technology,High paying,"['release management', 'product management', 'communication', 'technology', 'organization']","['communication', 'organization', 'product management', 'release management', 'technology']",100.0,Critical
820,Remote Digital Marketing Campaign Lead,Direct virtual ad initiatives,Marketing,High paying,"['campaign management', 'marketing', 'communication', 'technology', 'analytics']","['analytics', 'campaign management', 'communication', 'marketing', 'technology']",100.0,Critical
821,Online Community Engagement Data Analyst,Track participation in digital groups,Technology,Average paying,"['analytics', 'community management', 'reporting', 'communication', 'technology']","['analytics', 'communication', 'community management', 'reporting', 'technology']",100.0,Critical
822,Remote Technical Support Content Writer,Create help articles for online users,Technology,Average paying,"['technical writing', 'support', 'technology', 'communication', 'organization']","['communication', 'organization', 'support', 'technical writing', 'technology']",100.0,Critical
823,Digital Product User Researcher,Study online user behavior,Technology,Average paying,"['user research', 'analytics', 'communication', 'technology', 'reporting']","['analytics', 'communication', 'reporting', 'technology', 'user research']",100.0,Critical
824,Remote Employee Training App Developer,Build digital learning tools,Technology,High paying,"['app development', 'training', 'technology', 'communication', 'ux']","['app development', 'communication', 'technology', 'training', 'ux']",100.0,Critical
825,Online Product Feature Prioritization Analyst,Rank new ideas for digital tools,Technology,Average paying,"['product management', 'analytics', 'communication', 'technology', 'decision making']","['analytics', 'communication', 'decision making', 'product management', 'technology']",100.0,Critical
826,Remote Digital Brand Insights Manager,Analyze trends for online brands,Marketing,High paying,"['brand insights', 'analytics', 'communication', 'technology', 'reporting']","['analytics', 'brand insights', 'communication', 'reporting', 'technology']",100.0,Critical
827,Digital Customer Support Quality Auditor,Review online help interactions,Technology,Average paying,"['quality assurance', 'customer service', 'communication', 'technology', 'reporting']","['communication', 'customer service', 'quality assurance', 'reporting', 'technology']",100.0,Critical
828,Remote Learning Platform Tester,Check digital education tools for bugs,Education,Average paying,"['testing', 'education', 'technology', 'reporting', 'communication']","['communication', 'education', 'reporting', 'technology', 'testing']",100.0,Critical
829,Online Product Usage Data Analyst,Study how users interact with digital tools,Technology,Average paying,"['usage analytics', 'reporting', 'communication', 'technology', 'data interpretation']","['communication', 'data interpretation', 'reporting', 'technology', 'usage analytics']",100.0,Critical
830,Remote Employee Engagement Program Lead,Design virtual morale initiatives,Human Resources,Average paying,"['program management', 'hr', 'communication', 'technology', 'analytics']","['analytics', 'communication', 'hr', 'program management', 'technology']",100.0,Critical
831,Digital Product Translation Coordinator,Manage localization for online tools,Technology,Average paying,"['translation', 'project management', 'communication', 'technology', 'organization']","['communication', 'organization', 'project management', 'technology', 'translation']",100.0,Critical
832,Remote Digital Marketing Content Planner,Schedule posts for online campaigns,Marketing,Average paying,"['content planning', 'marketing', 'communication', 'technology', 'organization']","['communication', 'content planning', 'marketing', 'organization', 'technology']",100.0,Critical
833,Online Community Safety Specialist,Protect digital groups from abuse,Technology,Average paying,"['safety protocols', 'community management', 'communication', 'technology', 'crisis response']","['communication', 'community management', 'crisis response', 'safety protocols', 'technology']",100.0,Critical
834,Remote Technical Interview Content Developer,Write questions for coding assessments,Technology,Average paying,"['content creation', 'technology', 'communication', 'assessment', 'organization']","['assessment', 'communication', 'content creation', 'organization', 'technology']",100.0,Critical
835,Digital Product User Feedback Moderator,Review and organize online suggestions,Technology,Average paying,"['moderation', 'feedback management', 'communication', 'technology', 'reporting']","['communication', 'feedback management', 'moderation', 'reporting', 'technology']",100.0,Critical
836,Remote Employee Benefits Data Analyst,Study usage of virtual perks,Human Resources,Average paying,"['analytics', 'hr', 'reporting', 'communication', 'technology']","['analytics', 'communication', 'hr', 'reporting', 'technology']",100.0,Critical
837,Online Product Security Compliance Lead,Ensure digital tools meet safety standards,Technology,High paying,"['security compliance', 'technology', 'communication', 'auditing', 'reporting']","['auditing', 'communication', 'reporting', 'security compliance', 'technology']",100.0,Critical
838,Remote Digital Brand Content Editor,Review online marketing materials,Marketing,Average paying,"['editing', 'content creation', 'marketing', 'communication', 'technology']","['communication', 'content creation', 'editing', 'marketing', 'technology']",100.0,Critical
839,Digital Customer Support Training Lead,Teach best practices for online help,Technology,Average paying,"['training', 'customer service', 'communication', 'technology', 'coaching']","['coaching', 'communication', 'customer service', 'technology', 'training']",100.0,Critical
840,Remote Learning Platform Support Analyst,Assist users with digital education tools,Education,Average paying,"['support', 'education', 'technology', 'communication', 'troubleshooting']","['communication', 'education', 'support', 'technology', 'troubleshooting']",100.0,Critical
841,Online Product Analytics Dashboard Designer,Build data visualizations for digital tools,Technology,Average paying,"['dashboard design', 'analytics', 'technology', 'communication', 'ux']","['analytics', 'communication', 'dashboard design', 'technology', 'ux']",100.0,Critical
842,Remote Employee Recognition Data Analyst,Track digital reward program results,Human Resources,Average paying,"['analytics', 'hr', 'reporting', 'communication', 'technology']","['analytics', 'communication', 'hr', 'reporting', 'technology']",100.0,Critical
843,Digital Product User Persona Developer,Create profiles for online tool users,Technology,Average paying,"['persona development', 'research', 'communication', 'technology', 'creativity']","['communication', 'creativity', 'persona development', 'research', 'technology']",100.0,Critical
844,Remote Digital Marketing Automation Lead,Oversee online campaign workflows,Marketing,High paying,"['automation', 'marketing', 'technology', 'communication', 'project management']","['automation', 'communication', 'marketing', 'project management', 'technology']",100.0,Critical
845,Online Community Content Scheduler,Plan posts for digital groups,Technology,Average paying,"['content scheduling', 'community management', 'communication', 'technology', 'organization']","['communication', 'community management', 'content scheduling', 'organization', 'technology']",100.0,Critical
846,Remote Technical Support Quality Lead,Audit help desk performance,Technology,Average paying,"['quality assurance', 'technical support', 'communication', 'technology', 'reporting']","['communication', 'quality assurance', 'reporting', 'technical support', 'technology']",100.0,Critical
847,Digital Product User Testing Coordinator,Organize online usability studies,Technology,Average paying,"['user testing', 'project management', 'communication', 'technology', 'reporting']","['communication', 'project management', 'reporting', 'technology', 'user testing']",100.0,Critical
848,Remote Employee Wellness Survey Designer,Create digital health questionnaires,Human Resources,Average paying,"['survey design', 'wellness', 'hr', 'communication', 'technology']","['communication', 'hr', 'survey design', 'technology', 'wellness']",100.0,Critical
849,Online Product Feature Documentation Writer,Describe new digital tool functions,Technology,Average paying,"['documentation', 'writing', 'technology', 'communication', 'organization']","['communication', 'documentation', 'organization', 'technology', 'writing']",100.0,Critical
850,Remote Digital Brand Campaign Analyst,Study results of online promotions,Marketing,Average paying,"['analytics', 'marketing', 'reporting', 'communication', 'technology']","['analytics', 'communication', 'marketing', 'reporting', 'technology']",100.0,Critical
851,Remote Podcast Editor,Edit and produce audio for remote podcast teams,Media & Publishing,Average paying,"['audio editing', 'podcast production', 'communication', 'technology', 'attention to detail']","['attention to detail', 'audio editing', 'communication', 'podcast production', 'technology']",100.0,Critical
852,Online Sustainability Course Instructor,Teach environmental topics via digital platforms,Education,Average paying,"['teaching', 'environmental science', 'communication', 'technology', 'curriculum design']","['communication', 'curriculum design', 'environmental science', 'teaching', 'technology']",100.0,Critical
853,Remote Digital Illustration Artist,Create illustrations for online media and brands,Media & Publishing,Average paying,"['digital art', 'creativity', 'communication', 'technology', 'branding']","['branding', 'communication', 'creativity', 'digital art', 'technology']",100.0,Critical
854,Virtual Reality Tour Guide,Lead immersive tours in VR environments,Tourism,Average paying,"['vr technology', 'communication', 'storytelling', 'customer service', 'creativity']","['communication', 'creativity', 'customer service', 'storytelling', 'vr technology']",100.0,Critical
855,Remote SaaS Implementation Specialist,Help clients set up and use SaaS products,Technology,Average paying,"['technical support', 'saas', 'communication', 'training', 'project management']","['communication', 'project management', 'saas', 'technical support', 'training']",100.0,Critical
856,Online Coding Bootcamp Mentor,Guide students through intensive programming courses,Education,Average paying,"['programming', 'mentoring', 'communication', 'technology', 'problem solving']","['communication', 'mentoring', 'problem solving', 'programming', 'technology']",100.0,Critical
857,Remote Digital PR Specialist,Manage public relations for online brands,Marketing,Average paying,"['pr strategy', 'communication', 'digital media', 'writing', 'analytics']","['analytics', 'communication', 'digital media', 'pr strategy', 'writing']",100.0,Critical
858,Online Marketplace Fraud Analyst,Detect and prevent fraud on e-commerce platforms,Technology,Average paying,"['fraud detection', 'data analysis', 'e-commerce', 'communication', 'investigation']","['communication', 'data analysis', 'e-commerce', 'fraud detection', 'investigation']",100.0,Critical
859,Remote Digital Accessibility Advocate,Promote accessible design in virtual spaces,Technology,Average paying,"['accessibility', 'advocacy', 'communication', 'technology', 'ux']","['accessibility', 'advocacy', 'communication', 'technology', 'ux']",100.0,Critical
860,Online Nutrition Coach,Provide dietary advice via digital platforms,Healthcare,Average paying,"['nutrition', 'coaching', 'communication', 'technology', 'motivation']","['coaching', 'communication', 'motivation', 'nutrition', 'technology']",100.0,Critical
861,Remote Digital Advertising Buyer,Purchase and optimize online ad placements,Marketing,Average paying,"['advertising', 'analytics', 'negotiation', 'communication', 'technology']","['advertising', 'analytics', 'communication', 'negotiation', 'technology']",100.0,Critical
862,Online Language Assessment Specialist,Develop and score digital language proficiency tests,Education,Average paying,"['assessment', 'linguistics', 'communication', 'technology', 'data analysis']","['assessment', 'communication', 'data analysis', 'linguistics', 'technology']",100.0,Critical
863,Remote Digital Fundraising Strategist,Plan and execute online giving campaigns,Nonprofit,Average paying,"['fundraising', 'digital strategy', 'communication', 'analytics', 'project management']","['analytics', 'communication', 'digital strategy', 'fundraising', 'project management']",100.0,Critical
864,Online Customer Insights Survey Designer,Create and analyze digital customer surveys,Marketing,Average paying,"['survey design', 'analytics', 'communication', 'technology', 'reporting']","['analytics', 'communication', 'reporting', 'survey design', 'technology']",100.0,Critical
865,Remote Digital Event Ticketing Manager,Oversee ticket sales for virtual events,Event Planning,Average paying,"['ticketing systems', 'event management', 'communication', 'technology', 'customer service']","['communication', 'customer service', 'event management', 'technology', 'ticketing systems']",100.0,Critical
866,Online Digital Rights Manager,Protect and manage intellectual property online,Legal Services,Average paying,"['ip law', 'digital media', 'communication', 'technology', 'compliance']","['communication', 'compliance', 'digital media', 'ip law', 'technology']",100.0,Critical
867,Remote Digital Product Demo Host,Present product features to online audiences,Sales,Average paying,"['presentation', 'product knowledge', 'communication', 'technology', 'sales']","['communication', 'presentation', 'product knowledge', 'sales', 'technology']",100.0,Critical
868,Online Digital Art Instructor,Teach art techniques via digital platforms,Education,Average paying,"['art instruction', 'digital tools', 'communication', 'creativity', 'technology']","['art instruction', 'communication', 'creativity', 'digital tools', 'technology']",100.0,Critical
869,Remote Digital Community Safety Lead,Develop and enforce safety policies for online groups,Technology,Average paying,"['community management', 'safety protocols', 'communication', 'technology', 'policy writing']","['communication', 'community management', 'policy writing', 'safety protocols', 'technology']",100.0,Critical
870,Online Digital Brand Licensing Coordinator,Manage licensing agreements for online brands,Marketing,Average paying,"['licensing', 'contract management', 'communication', 'technology', 'negotiation']","['communication', 'contract management', 'licensing', 'negotiation', 'technology']",100.0,Critical
871,Remote Digital Customer Onboarding Lead,Guide new users through digital product setup,Technology,Average paying,"['onboarding', 'customer service', 'communication', 'technology', 'training']","['communication', 'customer service', 'onboarding', 'technology', 'training']",100.0,Critical
872,Online Digital Product QA Lead,Oversee quality assurance for online tools,Technology,Average paying,"['qa testing', 'technology', 'communication', 'leadership', 'reporting']","['communication', 'leadership', 'qa testing', 'reporting', 'technology']",100.0,Critical
873,Remote Digital Content Planner,Strategize and schedule online content releases,Media & Publishing,Average paying,"['content strategy', 'planning', 'communication', 'technology', 'organization']","['communication', 'content strategy', 'organization', 'planning', 'technology']",100.0,Critical
874,Online Digital Brand Researcher,Study trends and competitors in online branding,Marketing,Average paying,"['market research', 'analytics', 'communication', 'technology', 'reporting']","['analytics', 'communication', 'market research', 'reporting', 'technology']",100.0,Critical
875,Remote Digital Product Launch Analyst,Analyze and report on virtual product launches,Technology,Average paying,"['analytics', 'product management', 'communication', 'technology', 'reporting']","['analytics', 'communication', 'product management', 'reporting', 'technology']",100.0,Critical
876,Online Digital Customer Training Lead,Develop and deliver online training for customers,Technology,Average paying,"['training', 'communication', 'technology', 'curriculum design', 'customer service']","['communication', 'curriculum design', 'customer service', 'technology', 'training']",100.0,Critical
877,Remote Digital Brand Engagement Analyst,Track and improve online brand engagement,Marketing,Average paying,"['analytics', 'engagement strategy', 'communication', 'technology', 'reporting']","['analytics', 'communication', 'engagement strategy', 'reporting', 'technology']",100.0,Critical
878,Online Digital Product Security Analyst,Monitor and report on digital product security,Technology,High paying,"['security analysis', 'technology', 'communication', 'reporting', 'risk assessment']","['communication', 'reporting', 'risk assessment', 'security analysis', 'technology']",100.0,Critical
879,Remote Digital Product Feedback Lead,Manage user feedback for online products,Technology,Average paying,"['feedback management', 'communication', 'technology', 'analytics', 'reporting']","['analytics', 'communication', 'feedback management', 'reporting', 'technology']",100.0,Critical
880,Online Digital Brand Content Strategist,Plan and oversee online brand content,Marketing,Average paying,"['content strategy', 'branding', 'communication', 'technology', 'analytics']","['analytics', 'branding', 'communication', 'content strategy', 'technology']",100.0,Critical
881,Remote Digital Product Support Lead,Oversee support operations for digital products,Technology,Average paying,"['support management', 'communication', 'technology', 'leadership', 'problem solving']","['communication', 'leadership', 'problem solving', 'support management', 'technology']",100.0,Critical
882,Online Digital Brand Analytics Lead,Lead analytics for online brand performance,Marketing,High paying,"['analytics', 'branding', 'communication', 'technology', 'reporting']","['analytics', 'branding', 'communication', 'reporting', 'technology']",100.0,Critical
883,Remote Digital Product Marketing Lead,Direct marketing for digital products,Marketing,High paying,"['marketing strategy', 'product marketing', 'communication', 'technology', 'analytics']","['analytics', 'communication', 'marketing strategy', 'product marketing', 'technology']",100.0,Critical
884,Online Digital Community Growth Lead,Drive growth for online communities,Technology,Average paying,"['community management', 'growth strategy', 'communication', 'technology', 'analytics']","['analytics', 'communication', 'community management', 'growth strategy', 'technology']",100.0,Critical
885,Remote Digital Product Documentation Analyst,Analyze and improve product documentation,Technology,Average paying,"['documentation', 'analysis', 'communication', 'technology', 'writing']","['analysis', 'communication', 'documentation', 'technology', 'writing']",100.0,Critical
885,Remote Digital Product Documentation Analyst,Analyze and improve product documentation,Technology,Average paying,"['documentation', 'analysis', 'communication', 'technology', 'writing']","['analysis', 'communication', 'documentation', 'technology', 'writing']",100.0,Critical
886,Online Digital Brand Partnership Lead,Build partnerships for online brands,Marketing,Average paying,"['partnerships', 'branding', 'communication', 'technology', 'negotiation']","['branding', 'communication', 'negotiation', 'partnerships', 'technology']",100.0,Critical
886,Online Digital Brand Partnership Lead,Build partnerships for online brands,Marketing,Average paying,"['partnerships', 'branding', 'communication', 'technology', 'negotiation']","['communication', 'leadership', 'negotiation', 'partnerships', 'technology']",100.0,Critical
887,Remote Digital Product Analytics Analyst,Analyze data for digital product teams,Technology,Average paying,"['analytics', 'data interpretation', 'communication', 'technology', 'reporting']","['analytics', 'communication', 'data interpretation', 'reporting', 'technology']",100.0,Critical
888,Online Digital Brand Campaign Lead,Lead online brand campaigns,Marketing,Average paying,"['campaign management', 'branding', 'communication', 'technology', 'analytics']","['analytics', 'branding', 'campaign management', 'communication', 'technology']",100.0,Critical
889,Remote Digital Product Usability Analyst,Test and report on product usability,Technology,Average paying,"['usability testing', 'ux', 'communication', 'technology', 'reporting']","['communication', 'reporting', 'technology', 'usability testing', 'ux']",100.0,Critical
890,Online Digital Brand Content Analyst,Analyze and report on brand content,Marketing,Average paying,"['content analysis', 'branding', 'communication', 'technology', 'reporting']","['branding', 'communication', 'content analysis', 'reporting', 'technology']",100.0,Critical
890,Online Digital Brand Content Analyst,Analyze and report on brand content,Marketing,Average paying,"['content analysis', 'branding', 'communication', 'technology', 'reporting']","['branding', 'communication', 'content analysis', 'reporting', 'technology']",100.0,Critical
891,Remote Digital Product Engagement Lead,Increase user engagement for digital products,Technology,Average paying,"['engagement strategy', 'communication', 'technology', 'analytics', 'reporting']","['analytics', 'communication', 'engagement strategy', 'reporting', 'technology']",100.0,Critical
892,Online Digital Brand Insights Analyst,Provide insights on online brand performance,Marketing,Average paying,"['analytics', 'branding', 'communication', 'technology', 'reporting']","['analytics', 'branding', 'communication', 'reporting', 'technology']",100.0,Critical
892,Online Digital Brand Insights Analyst,Provide insights on online brand performance,Marketing,Average paying,"['analytics', 'branding', 'communication', 'technology', 'reporting']","['analytics', 'branding', 'communication', 'reporting', 'technology']",100.0,Critical
893,Remote Digital Product Release Analyst,Manage and analyze product releases,Technology,Average paying,"['release management', 'analytics', 'communication', 'technology', 'reporting']","['analytics', 'communication', 'release management', 'reporting', 'technology']",100.0,Critical
894,Online Digital Brand Experience Lead,Enhance online brand experiences,Marketing,Average paying,"['brand experience', 'communication', 'technology', 'ux', 'analytics']","['analytics', 'brand experience', 'communication', 'technology', 'ux']",100.0,Critical
894,Online Digital Brand Experience Lead,Enhance online brand experiences,Marketing,Average paying,"['brand experience', 'communication', 'technology', 'ux', 'analytics']","['analytics', 'brand experience', 'communication', 'leadership', 'technology']",100.0,Critical
894,Online Digital Brand Experience Lead,Enhance online brand experiences,Marketing,Average paying,"['brand experience', 'communication', 'technology', 'ux', 'analytics']","['analytics', 'brand experience', 'communication', 'leadership', 'technology']",100.0,Critical
895,Remote Digital Product Training Analyst,Develop training for digital product users,Technology,Average paying,"['training', 'communication', 'technology', 'curriculum design', 'analytics']","['analytics', 'communication', 'curriculum design', 'technology', 'training']",100.0,Critical
896,Online Digital Brand Loyalty Analyst,Analyze and improve brand loyalty,Marketing,Average paying,"['analytics', 'loyalty programs', 'communication', 'technology', 'reporting']","['analytics', 'communication', 'loyalty programs', 'reporting', 'technology']",100.0,Critical
897,Remote Digital Product Content Analyst,Analyze and optimize product content,Technology,Average paying,"['content analysis', 'communication', 'technology', 'analytics', 'reporting']","['analytics', 'communication', 'content analysis', 'reporting', 'technology']",100.0,Critical
897,Remote Digital Product Content Analyst,Analyze and optimize product content,Technology,Average paying,"['content analysis', 'communication', 'technology', 'analytics', 'reporting']","['analytics', 'communication', 'content analysis', 'reporting', 'technology']",100.0,Critical
897,Remote Digital Product Content Analyst,Analyze and optimize product content,Technology,Average paying,"['content analysis', 'communication', 'technology', 'analytics', 'reporting']","['analytics', 'communication', 'content analysis', 'reporting', 'technology']",100.0,Critical
898,Online Digital Brand Retention Analyst,Increase retention for online brands,Marketing,Average paying,"['retention strategy', 'analytics', 'communication', 'technology', 'reporting']","['analytics', 'communication', 'reporting', 'retention strategy', 'technology']",100.0,Critical
898,Online Digital Brand Retention Analyst,Increase retention for online brands,Marketing,Average paying,"['retention strategy', 'analytics', 'communication', 'technology', 'reporting']","['analytics', 'communication', 'reporting', 'retention strategy', 'technology']",100.0,Critical
899,Remote Digital Product Growth Analyst,Drive growth for digital products,Technology,Average paying,"['growth strategy', 'analytics', 'communication', 'technology', 'reporting']","['analytics', 'communication', 'growth strategy', 'reporting', 'technology']",100.0,Critical
899,Remote Digital Product Growth Analyst,Drive growth for digital products,Technology,Average paying,"['growth strategy', 'analytics', 'communication', 'technology', 'reporting']","['analytics', 'communication', 'growth strategy', 'reporting', 'technology']",100.0,Critical
900,Online Digital Brand Experience Analyst,Analyze and improve brand experiences,Marketing,Average paying,"['brand experience', 'analytics', 'communication', 'technology', 'reporting']","['analytics', 'brand experience', 'communication', 'reporting', 'technology']",100.0,Critical
900,Online Digital Brand Experience Analyst,Analyze and improve brand experiences,Marketing,Average paying,"['brand experience', 'analytics', 'communication', 'technology', 'reporting']","['analytics', 'brand experience', 'communication', 'reporting', 'technology']",100.0,Critical
901,Remote Digital Product Insights Analyst,Provide insights for digital product teams,Technology,Average paying,"['analytics', 'data interpretation', 'communication', 'technology', 'reporting']","['analytics', 'communication', 'data interpretation', 'reporting', 'technology']",100.0,Critical
901,Remote Digital Product Insights Analyst,Provide insights for digital product teams,Technology,Average paying,"['analytics', 'data interpretation', 'communication', 'technology', 'reporting']","['analytics', 'communication', 'data interpretation', 'reporting', 'technology']",100.0,Critical
902,Online Digital Brand Engagement Lead,Lead engagement strategies for online brands,Marketing,Average paying,"['engagement strategy', 'branding', 'communication', 'technology', 'analytics']","['analytics', 'branding', 'communication', 'engagement strategy', 'technology']",100.0,Critical
903,Remote Digital Product Loyalty Analyst,Increase loyalty for digital products,Technology,Average paying,"['loyalty programs', 'analytics', 'communication', 'technology', 'reporting']","['analytics', 'communication', 'loyalty programs', 'reporting', 'technology']",100.0,Critical
904,Online Digital Brand Growth Analyst,Analyze and drive brand growth,Marketing,Average paying,"['growth strategy', 'analytics', 'communication', 'technology', 'reporting']","['analytics', 'communication', 'growth strategy', 'reporting', 'technology']",100.0,Critical
905,Remote Digital Product Experience Analyst,Enhance user experience for digital products,Technology,Average paying,"['ux', 'analytics', 'communication', 'technology', 'reporting']","['analytics', 'communication', 'reporting', 'technology', 'ux']",100.0,Critical
905,Remote Digital Product Experience Analyst,Enhance user experience for digital products,Technology,Average paying,"['ux', 'analytics', 'communication', 'technology', 'reporting']","['analytics', 'communication', 'reporting', 'technology', 'ux']",100.0,Critical
906,Online Digital Brand Support Analyst,Support online brand operations,Marketing,Average paying,"['support', 'branding', 'communication', 'technology', 'organization']","['branding', 'communication', 'organization', 'support', 'technology']",100.0,Critical
906,Online Digital Brand Support Analyst,Support online brand operations,Marketing,Average paying,"['support', 'branding', 'communication', 'technology', 'organization']","['branding', 'communication', 'organization', 'support', 'technology']",100.0,Critical
907,Remote Digital Product Campaign Analyst,Analyze digital product campaigns,Technology,Average paying,"['campaign analysis', 'analytics', 'communication', 'technology', 'reporting']","['analytics', 'campaign analysis', 'communication', 'reporting', 'technology']",100.0,Critical
907,Remote Digital Product Campaign Analyst,Analyze digital product campaigns,Technology,Average paying,"['campaign analysis', 'analytics', 'communication', 'technology', 'reporting']","['analytics', 'campaign analysis', 'communication', 'reporting', 'technology']",100.0,Critical
908,Online Digital Brand Training Analyst,Develop training for brand teams,Marketing,Average paying,"['training', 'branding', 'communication', 'technology', 'curriculum design']","['branding', 'communication', 'curriculum design', 'technology', 'training']",100.0,Critical
908,Online Digital Brand Training Analyst,Develop training for brand teams,Marketing,Average paying,"['training', 'branding', 'communication', 'technology', 'curriculum design']","['branding', 'communication', 'curriculum design', 'technology', 'training']",100.0,Critical
909,Remote Digital Product Content Lead,Lead content strategy for digital products,Technology,Average paying,"['content strategy', 'communication', 'technology', 'analytics', 'leadership']","['analytics', 'communication', 'content strategy', 'leadership', 'technology']",100.0,Critical
909,Remote Digital Product Content Lead,Lead content strategy for digital products,Technology,Average paying,"['content strategy', 'communication', 'technology', 'analytics', 'leadership']","['analytics', 'communication', 'content strategy', 'leadership', 'technology']",100.0,Critical
910,Online Digital Brand Documentation Analyst,Analyze and improve brand documentation,Marketing,Average paying,"['documentation', 'branding', 'communication', 'technology', 'writing']","['branding', 'communication', 'documentation', 'technology', 'writing']",100.0,Critical
910,Online Digital Brand Documentation Analyst,Analyze and improve brand documentation,Marketing,Average paying,"['documentation', 'branding', 'communication', 'technology', 'writing']","['branding', 'communication', 'documentation', 'technology', 'writing']",100.0,Critical
911,Remote Digital Product Partnership Analyst,Build partnerships for digital products,Technology,Average paying,"['partnerships', 'analytics', 'communication', 'technology', 'negotiation']","['analytics', 'communication', 'negotiation', 'partnerships', 'technology']",100.0,Critical
911,Remote Digital Product Partnership Analyst,Build partnerships for digital products,Technology,Average paying,"['partnerships', 'analytics', 'communication', 'technology', 'negotiation']","['analytics', 'communication', 'negotiation', 'partnerships', 'technology']",100.0,Critical
912,Online Digital Brand Release Analyst,Manage and analyze brand releases,Marketing,Average paying,"['release management', 'branding', 'communication', 'technology', 'reporting']","['branding', 'communication', 'release management', 'reporting', 'technology']",100.0,Critical
912,Online Digital Brand Release Analyst,Manage and analyze brand releases,Marketing,Average paying,"['release management', 'branding', 'communication', 'technology', 'reporting']","['branding', 'communication', 'release management', 'reporting', 'technology']",100.0,Critical
913,Remote Digital Product Experience Lead,Lead user experience for digital products,Technology,High paying,"['ux', 'leadership', 'communication', 'technology', 'analytics']","['analytics', 'communication', 'leadership', 'technology', 'ux']",100.0,Critical
913,Remote Digital Product Experience Lead,Lead user experience for digital products,Technology,High paying,"['ux', 'leadership', 'communication', 'technology', 'analytics']","['analytics', 'communication', 'leadership', 'technology', 'ux']",100.0,Critical
913,Remote Digital Product Experience Lead,Lead user experience for digital products,Technology,High paying,"['ux', 'leadership', 'communication', 'technology', 'analytics']","['analytics', 'communication', 'leadership', 'technology', 'ux']",100.0,Critical
913,Remote Digital Product Experience Lead,Lead user experience for digital products,Technology,High paying,"['ux', 'leadership', 'communication', 'technology', 'analytics']","['analytics', 'communication', 'leadership', 'technology', 'ux']",100.0,Critical
914,Online Digital Brand Insights Lead,Lead insights for online brands,Marketing,High paying,"['analytics', 'branding', 'communication', 'technology', 'reporting']","['analytics', 'branding', 'communication', 'reporting', 'technology']",100.0,Critical
914,Online Digital Brand Insights Lead,Lead insights for online brands,Marketing,High paying,"['analytics', 'branding', 'communication', 'technology', 'reporting']","['analytics', 'branding', 'communication', 'reporting', 'technology']",100.0,Critical
915,Remote Digital Product Retention Analyst,Increase retention for digital products,Technology,Average paying,"['retention strategy', 'analytics', 'communication', 'technology', 'reporting']","['analytics', 'communication', 'reporting', 'retention strategy', 'technology']",100.0,Critical
915,Remote Digital Product Retention Analyst,Increase retention for digital products,Technology,Average paying,"['retention strategy', 'analytics', 'communication', 'technology', 'reporting']","['analytics', 'communication', 'reporting', 'retention strategy', 'technology']",100.0,Critical
916,Online Digital Brand Content Lead,Lead content for online brands,Marketing,Average paying,"['content strategy', 'branding', 'communication', 'technology', 'leadership']","['branding', 'communication', 'content strategy', 'leadership', 'technology']",100.0,Critical
916,Online Digital Brand Content Lead,Lead content for online brands,Marketing,Average paying,"['content strategy', 'branding', 'communication', 'technology', 'leadership']","['branding', 'communication', 'content strategy', 'leadership', 'technology']",100.0,Critical
917,Remote Digital Product Documentation Lead,Lead documentation for digital products,Technology,Average paying,"['documentation', 'leadership', 'communication', 'technology', 'writing']","['communication', 'documentation', 'leadership', 'technology', 'writing']",100.0,Critical
917,Remote Digital Product Documentation Lead,Lead documentation for digital products,Technology,Average paying,"['documentation', 'leadership', 'communication', 'technology', 'writing']","['communication', 'documentation', 'leadership', 'technology', 'writing']",100.0,Critical
918,Online Digital Brand Partnership Analyst,Analyze partnerships for online brands,Marketing,Average paying,"['partnerships', 'analytics', 'communication', 'technology', 'reporting']","['analytics', 'communication', 'partnerships', 'reporting', 'technology']",100.0,Critical
918,Online Digital Brand Partnership Analyst,Analyze partnerships for online brands,Marketing,Average paying,"['partnerships', 'analytics', 'communication', 'technology', 'reporting']","['analytics', 'communication', 'partnerships', 'reporting', 'technology']",100.0,Critical
919,Remote Digital Product Campaign Lead,Lead campaigns for digital products,Technology,Average paying,"['campaign management', 'analytics', 'communication', 'technology', 'leadership']","['analytics', 'campaign management', 'communication', 'leadership', 'technology']",100.0,Critical
919,Remote Digital Product Campaign Lead,Lead campaigns for digital products,Technology,Average paying,"['campaign management', 'analytics', 'communication', 'technology', 'leadership']","['analytics', 'campaign management', 'communication', 'leadership', 'technology']",100.0,Critical
920,Online Digital Brand Experience Lead,Lead brand experience strategies,Marketing,High paying,"['brand experience', 'leadership', 'communication', 'technology', 'analytics']","['analytics', 'brand experience', 'communication', 'technology', 'ux']",100.0,Critical
920,Online Digital Brand Experience Lead,Lead brand experience strategies,Marketing,High paying,"['brand experience', 'leadership', 'communication', 'technology', 'analytics']","['analytics', 'brand experience', 'communication', 'leadership', 'technology']",100.0,Critical
920,Online Digital Brand Experience Lead,Lead brand experience strategies,Marketing,High paying,"['brand experience', 'leadership', 'communication', 'technology', 'analytics']","['analytics', 'brand experience', 'communication', 'leadership', 'technology']",100.0,Critical
921,Remote Digital Product Growth Lead,Lead growth for digital products,Technology,High paying,"['growth strategy', 'leadership', 'communication', 'technology', 'analytics']","['analytics', 'communication', 'growth strategy', 'leadership', 'technology']",100.0,Critical
921,Remote Digital Product Growth Lead,Lead growth for digital products,Technology,High paying,"['growth strategy', 'leadership', 'communication', 'technology', 'analytics']","['analytics', 'communication', 'growth strategy', 'leadership', 'technology']",100.0,Critical
922,Online Digital Brand Support Lead,Lead support for online brands,Marketing,Average paying,"['support', 'branding', 'leadership', 'communication', 'technology']","['branding', 'communication', 'leadership', 'support', 'technology']",100.0,Critical
922,Online Digital Brand Support Lead,Lead support for online brands,Marketing,Average paying,"['support', 'branding', 'leadership', 'communication', 'technology']","['branding', 'communication', 'leadership', 'support', 'technology']",100.0,Critical
923,Remote Digital Product Insights Lead,Lead insights for digital product teams,Technology,High paying,"['analytics', 'leadership', 'communication', 'technology', 'reporting']","['analytics', 'communication', 'leadership', 'reporting', 'technology']",100.0,Critical
923,Remote Digital Product Insights Lead,Lead insights for digital product teams,Technology,High paying,"['analytics', 'leadership', 'communication', 'technology', 'reporting']","['analytics', 'communication', 'leadership', 'reporting', 'technology']",100.0,Critical
924,Online Digital Brand Retention Lead,Lead retention strategies for online brands,Marketing,Average paying,"['retention strategy', 'leadership', 'communication', 'technology', 'analytics']","['analytics', 'communication', 'leadership', 'retention strategy', 'technology']",100.0,Critical
924,Online Digital Brand Retention Lead,Lead retention strategies for online brands,Marketing,Average paying,"['retention strategy', 'leadership', 'communication', 'technology', 'analytics']","['analytics', 'communication', 'leadership', 'retention strategy', 'technology']",100.0,Critical
925,Remote Digital Product Experience Lead,Lead user experience for digital products,Technology,High paying,"['ux', 'leadership', 'communication', 'technology', 'analytics']","['analytics', 'communication', 'leadership', 'technology', 'ux']",100.0,Critical
925,Remote Digital Product Experience Lead,Lead user experience for digital products,Technology,High paying,"['ux', 'leadership', 'communication', 'technology', 'analytics']","['analytics', 'communication', 'leadership', 'technology', 'ux']",100.0,Critical
925,Remote Digital Product Experience Lead,Lead user experience for digital products,Technology,High paying,"['ux', 'leadership', 'communication', 'technology', 'analytics']","['analytics', 'communication', 'leadership', 'technology', 'ux']",100.0,Critical
925,Remote Digital Product Experience Lead,Lead user experience for digital products,Technology,High paying,"['ux', 'leadership', 'communication', 'technology', 'analytics']","['analytics', 'communication', 'leadership', 'technology', 'ux']",100.0,Critical
926,Online Digital Brand Training Lead,Lead training for brand teams,Marketing,Average paying,"['training', 'branding', 'leadership', 'communication', 'technology']","['branding', 'communication', 'leadership', 'technology', 'training']",100.0,Critical
926,Online Digital Brand Training Lead,Lead training for brand teams,Marketing,Average paying,"['training', 'branding', 'leadership', 'communication', 'technology']","['branding', 'communication', 'leadership', 'technology', 'training']",100.0,Critical
927,Remote Digital Product Content Analyst,Analyze and optimize product content,Technology,Average paying,"['content analysis', 'communication', 'technology', 'analytics', 'reporting']","['analytics', 'communication', 'content analysis', 'reporting', 'technology']",100.0,Critical
927,Remote Digital Product Content Analyst,Analyze and optimize product content,Technology,Average paying,"['content analysis', 'communication', 'technology', 'analytics', 'reporting']","['analytics', 'communication', 'content analysis', 'reporting', 'technology']",100.0,Critical
927,Remote Digital Product Content Analyst,Analyze and optimize product content,Technology,Average paying,"['content analysis', 'communication', 'technology', 'analytics', 'reporting']","['analytics', 'communication', 'content analysis', 'reporting', 'technology']",100.0,Critical
928,Online Digital Brand Documentation Lead,Lead documentation for online brands,Marketing,Average paying,"['documentation', 'branding', 'leadership', 'communication', 'technology']","['branding', 'communication', 'documentation', 'leadership', 'technology']",100.0,Critical
928,Online Digital Brand Documentation Lead,Lead documentation for online brands,Marketing,Average paying,"['documentation', 'branding', 'leadership', 'communication', 'technology']","['branding', 'communication', 'documentation', 'leadership', 'technology']",100.0,Critical
929,Remote Digital Product Partnership Lead,Lead partnerships for digital products,Technology,Average paying,"['partnerships', 'leadership', 'communication', 'technology', 'negotiation']","['communication', 'leadership', 'negotiation', 'partnerships', 'technology']",100.0,Critical
929,Remote Digital Product Partnership Lead,Lead partnerships for digital products,Technology,Average paying,"['partnerships', 'leadership', 'communication', 'technology', 'negotiation']","['communication', 'leadership', 'negotiation', 'partnerships', 'technology']",100.0,Critical
930,Online Digital Brand Release Lead,Lead releases for online brands,Marketing,Average paying,"['release management', 'branding', 'leadership', 'communication', 'technology']","['branding', 'communication', 'leadership', 'release management', 'technology']",100.0,Critical
930,Online Digital Brand Release Lead,Lead releases for online brands,Marketing,Average paying,"['release management', 'branding', 'leadership', 'communication', 'technology']","['branding', 'communication', 'leadership', 'release management', 'technology']",100.0,Critical
931,Remote Digital Product Engagement Analyst,Analyze engagement for digital products,Technology,Average paying,"['engagement strategy', 'analytics', 'communication', 'technology', 'reporting']","['analytics', 'communication', 'engagement strategy', 'reporting', 'technology']",100.0,Critical
931,Remote Digital Product Engagement Analyst,Analyze engagement for digital products,Technology,Average paying,"['engagement strategy', 'analytics', 'communication', 'technology', 'reporting']","['analytics', 'communication', 'engagement strategy', 'reporting', 'technology']",100.0,Critical
932,Online Digital Brand Growth Lead,Lead growth for online brands,Marketing,High paying,"['growth strategy', 'leadership', 'communication', 'technology', 'analytics']","['analytics', 'communication', 'growth strategy', 'leadership', 'technology']",100.0,Critical
932,Online Digital Brand Growth Lead,Lead growth for online brands,Marketing,High paying,"['growth strategy', 'leadership', 'communication', 'technology', 'analytics']","['analytics', 'communication', 'growth strategy', 'leadership', 'technology']",100.0,Critical
933,Remote Digital Product Support Analyst,Support digital product operations,Technology,Average paying,"['support', 'analytics', 'communication', 'technology', 'organization']","['analytics', 'communication', 'organization', 'support', 'technology']",100.0,Critical
934,Online Digital Brand Insights Analyst,Analyze insights for online brands,Marketing,Average paying,"['analytics', 'branding', 'communication', 'technology', 'reporting']","['analytics', 'branding', 'communication', 'reporting', 'technology']",100.0,Critical
934,Online Digital Brand Insights Analyst,Analyze insights for online brands,Marketing,Average paying,"['analytics', 'branding', 'communication', 'technology', 'reporting']","['analytics', 'branding', 'communication', 'reporting', 'technology']",100.0,Critical
935,Remote Digital Product Loyalty Lead,Lead loyalty programs for digital products,Technology,Average paying,"['loyalty programs', 'leadership', 'communication', 'technology', 'analytics']","['analytics', 'communication', 'leadership', 'loyalty programs', 'technology']",100.0,Critical
936,Online Digital Brand Content Analyst,Analyze and report on brand content,Marketing,Average paying,"['content analysis', 'branding', 'communication', 'technology', 'reporting']","['branding', 'communication', 'content analysis', 'reporting', 'technology']",100.0,Critical
936,Online Digital Brand Content Analyst,Analyze and report on brand content,Marketing,Average paying,"['content analysis', 'branding', 'communication', 'technology', 'reporting']","['branding', 'communication', 'content analysis', 'reporting', 'technology']",100.0,Critical
937,Remote Digital Product Documentation Analyst,Analyze and improve product documentation,Technology,Average paying,"['documentation', 'analysis', 'communication', 'technology', 'writing']","['analysis', 'communication', 'documentation', 'technology', 'writing']",100.0,Critical
937,Remote Digital Product Documentation Analyst,Analyze and improve product documentation,Technology,Average paying,"['documentation', 'analysis', 'communication', 'technology', 'writing']","['analysis', 'communication', 'documentation', 'technology', 'writing']",100.0,Critical
938,Online Digital Brand Partnership Lead,Lead partnerships for online brands,Marketing,Average paying,"['partnerships', 'leadership', 'communication', 'technology', 'negotiation']","['branding', 'communication', 'negotiation', 'partnerships', 'technology']",100.0,Critical
938,Online Digital Brand Partnership Lead,Lead partnerships for online brands,Marketing,Average paying,"['partnerships', 'leadership', 'communication', 'technology', 'negotiation']","['communication', 'leadership', 'negotiation', 'partnerships', 'technology']",100.0,Critical
939,Remote Digital Product Campaign Analyst,Analyze digital product campaigns,Technology,Average paying,"['campaign analysis', 'analytics', 'communication', 'technology', 'reporting']","['analytics', 'campaign analysis', 'communication', 'reporting', 'technology']",100.0,Critical
939,Remote Digital Product Campaign Analyst,Analyze digital product campaigns,Technology,Average paying,"['campaign analysis', 'analytics', 'communication', 'technology', 'reporting']","['analytics', 'campaign analysis', 'communication', 'reporting', 'technology']",100.0,Critical
940,Online Digital Brand Experience Analyst,Analyze and improve brand experiences,Marketing,Average paying,"['brand experience', 'analytics', 'communication', 'technology', 'reporting']","['analytics', 'brand experience', 'communication', 'reporting', 'technology']",100.0,Critical
940,Online Digital Brand Experience Analyst,Analyze and improve brand experiences,Marketing,Average paying,"['brand experience', 'analytics', 'communication', 'technology', 'reporting']","['analytics', 'brand experience', 'communication', 'reporting', 'technology']",100.0,Critical
941,Remote Digital Product Growth Analyst,Drive growth for digital products,Technology,Average paying,"['growth strategy', 'analytics', 'communication', 'technology', 'reporting']","['analytics', 'communication', 'growth strategy', 'reporting', 'technology']",100.0,Critical
941,Remote Digital Product Growth Analyst,Drive growth for digital products,Technology,Average paying,"['growth strategy', 'analytics', 'communication', 'technology', 'reporting']","['analytics', 'communication', 'growth strategy', 'reporting', 'technology']",100.0,Critical
942,Online Digital Brand Support Analyst,Support online brand operations,Marketing,Average paying,"['support', 'branding', 'communication', 'technology', 'organization']","['branding', 'communication', 'organization', 'support', 'technology']",100.0,Critical
942,Online Digital Brand Support Analyst,Support online brand operations,Marketing,Average paying,"['support', 'branding', 'communication', 'technology', 'organization']","['branding', 'communication', 'organization', 'support', 'technology']",100.0,Critical
943,Remote Digital Product Insights Analyst,Provide insights for digital product teams,Technology,Average paying,"['analytics', 'data interpretation', 'communication', 'technology', 'reporting']","['analytics', 'communication', 'data interpretation', 'reporting', 'technology']",100.0,Critical
943,Remote Digital Product Insights Analyst,Provide insights for digital product teams,Technology,Average paying,"['analytics', 'data interpretation', 'communication', 'technology', 'reporting']","['analytics', 'communication', 'data interpretation', 'reporting', 'technology']",100.0,Critical
944,Online Digital Brand Retention Analyst,Increase retention for online brands,Marketing,Average paying,"['retention strategy', 'analytics', 'communication', 'technology', 'reporting']","['analytics', 'communication', 'reporting', 'retention strategy', 'technology']",100.0,Critical
944,Online Digital Brand Retention Analyst,Increase retention for online brands,Marketing,Average paying,"['retention strategy', 'analytics', 'communication', 'technology', 'reporting']","['analytics', 'communication', 'reporting', 'retention strategy', 'technology']",100.0,Critical
945,Remote Digital Product Experience Analyst,Enhance user experience for digital products,Technology,Average paying,"['ux', 'analytics', 'communication', 'technology', 'reporting']","['analytics', 'communication', 'reporting', 'technology', 'ux']",100.0,Critical
945,Remote Digital Product Experience Analyst,Enhance user experience for digital products,Technology,Average paying,"['ux', 'analytics', 'communication', 'technology', 'reporting']","['analytics', 'communication', 'reporting', 'technology', 'ux']",100.0,Critical
946,Online Digital Brand Training Analyst,Develop training for brand teams,Marketing,Average paying,"['training', 'branding', 'communication', 'technology', 'curriculum design']","['branding', 'communication', 'curriculum design', 'technology', 'training']",100.0,Critical
946,Online Digital Brand Training Analyst,Develop training for brand teams,Marketing,Average paying,"['training', 'branding', 'communication', 'technology', 'curriculum design']","['branding', 'communication', 'curriculum design', 'technology', 'training']",100.0,Critical
947,Remote Digital Product Content Lead,Lead content strategy for digital products,Technology,Average paying,"['content strategy', 'communication', 'technology', 'analytics', 'leadership']","['analytics', 'communication', 'content strategy', 'leadership', 'technology']",100.0,Critical
947,Remote Digital Product Content Lead,Lead content strategy for digital products,Technology,Average paying,"['content strategy', 'communication', 'technology', 'analytics', 'leadership']","['analytics', 'communication', 'content strategy', 'leadership', 'technology']",100.0,Critical
948,Online Digital Brand Documentation Analyst,Analyze and improve brand documentation,Marketing,Average paying,"['documentation', 'branding', 'communication', 'technology', 'writing']","['branding', 'communication', 'documentation', 'technology', 'writing']",100.0,Critical
948,Online Digital Brand Documentation Analyst,Analyze and improve brand documentation,Marketing,Average paying,"['documentation', 'branding', 'communication', 'technology', 'writing']","['branding', 'communication', 'documentation', 'technology', 'writing']",100.0,Critical
949,Remote Digital Product Partnership Analyst,Build partnerships for digital products,Technology,Average paying,"['partnerships', 'analytics', 'communication', 'technology', 'negotiation']","['analytics', 'communication', 'negotiation', 'partnerships', 'technology']",100.0,Critical
949,Remote Digital Product Partnership Analyst,Build partnerships for digital products,Technology,Average paying,"['partnerships', 'analytics', 'communication', 'technology', 'negotiation']","['analytics', 'communication', 'negotiation', 'partnerships', 'technology']",100.0,Critical
950,Online Digital Brand Release Analyst,Manage and analyze brand releases,Marketing,Average paying,"['release management', 'branding', 'communication', 'technology', 'reporting']","['branding', 'communication', 'release management', 'reporting', 'technology']",100.0,Critical
950,Online Digital Brand Release Analyst,Manage and analyze brand releases,Marketing,Average paying,"['release management', 'branding', 'communication', 'technology', 'reporting']","['branding', 'communication', 'release management', 'reporting', 'technology']",100.0,Critical
951,Remote Digital Product Experience Lead,Lead user experience for digital products,Technology,High paying,"['ux', 'leadership', 'communication', 'technology', 'analytics']","['analytics', 'communication', 'leadership', 'technology', 'ux']",100.0,Critical
951,Remote Digital Product Experience Lead,Lead user experience for digital products,Technology,High paying,"['ux', 'leadership', 'communication', 'technology', 'analytics']","['analytics', 'communication', 'leadership', 'technology', 'ux']",100.0,Critical
951,Remote Digital Product Experience Lead,Lead user experience for digital products,Technology,High paying,"['ux', 'leadership', 'communication', 'technology', 'analytics']","['analytics', 'communication', 'leadership', 'technology', 'ux']",100.0,Critical
951,Remote Digital Product Experience Lead,Lead user experience for digital products,Technology,High paying,"['ux', 'leadership', 'communication', 'technology', 'analytics']","['analytics', 'communication', 'leadership', 'technology', 'ux']",100.0,Critical
952,Online Digital Brand Insights Lead,Lead insights for online brands,Marketing,High paying,"['analytics', 'branding', 'communication', 'technology', 'reporting']","['analytics', 'branding', 'communication', 'reporting', 'technology']",100.0,Critical
952,Online Digital Brand Insights Lead,Lead insights for online brands,Marketing,High paying,"['analytics', 'branding', 'communication', 'technology', 'reporting']","['analytics', 'branding', 'communication', 'reporting', 'technology']",100.0,Critical
953,Remote Digital Product Retention Analyst,Increase retention for digital products,Technology,Average paying,"['retention strategy', 'analytics', 'communication', 'technology', 'reporting']","['analytics', 'communication', 'reporting', 'retention strategy', 'technology']",100.0,Critical
953,Remote Digital Product Retention Analyst,Increase retention for digital products,Technology,Average paying,"['retention strategy', 'analytics', 'communication', 'technology', 'reporting']","['analytics', 'communication', 'reporting', 'retention strategy', 'technology']",100.0,Critical
954,Online Digital Brand Content Lead,Lead content for online brands,Marketing,Average paying,"['content strategy', 'branding', 'communication', 'technology', 'leadership']","['branding', 'communication', 'content strategy', 'leadership', 'technology']",100.0,Critical
954,Online Digital Brand Content Lead,Lead content for online brands,Marketing,Average paying,"['content strategy', 'branding', 'communication', 'technology', 'leadership']","['branding', 'communication', 'content strategy', 'leadership', 'technology']",100.0,Critical
955,Remote Digital Product Documentation Lead,Lead documentation for digital products,Technology,Average paying,"['documentation', 'leadership', 'communication', 'technology', 'writing']","['communication', 'documentation', 'leadership', 'technology', 'writing']",100.0,Critical
955,Remote Digital Product Documentation Lead,Lead documentation for digital products,Technology,Average paying,"['documentation', 'leadership', 'communication', 'technology', 'writing']","['communication', 'documentation', 'leadership', 'technology', 'writing']",100.0,Critical
956,Online Digital Brand Partnership Analyst,Analyze partnerships for online brands,Marketing,Average paying,"['partnerships', 'analytics', 'communication', 'technology', 'reporting']","['analytics', 'communication', 'partnerships', 'reporting', 'technology']",100.0,Critical
956,Online Digital Brand Partnership Analyst,Analyze partnerships for online brands,Marketing,Average paying,"['partnerships', 'analytics', 'communication', 'technology', 'reporting']","['analytics', 'communication', 'partnerships', 'reporting', 'technology']",100.0,Critical
957,Remote Digital Product Campaign Lead,Lead campaigns for digital products,Technology,Average paying,"['campaign management', 'analytics', 'communication', 'technology', 'leadership']","['analytics', 'campaign management', 'communication', 'leadership', 'technology']",100.0,Critical
957,Remote Digital Product Campaign Lead,Lead campaigns for digital products,Technology,Average paying,"['campaign management', 'analytics', 'communication', 'technology', 'leadership']","['analytics', 'campaign management', 'communication', 'leadership', 'technology']",100.0,Critical
958,Online Digital Brand Experience Lead,Lead brand experience strategies,Marketing,High paying,"['brand experience', 'leadership', 'communication', 'technology', 'analytics']","['analytics', 'brand experience', 'communication', 'technology', 'ux']",100.0,Critical
958,Online Digital Brand Experience Lead,Lead brand experience strategies,Marketing,High paying,"['brand experience', 'leadership', 'communication', 'technology', 'analytics']","['analytics', 'brand experience', 'communication', 'leadership', 'technology']",100.0,Critical
958,Online Digital Brand Experience Lead,Lead brand experience strategies,Marketing,High paying,"['brand experience', 'leadership', 'communication', 'technology', 'analytics']","['analytics', 'brand experience', 'communication', 'leadership', 'technology']",100.0,Critical
959,Remote Digital Product Growth Lead,Lead growth for digital products,Technology,High paying,"['growth strategy', 'leadership', 'communication', 'technology', 'analytics']","['analytics', 'communication', 'growth strategy', 'leadership', 'technology']",100.0,Critical
959,Remote Digital Product Growth Lead,Lead growth for digital products,Technology,High paying,"['growth strategy', 'leadership', 'communication', 'technology', 'analytics']","['analytics', 'communication', 'growth strategy', 'leadership', 'technology']",100.0,Critical
960,Online Digital Brand Support Lead,Lead support for online brands,Marketing,Average paying,"['support', 'branding', 'leadership', 'communication', 'technology']","['branding', 'communication', 'leadership', 'support', 'technology']",100.0,Critical
960,Online Digital Brand Support Lead,Lead support for online brands,Marketing,Average paying,"['support', 'branding', 'leadership', 'communication', 'technology']","['branding', 'communication', 'leadership', 'support', 'technology']",100.0,Critical
961,Remote Digital Product Insights Lead,Lead insights for digital product teams,Technology,High paying,"['analytics', 'leadership', 'communication', 'technology', 'reporting']","['analytics', 'communication', 'leadership', 'reporting', 'technology']",100.0,Critical
961,Remote Digital Product Insights Lead,Lead insights for digital product teams,Technology,High paying,"['analytics', 'leadership', 'communication', 'technology', 'reporting']","['analytics', 'communication', 'leadership', 'reporting', 'technology']",100.0,Critical
962,Online Digital Brand Retention Lead,Lead retention strategies for online brands,Marketing,Average paying,"['retention strategy', 'leadership', 'communication', 'technology', 'analytics']","['analytics', 'communication', 'leadership', 'retention strategy', 'technology']",100.0,Critical
962,Online Digital Brand Retention Lead,Lead retention strategies for online brands,Marketing,Average paying,"['retention strategy', 'leadership', 'communication', 'technology', 'analytics']","['analytics', 'communication', 'leadership', 'retention strategy', 'technology']",100.0,Critical
963,Remote Digital Product Experience Lead,Lead user experience for digital products,Technology,High paying,"['ux', 'leadership', 'communication', 'technology', 'analytics']","['analytics', 'communication', 'leadership', 'technology', 'ux']",100.0,Critical
963,Remote Digital Product Experience Lead,Lead user experience for digital products,Technology,High paying,"['ux', 'leadership', 'communication', 'technology', 'analytics']","['analytics', 'communication', 'leadership', 'technology', 'ux']",100.0,Critical
963,Remote Digital Product Experience Lead,Lead user experience for digital products,Technology,High paying,"['ux', 'leadership', 'communication', 'technology', 'analytics']","['analytics', 'communication', 'leadership', 'technology', 'ux']",100.0,Critical
963,Remote Digital Product Experience Lead,Lead user experience for digital products,Technology,High paying,"['ux', 'leadership', 'communication', 'technology', 'analytics']","['analytics', 'communication', 'leadership', 'technology', 'ux']",100.0,Critical
964,Online Digital Brand Training Lead,Lead training for brand teams,Marketing,Average paying,"['training', 'branding', 'leadership', 'communication', 'technology']","['branding', 'communication', 'leadership', 'technology', 'training']",100.0,Critical
964,Online Digital Brand Training Lead,Lead training for brand teams,Marketing,Average paying,"['training', 'branding', 'leadership', 'communication', 'technology']","['branding', 'communication', 'leadership', 'technology', 'training']",100.0,Critical
965,Remote Digital Product Content Analyst,Analyze and optimize product content,Technology,Average paying,"['content analysis', 'communication', 'technology', 'analytics', 'reporting']","['analytics', 'communication', 'content analysis', 'reporting', 'technology']",100.0,Critical
965,Remote Digital Product Content Analyst,Analyze and optimize product content,Technology,Average paying,"['content analysis', 'communication', 'technology', 'analytics', 'reporting']","['analytics', 'communication', 'content analysis', 'reporting', 'technology']",100.0,Critical
965,Remote Digital Product Content Analyst,Analyze and optimize product content,Technology,Average paying,"['content analysis', 'communication', 'technology', 'analytics', 'reporting']","['analytics', 'communication', 'content analysis', 'reporting', 'technology']",100.0,Critical
966,Online Digital Brand Documentation Lead,Lead documentation for online brands,Marketing,Average paying,"['documentation', 'branding', 'leadership', 'communication', 'technology']","['branding', 'communication', 'documentation', 'leadership', 'technology']",100.0,Critical
966,Online Digital Brand Documentation Lead,Lead documentation for online brands,Marketing,Average paying,"['documentation', 'branding', 'leadership', 'communication', 'technology']","['branding', 'communication', 'documentation', 'leadership', 'technology']",100.0,Critical
967,Remote Digital Product Partnership Lead,Lead partnerships for digital products,Technology,Average paying,"['partnerships', 'leadership', 'communication', 'technology', 'negotiation']","['communication', 'leadership', 'negotiation', 'partnerships', 'technology']",100.0,Critical
967,Remote Digital Product Partnership Lead,Lead partnerships for digital products,Technology,Average paying,"['partnerships', 'leadership', 'communication', 'technology', 'negotiation']","['communication', 'leadership', 'negotiation', 'partnerships', 'technology']",100.0,Critical
968,Online Digital Brand Release Lead,Lead releases for online brands,Marketing,Average paying,"['release management', 'branding', 'leadership', 'communication', 'technology']","['branding', 'communication', 'leadership', 'release management', 'technology']",100.0,Critical
968,Online Digital Brand Release Lead,Lead releases for online brands,Marketing,Average paying,"['release management', 'branding', 'leadership', 'communication', 'technology']","['branding', 'communication', 'leadership', 'release management', 'technology']",100.0,Critical
969,Remote Digital Product Engagement Analyst,Analyze engagement for digital products,Technology,Average paying,"['engagement strategy', 'analytics', 'communication', 'technology', 'reporting']","['analytics', 'communication', 'engagement strategy', 'reporting', 'technology']",100.0,Critical
969,Remote Digital Product Engagement Analyst,Analyze engagement for digital products,Technology,Average paying,"['engagement strategy', 'analytics', 'communication', 'technology', 'reporting']","['analytics', 'communication', 'engagement strategy', 'reporting', 'technology']",100.0,Critical
970,Online Digital Brand Growth Lead,Lead growth for online brands,Marketing,High paying,"['growth strategy', 'leadership', 'communication', 'technology', 'analytics']","['analytics', 'communication', 'growth strategy', 'leadership', 'technology']",100.0,Critical
970,Online Digital Brand Growth Lead,Lead growth for online brands,Marketing,High paying,"['growth strategy', 'leadership', 'communication', 'technology', 'analytics']","['analytics', 'communication', 'growth strategy', 'leadership', 'technology']",100.0,Critical
