student_id,age,gender,state,city,city_tier,college_tier,branch,degree,cgpa,backlog_history,internship_experience,projects_count,certifications_count,aptitude_score,coding_score,dsa_score,communication_score,attendance_percentage,preferred_role,placement_status,placement_probability,salary_lpa
STU00001,21,Female,Karnataka,Mangaluru,Tier 2,Tier 2,Data Science,B.E.,8.65,3,No,4,1,69,80,54,55,89.03,Data Scientist,Not Placed,0.4623,0.0
STU00002,24,Male,Karnataka,Mysuru,Tier 3,Tier 3,CSE,B.Tech,8.28,0,Yes,1,1,77,100,74,61,75.28,Software Developer,Placed,0.8008,5.98
STU00003,24,Female,Karnataka,Bengaluru,Tier 2,Tier 3,Data Science,B.Tech,7.91,0,Yes,4,1,78,77,54,71,89.75,Data Scientist,Placed,0.8148,4.65
STU00004,21,Male,Andhra Pradesh,Tirupati,Tier 1,Tier 1,ECE,B.Tech,8.57,0,No,2,4,59,56,55,73,78.95,Embedded Engineer,Not Placed,0.6769,0.0
STU00005,21,Male,Gujarat,Ahmedabad,Tier 2,Tier 3,ECE,B.Tech,7.71,0,Yes,4,2,51,45,42,53,79.29,Embedded Engineer,Placed,0.5568,2.5
STU00006,24,Male,Tamil Nadu,Coimbatore,Tier 2,Tier 3,Civil,B.Tech,8.01,0,No,0,2,67,51,80,69,72.49,Civil Engineer,Placed,0.4217,2.61
STU00007,20,Male,Andhra Pradesh,Vijayawada,Tier 2,Tier 3,ECE,B.Tech,8.08,0,Yes,1,2,75,52,75,37,83.26,Embedded Engineer,Placed,0.5192,2.93
STU00008,23,Other,Karnataka,Bengaluru,Tier 3,Tier 3,Data Science,B.Tech,8.68,2,Yes,4,1,62,70,55,96,85.57,Data Scientist,Placed,0.7138,3.72
STU00009,20,Male,West Bengal,Durgapur,Tier 2,Tier 3,EEE,B.E.,8.98,0,Yes,2,1,80,95,68,69,93.69,Electrical Engineer,Not Placed,0.8553,0.0
STU00010,24,Female,Uttar Pradesh,Noida,Tier 1,Tier 2,CSE,B.E.,8.1,0,Yes,2,3,78,46,49,66,79.38,Software Developer,Placed,0.7053,4.85
STU00011,23,Male,Maharashtra,Mumbai,Tier 3,Tier 2,Mechanical,B.Tech,6.82,0,No,2,0,87,47,46,62,76.77,Design Engineer,Placed,0.3716,3.33
STU00012,22,Male,Telangana,Hyderabad,Tier 1,Tier 2,ECE,B.E.,7.72,1,Yes,1,0,94,45,51,51,84.73,Embedded Engineer,Not Placed,0.4042,0.0
STU00013,22,Male,Kerala,Kochi,Tier 2,Tier 2,CSE,B.Tech,6.56,0,Yes,1,3,56,75,65,81,98.75,Software Developer,Placed,0.6076,4.56
STU00014,20,Male,Karnataka,Mangaluru,Tier 2,Tier 3,CSE,B.Tech,8.23,0,No,3,3,77,61,58,60,83.41,Software Developer,Placed,0.6828,4.0
STU00015,20,Male,Tamil Nadu,Coimbatore,Tier 2,Tier 2,ISE,B.Tech,7.74,0,No,4,2,76,100,58,83,88.26,Full Stack Developer,Not Placed,0.842,0.0
STU00016,23,Female,Delhi,Delhi,Tier 3,Tier 1,AI & ML,B.Tech,7.74,2,No,3,1,87,85,88,57,86.87,Machine Learning Engineer,Placed,0.5401,5.12
STU00017,23,Female,Andhra Pradesh,Visakhapatnam,Tier 2,Tier 3,CSE,B.E.,6.38,0,Yes,3,1,55,79,74,81,90.0,Software Developer,Placed,0.6209,4.26
STU00018,23,Male,Karnataka,Mysuru,Tier 2,Tier 2,ISE,B.E.,9.0,0,No,0,2,82,100,95,64,69.18,Full Stack Developer,Placed,0.7958,3.13
STU00019,23,Female,Uttar Pradesh,Kanpur,Tier 1,Tier 1,AI & ML,B.Tech,7.85,1,Yes,0,1,71,87,74,70,88.56,Machine Learning Engineer,Not Placed,0.6388,0.0
STU00020,20,Female,Andhra Pradesh,Vijayawada,Tier 1,Tier 2,Data Science,B.Tech,6.47,1,Yes,2,1,71,63,61,69,92.83,Data Scientist,Not Placed,0.4363,0.0
STU00021,23,Female,Karnataka,Bengaluru,Tier 2,Tier 2,Civil,B.Tech,9.35,0,No,1,2,82,73,72,41,80.49,Civil Engineer,Placed,0.6872,5.22
STU00022,23,Male,Delhi,Delhi,Tier 2,Tier 2,AI & ML,B.Tech,8.15,0,Yes,1,3,94,100,63,67,69.28,Machine Learning Engineer,Placed,0.8684,3.81
STU00023,22,Male,Telangana,Hyderabad,Tier 3,Tier 2,EEE,B.Tech,7.43,0,Yes,2,5,63,79,75,51,75.19,Electrical Engineer,Placed,0.7016,5.37
STU00024,21,Female,Delhi,New Delhi,Tier 2,Tier 2,CSE,B.Tech,8.64,1,Yes,1,0,49,58,16,86,77.65,Software Developer,Not Placed,0.5727,0.0
STU00025,23,Male,Telangana,Karimnagar,Tier 3,Tier 2,Mechanical,B.Tech,7.72,0,Yes,3,2,60,78,70,89,84.07,Design Engineer,Placed,0.7803,4.43
STU00026,21,Female,Andhra Pradesh,Visakhapatnam,Tier 2,Tier 2,ECE,B.E.,8.83,0,Yes,3,2,54,59,67,70,86.45,Embedded Engineer,Not Placed,0.7549,0.0
STU00027,20,Female,Tamil Nadu,Coimbatore,Tier 2,Tier 3,ISE,B.E.,7.0,2,No,0,2,56,84,48,77,81.46,Full Stack Developer,Not Placed,0.2765,0.0
STU00028,23,Male,Tamil Nadu,Madurai,Tier 3,Tier 2,Data Science,B.Tech,8.13,1,No,3,5,67,61,37,77,71.75,Data Scientist,Not Placed,0.6532,0.0
STU00029,21,Female,Tamil Nadu,Madurai,Tier 2,Tier 2,Data Science,B.E.,8.95,1,No,0,0,84,89,75,43,70.61,Data Scientist,Not Placed,0.5652,0.0
STU00030,20,Male,Kerala,Thiruvananthapuram,Tier 1,Tier 2,Mechanical,B.Tech,7.4,0,Yes,3,2,60,70,36,59,79.52,Design Engineer,Placed,0.6501,4.36
STU00031,23,Male,Maharashtra,Nagpur,Tier 2,Tier 3,AI & ML,B.E.,7.95,0,Yes,1,1,49,79,77,61,84.56,Machine Learning Engineer,Placed,0.6299,4.88
STU00032,23,Female,Maharashtra,Nagpur,Tier 2,Tier 2,ISE,B.Tech,7.73,0,Yes,2,1,74,67,69,31,100.0,Full Stack Developer,Placed,0.6018,4.96
STU00033,21,Male,Gujarat,Surat,Tier 2,Tier 3,Data Science,B.Tech,7.35,0,Yes,2,1,85,66,52,61,63.44,Data Scientist,Placed,0.6541,3.24
STU00034,20,Female,Uttar Pradesh,Kanpur,Tier 3,Tier 2,CSE,B.Tech,6.92,0,Yes,0,1,62,80,65,66,72.27,Software Developer,Placed,0.55,5.0
STU00035,21,Female,Andhra Pradesh,Vijayawada,Tier 1,Tier 2,ECE,B.Tech,6.97,0,No,1,1,51,44,58,73,88.22,Embedded Engineer,Placed,0.2903,2.5
STU00036,22,Male,Andhra Pradesh,Vijayawada,Tier 2,Tier 3,CSE,B.Tech,8.64,0,Yes,4,3,69,67,83,67,87.08,Software Developer,Placed,0.8422,5.88
STU00037,24,Male,Uttar Pradesh,Noida,Tier 3,Tier 3,Civil,B.E.,9.36,1,No,1,1,77,78,67,51,96.38,Civil Engineer,Not Placed,0.5769,0.0
STU00038,22,Male,Tamil Nadu,Coimbatore,Tier 3,Tier 2,CSE,B.E.,7.13,0,Yes,2,2,70,44,61,65,85.03,Software Developer,Not Placed,0.5473,0.0
STU00039,21,Male,Telangana,Warangal,Tier 2,Tier 2,CSE,B.Tech,7.28,0,Yes,2,3,70,66,32,70,67.11,Software Developer,Not Placed,0.693,0.0
STU00040,23,Male,Kerala,Thiruvananthapuram,Tier 2,Tier 3,EEE,B.E.,6.78,2,No,1,4,53,54,65,86,100.0,Electrical Engineer,Not Placed,0.2147,0.0
STU00041,23,Male,Kerala,Thiruvananthapuram,Tier 2,Tier 1,ISE,B.E.,8.05,0,No,0,3,47,87,51,53,78.74,Full Stack Developer,Placed,0.5912,4.4
STU00042,23,Male,Telangana,Hyderabad,Tier 2,Tier 2,CSE,B.Tech,7.79,0,No,2,1,69,79,62,80,61.99,Software Developer,Not Placed,0.6759,0.0
STU00043,22,Male,Karnataka,Bengaluru,Tier 1,Tier 1,Data Science,B.Tech,7.19,0,Yes,2,1,71,73,67,64,73.39,Data Scientist,Placed,0.6814,4.9
STU00044,24,Male,Uttar Pradesh,Noida,Tier 2,Tier 3,ISE,B.Tech,8.28,0,Yes,3,2,68,65,63,68,85.59,Full Stack Developer,Placed,0.7679,6.77
STU00045,20,Female,Telangana,Hyderabad,Tier 1,Tier 1,CSE,B.E.,7.99,0,Yes,4,2,73,71,86,71,78.13,Software Developer,Placed,0.8391,4.96
STU00046,22,Female,Tamil Nadu,Coimbatore,Tier 3,Tier 2,CSE,B.Tech,6.57,0,Yes,3,3,74,68,71,63,85.71,Software Developer,Placed,0.6627,4.54
STU00047,22,Female,Gujarat,Vadodara,Tier 2,Tier 3,Data Science,B.Tech,8.34,0,Yes,3,3,89,100,69,85,87.07,Data Scientist,Placed,0.9178,5.93
STU00048,20,Male,Kerala,Kochi,Tier 1,Tier 2,CSE,B.Tech,7.35,1,Yes,1,2,54,73,75,63,65.14,Software Developer,Not Placed,0.4913,0.0
STU00049,22,Female,Karnataka,Bengaluru,Tier 2,Tier 3,ECE,B.E.,7.35,0,No,3,2,79,54,51,78,86.34,Embedded Engineer,Not Placed,0.5581,0.0
STU00050,23,Male,Karnataka,Bengaluru,Tier 3,Tier 2,ECE,B.Tech,9.12,0,Yes,3,0,77,80,52,64,85.64,Embedded Engineer,Not Placed,0.8373,0.0
STU00051,20,Male,Telangana,Warangal,Tier 2,Tier 3,CSE,B.Tech,8.0,0,No,3,0,87,80,45,64,87.23,Software Developer,Placed,0.7055,4.04
STU00052,24,Female,Maharashtra,Mumbai,Tier 2,Tier 3,EEE,B.E.,9.22,1,No,0,4,91,91,92,75,88.72,Electrical Engineer,Not Placed,0.7426,0.0
STU00053,21,Male,Andhra Pradesh,Vijayawada,Tier 3,Tier 3,CSE,B.Tech,7.47,0,Yes,0,2,67,62,59,63,65.22,Software Developer,Not Placed,0.5423,0.0
STU00054,21,Male,Kerala,Thiruvananthapuram,Tier 3,Tier 3,CSE,B.Tech,7.83,0,No,2,0,90,41,49,38,90.15,Software Developer,Not Placed,0.4107,0.0
STU00055,24,Male,Gujarat,Vadodara,Tier 3,Tier 2,ECE,B.E.,7.8,1,Yes,4,0,55,60,56,63,72.81,Embedded Engineer,Placed,0.5341,4.54
STU00056,22,Male,Gujarat,Vadodara,Tier 1,Tier 2,CSE,B.Tech,8.18,0,Yes,2,2,61,87,86,66,79.95,Software Developer,Placed,0.7923,7.37
STU00057,22,Male,Karnataka,Bengaluru,Tier 2,Tier 1,CSE,B.Tech,7.36,0,No,1,1,59,62,59,54,76.29,Software Developer,Placed,0.4366,2.5
STU00058,24,Male,Telangana,Hyderabad,Tier 1,Tier 3,Data Science,B.E.,8.17,3,Yes,2,4,77,88,76,58,75.66,Data Scientist,Placed,0.5549,5.75
STU00059,24,Male,Karnataka,Mysuru,Tier 1,Tier 2,ECE,B.Tech,8.74,2,No,3,1,72,48,57,80,95.92,Embedded Engineer,Placed,0.443,5.57
STU00060,23,Female,Delhi,Delhi,Tier 2,Tier 2,Data Science,B.Tech,8.4,0,No,2,0,90,100,100,61,84.91,Data Scientist,Placed,0.7875,6.57
STU00061,24,Male,Maharashtra,Mumbai,Tier 2,Tier 3,ISE,B.Tech,7.78,0,Yes,4,3,64,69,74,37,88.03,Full Stack Developer,Placed,0.7119,2.5
STU00062,22,Male,Tamil Nadu,Chennai,Tier 2,Tier 1,Data Science,B.Tech,7.19,0,Yes,2,3,88,69,79,72,84.34,Data Scientist,Placed,0.7665,4.2
STU00063,21,Male,Kerala,Kozhikode,Tier 3,Tier 2,Data Science,B.E.,9.47,0,No,0,3,75,73,55,72,89.33,Data Scientist,Not Placed,0.7687,0.0
STU00064,20,Female,Karnataka,Mangaluru,Tier 3,Tier 1,Data Science,B.E.,8.22,0,No,0,2,66,74,72,61,72.98,Data Scientist,Placed,0.607,5.75
STU00065,21,Male,Delhi,Delhi,Tier 1,Tier 3,CSE,B.Tech,8.13,0,No,2,1,88,96,58,26,84.69,Software Developer,Placed,0.6668,4.16
STU00066,21,Male,Kerala,Kozhikode,Tier 3,Tier 3,CSE,B.Tech,7.64,2,No,0,1,82,69,68,64,87.21,Software Developer,Not Placed,0.2911,0.0
STU00067,22,Male,Delhi,Delhi,Tier 1,Tier 3,ISE,B.Tech,7.03,0,No,1,3,66,67,74,64,87.96,Full Stack Developer,Not Placed,0.4727,0.0
STU00068,22,Male,Andhra Pradesh,Visakhapatnam,Tier 2,Tier 2,ECE,B.E.,5.14,0,Yes,2,4,48,55,67,47,81.16,Embedded Engineer,Not Placed,0.2815,0.0
STU00069,24,Female,Uttar Pradesh,Lucknow,Tier 1,Tier 2,Civil,B.Tech,8.67,0,Yes,1,1,85,71,82,48,81.89,Civil Engineer,Not Placed,0.7138,0.0
STU00070,24,Male,Gujarat,Ahmedabad,Tier 3,Tier 1,CSE,B.Tech,8.2,0,No,2,1,75,89,71,55,77.02,Software Developer,Placed,0.7299,4.43
STU00071,21,Female,Telangana,Karimnagar,Tier 3,Tier 2,Data Science,B.Tech,7.24,0,Yes,1,0,72,40,63,66,89.16,Data Scientist,Placed,0.4559,2.5
STU00072,23,Male,Tamil Nadu,Coimbatore,Tier 1,Tier 3,AI & ML,B.E.,5.33,1,No,0,2,52,77,72,83,89.85,Machine Learning Engineer,Not Placed,0.203,0.0
STU00073,20,Female,Karnataka,Mangaluru,Tier 1,Tier 3,AI & ML,B.Tech,7.57,0,Yes,2,1,84,70,56,42,79.08,Machine Learning Engineer,Not Placed,0.6379,0.0
STU00074,24,Male,Tamil Nadu,Chennai,Tier 1,Tier 2,AI & ML,B.Tech,7.93,0,No,1,1,58,67,61,50,84.73,Machine Learning Engineer,Placed,0.4772,2.5
STU00075,23,Female,Tamil Nadu,Madurai,Tier 1,Tier 1,CSE,B.Tech,7.66,0,Yes,1,5,49,39,59,80,83.91,Software Developer,Placed,0.6243,2.5
STU00076,21,Female,West Bengal,Kolkata,Tier 3,Tier 1,ECE,B.Tech,8.26,1,No,1,2,67,72,39,63,84.59,Embedded Engineer,Placed,0.5079,5.07
STU00077,22,Male,Tamil Nadu,Madurai,Tier 2,Tier 3,Data Science,B.E.,9.23,1,Yes,5,3,66,86,80,66,70.06,Data Scientist,Placed,0.8772,5.71
STU00078,24,Male,Karnataka,Mangaluru,Tier 3,Tier 2,Data Science,B.E.,7.45,0,Yes,4,1,72,47,60,77,82.02,Data Scientist,Placed,0.6938,3.46
STU00079,21,Female,Uttar Pradesh,Noida,Tier 2,Tier 3,ISE,B.E.,8.69,1,Yes,1,2,55,65,61,59,88.98,Full Stack Developer,Placed,0.5765,2.75
STU00080,21,Male,Delhi,New Delhi,Tier 3,Tier 2,Data Science,B.E.,9.94,0,Yes,3,1,66,81,66,68,77.35,Data Scientist,Placed,0.8991,6.47
STU00081,20,Male,Delhi,Delhi,Tier 1,Tier 2,CSE,B.E.,6.6,0,Yes,5,3,86,85,50,68,80.48,Software Developer,Placed,0.8258,5.04
STU00082,21,Female,Karnataka,Mangaluru,Tier 1,Tier 3,Data Science,B.Tech,7.28,1,Yes,2,3,77,61,63,58,72.59,Data Scientist,Not Placed,0.5335,0.0
STU00083,24,Male,Karnataka,Mysuru,Tier 2,Tier 1,CSE,B.E.,6.97,0,No,4,2,59,71,67,48,62.51,Software Developer,Not Placed,0.5745,0.0
STU00084,22,Female,Uttar Pradesh,Lucknow,Tier 1,Tier 1,CSE,B.E.,6.31,0,Yes,1,2,58,39,61,62,79.56,Software Developer,Not Placed,0.3753,0.0
STU00085,24,Female,Gujarat,Vadodara,Tier 3,Tier 3,Data Science,B.Tech,6.04,0,Yes,5,2,62,58,74,76,94.47,Data Scientist,Not Placed,0.6104,0.0
STU00086,21,Male,Andhra Pradesh,Vijayawada,Tier 1,Tier 2,EEE,B.Tech,7.88,0,Yes,0,2,87,52,28,58,82.26,Electrical Engineer,Placed,0.5699,3.49
STU00087,24,Male,West Bengal,Kolkata,Tier 1,Tier 1,CSE,B.Tech,7.18,1,Yes,0,2,49,81,66,51,87.43,Software Developer,Not Placed,0.4422,0.0
STU00088,23,Male,Karnataka,Bengaluru,Tier 1,Tier 2,AI & ML,B.Tech,6.15,0,Yes,2,3,78,41,31,77,86.34,Machine Learning Engineer,Placed,0.5094,2.5
STU00089,20,Male,West Bengal,Kolkata,Tier 2,Tier 2,ECE,B.Tech,7.4,2,Yes,1,5,74,61,18,75,91.52,Embedded Engineer,Not Placed,0.4635,0.0
STU00090,23,Male,West Bengal,Durgapur,Tier 3,Tier 1,Data Science,B.Tech,6.07,0,Yes,1,1,46,56,47,52,92.35,Data Scientist,Placed,0.3376,5.47
STU00091,23,Male,Kerala,Thiruvananthapuram,Tier 3,Tier 3,CSE,B.Tech,6.69,0,Yes,2,3,54,55,73,54,72.38,Software Developer,Not Placed,0.4722,0.0
STU00092,20,Female,Gujarat,Ahmedabad,Tier 2,Tier 1,Civil,B.Tech,8.24,0,Yes,1,3,66,80,72,63,94.6,Civil Engineer,Placed,0.7603,4.99
STU00093,24,Other,Andhra Pradesh,Visakhapatnam,Tier 1,Tier 1,EEE,B.Tech,7.11,0,No,3,2,72,65,53,80,85.47,Electrical Engineer,Placed,0.6138,2.5
STU00094,24,Male,Maharashtra,Mumbai,Tier 2,Tier 2,ECE,B.Tech,9.4,0,Yes,4,3,79,74,27,57,83.64,Embedded Engineer,Placed,0.8883,7.09
STU00095,22,Female,Maharashtra,Pune,Tier 3,Tier 2,Civil,B.Tech,8.7,0,Yes,3,2,81,99,57,56,91.27,Civil Engineer,Placed,0.8743,6.06
STU00096,23,Male,Delhi,New Delhi,Tier 2,Tier 3,AI & ML,B.Tech,9.35,0,Yes,0,2,73,82,48,80,66.18,Machine Learning Engineer,Placed,0.8388,5.13
STU00097,21,Male,Gujarat,Vadodara,Tier 3,Tier 2,CSE,B.E.,8.15,1,No,5,4,80,76,90,60,84.05,Software Developer,Placed,0.7549,4.17
STU00098,23,Male,Andhra Pradesh,Tirupati,Tier 2,Tier 3,CSE,B.Tech,7.99,0,Yes,2,2,81,79,69,73,75.53,Software Developer,Placed,0.795,4.79
STU00099,20,Female,Kerala,Thiruvananthapuram,Tier 1,Tier 3,CSE,B.Tech,9.9,2,No,2,1,75,92,79,78,76.24,Software Developer,Placed,0.7289,4.38
STU00100,21,Male,Uttar Pradesh,Noida,Tier 1,Tier 3,CSE,B.E.,6.83,1,Yes,1,0,68,57,80,76,87.07,Software Developer,Not Placed,0.3748,0.0
STU00101,23,Male,Delhi,Delhi,Tier 2,Tier 2,ISE,B.Tech,6.83,0,No,0,3,65,77,52,74,68.08,Full Stack Developer,Not Placed,0.4969,0.0
STU00102,22,Female,Maharashtra,Nagpur,Tier 1,Tier 2,CSE,B.Tech,6.9,0,Yes,1,3,42,67,80,67,79.65,Software Developer,Not Placed,0.5273,0.0
STU00103,22,Male,Gujarat,Surat,Tier 2,Tier 3,ECE,B.Tech,9.4,0,No,5,1,76,65,96,46,84.22,Embedded Engineer,Placed,0.7675,3.95
STU00104,20,Female,Kerala,Kozhikode,Tier 2,Tier 3,Data Science,B.Tech,6.99,0,No,1,1,55,50,57,80,91.33,Data Scientist,Not Placed,0.36,0.0
STU00105,21,Male,West Bengal,Kolkata,Tier 1,Tier 2,EEE,B.Tech,8.02,1,No,1,1,61,69,37,64,78.36,Electrical Engineer,Placed,0.3994,2.93
STU00106,24,Male,Kerala,Thiruvananthapuram,Tier 2,Tier 2,CSE,B.Tech,7.31,0,No,3,1,67,89,78,70,91.13,Software Developer,Not Placed,0.6758,0.0
STU00107,24,Female,Gujarat,Surat,Tier 1,Tier 3,CSE,B.Tech,7.52,1,Yes,3,1,62,79,89,60,82.45,Software Developer,Not Placed,0.5968,0.0
STU00108,21,Other,Karnataka,Bengaluru,Tier 1,Tier 2,ECE,B.Tech,8.93,0,Yes,1,3,46,80,68,35,78.07,Embedded Engineer,Not Placed,0.6838,0.0
STU00109,22,Male,Telangana,Hyderabad,Tier 2,Tier 2,Data Science,B.Tech,5.95,0,No,6,2,58,54,83,88,94.56,Data Scientist,Not Placed,0.5602,0.0
STU00110,20,Male,Karnataka,Mysuru,Tier 2,Tier 2,EEE,B.Tech,7.01,2,Yes,2,5,62,59,53,89,87.47,Electrical Engineer,Not Placed,0.4617,0.0
STU00111,23,Female,Delhi,Delhi,Tier 1,Tier 3,CSE,B.Tech,6.31,0,Yes,5,2,56,64,67,57,79.16,Software Developer,Not Placed,0.5928,0.0
STU00112,21,Male,Kerala,Kochi,Tier 2,Tier 3,Data Science,B.E.,9.02,0,Yes,2,1,83,48,89,40,77.39,Data Scientist,Placed,0.6877,6.75
STU00113,20,Male,West Bengal,Kolkata,Tier 1,Tier 3,Data Science,B.E.,6.92,0,No,2,0,65,79,61,53,88.15,Data Scientist,Not Placed,0.4477,0.0
STU00114,24,Female,Maharashtra,Pune,Tier 1,Tier 2,Mechanical,B.E.,8.7,0,Yes,1,1,50,52,52,48,92.58,Design Engineer,Placed,0.5412,4.4
STU00115,23,Male,Karnataka,Mangaluru,Tier 2,Tier 3,Mechanical,B.Tech,5.97,0,Yes,1,2,82,41,76,70,81.98,Design Engineer,Not Placed,0.3564,0.0
STU00116,22,Other,Delhi,Delhi,Tier 1,Tier 2,Mechanical,B.Tech,5.83,0,No,0,4,66,57,56,81,77.19,Design Engineer,Placed,0.3148,3.34
STU00117,21,Male,Delhi,Delhi,Tier 3,Tier 3,EEE,B.E.,6.26,1,Yes,0,1,68,53,53,41,90.66,Electrical Engineer,Placed,0.1837,4.78
STU00118,23,Female,Delhi,Delhi,Tier 2,Tier 1,ISE,B.E.,7.02,0,Yes,3,1,73,78,42,72,86.0,Full Stack Developer,Placed,0.7453,4.49
STU00119,22,Female,Karnataka,Bengaluru,Tier 2,Tier 2,CSE,B.Tech,9.09,2,No,2,1,91,100,100,82,87.12,Software Developer,Placed,0.7478,5.6
STU00120,22,Male,West Bengal,Kolkata,Tier 2,Tier 2,Data Science,B.Tech,6.91,0,No,6,4,69,77,39,80,90.31,Data Scientist,Placed,0.7896,6.45
STU00121,23,Male,Telangana,Warangal,Tier 2,Tier 3,AI & ML,B.Tech,8.54,0,No,3,4,65,74,58,41,80.76,Machine Learning Engineer,Not Placed,0.7045,0.0
STU00122,22,Female,Kerala,Thiruvananthapuram,Tier 1,Tier 3,ECE,B.Tech,7.8,3,No,3,3,77,83,67,62,95.12,Embedded Engineer,Placed,0.3762,5.09
STU00123,22,Male,West Bengal,Kolkata,Tier 2,Tier 3,CSE,B.Tech,7.78,0,Yes,1,2,67,82,63,52,79.83,Software Developer,Placed,0.6716,3.88
STU00124,22,Male,Gujarat,Vadodara,Tier 3,Tier 1,EEE,B.E.,9.21,0,Yes,2,1,81,92,69,63,92.29,Electrical Engineer,Placed,0.8774,3.98
STU00125,22,Male,Gujarat,Surat,Tier 1,Tier 3,Civil,B.Tech,7.93,2,Yes,4,2,56,79,67,83,72.88,Civil Engineer,Not Placed,0.6128,0.0
STU00126,20,Male,Delhi,New Delhi,Tier 1,Tier 1,Mechanical,B.Tech,8.96,0,No,2,5,68,67,50,54,80.12,Design Engineer,Not Placed,0.7488,0.0
STU00127,23,Other,Delhi,New Delhi,Tier 2,Tier 2,ISE,B.Tech,8.84,0,Yes,2,2,83,87,82,61,88.98,Full Stack Developer,Not Placed,0.8634,0.0
STU00128,21,Male,Telangana,Hyderabad,Tier 2,Tier 3,Data Science,B.Tech,9.38,0,Yes,2,0,88,93,66,63,85.72,Data Scientist,Placed,0.8804,7.4
STU00129,21,Female,Kerala,Kochi,Tier 1,Tier 3,ISE,B.Tech,7.75,1,Yes,3,2,67,63,59,59,89.76,Full Stack Developer,Placed,0.5874,3.39
STU00130,22,Male,Maharashtra,Nagpur,Tier 1,Tier 1,CSE,B.Tech,7.29,0,Yes,1,2,61,64,40,67,84.39,Software Developer,Not Placed,0.6171,0.0
STU00131,23,Male,West Bengal,Durgapur,Tier 2,Tier 2,Mechanical,B.Tech,10.0,3,Yes,3,2,68,86,82,65,76.68,Design Engineer,Placed,0.7097,5.14
STU00132,20,Female,Karnataka,Bengaluru,Tier 2,Tier 2,Data Science,B.Tech,8.02,0,No,0,3,69,79,52,62,71.94,Data Scientist,Placed,0.6136,6.12
STU00133,20,Male,Uttar Pradesh,Noida,Tier 1,Tier 1,CSE,B.E.,7.91,0,No,4,1,60,82,63,71,79.34,Software Developer,Placed,0.7513,5.41
STU00134,23,Female,Gujarat,Ahmedabad,Tier 2,Tier 3,CSE,B.Tech,8.68,0,Yes,1,1,83,72,83,47,82.16,Software Developer,Not Placed,0.7256,0.0
STU00135,23,Male,Delhi,Delhi,Tier 1,Tier 2,CSE,B.Tech,9.55,0,Yes,3,3,89,75,56,70,88.96,Software Developer,Placed,0.9173,6.71
STU00136,20,Male,Delhi,New Delhi,Tier 2,Tier 3,Mechanical,B.Tech,9.28,0,No,3,0,73,72,77,70,79.64,Design Engineer,Not Placed,0.7422,0.0
STU00137,23,Male,Maharashtra,Mumbai,Tier 2,Tier 2,Data Science,B.E.,6.66,1,Yes,2,1,64,44,55,86,77.33,Data Scientist,Not Placed,0.4032,0.0
STU00138,22,Male,Tamil Nadu,Chennai,Tier 2,Tier 2,AI & ML,B.Tech,9.87,1,Yes,2,1,77,92,93,48,87.13,Machine Learning Engineer,Placed,0.8344,5.67
STU00139,22,Male,Delhi,New Delhi,Tier 1,Tier 3,ECE,B.Tech,7.5,1,No,2,1,49,60,56,60,78.63,Embedded Engineer,Not Placed,0.2896,0.0
STU00140,22,Female,Gujarat,Surat,Tier 2,Tier 3,AI & ML,B.Tech,7.32,1,No,1,2,85,78,55,56,84.18,Machine Learning Engineer,Not Placed,0.4504,0.0
STU00141,21,Male,Maharashtra,Mumbai,Tier 1,Tier 3,ISE,B.Tech,7.71,0,Yes,1,1,67,61,75,60,93.39,Full Stack Developer,Placed,0.5752,3.1
STU00142,24,Female,Uttar Pradesh,Kanpur,Tier 3,Tier 2,AI & ML,B.Tech,7.2,0,No,2,2,68,100,88,69,83.66,Machine Learning Engineer,Not Placed,0.6904,0.0
STU00143,21,Female,Tamil Nadu,Chennai,Tier 2,Tier 2,ISE,B.E.,8.74,0,Yes,2,3,67,74,55,77,96.61,Full Stack Developer,Placed,0.8408,6.58
STU00144,23,Male,Telangana,Warangal,Tier 1,Tier 1,Data Science,B.Tech,8.75,0,Yes,1,0,83,83,94,48,88.24,Data Scientist,Placed,0.7879,5.92
STU00145,22,Female,Maharashtra,Nagpur,Tier 2,Tier 2,ECE,B.Tech,8.42,0,No,3,0,72,75,59,56,73.0,Embedded Engineer,Placed,0.6512,6.08
STU00146,23,Male,Karnataka,Mangaluru,Tier 1,Tier 2,CSE,B.Tech,8.03,0,Yes,1,1,80,75,65,91,77.13,Software Developer,Placed,0.7867,7.82
STU00147,23,Male,Karnataka,Bengaluru,Tier 1,Tier 3,ISE,B.Tech,8.41,1,Yes,4,3,65,65,69,50,74.1,Full Stack Developer,Placed,0.6972,4.14
STU00148,23,Male,Tamil Nadu,Chennai,Tier 2,Tier 1,ECE,B.Tech,6.57,0,Yes,6,2,64,40,49,65,85.84,Embedded Engineer,Placed,0.6193,5.38
STU00149,23,Male,Telangana,Warangal,Tier 3,Tier 1,ECE,B.E.,8.22,0,Yes,2,2,83,89,81,68,70.38,Embedded Engineer,Placed,0.8393,6.92
STU00150,22,Male,Uttar Pradesh,Lucknow,Tier 2,Tier 2,ISE,B.Tech,8.62,1,Yes,4,3,63,84,84,70,79.04,Full Stack Developer,Placed,0.8272,4.67
STU00151,23,Male,Kerala,Kozhikode,Tier 2,Tier 2,EEE,B.Tech,9.25,0,Yes,3,0,76,69,48,55,89.69,Electrical Engineer,Placed,0.7985,4.3
STU00152,23,Male,West Bengal,Kolkata,Tier 3,Tier 2,ISE,B.Tech,8.71,0,Yes,0,2,69,65,73,63,85.54,Full Stack Developer,Placed,0.7074,3.97
STU00153,23,Female,Andhra Pradesh,Tirupati,Tier 2,Tier 2,Data Science,B.Tech,8.26,0,No,1,2,66,70,55,76,91.08,Data Scientist,Placed,0.6509,2.5
STU00154,24,Female,Kerala,Thiruvananthapuram,Tier 1,Tier 2,AI & ML,B.E.,7.86,1,Yes,1,1,70,75,74,40,73.37,Machine Learning Engineer,Not Placed,0.5115,0.0
STU00155,21,Male,Andhra Pradesh,Tirupati,Tier 1,Tier 2,Mechanical,B.Tech,8.03,0,Yes,3,0,71,73,58,78,73.84,Design Engineer,Placed,0.7532,4.8
STU00156,20,Female,Telangana,Hyderabad,Tier 1,Tier 2,AI & ML,B.E.,7.55,0,No,1,0,65,51,68,46,79.77,Machine Learning Engineer,Not Placed,0.351,0.0
STU00157,23,Male,Andhra Pradesh,Visakhapatnam,Tier 2,Tier 3,CSE,B.Tech,8.18,1,No,2,2,65,61,34,42,78.05,Software Developer,Not Placed,0.4145,0.0
STU00158,24,Male,Uttar Pradesh,Noida,Tier 2,Tier 2,Civil,B.E.,9.3,0,Yes,1,5,58,74,85,36,82.06,Civil Engineer,Placed,0.7662,6.31
STU00159,20,Male,Delhi,Delhi,Tier 1,Tier 2,AI & ML,B.Tech,8.51,3,No,4,2,74,60,78,74,79.37,Machine Learning Engineer,Not Placed,0.4544,0.0
STU00160,22,Female,Gujarat,Ahmedabad,Tier 2,Tier 1,Civil,B.Tech,8.45,0,No,2,2,75,55,91,63,92.9,Civil Engineer,Not Placed,0.6314,0.0
STU00161,22,Male,Telangana,Warangal,Tier 2,Tier 2,Data Science,B.E.,6.62,0,Yes,3,2,77,69,66,60,80.1,Data Scientist,Placed,0.6493,3.15
STU00162,21,Female,Gujarat,Vadodara,Tier 3,Tier 3,CSE,B.Tech,7.59,1,Yes,3,3,84,84,61,50,90.61,Software Developer,Not Placed,0.7019,0.0
STU00163,22,Male,Delhi,New Delhi,Tier 3,Tier 1,EEE,B.Tech,8.39,0,Yes,2,4,53,55,67,88,71.31,Electrical Engineer,Placed,0.7682,4.08
STU00164,22,Male,Gujarat,Vadodara,Tier 1,Tier 3,Civil,B.E.,7.56,0,Yes,1,3,80,52,56,74,85.28,Civil Engineer,Not Placed,0.6097,0.0
STU00165,23,Male,Andhra Pradesh,Visakhapatnam,Tier 2,Tier 2,CSE,B.Tech,9.31,0,Yes,1,1,87,95,45,77,84.72,Software Developer,Placed,0.8963,6.13
STU00166,20,Male,Andhra Pradesh,Visakhapatnam,Tier 1,Tier 2,EEE,B.Tech,9.63,0,Yes,2,0,69,68,100,66,78.58,Electrical Engineer,Placed,0.8017,3.05
STU00167,21,Male,Tamil Nadu,Madurai,Tier 1,Tier 2,ECE,B.Tech,8.53,0,Yes,0,0,72,79,40,56,88.89,Embedded Engineer,Not Placed,0.658,0.0
STU00168,23,Female,Delhi,New Delhi,Tier 2,Tier 2,Data Science,B.Tech,8.75,1,No,5,5,74,67,89,84,81.28,Data Scientist,Not Placed,0.8246,0.0
STU00169,24,Female,Gujarat,Ahmedabad,Tier 2,Tier 3,CSE,B.Tech,9.09,0,Yes,0,3,83,88,65,63,84.52,Software Developer,Placed,0.8396,3.19
STU00170,21,Female,Uttar Pradesh,Lucknow,Tier 1,Tier 2,AI & ML,B.E.,8.31,3,Yes,3,6,95,63,83,75,87.75,Machine Learning Engineer,Not Placed,0.6712,0.0
STU00171,20,Male,Andhra Pradesh,Tirupati,Tier 1,Tier 2,EEE,B.Tech,6.84,0,Yes,0,1,55,48,55,74,79.77,Electrical Engineer,Not Placed,0.3663,0.0
STU00172,21,Female,Gujarat,Ahmedabad,Tier 3,Tier 2,CSE,B.E.,8.2,0,No,1,1,72,88,81,80,84.26,Software Developer,Placed,0.7187,3.8
STU00173,21,Male,Maharashtra,Pune,Tier 2,Tier 2,CSE,B.Tech,9.19,0,Yes,2,1,67,58,80,75,79.74,Software Developer,Not Placed,0.7947,0.0
STU00174,23,Male,Kerala,Thiruvananthapuram,Tier 2,Tier 2,AI & ML,B.Tech,7.62,1,No,1,2,47,68,71,77,89.42,Machine Learning Engineer,Not Placed,0.4089,0.0
STU00175,21,Male,West Bengal,Durgapur,Tier 2,Tier 2,AI & ML,B.Tech,6.98,0,No,0,0,69,43,37,53,79.36,Machine Learning Engineer,Placed,0.2575,5.34
STU00176,24,Female,Kerala,Thiruvananthapuram,Tier 2,Tier 3,ECE,B.Tech,7.65,3,No,4,1,78,64,61,62,85.23,Embedded Engineer,Placed,0.2835,4.09
STU00177,23,Male,Kerala,Kozhikode,Tier 2,Tier 3,AI & ML,B.Tech,7.97,0,Yes,2,2,85,75,52,64,99.15,Machine Learning Engineer,Not Placed,0.7707,0.0
STU00178,24,Male,West Bengal,Durgapur,Tier 3,Tier 1,AI & ML,B.Tech,7.65,0,Yes,2,0,72,100,63,68,86.73,Machine Learning Engineer,Placed,0.804,3.5
STU00179,21,Male,Uttar Pradesh,Noida,Tier 2,Tier 3,ISE,B.Tech,8.16,2,No,1,1,90,52,59,51,73.79,Full Stack Developer,Placed,0.3011,2.5
STU00180,22,Male,Gujarat,Ahmedabad,Tier 1,Tier 1,AI & ML,B.Tech,8.07,0,Yes,1,1,74,95,63,56,72.28,Machine Learning Engineer,Placed,0.7875,2.5
STU00181,23,Male,Karnataka,Mangaluru,Tier 2,Tier 3,AI & ML,B.Tech,8.09,0,Yes,1,3,68,53,52,100,71.44,Machine Learning Engineer,Placed,0.735,3.9
STU00182,20,Female,Karnataka,Mangaluru,Tier 2,Tier 3,CSE,B.Tech,6.81,0,Yes,1,5,75,81,87,47,85.76,Software Developer,Placed,0.6447,6.08
STU00183,20,Male,Karnataka,Mysuru,Tier 2,Tier 2,Data Science,B.E.,7.75,0,No,1,1,68,64,33,100,75.92,Data Scientist,Not Placed,0.6219,0.0
STU00184,24,Male,West Bengal,Kolkata,Tier 1,Tier 2,AI & ML,B.Tech,7.58,1,No,0,4,55,65,68,52,79.97,Machine Learning Engineer,Not Placed,0.3491,0.0
STU00185,20,Male,Maharashtra,Pune,Tier 2,Tier 2,CSE,B.Tech,7.24,0,No,2,1,55,76,63,52,76.8,Software Developer,Placed,0.4825,4.56
STU00186,23,Female,Tamil Nadu,Coimbatore,Tier 3,Tier 3,ISE,B.E.,8.22,0,Yes,3,4,75,82,49,76,69.66,Full Stack Developer,Placed,0.8651,3.96
STU00187,24,Male,Maharashtra,Pune,Tier 1,Tier 3,CSE,B.Tech,8.33,1,No,2,4,98,78,59,57,80.58,Software Developer,Placed,0.6904,5.74
STU00188,22,Male,Maharashtra,Nagpur,Tier 2,Tier 2,CSE,B.Tech,7.45,0,Yes,0,1,74,72,68,70,85.32,Software Developer,Not Placed,0.6194,0.0
STU00189,24,Female,Uttar Pradesh,Noida,Tier 2,Tier 2,EEE,B.E.,9.07,0,No,5,4,70,67,65,59,75.88,Electrical Engineer,Placed,0.8245,5.83
STU00190,21,Male,Gujarat,Surat,Tier 1,Tier 2,CSE,B.Tech,7.95,0,Yes,3,0,66,88,62,33,86.38,Software Developer,Placed,0.7112,4.41
STU00191,21,Male,Karnataka,Bengaluru,Tier 3,Tier 3,CSE,B.Tech,6.9,0,Yes,2,3,77,65,84,64,83.61,Software Developer,Placed,0.6358,4.53
STU00192,23,Male,Delhi,Delhi,Tier 3,Tier 3,Data Science,B.Tech,6.14,0,No,2,1,59,39,60,61,92.71,Data Scientist,Placed,0.2398,3.68
STU00193,24,Male,Kerala,Kozhikode,Tier 2,Tier 3,ISE,B.Tech,6.78,0,Yes,4,0,77,78,73,68,65.2,Full Stack Developer,Placed,0.6992,6.13
STU00194,20,Male,Delhi,Delhi,Tier 2,Tier 3,CSE,B.E.,7.47,0,No,0,3,79,86,40,75,84.55,Software Developer,Not Placed,0.6311,0.0
STU00195,20,Male,Tamil Nadu,Coimbatore,Tier 1,Tier 1,CSE,B.Tech,8.6,2,No,1,5,77,88,79,65,100.0,Software Developer,Placed,0.6497,3.99
STU00196,24,Female,Tamil Nadu,Coimbatore,Tier 3,Tier 3,CSE,B.Tech,8.43,0,Yes,0,2,87,88,59,69,73.61,Software Developer,Not Placed,0.7992,0.0
STU00197,22,Male,Maharashtra,Nagpur,Tier 1,Tier 1,CSE,B.Tech,7.56,1,No,2,3,58,89,85,42,76.63,Software Developer,Placed,0.5234,3.67
STU00198,20,Male,Karnataka,Bengaluru,Tier 2,Tier 2,CSE,B.Tech,9.46,0,No,1,3,86,82,95,61,76.29,Software Developer,Placed,0.823,4.84
STU00199,24,Male,Kerala,Thiruvananthapuram,Tier 1,Tier 1,Data Science,B.Tech,8.21,1,No,4,1,69,71,30,82,84.61,Data Scientist,Placed,0.6969,4.84
STU00200,21,Male,Uttar Pradesh,Noida,Tier 2,Tier 1,Mechanical,B.Tech,10.0,0,Yes,0,3,62,80,96,53,72.46,Design Engineer,Placed,0.832,6.48
STU00201,24,Male,Andhra Pradesh,Vijayawada,Tier 3,Tier 3,AI & ML,B.Tech,5.97,0,Yes,4,1,53,70,50,54,75.99,Machine Learning Engineer,Placed,0.4946,3.8
STU00202,20,Male,Maharashtra,Nagpur,Tier 1,Tier 1,Mechanical,B.Tech,5.83,0,No,3,5,57,51,88,77,84.5,Design Engineer,Not Placed,0.4306,0.0
STU00203,20,Female,Gujarat,Vadodara,Tier 2,Tier 3,AI & ML,B.Tech,9.24,0,Yes,0,2,65,66,63,70,78.28,Machine Learning Engineer,Placed,0.7493,6.56
STU00204,22,Female,Andhra Pradesh,Tirupati,Tier 2,Tier 3,CSE,B.Tech,9.09,0,Yes,0,4,66,81,48,54,76.43,Software Developer,Placed,0.7886,5.82
STU00205,22,Male,West Bengal,Kolkata,Tier 2,Tier 2,CSE,B.E.,8.28,0,Yes,2,3,82,72,50,78,85.39,Software Developer,Placed,0.8334,6.47
STU00206,23,Male,West Bengal,Durgapur,Tier 3,Tier 1,Civil,B.Tech,10.0,0,Yes,1,2,73,82,69,72,79.48,Civil Engineer,Placed,0.8885,4.46
STU00207,24,Male,West Bengal,Kolkata,Tier 2,Tier 1,Civil,B.Tech,8.03,3,No,2,2,73,66,59,73,96.08,Civil Engineer,Not Placed,0.3306,0.0
STU00208,23,Male,West Bengal,Kolkata,Tier 3,Tier 3,AI & ML,B.Tech,8.02,0,Yes,4,1,83,57,58,78,92.18,Machine Learning Engineer,Placed,0.7884,4.81
STU00209,24,Male,Gujarat,Surat,Tier 1,Tier 1,Mechanical,B.E.,8.51,0,Yes,2,2,73,85,97,50,70.01,Design Engineer,Placed,0.798,5.57
STU00210,24,Male,Tamil Nadu,Madurai,Tier 2,Tier 2,ISE,B.Tech,6.13,1,No,1,1,61,25,39,84,84.87,Full Stack Developer,Not Placed,0.1597,0.0
STU00211,23,Female,Delhi,Delhi,Tier 3,Tier 2,AI & ML,B.Tech,7.52,0,Yes,0,0,65,81,78,68,85.57,Machine Learning Engineer,Not Placed,0.6106,0.0
STU00212,21,Male,Telangana,Hyderabad,Tier 2,Tier 2,Data Science,B.E.,8.13,0,Yes,2,4,65,89,65,62,88.79,Data Scientist,Placed,0.8253,5.36
STU00213,20,Male,Maharashtra,Mumbai,Tier 2,Tier 2,AI & ML,B.E.,8.1,0,No,2,0,71,76,50,74,78.54,Machine Learning Engineer,Placed,0.6619,6.94
STU00214,21,Male,Telangana,Hyderabad,Tier 1,Tier 2,AI & ML,B.Tech,10.0,0,Yes,2,0,79,90,62,78,73.73,Machine Learning Engineer,Placed,0.9148,3.87
STU00215,22,Male,Karnataka,Mysuru,Tier 1,Tier 2,AI & ML,B.Tech,7.38,3,Yes,3,2,77,72,72,66,78.42,Machine Learning Engineer,Placed,0.4331,4.52
STU00216,22,Male,Maharashtra,Pune,Tier 2,Tier 1,CSE,B.E.,8.31,0,No,3,2,82,98,79,78,92.57,Software Developer,Placed,0.8634,6.18
STU00217,21,Male,Kerala,Kozhikode,Tier 2,Tier 2,CSE,B.Tech,7.22,1,No,3,2,64,63,79,82,82.06,Software Developer,Not Placed,0.4958,0.0
STU00218,23,Male,Maharashtra,Pune,Tier 1,Tier 3,ECE,B.Tech,7.49,0,Yes,3,1,73,55,62,82,60.04,Embedded Engineer,Placed,0.6545,4.26
STU00219,22,Male,Andhra Pradesh,Visakhapatnam,Tier 3,Tier 2,CSE,B.Tech,7.51,1,Yes,0,3,41,68,63,66,81.16,Software Developer,Not Placed,0.4368,0.0
STU00220,20,Female,Telangana,Karimnagar,Tier 3,Tier 2,CSE,B.Tech,8.58,0,Yes,2,2,56,100,80,58,94.85,Software Developer,Placed,0.8319,5.89
STU00221,24,Male,Telangana,Karimnagar,Tier 1,Tier 2,AI & ML,B.Tech,9.45,0,Yes,4,2,86,72,46,48,82.1,Machine Learning Engineer,Placed,0.8898,6.19
STU00222,21,Female,Andhra Pradesh,Vijayawada,Tier 3,Tier 3,ISE,B.Tech,8.12,1,No,2,1,65,71,95,67,77.16,Full Stack Developer,Placed,0.501,4.38
STU00223,24,Female,Maharashtra,Pune,Tier 1,Tier 1,ISE,B.Tech,9.49,0,No,4,2,72,75,38,87,73.3,Full Stack Developer,Placed,0.8938,3.39
STU00224,23,Male,Delhi,Delhi,Tier 1,Tier 1,CSE,B.E.,6.9,0,Yes,0,2,64,83,67,79,98.3,Software Developer,Placed,0.6556,3.94
STU00225,23,Male,Tamil Nadu,Madurai,Tier 1,Tier 3,CSE,B.Tech,8.34,0,Yes,0,0,73,65,45,62,83.44,Software Developer,Placed,0.6156,2.93
STU00226,21,Male,Telangana,Karimnagar,Tier 2,Tier 2,CSE,B.Tech,7.31,1,Yes,3,1,63,79,52,62,75.33,Software Developer,Placed,0.6018,4.63
STU00227,21,Male,Kerala,Kozhikode,Tier 3,Tier 3,AI & ML,B.E.,7.82,0,Yes,0,1,79,61,67,59,73.29,Machine Learning Engineer,Placed,0.5755,4.23
STU00228,21,Male,Delhi,New Delhi,Tier 1,Tier 1,ISE,B.Tech,7.97,0,No,2,1,83,94,81,71,78.91,Full Stack Developer,Placed,0.78,5.18
STU00229,21,Male,Uttar Pradesh,Noida,Tier 2,Tier 2,CSE,B.Tech,7.12,0,Yes,2,2,70,71,67,78,65.0,Software Developer,Not Placed,0.6958,0.0
STU00230,20,Male,Kerala,Thiruvananthapuram,Tier 1,Tier 3,ECE,B.Tech,7.91,0,No,1,6,66,71,74,64,83.57,Embedded Engineer,Placed,0.6246,6.52
STU00231,23,Male,Kerala,Thiruvananthapuram,Tier 2,Tier 3,CSE,B.Tech,6.4,2,Yes,0,2,67,83,65,62,76.43,Software Developer,Not Placed,0.2994,0.0
STU00232,24,Male,Uttar Pradesh,Kanpur,Tier 2,Tier 3,ISE,B.Tech,8.5,0,Yes,2,3,93,85,55,61,78.59,Full Stack Developer,Placed,0.8575,4.98
STU00233,22,Female,Gujarat,Vadodara,Tier 3,Tier 2,CSE,B.Tech,7.75,0,Yes,0,3,60,50,79,51,89.23,Software Developer,Not Placed,0.5077,0.0
STU00234,20,Female,Tamil Nadu,Madurai,Tier 1,Tier 1,CSE,B.Tech,7.83,0,Yes,1,1,64,77,63,67,84.86,Software Developer,Placed,0.709,5.65
STU00235,23,Male,Telangana,Karimnagar,Tier 3,Tier 3,ECE,B.E.,8.91,0,Yes,1,0,85,62,73,53,92.44,Embedded Engineer,Placed,0.6778,3.78
STU00236,22,Female,Uttar Pradesh,Noida,Tier 2,Tier 2,ISE,B.Tech,8.26,0,Yes,0,2,99,64,63,52,75.47,Full Stack Developer,Placed,0.7089,3.86
STU00237,23,Female,Uttar Pradesh,Kanpur,Tier 3,Tier 2,CSE,B.E.,9.28,0,Yes,3,0,68,94,81,69,92.99,Software Developer,Placed,0.8872,5.83
STU00238,23,Female,Maharashtra,Nagpur,Tier 2,Tier 2,ECE,B.E.,8.17,0,No,0,3,76,65,52,26,82.02,Embedded Engineer,Not Placed,0.4456,0.0
STU00239,23,Male,Gujarat,Vadodara,Tier 3,Tier 3,CSE,B.Tech,7.22,0,No,2,2,65,50,91,89,87.81,Software Developer,Not Placed,0.509,0.0
STU00240,21,Male,Gujarat,Ahmedabad,Tier 3,Tier 1,EEE,B.Tech,6.23,1,Yes,1,1,60,55,71,100,82.88,Electrical Engineer,Placed,0.3834,3.71
STU00241,21,Female,Uttar Pradesh,Noida,Tier 1,Tier 1,Mechanical,B.Tech,6.75,0,Yes,3,1,58,45,62,50,87.92,Design Engineer,Not Placed,0.4406,0.0
STU00242,20,Female,Karnataka,Mangaluru,Tier 2,Tier 3,Mechanical,B.E.,8.34,0,No,6,3,88,74,71,81,76.11,Design Engineer,Not Placed,0.861,0.0
STU00243,22,Female,Karnataka,Mangaluru,Tier 2,Tier 2,CSE,B.Tech,10.0,0,No,2,2,79,100,79,90,86.19,Software Developer,Placed,0.9204,6.3
STU00244,24,Female,Kerala,Kozhikode,Tier 1,Tier 2,ECE,B.E.,7.12,0,Yes,1,1,58,70,95,57,69.79,Embedded Engineer,Placed,0.4962,3.0
STU00245,21,Male,Delhi,New Delhi,Tier 3,Tier 1,Data Science,B.Tech,9.39,2,Yes,1,6,100,86,98,87,83.08,Data Scientist,Placed,0.8838,6.93
STU00246,24,Male,Karnataka,Bengaluru,Tier 1,Tier 1,CSE,B.Tech,8.77,1,No,2,0,51,85,95,76,98.18,Software Developer,Placed,0.643,5.6
STU00247,20,Male,Maharashtra,Mumbai,Tier 1,Tier 1,Civil,B.Tech,6.85,1,Yes,1,1,78,62,44,69,93.47,Civil Engineer,Not Placed,0.4429,0.0
STU00248,22,Male,Telangana,Warangal,Tier 1,Tier 3,CSE,B.Tech,7.8,0,Yes,1,3,68,69,56,65,96.52,Software Developer,Placed,0.6805,6.55
STU00249,21,Male,West Bengal,Kolkata,Tier 2,Tier 2,CSE,B.Tech,7.79,0,Yes,0,2,66,90,89,84,71.99,Software Developer,Placed,0.7567,3.56
STU00250,21,Male,West Bengal,Kolkata,Tier 2,Tier 2,Civil,B.Tech,8.06,2,Yes,3,2,84,40,55,83,73.32,Civil Engineer,Not Placed,0.5126,0.0
STU00251,20,Female,Kerala,Kochi,Tier 1,Tier 3,Mechanical,B.Tech,8.35,0,Yes,2,1,83,51,73,64,100.0,Design Engineer,Placed,0.6637,4.77
STU00252,20,Female,Maharashtra,Nagpur,Tier 2,Tier 1,AI & ML,B.Tech,8.09,0,Yes,5,4,54,88,80,66,67.15,Machine Learning Engineer,Placed,0.8904,6.24
STU00253,20,Male,Gujarat,Vadodara,Tier 2,Tier 2,AI & ML,B.E.,8.24,0,Yes,2,3,82,73,51,60,87.36,Machine Learning Engineer,Placed,0.8014,4.81
STU00254,23,Female,Kerala,Kozhikode,Tier 1,Tier 1,ECE,B.Tech,7.15,0,No,1,1,63,53,48,77,78.06,Embedded Engineer,Placed,0.4162,2.5
STU00255,23,Female,Maharashtra,Mumbai,Tier 1,Tier 2,ECE,B.Tech,8.18,0,No,1,3,87,44,66,58,87.12,Embedded Engineer,Not Placed,0.5261,0.0
STU00256,22,Male,Uttar Pradesh,Kanpur,Tier 1,Tier 1,EEE,B.Tech,7.77,0,No,4,2,68,68,46,71,81.48,Electrical Engineer,Placed,0.6978,6.64
STU00257,24,Male,West Bengal,Kolkata,Tier 2,Tier 1,CSE,B.E.,7.23,1,Yes,2,2,72,63,70,48,92.73,Software Developer,Placed,0.5169,4.09
STU00258,24,Female,Uttar Pradesh,Lucknow,Tier 3,Tier 1,Mechanical,B.Tech,7.73,0,No,2,0,58,80,71,72,77.49,Design Engineer,Placed,0.5906,4.28
STU00259,22,Female,Gujarat,Ahmedabad,Tier 1,Tier 3,ISE,B.Tech,8.09,0,No,4,3,66,100,65,85,76.54,Full Stack Developer,Not Placed,0.8522,0.0
STU00260,23,Male,West Bengal,Kolkata,Tier 1,Tier 3,CSE,B.Tech,10.0,0,Yes,4,2,60,81,27,84,89.5,Software Developer,Placed,0.9266,3.05
STU00261,21,Female,Delhi,Delhi,Tier 2,Tier 2,Data Science,B.Tech,8.42,3,Yes,6,0,54,66,59,44,82.06,Data Scientist,Not Placed,0.4736,0.0
STU00262,22,Female,Gujarat,Surat,Tier 2,Tier 2,Data Science,B.Tech,8.09,0,No,2,4,77,69,57,72,97.16,Data Scientist,Placed,0.7288,3.36
STU00263,21,Male,Maharashtra,Pune,Tier 3,Tier 1,Civil,B.E.,9.43,1,No,1,3,85,100,76,70,74.04,Civil Engineer,Placed,0.8121,6.57
STU00264,21,Female,Kerala,Kozhikode,Tier 2,Tier 1,Data Science,B.Tech,10.0,1,Yes,3,1,80,82,72,81,68.32,Data Scientist,Placed,0.9027,7.12
STU00265,22,Male,Andhra Pradesh,Vijayawada,Tier 3,Tier 2,ISE,B.Tech,6.13,0,Yes,1,3,74,77,56,82,80.96,Full Stack Developer,Placed,0.6237,4.37
STU00266,22,Female,Telangana,Hyderabad,Tier 1,Tier 3,CSE,B.Tech,8.09,0,No,0,1,77,68,89,93,81.16,Software Developer,Not Placed,0.6188,0.0
STU00267,23,Female,Uttar Pradesh,Kanpur,Tier 1,Tier 1,EEE,B.E.,7.91,0,No,1,2,66,43,45,50,93.0,Electrical Engineer,Not Placed,0.4093,0.0
STU00268,21,Male,Andhra Pradesh,Visakhapatnam,Tier 2,Tier 2,CSE,B.Tech,7.58,0,Yes,2,1,73,67,62,47,77.5,Software Developer,Not Placed,0.6283,0.0
STU00269,21,Male,Andhra Pradesh,Visakhapatnam,Tier 1,Tier 2,CSE,B.Tech,8.05,0,Yes,1,2,66,57,55,69,77.69,Software Developer,Placed,0.6584,4.51
STU00270,24,Female,Delhi,New Delhi,Tier 3,Tier 3,CSE,B.E.,7.77,0,Yes,3,0,65,75,66,73,90.07,Software Developer,Placed,0.7255,5.6
STU00271,20,Female,Gujarat,Vadodara,Tier 3,Tier 2,Mechanical,B.E.,8.98,1,Yes,6,1,81,63,79,43,77.98,Design Engineer,Not Placed,0.7781,0.0
STU00272,24,Male,West Bengal,Durgapur,Tier 1,Tier 1,AI & ML,B.Tech,8.5,1,Yes,2,0,96,93,91,63,82.21,Machine Learning Engineer,Not Placed,0.8098,0.0
STU00273,24,Female,Maharashtra,Pune,Tier 2,Tier 1,Data Science,B.Tech,7.65,0,Yes,2,0,69,61,60,77,86.22,Data Scientist,Not Placed,0.6866,0.0
STU00274,20,Male,Tamil Nadu,Chennai,Tier 1,Tier 2,ISE,B.E.,10.0,0,Yes,0,0,69,87,79,79,76.46,Full Stack Developer,Placed,0.8644,5.37
STU00275,24,Male,Karnataka,Bengaluru,Tier 1,Tier 1,EEE,B.Tech,6.14,1,Yes,0,0,75,28,98,78,63.81,Electrical Engineer,Not Placed,0.2034,0.0
STU00276,23,Male,Karnataka,Bengaluru,Tier 3,Tier 1,EEE,B.Tech,8.5,1,No,0,2,68,48,56,89,82.97,Electrical Engineer,Not Placed,0.4636,0.0
STU00277,22,Male,Delhi,New Delhi,Tier 1,Tier 3,CSE,B.Tech,7.44,0,Yes,1,2,58,96,77,64,78.03,Software Developer,Placed,0.701,5.93
STU00278,20,Female,Tamil Nadu,Madurai,Tier 2,Tier 1,CSE,B.Tech,7.98,0,No,4,1,69,89,82,75,88.11,Software Developer,Placed,0.8057,4.03
STU00279,23,Female,Telangana,Warangal,Tier 2,Tier 3,Mechanical,B.Tech,6.26,0,No,3,1,45,64,69,68,79.59,Design Engineer,Not Placed,0.331,0.0
STU00280,23,Male,Maharashtra,Mumbai,Tier 2,Tier 3,CSE,B.Tech,6.59,0,No,0,2,62,81,51,59,97.91,Software Developer,Not Placed,0.3907,0.0
STU00281,24,Male,Andhra Pradesh,Vijayawada,Tier 2,Tier 3,ECE,B.Tech,8.79,1,Yes,2,2,80,96,86,71,84.32,Embedded Engineer,Placed,0.8,2.5
STU00282,22,Female,Karnataka,Mysuru,Tier 2,Tier 3,ECE,B.Tech,8.13,0,Yes,3,0,54,79,60,76,85.72,Embedded Engineer,Placed,0.7229,6.21
STU00283,21,Male,Telangana,Karimnagar,Tier 3,Tier 2,ECE,B.Tech,9.37,2,No,1,0,100,94,63,56,85.51,Embedded Engineer,Not Placed,0.6153,0.0
STU00284,20,Female,Gujarat,Ahmedabad,Tier 2,Tier 2,CSE,B.E.,8.65,0,Yes,1,2,56,92,86,73,70.24,Software Developer,Placed,0.8155,5.14
STU00285,23,Female,Kerala,Kozhikode,Tier 2,Tier 3,AI & ML,B.Tech,9.57,1,No,1,1,72,76,55,38,72.56,Machine Learning Engineer,Not Placed,0.5751,0.0
STU00286,20,Male,Telangana,Karimnagar,Tier 2,Tier 3,AI & ML,B.Tech,8.06,0,Yes,2,1,65,100,48,74,79.49,Machine Learning Engineer,Not Placed,0.8152,0.0
STU00287,24,Male,Maharashtra,Pune,Tier 2,Tier 3,EEE,B.Tech,5.45,0,Yes,4,5,34,46,50,81,80.89,Electrical Engineer,Not Placed,0.4163,0.0
STU00288,24,Male,Uttar Pradesh,Lucknow,Tier 3,Tier 2,ECE,B.Tech,7.05,0,Yes,1,3,65,36,71,86,89.95,Embedded Engineer,Placed,0.4933,4.4
STU00289,22,Male,West Bengal,Kolkata,Tier 2,Tier 3,AI & ML,B.E.,7.52,0,No,1,2,64,73,93,79,80.75,Machine Learning Engineer,Not Placed,0.5676,0.0
STU00290,20,Female,Uttar Pradesh,Kanpur,Tier 2,Tier 2,CSE,B.Tech,7.36,0,No,1,4,82,60,75,60,72.72,Software Developer,Not Placed,0.5592,0.0
STU00291,21,Female,Delhi,Delhi,Tier 3,Tier 3,CSE,B.E.,7.85,0,Yes,0,3,68,73,77,72,95.16,Software Developer,Placed,0.6802,2.5
STU00292,21,Female,Telangana,Karimnagar,Tier 1,Tier 1,Civil,B.Tech,8.91,0,No,3,3,64,64,86,87,76.26,Civil Engineer,Placed,0.793,3.45
STU00293,23,Female,Delhi,Delhi,Tier 1,Tier 3,ECE,B.E.,8.94,0,Yes,2,5,76,80,73,91,100.0,Embedded Engineer,Placed,0.8915,4.66
STU00294,20,Male,Gujarat,Ahmedabad,Tier 1,Tier 2,ECE,B.E.,6.34,0,No,1,1,45,75,52,67,91.51,Embedded Engineer,Not Placed,0.3182,0.0
STU00295,23,Female,Andhra Pradesh,Vijayawada,Tier 1,Tier 2,Data Science,B.Tech,7.28,0,No,2,0,75,89,72,55,77.81,Data Scientist,Placed,0.5884,6.58
STU00296,20,Male,Andhra Pradesh,Visakhapatnam,Tier 1,Tier 1,Mechanical,B.Tech,7.91,1,No,2,2,48,76,98,71,93.88,Design Engineer,Not Placed,0.4993,0.0
STU00297,20,Female,Maharashtra,Nagpur,Tier 3,Tier 1,AI & ML,B.Tech,9.52,0,Yes,4,3,65,96,100,82,82.58,Machine Learning Engineer,Not Placed,0.9492,0.0
STU00298,23,Male,Maharashtra,Pune,Tier 1,Tier 1,ECE,B.Tech,7.71,0,No,4,1,36,68,51,66,83.58,Embedded Engineer,Placed,0.5669,6.41
STU00299,21,Male,Karnataka,Bengaluru,Tier 1,Tier 3,CSE,B.E.,8.35,0,Yes,0,2,72,100,80,89,79.43,Software Developer,Placed,0.8346,5.05
STU00300,23,Male,Karnataka,Mangaluru,Tier 1,Tier 2,CSE,B.Tech,8.67,0,Yes,1,3,74,62,47,76,68.09,Software Developer,Placed,0.7873,4.52
STU00301,23,Male,Gujarat,Surat,Tier 1,Tier 2,Civil,B.E.,9.35,0,Yes,2,1,76,63,33,56,81.67,Civil Engineer,Placed,0.7766,5.52
STU00302,21,Male,Delhi,New Delhi,Tier 1,Tier 2,EEE,B.E.,8.68,0,Yes,4,1,66,77,74,57,83.75,Electrical Engineer,Placed,0.8094,6.23
STU00303,22,Female,West Bengal,Durgapur,Tier 2,Tier 2,CSE,B.Tech,8.94,1,Yes,0,2,89,100,71,46,69.53,Software Developer,Placed,0.7694,6.1
STU00304,23,Female,Telangana,Hyderabad,Tier 2,Tier 3,Data Science,B.E.,6.94,0,Yes,0,2,62,68,62,57,81.94,Data Scientist,Not Placed,0.4761,0.0
STU00305,24,Male,Andhra Pradesh,Tirupati,Tier 2,Tier 1,AI & ML,B.Tech,7.47,1,Yes,0,0,85,56,34,60,69.18,Machine Learning Engineer,Not Placed,0.4471,0.0
STU00306,21,Male,Kerala,Thiruvananthapuram,Tier 2,Tier 3,AI & ML,B.Tech,8.56,0,No,0,3,73,86,68,91,73.94,Machine Learning Engineer,Placed,0.7592,5.68
STU00307,24,Female,West Bengal,Kolkata,Tier 2,Tier 3,EEE,B.Tech,7.75,0,Yes,1,3,56,64,61,67,73.29,Electrical Engineer,Placed,0.5925,7.18
STU00308,22,Female,Tamil Nadu,Chennai,Tier 1,Tier 3,CSE,B.Tech,7.21,0,Yes,5,1,61,52,43,68,77.25,Software Developer,Placed,0.659,3.52
STU00309,22,Female,Karnataka,Mangaluru,Tier 2,Tier 3,AI & ML,B.E.,6.82,0,Yes,3,2,61,85,82,41,81.1,Machine Learning Engineer,Not Placed,0.6203,0.0
STU00310,23,Female,Karnataka,Bengaluru,Tier 1,Tier 2,Mechanical,B.Tech,7.68,0,Yes,2,1,90,73,50,45,93.95,Design Engineer,Placed,0.67,4.3
STU00311,22,Female,Maharashtra,Pune,Tier 2,Tier 2,EEE,B.E.,7.38,0,No,1,0,88,43,50,89,88.41,Electrical Engineer,Placed,0.4525,4.92
STU00312,24,Female,Delhi,Delhi,Tier 2,Tier 3,ECE,B.Tech,8.02,0,No,1,0,88,83,86,58,80.29,Embedded Engineer,Not Placed,0.5908,0.0
STU00313,21,Male,Uttar Pradesh,Kanpur,Tier 1,Tier 2,ECE,B.Tech,8.41,1,No,4,2,60,48,57,87,79.05,Embedded Engineer,Placed,0.5724,4.23
STU00314,24,Female,Uttar Pradesh,Lucknow,Tier 2,Tier 2,AI & ML,B.Tech,9.36,1,Yes,2,2,72,80,76,86,98.57,Machine Learning Engineer,Placed,0.8414,5.01
STU00315,24,Female,West Bengal,Durgapur,Tier 2,Tier 2,AI & ML,B.Tech,8.84,0,Yes,2,2,70,65,52,42,82.52,Machine Learning Engineer,Placed,0.743,4.43
STU00316,24,Female,Delhi,Delhi,Tier 2,Tier 2,CSE,B.E.,8.35,0,No,2,2,85,67,65,77,77.68,Software Developer,Placed,0.7365,4.62
STU00317,22,Male,Telangana,Karimnagar,Tier 2,Tier 3,ECE,B.Tech,8.85,1,No,2,0,58,68,70,69,77.84,Embedded Engineer,Not Placed,0.4932,0.0
STU00318,24,Male,Uttar Pradesh,Kanpur,Tier 1,Tier 2,CSE,B.Tech,8.37,0,No,0,2,35,98,55,84,78.64,Software Developer,Placed,0.6722,3.58
STU00319,21,Female,Kerala,Thiruvananthapuram,Tier 1,Tier 1,Data Science,B.Tech,7.87,0,Yes,1,3,71,54,46,82,78.11,Data Scientist,Placed,0.7229,4.28
STU00320,22,Male,Gujarat,Ahmedabad,Tier 3,Tier 1,CSE,B.E.,7.69,0,Yes,3,2,80,59,46,61,70.32,Software Developer,Not Placed,0.7471,0.0
STU00321,23,Male,Andhra Pradesh,Tirupati,Tier 1,Tier 3,CSE,B.Tech,7.84,1,Yes,4,2,62,86,68,96,90.37,Software Developer,Placed,0.7974,4.04
STU00322,23,Male,Uttar Pradesh,Kanpur,Tier 2,Tier 2,ISE,B.E.,7.9,2,No,3,2,64,65,81,59,97.64,Full Stack Developer,Placed,0.402,6.08
STU00323,24,Female,Maharashtra,Mumbai,Tier 2,Tier 2,Civil,B.Tech,7.76,0,No,1,2,67,30,32,91,100.0,Civil Engineer,Placed,0.4303,3.62
STU00324,23,Female,Maharashtra,Mumbai,Tier 2,Tier 3,EEE,B.Tech,8.28,1,No,3,3,91,60,67,60,79.78,Electrical Engineer,Placed,0.5836,5.28
STU00325,22,Male,Telangana,Hyderabad,Tier 3,Tier 1,AI & ML,B.E.,7.0,0,Yes,1,1,73,46,51,44,78.85,Machine Learning Engineer,Placed,0.448,2.88
STU00326,20,Female,Tamil Nadu,Coimbatore,Tier 1,Tier 3,Civil,B.Tech,7.26,0,Yes,2,1,67,84,71,85,78.75,Civil Engineer,Placed,0.6991,3.22
STU00327,22,Female,West Bengal,Durgapur,Tier 2,Tier 2,CSE,B.Tech,5.86,0,Yes,1,2,66,75,80,70,67.55,Software Developer,Not Placed,0.5026,0.0
STU00328,22,Female,Telangana,Karimnagar,Tier 1,Tier 3,EEE,B.E.,7.57,0,No,2,4,79,31,46,65,74.7,Electrical Engineer,Not Placed,0.4461,0.0
STU00329,20,Female,Maharashtra,Nagpur,Tier 2,Tier 2,CSE,B.Tech,7.18,0,No,1,2,53,46,54,78,85.04,Software Developer,Not Placed,0.394,0.0
STU00330,20,Female,Karnataka,Mangaluru,Tier 2,Tier 1,AI & ML,B.Tech,8.11,1,Yes,2,3,59,92,82,83,83.33,Machine Learning Engineer,Placed,0.7941,5.55
STU00331,20,Female,West Bengal,Kolkata,Tier 2,Tier 1,Data Science,B.E.,7.82,0,Yes,3,1,65,100,89,56,80.31,Data Scientist,Not Placed,0.8234,0.0
STU00332,22,Male,Tamil Nadu,Coimbatore,Tier 1,Tier 2,ECE,B.Tech,8.89,1,Yes,2,3,85,75,78,70,87.3,Embedded Engineer,Placed,0.7824,3.42
STU00333,20,Female,Karnataka,Bengaluru,Tier 1,Tier 1,AI & ML,B.E.,9.05,0,No,4,0,76,80,55,71,77.42,Machine Learning Engineer,Not Placed,0.8423,0.0
STU00334,22,Male,Maharashtra,Nagpur,Tier 1,Tier 3,EEE,B.Tech,7.63,0,No,2,0,78,75,78,74,76.45,Electrical Engineer,Placed,0.5739,4.01
STU00335,22,Male,Telangana,Hyderabad,Tier 3,Tier 3,Data Science,B.Tech,7.47,0,No,2,0,69,83,51,66,86.32,Data Scientist,Not Placed,0.5778,0.0
STU00336,20,Female,Tamil Nadu,Madurai,Tier 2,Tier 2,Mechanical,B.Tech,8.85,0,No,1,2,96,67,44,82,85.42,Design Engineer,Placed,0.7533,3.89
STU00337,22,Male,Delhi,New Delhi,Tier 3,Tier 1,ECE,B.Tech,9.31,0,No,1,3,77,92,82,82,96.9,Embedded Engineer,Placed,0.8535,5.83
STU00338,23,Male,Tamil Nadu,Coimbatore,Tier 2,Tier 3,CSE,B.Tech,7.57,0,Yes,0,1,56,67,58,84,94.32,Software Developer,Placed,0.5802,5.4
STU00339,21,Female,Maharashtra,Pune,Tier 2,Tier 2,CSE,B.Tech,7.6,0,No,2,1,61,77,40,58,76.16,Software Developer,Not Placed,0.5629,0.0
STU00340,23,Female,Gujarat,Vadodara,Tier 2,Tier 1,EEE,B.Tech,6.71,0,Yes,4,0,60,20,32,51,91.17,Electrical Engineer,Not Placed,0.3566,0.0
STU00341,24,Male,Delhi,New Delhi,Tier 3,Tier 1,ISE,B.Tech,6.88,0,Yes,1,0,72,67,59,67,86.26,Full Stack Developer,Placed,0.5695,5.69
STU00342,21,Male,Telangana,Hyderabad,Tier 2,Tier 3,ECE,B.E.,7.48,3,Yes,0,0,61,57,62,60,78.47,Embedded Engineer,Not Placed,0.1508,0.0
STU00343,24,Female,Karnataka,Bengaluru,Tier 1,Tier 2,Data Science,B.Tech,7.62,0,Yes,0,5,52,70,44,66,81.27,Data Scientist,Not Placed,0.6486,0.0
STU00344,21,Other,Gujarat,Surat,Tier 2,Tier 2,Data Science,B.Tech,8.32,1,Yes,2,5,72,81,55,88,78.23,Data Scientist,Placed,0.8234,2.88
STU00345,21,Male,Maharashtra,Nagpur,Tier 3,Tier 3,Data Science,B.E.,7.67,1,No,2,3,51,82,36,62,90.63,Data Scientist,Placed,0.4929,3.63
STU00346,20,Female,Tamil Nadu,Madurai,Tier 1,Tier 3,EEE,B.Tech,8.78,1,Yes,3,4,88,71,71,34,80.77,Electrical Engineer,Placed,0.7237,4.13
STU00347,24,Male,Gujarat,Ahmedabad,Tier 2,Tier 2,Data Science,B.Tech,8.51,0,Yes,2,3,65,98,30,75,78.86,Data Scientist,Not Placed,0.8747,0.0
STU00348,21,Male,Uttar Pradesh,Noida,Tier 2,Tier 3,AI & ML,B.Tech,6.66,3,No,3,1,81,64,54,70,83.84,Machine Learning Engineer,Not Placed,0.2198,0.0
STU00349,20,Female,Delhi,Delhi,Tier 2,Tier 1,EEE,B.Tech,8.07,0,No,2,3,80,64,56,73,85.37,Electrical Engineer,Placed,0.6921,6.37
STU00350,24,Male,Kerala,Thiruvananthapuram,Tier 2,Tier 1,ECE,B.E.,10.0,0,Yes,2,2,78,64,74,61,85.77,Embedded Engineer,Placed,0.8653,6.05
STU00351,24,Male,Delhi,Delhi,Tier 1,Tier 3,Mechanical,B.Tech,7.37,0,No,3,0,57,57,21,60,87.13,Design Engineer,Placed,0.4053,4.61
STU00352,20,Male,Delhi,New Delhi,Tier 3,Tier 3,ISE,B.Tech,8.78,0,Yes,2,2,52,98,77,60,78.64,Full Stack Developer,Placed,0.8246,3.92
STU00353,20,Male,Gujarat,Surat,Tier 3,Tier 2,CSE,B.Tech,8.57,0,Yes,2,2,71,62,52,92,92.61,Software Developer,Placed,0.8171,4.38
STU00354,20,Male,Kerala,Kozhikode,Tier 3,Tier 2,Civil,B.Tech,7.8,0,Yes,3,2,67,61,56,81,83.92,Civil Engineer,Not Placed,0.7283,0.0
STU00355,21,Female,Tamil Nadu,Chennai,Tier 2,Tier 3,Mechanical,B.E.,9.04,0,No,0,1,57,72,60,66,82.27,Design Engineer,Placed,0.5668,3.56
STU00356,22,Female,Andhra Pradesh,Vijayawada,Tier 1,Tier 2,CSE,B.Tech,7.17,0,Yes,0,0,68,90,53,81,80.36,Software Developer,Placed,0.6563,3.98
STU00357,20,Male,Gujarat,Ahmedabad,Tier 3,Tier 1,EEE,B.Tech,6.43,1,No,2,1,53,61,80,60,78.05,Electrical Engineer,Not Placed,0.2476,0.0
STU00358,20,Female,Delhi,Delhi,Tier 3,Tier 2,Mechanical,B.E.,9.38,0,No,3,3,66,66,44,81,83.37,Design Engineer,Placed,0.8058,2.5
STU00359,23,Male,Kerala,Kochi,Tier 1,Tier 3,ECE,B.Tech,7.54,1,Yes,1,2,86,49,27,82,85.52,Embedded Engineer,Not Placed,0.4999,0.0
STU00360,21,Female,Tamil Nadu,Chennai,Tier 2,Tier 2,CSE,B.Tech,7.97,0,Yes,4,3,74,72,74,74,70.44,Software Developer,Placed,0.8439,4.91
STU00361,21,Male,Telangana,Karimnagar,Tier 3,Tier 2,Data Science,B.Tech,10.0,0,Yes,5,4,83,86,88,64,72.43,Data Scientist,Placed,0.9578,5.04
STU00362,21,Male,Karnataka,Bengaluru,Tier 2,Tier 1,ECE,B.Tech,6.57,2,Yes,5,4,68,60,76,72,83.23,Embedded Engineer,Not Placed,0.5244,0.0
STU00363,23,Female,Kerala,Kochi,Tier 1,Tier 3,ECE,B.Tech,9.66,0,No,2,0,93,59,25,48,80.48,Embedded Engineer,Placed,0.6883,5.86
STU00364,24,Male,Maharashtra,Pune,Tier 1,Tier 2,AI & ML,B.Tech,8.92,0,No,6,3,70,71,78,69,81.52,Machine Learning Engineer,Not Placed,0.8699,0.0
STU00365,24,Female,West Bengal,Kolkata,Tier 1,Tier 3,ECE,B.Tech,8.27,0,No,3,0,82,69,74,88,81.97,Embedded Engineer,Not Placed,0.7052,0.0
STU00366,20,Female,Andhra Pradesh,Vijayawada,Tier 2,Tier 2,CSE,B.Tech,7.61,3,Yes,2,1,78,90,34,59,86.76,Software Developer,Placed,0.4518,4.72
STU00367,24,Female,Kerala,Kochi,Tier 3,Tier 2,AI & ML,B.Tech,9.84,2,No,3,3,59,82,86,44,76.13,Machine Learning Engineer,Placed,0.655,5.85
STU00368,22,Female,Telangana,Hyderabad,Tier 3,Tier 2,CSE,B.E.,7.67,0,Yes,2,2,69,68,62,84,84.68,Software Developer,Placed,0.7469,4.26
STU00369,22,Male,Delhi,New Delhi,Tier 1,Tier 2,ISE,B.E.,7.64,0,Yes,2,4,69,81,72,63,82.06,Full Stack Developer,Placed,0.777,5.17
STU00370,22,Male,Kerala,Kozhikode,Tier 2,Tier 1,ECE,B.Tech,7.22,0,Yes,1,4,49,53,77,59,78.39,Embedded Engineer,Placed,0.5148,2.5
STU00371,21,Male,Gujarat,Vadodara,Tier 1,Tier 2,ISE,B.Tech,7.93,0,No,0,4,77,93,82,88,89.56,Full Stack Developer,Not Placed,0.7657,0.0
STU00372,20,Male,Gujarat,Ahmedabad,Tier 1,Tier 3,Mechanical,B.Tech,8.56,0,No,3,0,56,74,72,89,58.82,Design Engineer,Placed,0.6885,6.15
STU00373,24,Female,Maharashtra,Pune,Tier 2,Tier 1,ECE,B.Tech,7.9,1,No,1,5,86,60,86,53,87.67,Embedded Engineer,Placed,0.5162,4.25
STU00374,21,Female,Uttar Pradesh,Lucknow,Tier 2,Tier 2,Data Science,B.Tech,7.14,0,Yes,0,1,51,68,58,66,91.72,Data Scientist,Placed,0.4878,5.25
STU00375,24,Female,Maharashtra,Nagpur,Tier 3,Tier 2,Civil,B.Tech,7.32,0,No,1,5,65,44,48,85,75.34,Civil Engineer,Placed,0.4939,2.93
STU00376,22,Female,Karnataka,Mangaluru,Tier 1,Tier 1,EEE,B.Tech,7.32,2,No,2,1,48,81,54,85,87.16,Electrical Engineer,Not Placed,0.3632,0.0
STU00377,24,Male,Maharashtra,Nagpur,Tier 3,Tier 1,EEE,B.Tech,8.23,1,Yes,0,3,71,64,68,73,73.85,Electrical Engineer,Not Placed,0.6019,0.0
STU00378,20,Female,Tamil Nadu,Madurai,Tier 3,Tier 3,ECE,B.Tech,6.76,0,No,0,2,77,59,56,51,81.18,Embedded Engineer,Not Placed,0.3036,0.0
STU00379,24,Other,Tamil Nadu,Coimbatore,Tier 3,Tier 2,EEE,B.Tech,6.35,0,Yes,3,1,47,83,86,52,76.95,Electrical Engineer,Not Placed,0.5096,0.0
STU00380,20,Male,Tamil Nadu,Coimbatore,Tier 1,Tier 2,Data Science,B.Tech,7.06,1,Yes,3,0,52,72,46,54,85.27,Data Scientist,Not Placed,0.4616,0.0
STU00381,21,Male,Karnataka,Mangaluru,Tier 2,Tier 3,AI & ML,B.Tech,9.4,1,Yes,0,5,61,75,70,68,85.29,Machine Learning Engineer,Not Placed,0.7516,0.0
STU00382,24,Male,Kerala,Kozhikode,Tier 2,Tier 1,ECE,B.Tech,8.0,0,No,2,6,56,86,47,69,84.02,Embedded Engineer,Placed,0.7575,4.88
STU00383,20,Male,Tamil Nadu,Coimbatore,Tier 3,Tier 3,ECE,B.Tech,8.23,0,No,0,2,85,63,59,53,79.01,Embedded Engineer,Not Placed,0.5062,0.0
STU00384,21,Female,Andhra Pradesh,Visakhapatnam,Tier 1,Tier 3,ECE,B.Tech,7.63,0,Yes,0,0,70,73,58,54,78.48,Embedded Engineer,Not Placed,0.5036,0.0
STU00385,21,Male,Delhi,New Delhi,Tier 1,Tier 3,Data Science,B.E.,8.37,0,No,1,0,73,93,37,55,98.12,Data Scientist,Not Placed,0.6535,0.0
STU00386,24,Female,Kerala,Kochi,Tier 2,Tier 3,Data Science,B.Tech,7.59,0,Yes,1,1,59,87,70,50,91.33,Data Scientist,Placed,0.6221,2.83
STU00387,21,Female,West Bengal,Durgapur,Tier 2,Tier 2,Data Science,B.Tech,8.65,0,No,3,1,56,84,97,62,98.67,Data Scientist,Placed,0.7351,4.07
STU00388,23,Male,Delhi,New Delhi,Tier 2,Tier 2,AI & ML,B.Tech,7.33,0,No,1,2,72,65,64,68,97.39,Machine Learning Engineer,Placed,0.5217,3.8
STU00389,21,Female,Karnataka,Mysuru,Tier 2,Tier 1,AI & ML,B.Tech,8.2,1,No,1,3,68,60,79,73,78.86,Machine Learning Engineer,Placed,0.5433,4.34
STU00390,20,Female,Karnataka,Mysuru,Tier 1,Tier 2,EEE,B.Tech,8.42,0,No,2,2,80,64,81,80,81.57,Electrical Engineer,Placed,0.6967,4.48
STU00391,20,Male,Delhi,New Delhi,Tier 2,Tier 2,EEE,B.Tech,7.64,3,Yes,2,4,55,79,48,65,98.08,Electrical Engineer,Placed,0.3946,4.09
STU00392,21,Female,Andhra Pradesh,Visakhapatnam,Tier 3,Tier 3,AI & ML,B.Tech,6.8,0,Yes,0,2,66,49,58,63,86.49,Machine Learning Engineer,Not Placed,0.4056,0.0
STU00393,22,Male,Telangana,Hyderabad,Tier 1,Tier 2,Data Science,B.Tech,9.64,0,No,2,0,79,89,62,82,67.46,Data Scientist,Placed,0.8571,7.82
STU00394,22,Male,Andhra Pradesh,Vijayawada,Tier 3,Tier 2,ISE,B.Tech,9.14,0,Yes,1,2,78,72,61,46,72.62,Full Stack Developer,Placed,0.7836,4.55
STU00395,24,Male,West Bengal,Durgapur,Tier 2,Tier 3,EEE,B.Tech,8.16,0,Yes,3,3,66,91,74,62,77.39,Electrical Engineer,Placed,0.8127,7.71
STU00396,24,Male,Gujarat,Surat,Tier 2,Tier 3,EEE,B.E.,9.14,0,No,1,1,100,75,87,92,73.72,Electrical Engineer,Placed,0.7984,5.85
STU00397,21,Female,Gujarat,Surat,Tier 2,Tier 2,CSE,B.E.,6.71,0,No,3,2,52,58,85,52,95.39,Software Developer,Not Placed,0.4043,0.0
STU00398,24,Male,Gujarat,Surat,Tier 3,Tier 3,ISE,B.E.,7.16,0,No,1,1,57,59,69,68,83.19,Full Stack Developer,Not Placed,0.3875,0.0
STU00399,20,Male,Gujarat,Surat,Tier 2,Tier 3,AI & ML,B.Tech,9.42,2,Yes,3,5,100,77,80,59,73.19,Machine Learning Engineer,Placed,0.8327,4.75
STU00400,23,Female,Gujarat,Vadodara,Tier 1,Tier 3,CSE,B.Tech,8.74,0,Yes,5,1,76,91,81,70,78.35,Software Developer,Placed,0.905,5.66
STU00401,20,Male,Kerala,Kochi,Tier 2,Tier 2,Data Science,B.Tech,6.39,0,Yes,2,1,65,70,59,75,82.29,Data Scientist,Not Placed,0.5713,0.0
STU00402,24,Male,Karnataka,Bengaluru,Tier 1,Tier 2,CSE,B.E.,5.23,0,No,2,1,59,62,54,76,79.02,Software Developer,Not Placed,0.2914,0.0
STU00403,24,Male,Telangana,Karimnagar,Tier 2,Tier 2,AI & ML,B.Tech,8.85,1,Yes,2,2,58,63,55,67,71.24,Machine Learning Engineer,Placed,0.6762,6.22
STU00404,22,Female,Maharashtra,Pune,Tier 2,Tier 3,AI & ML,B.Tech,7.85,0,No,3,2,74,71,80,80,84.25,Machine Learning Engineer,Not Placed,0.7065,0.0
STU00405,20,Male,Gujarat,Surat,Tier 2,Tier 2,CSE,B.E.,8.19,0,No,1,2,62,46,86,86,76.41,Software Developer,Placed,0.557,3.26
STU00406,22,Male,Kerala,Kozhikode,Tier 1,Tier 3,ECE,B.Tech,8.78,0,Yes,4,3,77,78,51,68,84.4,Embedded Engineer,Placed,0.8694,5.31
STU00407,20,Female,Karnataka,Mysuru,Tier 3,Tier 3,Data Science,B.Tech,9.32,0,No,0,1,95,100,93,71,85.65,Data Scientist,Placed,0.8271,6.08
STU00408,24,Male,Gujarat,Ahmedabad,Tier 3,Tier 3,Mechanical,B.Tech,7.56,0,No,4,0,62,92,50,72,87.98,Design Engineer,Not Placed,0.672,0.0
STU00409,21,Female,Karnataka,Bengaluru,Tier 3,Tier 3,EEE,B.E.,6.2,0,Yes,0,1,47,77,45,50,86.21,Electrical Engineer,Placed,0.3139,2.62
STU00410,24,Female,Karnataka,Mysuru,Tier 2,Tier 2,AI & ML,B.Tech,8.15,1,No,1,3,76,60,84,59,85.69,Machine Learning Engineer,Not Placed,0.4896,0.0
STU00411,23,Male,Tamil Nadu,Madurai,Tier 2,Tier 3,CSE,B.E.,7.34,0,Yes,2,3,73,71,50,52,94.59,Software Developer,Placed,0.6616,6.59
STU00412,21,Male,Maharashtra,Pune,Tier 3,Tier 2,ECE,B.E.,6.69,1,No,3,3,79,72,81,85,66.03,Embedded Engineer,Not Placed,0.5182,0.0
STU00413,21,Male,Gujarat,Vadodara,Tier 2,Tier 3,AI & ML,B.Tech,7.66,0,No,1,3,55,83,65,75,76.48,Machine Learning Engineer,Not Placed,0.6129,0.0
STU00414,23,Male,Delhi,Delhi,Tier 2,Tier 2,ECE,B.Tech,9.02,0,Yes,3,1,45,72,83,82,92.39,Embedded Engineer,Placed,0.7986,3.58
STU00415,21,Other,Maharashtra,Mumbai,Tier 2,Tier 1,ISE,B.Tech,7.64,0,Yes,2,1,67,51,63,93,71.35,Full Stack Developer,Not Placed,0.7037,0.0
STU00416,23,Female,Delhi,New Delhi,Tier 2,Tier 3,ECE,B.Tech,7.26,0,Yes,1,1,40,65,47,72,87.89,Embedded Engineer,Placed,0.4606,3.6
STU00417,23,Other,Andhra Pradesh,Vijayawada,Tier 3,Tier 3,AI & ML,B.E.,7.89,0,Yes,1,2,56,94,58,100,79.03,Machine Learning Engineer,Not Placed,0.8061,0.0
STU00418,21,Male,Telangana,Hyderabad,Tier 2,Tier 1,Data Science,B.E.,8.17,2,Yes,3,0,76,95,74,52,100.0,Data Scientist,Placed,0.6666,6.77
STU00419,21,Female,Andhra Pradesh,Vijayawada,Tier 3,Tier 2,Civil,B.Tech,8.31,0,Yes,1,2,73,66,49,78,85.74,Civil Engineer,Not Placed,0.7266,0.0
STU00420,23,Male,West Bengal,Durgapur,Tier 3,Tier 3,Mechanical,B.Tech,8.95,0,No,3,1,67,86,86,79,77.39,Design Engineer,Placed,0.7854,3.91
STU00421,23,Male,Karnataka,Bengaluru,Tier 1,Tier 1,ECE,B.E.,9.49,0,Yes,1,3,70,50,54,45,90.61,Embedded Engineer,Placed,0.7328,4.56
STU00422,24,Female,Gujarat,Vadodara,Tier 3,Tier 2,Data Science,B.Tech,8.26,1,Yes,2,0,70,86,51,78,56.44,Data Scientist,Placed,0.7237,4.08
STU00423,24,Female,West Bengal,Durgapur,Tier 2,Tier 2,ISE,B.Tech,7.3,1,Yes,2,3,68,60,69,60,89.71,Full Stack Developer,Not Placed,0.5301,0.0
STU00424,21,Male,Karnataka,Mangaluru,Tier 2,Tier 2,Mechanical,B.Tech,8.02,1,Yes,2,3,57,73,85,73,79.66,Design Engineer,Placed,0.6351,5.28
STU00425,21,Male,Maharashtra,Nagpur,Tier 1,Tier 2,EEE,B.Tech,7.98,0,Yes,2,5,69,84,66,61,89.01,Electrical Engineer,Placed,0.7997,2.57
STU00426,23,Male,West Bengal,Durgapur,Tier 2,Tier 2,ISE,B.Tech,9.75,2,No,2,0,66,91,58,53,91.17,Full Stack Developer,Placed,0.6161,4.9
STU00427,23,Female,Tamil Nadu,Madurai,Tier 1,Tier 2,CSE,B.E.,6.52,1,Yes,1,4,58,67,70,69,82.97,Software Developer,Placed,0.4511,2.5
STU00428,23,Male,Maharashtra,Pune,Tier 1,Tier 2,CSE,B.Tech,7.13,0,No,1,2,75,71,57,60,87.04,Software Developer,Placed,0.5117,2.86
STU00429,23,Female,Gujarat,Vadodara,Tier 1,Tier 3,EEE,B.Tech,7.84,0,No,2,6,51,35,27,66,80.62,Electrical Engineer,Placed,0.4628,2.5
STU00430,23,Female,Tamil Nadu,Madurai,Tier 2,Tier 2,CSE,B.Tech,8.49,0,Yes,2,2,75,54,58,44,74.46,Software Developer,Placed,0.6877,4.42
STU00431,20,Male,West Bengal,Durgapur,Tier 1,Tier 1,EEE,B.Tech,7.87,1,Yes,4,1,78,68,97,59,95.42,Electrical Engineer,Placed,0.681,5.29
STU00432,23,Male,Karnataka,Mangaluru,Tier 3,Tier 2,CSE,B.Tech,8.58,0,No,2,2,62,74,55,71,82.06,Software Developer,Placed,0.713,3.95
STU00433,21,Female,Karnataka,Mysuru,Tier 2,Tier 1,Mechanical,B.Tech,7.51,0,Yes,0,1,63,55,71,100,92.69,Design Engineer,Not Placed,0.6002,0.0
STU00434,23,Male,Uttar Pradesh,Kanpur,Tier 3,Tier 1,Data Science,B.Tech,8.16,2,No,3,2,95,81,75,79,81.46,Data Scientist,Placed,0.6763,8.04
STU00435,20,Male,West Bengal,Durgapur,Tier 2,Tier 2,CSE,B.Tech,7.15,0,No,4,5,76,63,48,76,80.43,Software Developer,Placed,0.7221,5.11
STU00436,24,Male,Karnataka,Mangaluru,Tier 3,Tier 1,Data Science,B.Tech,9.62,0,Yes,1,4,64,67,51,54,78.86,Data Scientist,Placed,0.8401,5.26
STU00437,24,Male,West Bengal,Durgapur,Tier 1,Tier 3,AI & ML,B.Tech,8.02,0,No,0,3,59,84,79,62,79.21,Machine Learning Engineer,Not Placed,0.587,0.0
STU00438,24,Male,West Bengal,Kolkata,Tier 2,Tier 3,CSE,B.Tech,7.63,0,Yes,2,1,48,84,64,52,100.0,Software Developer,Not Placed,0.631,0.0
STU00439,22,Male,Maharashtra,Nagpur,Tier 2,Tier 3,Data Science,B.E.,6.94,0,No,1,1,73,70,93,41,90.57,Data Scientist,Not Placed,0.3803,0.0
STU00440,21,Female,West Bengal,Kolkata,Tier 3,Tier 2,Mechanical,B.E.,7.54,0,Yes,1,1,81,68,74,52,82.81,Design Engineer,Placed,0.5877,3.82
STU00441,21,Male,Andhra Pradesh,Visakhapatnam,Tier 2,Tier 3,Data Science,B.Tech,7.73,1,Yes,2,2,71,52,94,52,85.23,Data Scientist,Placed,0.4825,3.44
STU00442,20,Male,Gujarat,Vadodara,Tier 3,Tier 2,Data Science,B.Tech,7.06,0,No,2,2,79,100,77,60,80.54,Data Scientist,Placed,0.6828,4.68
STU00443,21,Female,West Bengal,Kolkata,Tier 1,Tier 1,CSE,B.E.,8.63,0,Yes,3,2,85,90,81,75,82.81,Software Developer,Placed,0.9083,5.35
STU00444,20,Female,Delhi,New Delhi,Tier 3,Tier 1,CSE,B.Tech,7.43,1,No,1,3,62,66,78,43,87.85,Software Developer,Not Placed,0.3783,0.0
STU00445,22,Male,Kerala,Kochi,Tier 1,Tier 2,Data Science,B.Tech,9.21,0,Yes,2,0,79,63,61,71,89.48,Data Scientist,Placed,0.81,5.16
STU00446,23,Female,Kerala,Kochi,Tier 1,Tier 2,EEE,B.Tech,8.28,0,Yes,0,1,65,51,50,74,77.47,Electrical Engineer,Not Placed,0.5672,0.0
STU00447,21,Female,Tamil Nadu,Coimbatore,Tier 2,Tier 3,Data Science,B.E.,8.29,0,Yes,3,3,74,89,68,76,77.82,Data Scientist,Placed,0.8703,5.61
STU00448,21,Female,Tamil Nadu,Chennai,Tier 1,Tier 2,Civil,B.Tech,7.8,0,No,1,3,62,72,54,77,68.34,Civil Engineer,Placed,0.5896,2.5
STU00449,23,Female,Kerala,Thiruvananthapuram,Tier 1,Tier 1,CSE,B.E.,7.27,0,No,1,2,66,98,80,59,80.35,Software Developer,Not Placed,0.6447,0.0
STU00450,22,Male,Delhi,New Delhi,Tier 3,Tier 2,CSE,B.Tech,8.56,0,No,3,1,78,81,87,85,71.89,Software Developer,Placed,0.8121,3.96
STU00451,20,Male,Kerala,Kochi,Tier 2,Tier 2,Mechanical,B.E.,7.35,1,Yes,0,2,80,45,56,69,85.56,Design Engineer,Placed,0.3816,5.45
STU00452,24,Male,Kerala,Thiruvananthapuram,Tier 2,Tier 3,ISE,B.E.,9.62,0,Yes,2,2,41,83,87,82,91.46,Full Stack Developer,Placed,0.8568,6.1
STU00453,20,Male,Andhra Pradesh,Vijayawada,Tier 3,Tier 2,Data Science,B.Tech,7.69,0,No,2,1,91,77,40,70,67.71,Data Scientist,Placed,0.6897,4.19
STU00454,22,Female,Karnataka,Mysuru,Tier 2,Tier 3,Data Science,B.Tech,8.15,3,No,1,3,75,55,34,61,82.94,Data Scientist,Not Placed,0.2495,0.0
STU00455,22,Male,Delhi,New Delhi,Tier 3,Tier 3,ECE,B.Tech,6.61,0,Yes,2,4,100,38,44,65,78.94,Embedded Engineer,Not Placed,0.5446,0.0
STU00456,23,Female,Telangana,Karimnagar,Tier 1,Tier 2,CSE,B.E.,8.47,0,Yes,4,2,60,79,71,71,83.21,Software Developer,Not Placed,0.8503,0.0
STU00457,22,Male,Gujarat,Ahmedabad,Tier 2,Tier 2,AI & ML,B.Tech,8.17,1,No,2,1,79,70,96,78,83.88,Machine Learning Engineer,Placed,0.5964,4.19
STU00458,20,Female,Gujarat,Ahmedabad,Tier 2,Tier 2,CSE,B.Tech,7.81,0,Yes,2,3,70,84,75,94,81.22,Software Developer,Placed,0.841,4.79
STU00459,22,Male,Delhi,Delhi,Tier 1,Tier 3,CSE,B.E.,8.2,0,Yes,1,2,74,70,76,92,79.16,Software Developer,Placed,0.7776,4.57
STU00460,24,Male,Maharashtra,Nagpur,Tier 1,Tier 3,AI & ML,B.Tech,7.96,0,Yes,1,2,67,54,27,74,78.93,Machine Learning Engineer,Placed,0.6358,3.63
STU00461,23,Male,Gujarat,Vadodara,Tier 1,Tier 2,CSE,B.Tech,8.37,0,Yes,5,3,72,75,35,76,80.81,Software Developer,Placed,0.8913,5.17
STU00462,23,Male,Telangana,Hyderabad,Tier 1,Tier 2,Civil,B.E.,7.8,0,No,4,0,79,70,89,77,81.49,Civil Engineer,Not Placed,0.684,0.0
STU00463,23,Female,Delhi,New Delhi,Tier 2,Tier 3,CSE,B.Tech,6.47,0,Yes,1,1,80,44,67,43,75.49,Software Developer,Not Placed,0.3525,0.0
STU00464,21,Male,Maharashtra,Mumbai,Tier 2,Tier 3,ECE,B.Tech,7.79,2,No,1,2,62,61,93,44,76.02,Embedded Engineer,Not Placed,0.2119,0.0
STU00465,24,Male,Tamil Nadu,Chennai,Tier 1,Tier 3,ECE,B.Tech,8.25,0,No,3,0,84,40,70,56,82.16,Embedded Engineer,Not Placed,0.4961,0.0
STU00466,23,Other,Gujarat,Vadodara,Tier 2,Tier 2,Mechanical,B.E.,5.81,0,Yes,2,1,48,64,68,56,67.99,Design Engineer,Not Placed,0.3395,0.0
STU00467,24,Female,Tamil Nadu,Coimbatore,Tier 2,Tier 2,AI & ML,B.E.,7.6,0,Yes,1,2,47,95,66,66,88.22,Machine Learning Engineer,Placed,0.7062,6.14
STU00468,21,Female,West Bengal,Kolkata,Tier 2,Tier 3,Data Science,B.E.,6.25,0,No,3,3,63,46,49,61,99.99,Data Scientist,Not Placed,0.3658,0.0
STU00469,23,Male,Kerala,Thiruvananthapuram,Tier 1,Tier 1,Civil,B.Tech,6.33,1,Yes,0,0,76,77,50,74,67.24,Civil Engineer,Not Placed,0.3923,0.0
STU00470,20,Female,Andhra Pradesh,Visakhapatnam,Tier 3,Tier 3,Mechanical,B.Tech,7.98,1,No,1,4,63,63,78,100,92.17,Design Engineer,Placed,0.5347,3.96
STU00471,24,Male,Delhi,Delhi,Tier 2,Tier 2,CSE,B.Tech,6.93,0,Yes,3,0,61,69,58,66,85.35,Software Developer,Placed,0.6073,3.81
STU00472,20,Female,Delhi,New Delhi,Tier 1,Tier 3,ECE,B.Tech,6.72,0,No,4,1,59,99,62,61,72.84,Embedded Engineer,Placed,0.5977,4.17
STU00473,21,Male,Gujarat,Ahmedabad,Tier 3,Tier 2,AI & ML,B.E.,7.65,0,No,3,3,73,79,63,60,85.48,Machine Learning Engineer,Placed,0.703,3.1
STU00474,21,Male,Telangana,Hyderabad,Tier 3,Tier 1,ECE,B.Tech,8.04,0,No,2,0,85,75,84,77,63.22,Embedded Engineer,Placed,0.6904,4.42
STU00475,24,Male,West Bengal,Durgapur,Tier 2,Tier 3,ISE,B.E.,8.32,1,Yes,3,0,81,67,72,47,85.53,Full Stack Developer,Not Placed,0.6236,0.0
STU00476,20,Female,Delhi,New Delhi,Tier 3,Tier 1,Mechanical,B.Tech,9.04,2,No,3,2,40,88,67,62,78.88,Design Engineer,Placed,0.5607,6.26
STU00477,24,Male,Maharashtra,Nagpur,Tier 3,Tier 3,ECE,B.E.,7.07,0,No,2,1,49,52,56,61,76.77,Embedded Engineer,Not Placed,0.3164,0.0
STU00478,21,Male,Uttar Pradesh,Lucknow,Tier 2,Tier 2,Data Science,B.Tech,8.16,0,Yes,3,4,81,95,76,82,77.42,Data Scientist,Placed,0.9079,5.85
STU00479,24,Female,Andhra Pradesh,Tirupati,Tier 3,Tier 2,AI & ML,B.Tech,7.64,0,No,1,1,89,76,64,55,63.82,Machine Learning Engineer,Not Placed,0.5921,0.0
STU00480,20,Male,Kerala,Kozhikode,Tier 1,Tier 2,AI & ML,B.E.,7.03,1,Yes,2,4,85,71,69,65,74.19,Machine Learning Engineer,Placed,0.6369,2.7
STU00481,21,Female,Delhi,Delhi,Tier 1,Tier 1,ISE,B.Tech,6.32,0,Yes,5,2,73,63,58,74,70.45,Full Stack Developer,Placed,0.7258,3.92
STU00482,21,Male,Delhi,Delhi,Tier 3,Tier 3,Data Science,B.E.,8.46,0,Yes,2,0,53,53,42,62,90.22,Data Scientist,Placed,0.6057,3.25
STU00483,22,Male,Telangana,Warangal,Tier 3,Tier 2,Data Science,B.E.,8.72,0,No,6,0,64,71,77,53,80.36,Data Scientist,Placed,0.7765,6.13
STU00484,23,Male,Maharashtra,Mumbai,Tier 1,Tier 2,CSE,B.Tech,7.34,0,Yes,3,1,79,93,77,73,81.21,Software Developer,Placed,0.8101,5.38
STU00485,20,Female,Uttar Pradesh,Noida,Tier 3,Tier 1,AI & ML,B.Tech,9.3,0,No,3,2,80,83,70,55,72.74,Machine Learning Engineer,Placed,0.8477,5.97
STU00486,22,Female,Uttar Pradesh,Noida,Tier 3,Tier 3,ECE,B.Tech,7.57,0,Yes,5,2,76,75,68,69,84.38,Embedded Engineer,Placed,0.7986,6.31
STU00487,20,Female,Maharashtra,Mumbai,Tier 2,Tier 2,Mechanical,B.E.,7.31,1,Yes,2,3,80,56,54,91,76.53,Design Engineer,Not Placed,0.6031,0.0
STU00488,20,Male,Tamil Nadu,Chennai,Tier 1,Tier 2,CSE,B.Tech,8.46,2,No,2,2,61,87,48,70,77.44,Software Developer,Not Placed,0.5408,0.0
STU00489,24,Male,Karnataka,Mangaluru,Tier 2,Tier 2,ISE,B.Tech,6.75,0,Yes,3,0,59,71,74,46,88.18,Full Stack Developer,Placed,0.5311,6.22
STU00490,23,Male,Telangana,Karimnagar,Tier 2,Tier 3,Mechanical,B.E.,6.21,1,Yes,3,3,68,46,55,55,88.92,Design Engineer,Not Placed,0.3247,0.0
STU00491,21,Female,West Bengal,Kolkata,Tier 1,Tier 2,EEE,B.Tech,7.51,0,No,3,1,56,87,85,71,80.78,Electrical Engineer,Placed,0.6271,5.98
STU00492,24,Male,Karnataka,Mangaluru,Tier 1,Tier 2,CSE,B.Tech,6.89,0,No,2,0,81,74,71,84,77.0,Software Developer,Placed,0.5826,2.5
STU00493,22,Female,Delhi,New Delhi,Tier 2,Tier 3,AI & ML,B.Tech,8.28,0,No,2,3,74,59,51,80,78.24,Machine Learning Engineer,Placed,0.6849,5.12
STU00494,23,Female,Kerala,Thiruvananthapuram,Tier 3,Tier 3,EEE,B.E.,7.46,0,No,3,5,91,63,62,77,89.95,Electrical Engineer,Placed,0.7066,4.36
STU00495,24,Male,Delhi,Delhi,Tier 1,Tier 2,AI & ML,B.Tech,8.82,2,No,3,4,81,80,80,69,91.24,Machine Learning Engineer,Placed,0.6916,3.88
STU00496,20,Female,Telangana,Karimnagar,Tier 2,Tier 3,CSE,B.Tech,5.91,3,Yes,1,4,58,99,79,92,87.31,Software Developer,Placed,0.3548,4.39
STU00497,23,Male,Maharashtra,Nagpur,Tier 3,Tier 2,ISE,B.Tech,7.74,1,No,2,5,77,91,82,53,84.79,Full Stack Developer,Not Placed,0.6576,0.0
STU00498,21,Male,Kerala,Thiruvananthapuram,Tier 2,Tier 3,EEE,B.Tech,6.6,2,Yes,3,4,49,66,65,87,82.51,Electrical Engineer,Placed,0.4035,2.75
STU00499,20,Male,Telangana,Hyderabad,Tier 1,Tier 2,AI & ML,B.Tech,7.33,0,Yes,3,1,64,67,48,56,74.68,Machine Learning Engineer,Not Placed,0.6448,0.0
STU00500,21,Male,Maharashtra,Mumbai,Tier 3,Tier 3,Mechanical,B.Tech,8.27,0,No,4,2,61,88,83,58,85.38,Design Engineer,Placed,0.7277,4.6
STU00501,20,Male,West Bengal,Durgapur,Tier 2,Tier 2,Data Science,B.Tech,8.08,0,Yes,0,3,99,76,50,63,84.81,Data Scientist,Placed,0.7784,4.66
STU00502,24,Male,Uttar Pradesh,Noida,Tier 1,Tier 2,ISE,B.Tech,8.4,0,No,6,1,56,76,53,78,79.86,Full Stack Developer,Placed,0.8171,4.62
STU00503,23,Male,Kerala,Kozhikode,Tier 2,Tier 1,CSE,B.E.,9.8,0,Yes,1,4,76,87,72,56,80.68,Software Developer,Placed,0.9062,5.02
STU00504,24,Male,Uttar Pradesh,Kanpur,Tier 2,Tier 2,EEE,B.Tech,8.9,0,No,2,3,83,76,88,62,85.2,Electrical Engineer,Placed,0.7654,3.9
STU00505,24,Male,Karnataka,Bengaluru,Tier 2,Tier 1,CSE,B.E.,9.58,0,No,3,3,82,65,54,80,94.76,Software Developer,Not Placed,0.8751,0.0
STU00506,21,Female,Uttar Pradesh,Lucknow,Tier 2,Tier 2,CSE,B.Tech,9.26,0,Yes,1,1,73,69,87,57,95.27,Software Developer,Placed,0.7791,6.36
STU00507,24,Male,Telangana,Karimnagar,Tier 2,Tier 1,EEE,B.E.,7.64,0,Yes,2,1,91,64,71,70,86.22,Electrical Engineer,Placed,0.7233,6.85
STU00508,22,Male,West Bengal,Kolkata,Tier 1,Tier 2,CSE,B.Tech,8.0,0,No,2,0,65,64,86,71,80.68,Software Developer,Placed,0.5749,4.07
STU00509,21,Female,Maharashtra,Pune,Tier 3,Tier 1,Data Science,B.Tech,8.57,2,Yes,1,5,90,100,76,54,73.53,Data Scientist,Not Placed,0.785,0.0
STU00510,21,Male,Gujarat,Vadodara,Tier 3,Tier 3,CSE,B.Tech,8.8,0,No,1,0,67,84,81,82,70.36,Software Developer,Placed,0.7149,3.52
STU00511,24,Male,Telangana,Warangal,Tier 2,Tier 3,CSE,B.Tech,6.94,0,No,0,1,60,65,66,88,84.75,Software Developer,Not Placed,0.4126,0.0
STU00512,23,Male,Gujarat,Ahmedabad,Tier 3,Tier 2,Data Science,B.Tech,7.22,0,No,1,1,61,66,67,61,91.26,Data Scientist,Placed,0.4353,5.71
STU00513,22,Male,Maharashtra,Pune,Tier 2,Tier 3,CSE,B.Tech,8.36,1,Yes,0,0,82,78,72,55,86.16,Software Developer,Not Placed,0.5721,0.0
STU00514,22,Male,Delhi,New Delhi,Tier 2,Tier 2,ISE,B.Tech,7.85,0,No,3,3,66,83,100,56,85.27,Full Stack Developer,Placed,0.7088,4.57
STU00515,20,Male,Maharashtra,Nagpur,Tier 1,Tier 2,EEE,B.E.,6.53,0,No,4,1,57,64,49,44,91.32,Electrical Engineer,Not Placed,0.3857,0.0
STU00516,20,Male,Telangana,Warangal,Tier 2,Tier 1,Data Science,B.Tech,7.29,0,Yes,2,1,49,61,67,67,79.62,Data Scientist,Not Placed,0.5891,0.0
STU00517,23,Male,Tamil Nadu,Madurai,Tier 1,Tier 3,ISE,B.Tech,7.26,0,Yes,3,3,61,64,46,66,82.49,Full Stack Developer,Placed,0.6707,2.71
STU00518,20,Male,Uttar Pradesh,Lucknow,Tier 1,Tier 1,Data Science,B.E.,7.53,1,No,3,2,89,100,82,54,80.36,Data Scientist,Placed,0.7056,3.17
STU00519,24,Male,Andhra Pradesh,Visakhapatnam,Tier 1,Tier 2,EEE,B.Tech,7.3,0,No,2,2,63,42,56,67,75.53,Electrical Engineer,Not Placed,0.3948,0.0
STU00520,22,Female,Maharashtra,Mumbai,Tier 3,Tier 1,Data Science,B.E.,7.51,1,No,2,0,61,78,42,70,69.09,Data Scientist,Placed,0.4869,5.33
STU00521,23,Male,Delhi,New Delhi,Tier 2,Tier 2,Data Science,B.Tech,9.32,0,Yes,2,2,74,79,44,65,97.21,Data Scientist,Placed,0.8648,3.86
STU00522,20,Female,Delhi,New Delhi,Tier 2,Tier 2,ECE,B.Tech,8.82,0,No,2,1,79,32,59,49,86.01,Embedded Engineer,Not Placed,0.4877,0.0
STU00523,24,Other,Gujarat,Surat,Tier 1,Tier 3,Data Science,B.Tech,9.94,0,Yes,1,2,100,91,48,76,89.12,Data Scientist,Placed,0.9263,5.34
STU00524,23,Female,Telangana,Warangal,Tier 3,Tier 2,CSE,B.Tech,7.77,0,Yes,1,1,73,80,97,54,74.39,Software Developer,Placed,0.6797,3.24
STU00525,22,Male,Maharashtra,Mumbai,Tier 2,Tier 3,ISE,B.Tech,8.27,0,Yes,5,3,69,61,50,65,93.98,Full Stack Developer,Placed,0.8262,5.62
STU00526,22,Male,Delhi,New Delhi,Tier 1,Tier 2,Mechanical,B.Tech,8.68,0,Yes,1,4,57,61,78,54,81.08,Design Engineer,Placed,0.6846,5.11
STU00527,24,Female,Telangana,Karimnagar,Tier 2,Tier 2,ISE,B.E.,8.12,1,No,2,2,83,48,61,55,85.9,Full Stack Developer,Not Placed,0.4607,0.0
STU00528,24,Male,Maharashtra,Mumbai,Tier 2,Tier 2,Data Science,B.Tech,8.83,0,Yes,3,0,80,80,50,78,89.06,Data Scientist,Not Placed,0.8655,0.0
STU00529,21,Male,Kerala,Kozhikode,Tier 2,Tier 1,EEE,B.E.,6.9,0,Yes,2,1,81,69,48,54,72.08,Electrical Engineer,Placed,0.6006,2.93
STU00530,21,Male,Tamil Nadu,Coimbatore,Tier 2,Tier 2,AI & ML,B.E.,7.59,0,Yes,5,2,69,100,88,79,84.99,Machine Learning Engineer,Placed,0.8909,4.95
STU00531,22,Female,Delhi,New Delhi,Tier 2,Tier 2,ISE,B.Tech,7.87,0,Yes,2,4,74,75,68,92,74.92,Full Stack Developer,Placed,0.8392,5.21
STU00532,20,Female,Tamil Nadu,Madurai,Tier 1,Tier 3,Data Science,B.Tech,8.77,0,Yes,5,3,68,83,85,72,92.55,Data Scientist,Placed,0.9049,6.3
STU00533,21,Male,Gujarat,Vadodara,Tier 3,Tier 3,ISE,B.Tech,7.61,0,Yes,0,1,52,91,85,60,80.07,Full Stack Developer,Not Placed,0.6079,0.0
STU00534,20,Male,Delhi,Delhi,Tier 2,Tier 3,Data Science,B.Tech,7.76,0,Yes,1,0,99,71,65,69,74.69,Data Scientist,Not Placed,0.7103,0.0
STU00535,24,Male,Maharashtra,Pune,Tier 3,Tier 2,EEE,B.Tech,9.05,1,No,1,1,90,88,52,74,89.81,Electrical Engineer,Placed,0.7036,5.1
STU00536,20,Female,Gujarat,Ahmedabad,Tier 1,Tier 2,Mechanical,B.Tech,6.83,0,No,0,1,49,55,76,92,84.36,Design Engineer,Not Placed,0.3239,0.0
STU00537,22,Female,Tamil Nadu,Coimbatore,Tier 2,Tier 2,ECE,B.E.,6.61,0,Yes,3,6,59,55,66,50,97.49,Embedded Engineer,Placed,0.568,2.5
STU00538,20,Male,Telangana,Karimnagar,Tier 2,Tier 2,ECE,B.Tech,6.68,0,No,5,3,56,47,37,70,78.65,Embedded Engineer,Not Placed,0.4933,0.0
STU00539,22,Male,Kerala,Thiruvananthapuram,Tier 2,Tier 3,ECE,B.Tech,9.07,1,No,1,1,75,74,47,69,82.5,Embedded Engineer,Placed,0.5745,4.01
STU00540,23,Female,Gujarat,Surat,Tier 2,Tier 2,AI & ML,B.E.,8.81,0,Yes,2,1,64,91,83,66,86.19,Machine Learning Engineer,Placed,0.8367,4.36
STU00541,21,Male,Delhi,New Delhi,Tier 3,Tier 3,ISE,B.Tech,7.86,0,Yes,1,2,92,47,18,70,79.48,Full Stack Developer,Not Placed,0.6545,0.0
STU00542,24,Male,West Bengal,Durgapur,Tier 2,Tier 1,ECE,B.E.,8.98,3,No,2,4,88,98,78,70,73.09,Embedded Engineer,Placed,0.6547,5.47
STU00543,21,Male,Maharashtra,Pune,Tier 2,Tier 2,Data Science,B.E.,7.64,1,No,2,2,62,60,77,57,77.11,Data Scientist,Not Placed,0.4051,0.0
STU00544,21,Male,Karnataka,Mangaluru,Tier 3,Tier 2,CSE,B.Tech,9.0,0,No,1,2,78,76,42,71,79.49,Software Developer,Placed,0.7587,3.13
STU00545,20,Male,Kerala,Thiruvananthapuram,Tier 3,Tier 3,AI & ML,B.Tech,6.83,1,No,2,1,64,73,100,45,83.55,Machine Learning Engineer,Not Placed,0.3066,0.0
STU00546,20,Female,Delhi,Delhi,Tier 1,Tier 2,ECE,B.Tech,6.52,0,No,0,3,48,76,66,59,79.37,Embedded Engineer,Not Placed,0.3308,0.0
STU00547,22,Female,Delhi,New Delhi,Tier 2,Tier 3,CSE,B.Tech,8.77,1,Yes,1,3,69,64,53,46,82.07,Software Developer,Not Placed,0.6075,0.0
STU00548,24,Female,Gujarat,Surat,Tier 1,Tier 1,ECE,B.Tech,8.6,0,No,4,2,85,66,42,70,79.43,Embedded Engineer,Placed,0.7973,4.59
STU00549,20,Female,Telangana,Warangal,Tier 2,Tier 3,CSE,B.Tech,7.04,1,Yes,2,1,60,87,59,83,90.72,Software Developer,Not Placed,0.5964,0.0
STU00550,20,Female,Kerala,Thiruvananthapuram,Tier 1,Tier 1,CSE,B.Tech,7.58,0,Yes,1,6,67,43,59,62,80.67,Software Developer,Placed,0.6558,3.65
STU00551,22,Male,Gujarat,Surat,Tier 3,Tier 2,CSE,B.Tech,7.32,3,No,1,1,77,75,68,88,81.91,Software Developer,Not Placed,0.2915,0.0
STU00552,20,Female,Tamil Nadu,Madurai,Tier 2,Tier 3,AI & ML,B.Tech,7.63,0,No,4,3,70,67,64,100,83.27,Machine Learning Engineer,Placed,0.7648,4.91
STU00553,23,Male,Uttar Pradesh,Noida,Tier 3,Tier 3,ECE,B.Tech,6.19,0,No,0,1,46,57,44,61,79.59,Embedded Engineer,Placed,0.1864,2.5
STU00554,22,Male,Maharashtra,Pune,Tier 2,Tier 3,CSE,B.E.,6.96,2,Yes,4,2,66,52,56,47,60.76,Software Developer,Placed,0.3484,4.08
STU00555,20,Male,Delhi,New Delhi,Tier 1,Tier 3,ISE,B.Tech,8.47,0,Yes,3,3,68,100,94,49,65.73,Full Stack Developer,Placed,0.8563,4.89
STU00556,22,Male,West Bengal,Durgapur,Tier 2,Tier 2,Mechanical,B.Tech,8.25,0,Yes,4,3,49,49,54,68,86.42,Design Engineer,Placed,0.7061,6.04
STU00557,24,Male,Tamil Nadu,Chennai,Tier 3,Tier 2,AI & ML,B.E.,9.73,3,Yes,4,2,84,99,68,98,80.14,Machine Learning Engineer,Placed,0.8726,5.67
STU00558,21,Male,Gujarat,Vadodara,Tier 2,Tier 3,ECE,B.E.,8.15,0,Yes,3,1,72,82,51,56,82.08,Embedded Engineer,Placed,0.7501,7.59
STU00559,22,Male,Tamil Nadu,Coimbatore,Tier 1,Tier 2,AI & ML,B.Tech,6.26,0,No,5,1,66,69,58,72,83.67,Machine Learning Engineer,Placed,0.5681,4.05
STU00560,24,Female,Kerala,Kochi,Tier 2,Tier 3,ECE,B.Tech,7.91,1,Yes,0,0,53,82,63,66,77.55,Embedded Engineer,Not Placed,0.4484,0.0
STU00561,22,Female,Telangana,Warangal,Tier 3,Tier 1,Civil,B.Tech,6.78,0,Yes,2,2,57,51,72,51,68.7,Civil Engineer,Placed,0.4519,2.7
STU00562,20,Male,West Bengal,Kolkata,Tier 3,Tier 2,CSE,B.Tech,6.06,0,Yes,5,0,57,87,83,75,99.93,Software Developer,Placed,0.6873,5.42
STU00563,23,Female,Maharashtra,Mumbai,Tier 2,Tier 2,ECE,B.Tech,6.18,2,Yes,1,2,59,43,48,53,78.38,Embedded Engineer,Not Placed,0.1469,0.0
STU00564,21,Male,Delhi,Delhi,Tier 1,Tier 2,Civil,B.Tech,7.69,1,Yes,3,1,64,51,70,56,83.16,Civil Engineer,Not Placed,0.4671,0.0
STU00565,21,Female,Andhra Pradesh,Visakhapatnam,Tier 2,Tier 2,ISE,B.E.,8.91,0,No,0,4,65,92,100,54,79.03,Full Stack Developer,Placed,0.7413,4.89
STU00566,22,Male,Andhra Pradesh,Tirupati,Tier 2,Tier 1,ISE,B.Tech,8.71,0,Yes,1,3,90,53,56,84,84.68,Full Stack Developer,Placed,0.8282,6.49
STU00567,21,Male,Telangana,Karimnagar,Tier 2,Tier 2,ECE,B.E.,7.21,0,No,3,4,67,36,35,56,83.48,Embedded Engineer,Not Placed,0.43,0.0
STU00568,24,Other,Telangana,Hyderabad,Tier 2,Tier 1,CSE,B.E.,7.81,0,No,1,1,58,93,61,61,84.94,Software Developer,Placed,0.6407,4.95
STU00569,22,Male,Maharashtra,Nagpur,Tier 2,Tier 2,AI & ML,B.Tech,6.58,0,Yes,2,1,78,57,68,47,78.46,Machine Learning Engineer,Not Placed,0.4896,0.0
STU00570,21,Male,Kerala,Thiruvananthapuram,Tier 3,Tier 2,AI & ML,B.Tech,7.94,0,Yes,0,2,66,79,49,70,79.47,Machine Learning Engineer,Not Placed,0.6978,0.0
STU00571,21,Female,Delhi,Delhi,Tier 2,Tier 3,CSE,B.Tech,8.62,0,Yes,1,1,70,77,85,57,85.19,Software Developer,Placed,0.7305,4.01
STU00572,20,Female,Karnataka,Mangaluru,Tier 1,Tier 1,ECE,B.Tech,6.45,0,Yes,3,4,63,76,85,76,76.37,Embedded Engineer,Placed,0.7022,4.3
STU00573,24,Male,Gujarat,Vadodara,Tier 2,Tier 2,Civil,B.E.,5.88,0,Yes,1,1,62,56,57,52,88.84,Civil Engineer,Placed,0.3022,4.17
STU00574,20,Male,Delhi,Delhi,Tier 3,Tier 2,Data Science,B.Tech,8.24,3,Yes,2,2,55,59,91,56,74.53,Data Scientist,Not Placed,0.3364,0.0
STU00575,20,Female,Kerala,Thiruvananthapuram,Tier 1,Tier 1,AI & ML,B.Tech,8.07,0,Yes,3,0,62,57,65,77,80.58,Machine Learning Engineer,Placed,0.7298,4.39
STU00576,20,Female,Andhra Pradesh,Tirupati,Tier 1,Tier 2,CSE,B.Tech,6.72,1,Yes,3,3,48,53,34,66,81.8,Software Developer,Placed,0.4366,4.08
STU00577,23,Male,Andhra Pradesh,Visakhapatnam,Tier 2,Tier 3,Mechanical,B.Tech,6.48,0,Yes,3,1,69,44,32,46,94.83,Design Engineer,Not Placed,0.3791,0.0
STU00578,21,Other,Telangana,Karimnagar,Tier 2,Tier 1,Mechanical,B.Tech,8.21,1,No,2,1,75,93,73,68,85.3,Design Engineer,Placed,0.6514,4.91
STU00579,22,Female,Kerala,Kozhikode,Tier 1,Tier 2,CSE,B.Tech,7.29,1,Yes,1,2,91,85,60,82,78.59,Software Developer,Placed,0.696,5.86
STU00580,23,Male,Maharashtra,Mumbai,Tier 3,Tier 3,CSE,B.E.,7.56,0,Yes,2,2,71,56,77,63,91.62,Software Developer,Not Placed,0.624,0.0
STU00581,22,Male,Karnataka,Mangaluru,Tier 1,Tier 2,CSE,B.Tech,7.51,0,No,3,3,66,41,58,64,84.21,Software Developer,Not Placed,0.5196,0.0
STU00582,21,Male,Maharashtra,Mumbai,Tier 2,Tier 2,AI & ML,B.Tech,7.49,2,Yes,2,2,87,63,64,69,86.42,Machine Learning Engineer,Placed,0.5111,5.36
STU00583,21,Female,Delhi,Delhi,Tier 2,Tier 3,CSE,B.Tech,7.41,1,Yes,3,2,62,69,67,51,81.59,Software Developer,Placed,0.5381,4.23
STU00584,22,Male,Tamil Nadu,Coimbatore,Tier 1,Tier 3,Data Science,B.Tech,7.57,0,No,1,1,65,97,71,62,75.54,Data Scientist,Not Placed,0.6078,0.0
STU00585,20,Male,West Bengal,Kolkata,Tier 3,Tier 1,Data Science,B.Tech,8.72,1,No,0,2,71,100,87,61,80.41,Data Scientist,Placed,0.6769,3.97
STU00586,24,Male,Karnataka,Mysuru,Tier 2,Tier 2,ECE,B.Tech,7.12,1,Yes,2,3,61,77,100,76,76.56,Embedded Engineer,Not Placed,0.5753,0.0
STU00587,22,Female,Telangana,Karimnagar,Tier 1,Tier 2,Mechanical,B.E.,8.83,0,Yes,0,1,61,97,74,76,81.86,Design Engineer,Placed,0.7895,4.84
STU00588,24,Male,Telangana,Warangal,Tier 2,Tier 2,CSE,B.Tech,7.14,2,No,0,1,47,91,71,86,82.86,Software Developer,Placed,0.3118,2.5
STU00589,22,Female,Karnataka,Mysuru,Tier 3,Tier 2,AI & ML,B.Tech,9.07,0,Yes,2,1,78,72,70,62,66.7,Machine Learning Engineer,Placed,0.8215,4.82
STU00590,22,Male,Gujarat,Vadodara,Tier 2,Tier 2,Mechanical,B.Tech,8.41,1,Yes,2,3,73,100,64,61,85.77,Design Engineer,Placed,0.7793,5.91
STU00591,21,Female,Telangana,Warangal,Tier 1,Tier 3,Data Science,B.Tech,9.01,0,Yes,0,5,59,74,72,85,84.03,Data Scientist,Not Placed,0.8239,0.0
STU00592,23,Female,West Bengal,Durgapur,Tier 2,Tier 2,CSE,B.Tech,8.05,1,Yes,0,1,67,100,86,74,76.48,Software Developer,Placed,0.6841,4.32
STU00593,20,Female,Maharashtra,Nagpur,Tier 1,Tier 1,EEE,B.Tech,6.35,1,Yes,3,0,71,61,80,83,87.77,Electrical Engineer,Placed,0.4679,3.27
STU00594,22,Male,Uttar Pradesh,Noida,Tier 1,Tier 2,AI & ML,B.E.,7.21,1,Yes,1,3,65,49,77,67,95.05,Machine Learning Engineer,Placed,0.4379,3.44
STU00595,23,Male,Uttar Pradesh,Noida,Tier 3,Tier 3,CSE,B.Tech,7.16,0,No,1,2,89,73,60,63,80.48,Software Developer,Not Placed,0.5545,0.0
STU00596,21,Male,Tamil Nadu,Madurai,Tier 2,Tier 2,ECE,B.Tech,8.35,0,No,3,2,61,53,47,63,76.75,Embedded Engineer,Not Placed,0.5864,0.0
STU00597,21,Female,Maharashtra,Pune,Tier 1,Tier 3,CSE,B.Tech,8.87,0,Yes,1,4,74,64,62,38,80.31,Software Developer,Placed,0.7307,2.5
STU00598,23,Male,Delhi,New Delhi,Tier 3,Tier 1,AI & ML,B.Tech,7.11,0,Yes,2,3,52,88,60,64,88.84,Machine Learning Engineer,Not Placed,0.7241,0.0
STU00599,21,Male,Tamil Nadu,Coimbatore,Tier 2,Tier 2,CSE,B.Tech,5.72,3,No,4,0,54,49,59,51,70.89,Software Developer,Not Placed,0.0866,0.0
STU00600,24,Male,Andhra Pradesh,Visakhapatnam,Tier 1,Tier 3,AI & ML,B.Tech,8.83,0,No,2,2,67,78,83,64,87.42,Machine Learning Engineer,Not Placed,0.729,0.0
STU00601,20,Male,Karnataka,Mangaluru,Tier 1,Tier 3,Mechanical,B.Tech,6.68,0,Yes,2,1,64,60,94,55,72.63,Design Engineer,Placed,0.4384,5.36
STU00602,20,Male,Gujarat,Surat,Tier 3,Tier 3,Data Science,B.Tech,8.05,0,No,3,0,60,73,54,98,93.94,Data Scientist,Placed,0.7008,4.49
STU00603,22,Male,West Bengal,Kolkata,Tier 3,Tier 2,ISE,B.Tech,7.23,0,Yes,3,2,71,59,75,76,78.22,Full Stack Developer,Placed,0.6959,3.58
STU00604,24,Male,Delhi,New Delhi,Tier 2,Tier 3,Data Science,B.Tech,7.95,0,Yes,1,1,74,72,41,70,75.64,Data Scientist,Placed,0.6926,2.59
STU00605,24,Male,Tamil Nadu,Chennai,Tier 2,Tier 3,CSE,B.Tech,8.29,0,Yes,4,3,71,81,82,37,93.18,Software Developer,Not Placed,0.8073,0.0
STU00606,24,Male,Andhra Pradesh,Visakhapatnam,Tier 2,Tier 2,ISE,B.Tech,8.27,0,Yes,2,1,68,90,73,69,86.92,Full Stack Developer,Placed,0.8109,5.25
STU00607,20,Male,West Bengal,Durgapur,Tier 1,Tier 1,Data Science,B.Tech,6.66,0,Yes,0,2,75,64,89,53,80.52,Data Scientist,Not Placed,0.504,0.0
STU00608,22,Female,Maharashtra,Mumbai,Tier 2,Tier 2,Mechanical,B.Tech,7.88,2,Yes,2,1,76,62,86,69,90.08,Design Engineer,Not Placed,0.4552,0.0
STU00609,24,Female,Delhi,New Delhi,Tier 2,Tier 2,ECE,B.Tech,7.52,1,Yes,1,3,59,84,87,66,81.93,Embedded Engineer,Placed,0.571,3.78
STU00610,22,Female,Uttar Pradesh,Noida,Tier 3,Tier 2,Mechanical,B.Tech,6.98,0,Yes,0,3,63,76,80,84,83.66,Design Engineer,Placed,0.6068,5.36
STU00611,20,Other,West Bengal,Durgapur,Tier 3,Tier 1,AI & ML,B.Tech,8.47,0,No,1,1,50,94,82,49,86.4,Machine Learning Engineer,Placed,0.6574,5.25
STU00612,20,Male,Andhra Pradesh,Vijayawada,Tier 2,Tier 1,Data Science,B.Tech,7.81,0,No,2,4,72,68,51,65,92.43,Data Scientist,Placed,0.695,2.94
STU00613,24,Male,Uttar Pradesh,Lucknow,Tier 3,Tier 3,ECE,B.Tech,8.29,0,Yes,2,2,64,71,57,100,70.55,Embedded Engineer,Placed,0.7889,5.31
STU00614,21,Male,Delhi,Delhi,Tier 1,Tier 3,ECE,B.E.,5.92,0,No,0,5,59,70,97,93,87.99,Embedded Engineer,Placed,0.396,3.65
STU00615,20,Female,Andhra Pradesh,Tirupati,Tier 1,Tier 1,Data Science,B.Tech,6.74,0,No,1,2,66,68,63,48,67.01,Data Scientist,Not Placed,0.4222,0.0
STU00616,21,Male,Karnataka,Bengaluru,Tier 2,Tier 2,CSE,B.Tech,9.23,0,No,3,6,62,57,75,75,76.11,Software Developer,Not Placed,0.8209,0.0
STU00617,21,Male,West Bengal,Kolkata,Tier 1,Tier 1,CSE,B.Tech,7.58,0,Yes,1,1,70,59,49,68,93.8,Software Developer,Placed,0.6314,4.78
STU00618,24,Male,Uttar Pradesh,Noida,Tier 1,Tier 2,CSE,B.Tech,7.98,0,No,1,4,61,94,68,74,82.29,Software Developer,Placed,0.7391,2.5
STU00619,23,Female,Delhi,Delhi,Tier 2,Tier 3,AI & ML,B.Tech,6.32,0,No,4,4,46,57,97,72,78.09,Machine Learning Engineer,Not Placed,0.4711,0.0
STU00620,22,Female,Delhi,Delhi,Tier 2,Tier 2,EEE,B.Tech,7.53,0,Yes,1,2,41,70,70,58,86.6,Electrical Engineer,Not Placed,0.5189,0.0
STU00621,24,Male,Delhi,New Delhi,Tier 2,Tier 3,ECE,B.Tech,8.19,1,Yes,4,3,62,85,74,65,81.71,Embedded Engineer,Placed,0.7482,4.62
STU00622,23,Male,Kerala,Thiruvananthapuram,Tier 2,Tier 1,ECE,B.Tech,8.13,0,Yes,1,0,67,56,65,55,73.55,Embedded Engineer,Not Placed,0.5718,0.0
STU00623,22,Female,Tamil Nadu,Madurai,Tier 2,Tier 2,AI & ML,B.E.,7.78,0,No,1,3,45,83,67,61,95.47,Machine Learning Engineer,Placed,0.5758,4.04
STU00624,24,Male,West Bengal,Durgapur,Tier 2,Tier 2,EEE,B.E.,7.86,0,No,0,3,75,34,46,78,63.08,Electrical Engineer,Placed,0.4239,5.38
STU00625,20,Male,Gujarat,Ahmedabad,Tier 2,Tier 2,Data Science,B.Tech,7.33,0,Yes,3,2,62,88,62,69,80.06,Data Scientist,Not Placed,0.7697,0.0
STU00626,22,Female,West Bengal,Kolkata,Tier 2,Tier 2,EEE,B.Tech,8.61,3,No,3,2,66,73,69,72,77.88,Electrical Engineer,Placed,0.4118,3.1
STU00627,23,Male,Karnataka,Mangaluru,Tier 3,Tier 2,ECE,B.Tech,8.35,0,Yes,3,4,49,46,51,58,85.52,Embedded Engineer,Not Placed,0.6615,0.0
STU00628,22,Male,Tamil Nadu,Chennai,Tier 3,Tier 2,Data Science,B.E.,7.63,1,Yes,2,0,87,77,80,65,71.52,Data Scientist,Placed,0.6374,4.11
STU00629,24,Male,Gujarat,Surat,Tier 3,Tier 3,AI & ML,B.E.,7.77,0,No,5,3,72,64,60,82,78.08,Machine Learning Engineer,Placed,0.7643,3.7
STU00630,24,Male,Andhra Pradesh,Vijayawada,Tier 1,Tier 2,CSE,B.Tech,7.32,0,No,2,0,66,57,77,40,96.83,Software Developer,Not Placed,0.3808,0.0
STU00631,21,Male,Karnataka,Bengaluru,Tier 2,Tier 2,EEE,B.Tech,9.04,0,Yes,6,1,100,96,92,59,89.82,Electrical Engineer,Placed,0.9397,6.07
STU00632,23,Male,Delhi,Delhi,Tier 3,Tier 3,Data Science,B.E.,7.75,0,Yes,3,5,52,54,88,85,75.91,Data Scientist,Placed,0.7452,4.9
STU00633,21,Male,Kerala,Kozhikode,Tier 2,Tier 2,CSE,B.Tech,7.59,0,Yes,2,6,70,90,63,67,87.37,Software Developer,Placed,0.8385,4.76
STU00634,22,Male,Tamil Nadu,Coimbatore,Tier 1,Tier 1,ISE,B.Tech,7.78,0,Yes,1,3,68,96,74,84,86.88,Full Stack Developer,Placed,0.8409,5.76
STU00635,21,Male,Maharashtra,Nagpur,Tier 1,Tier 3,Data Science,B.Tech,8.72,0,Yes,1,1,97,97,100,58,84.02,Data Scientist,Placed,0.8507,4.97
STU00636,22,Male,Uttar Pradesh,Lucknow,Tier 3,Tier 2,AI & ML,B.Tech,6.9,0,No,4,3,71,81,79,74,79.84,Machine Learning Engineer,Not Placed,0.7078,0.0
STU00637,22,Male,Andhra Pradesh,Tirupati,Tier 3,Tier 2,Data Science,B.E.,7.62,2,Yes,6,0,72,80,83,54,74.31,Data Scientist,Not Placed,0.6391,0.0
STU00638,21,Female,Maharashtra,Mumbai,Tier 3,Tier 2,EEE,B.E.,9.14,0,Yes,3,2,69,96,85,69,72.96,Electrical Engineer,Placed,0.8907,6.17
STU00639,22,Female,Kerala,Kochi,Tier 2,Tier 2,AI & ML,B.Tech,8.72,2,No,2,2,60,79,61,79,83.38,Machine Learning Engineer,Placed,0.5587,5.45
STU00640,20,Male,Kerala,Kozhikode,Tier 1,Tier 2,ISE,B.Tech,9.06,2,Yes,3,2,58,86,60,82,92.17,Full Stack Developer,Placed,0.7604,5.42
STU00641,23,Female,Kerala,Kozhikode,Tier 3,Tier 2,ISE,B.E.,6.27,0,Yes,2,3,55,95,97,68,88.42,Full Stack Developer,Placed,0.6635,3.51
STU00642,23,Male,Kerala,Thiruvananthapuram,Tier 2,Tier 2,AI & ML,B.Tech,7.24,1,No,1,2,72,83,91,80,81.0,Machine Learning Engineer,Placed,0.5163,5.17
STU00643,22,Male,Maharashtra,Nagpur,Tier 3,Tier 2,Mechanical,B.Tech,7.93,0,Yes,3,2,75,56,87,76,87.39,Design Engineer,Placed,0.7292,4.13
STU00644,23,Male,Telangana,Hyderabad,Tier 2,Tier 3,Mechanical,B.E.,8.13,0,No,2,2,47,72,100,84,71.97,Design Engineer,Placed,0.6028,3.24
STU00645,22,Male,Gujarat,Vadodara,Tier 2,Tier 2,Mechanical,B.Tech,8.23,0,Yes,2,2,70,69,76,64,85.53,Design Engineer,Placed,0.7259,5.79
STU00646,20,Male,Maharashtra,Nagpur,Tier 2,Tier 3,EEE,B.Tech,7.7,1,No,3,1,73,72,68,71,88.18,Electrical Engineer,Not Placed,0.5024,0.0
STU00647,23,Female,Uttar Pradesh,Kanpur,Tier 2,Tier 1,CSE,B.E.,7.6,0,Yes,3,1,74,62,54,59,73.7,Software Developer,Placed,0.7113,5.08
STU00648,24,Male,Kerala,Kochi,Tier 2,Tier 2,Mechanical,B.Tech,7.84,0,Yes,0,4,69,83,75,71,74.42,Design Engineer,Placed,0.7236,3.43
STU00649,23,Female,Maharashtra,Mumbai,Tier 2,Tier 2,Civil,B.Tech,6.91,1,No,3,1,61,62,69,61,68.18,Civil Engineer,Not Placed,0.3297,0.0
STU00650,23,Female,Delhi,New Delhi,Tier 2,Tier 3,AI & ML,B.Tech,8.02,0,No,3,2,87,83,61,62,81.24,Machine Learning Engineer,Placed,0.7521,5.29
STU00651,22,Female,Kerala,Kochi,Tier 3,Tier 1,ECE,B.E.,7.2,1,Yes,2,1,59,59,52,59,76.78,Embedded Engineer,Placed,0.4272,4.61
STU00652,21,Male,Maharashtra,Nagpur,Tier 2,Tier 2,AI & ML,B.Tech,5.25,0,No,4,6,25,47,71,40,79.31,Machine Learning Engineer,Placed,0.2441,2.5
STU00653,23,Male,Kerala,Kozhikode,Tier 1,Tier 3,Mechanical,B.Tech,7.36,0,Yes,3,7,53,47,69,70,82.47,Design Engineer,Placed,0.6581,4.83
STU00654,22,Female,West Bengal,Kolkata,Tier 1,Tier 3,Mechanical,B.Tech,8.41,0,No,6,3,69,66,26,69,93.15,Design Engineer,Placed,0.7921,7.99
STU00655,22,Female,Gujarat,Ahmedabad,Tier 2,Tier 3,ISE,B.E.,8.51,1,Yes,5,1,62,75,73,68,84.05,Full Stack Developer,Placed,0.7719,7.53
STU00656,24,Female,Delhi,Delhi,Tier 3,Tier 3,CSE,B.Tech,7.38,1,No,2,2,66,92,79,62,90.49,Software Developer,Placed,0.5255,2.91
STU00657,23,Female,Delhi,Delhi,Tier 2,Tier 2,Civil,B.Tech,7.08,0,No,2,5,51,53,47,62,77.77,Civil Engineer,Not Placed,0.4423,0.0
STU00658,20,Male,Andhra Pradesh,Tirupati,Tier 1,Tier 2,Mechanical,B.Tech,6.2,0,No,3,0,72,80,93,67,80.99,Design Engineer,Not Placed,0.4626,0.0
STU00659,21,Male,Delhi,New Delhi,Tier 3,Tier 2,ECE,B.Tech,8.54,0,No,3,4,73,68,77,86,78.09,Embedded Engineer,Placed,0.7898,5.19
STU00660,22,Male,Karnataka,Bengaluru,Tier 2,Tier 3,Mechanical,B.E.,7.32,0,Yes,2,2,61,46,64,83,77.54,Design Engineer,Placed,0.5468,2.5
STU00661,23,Male,West Bengal,Kolkata,Tier 2,Tier 3,Mechanical,B.E.,8.09,0,Yes,1,3,78,25,48,100,91.18,Design Engineer,Not Placed,0.6196,0.0
STU00662,22,Male,Uttar Pradesh,Noida,Tier 1,Tier 3,Data Science,B.E.,8.34,0,No,4,1,73,64,73,69,82.28,Data Scientist,Placed,0.7124,5.08
STU00663,23,Male,Uttar Pradesh,Noida,Tier 3,Tier 2,CSE,B.E.,8.81,0,Yes,3,4,62,97,79,76,88.49,Software Developer,Placed,0.9104,7.32
STU00664,24,Male,Andhra Pradesh,Visakhapatnam,Tier 3,Tier 3,ECE,B.Tech,7.92,0,Yes,2,3,83,35,43,85,83.08,Embedded Engineer,Not Placed,0.657,0.0
STU00665,21,Male,Telangana,Hyderabad,Tier 2,Tier 2,Data Science,B.Tech,7.12,0,Yes,3,3,53,72,79,62,86.25,Data Scientist,Not Placed,0.6743,0.0
STU00666,22,Male,Kerala,Kozhikode,Tier 2,Tier 1,CSE,B.Tech,8.55,0,No,1,1,79,72,90,88,89.78,Software Developer,Placed,0.7514,3.32
STU00667,20,Male,Uttar Pradesh,Noida,Tier 3,Tier 2,CSE,B.Tech,6.92,0,Yes,2,5,65,63,95,66,73.78,Software Developer,Not Placed,0.6656,0.0
STU00668,20,Male,Tamil Nadu,Chennai,Tier 1,Tier 3,Civil,B.Tech,8.33,1,No,2,1,88,100,61,84,86.46,Civil Engineer,Placed,0.7217,5.73
STU00669,20,Male,West Bengal,Kolkata,Tier 1,Tier 2,Mechanical,B.Tech,9.56,0,Yes,0,2,80,100,64,67,72.03,Design Engineer,Placed,0.8726,5.06
STU00670,23,Female,Maharashtra,Mumbai,Tier 1,Tier 2,Data Science,B.E.,9.05,0,Yes,1,1,60,99,70,91,87.18,Data Scientist,Placed,0.8763,6.65
STU00671,20,Male,Karnataka,Mysuru,Tier 2,Tier 1,ECE,B.E.,9.56,1,No,1,2,80,64,78,89,81.51,Embedded Engineer,Placed,0.7194,3.88
STU00672,21,Male,Maharashtra,Mumbai,Tier 1,Tier 3,AI & ML,B.Tech,6.82,0,Yes,3,6,59,48,34,85,96.02,Machine Learning Engineer,Not Placed,0.6748,0.0
STU00673,24,Female,Andhra Pradesh,Tirupati,Tier 2,Tier 3,Mechanical,B.E.,6.93,1,Yes,1,2,86,65,75,49,83.96,Design Engineer,Placed,0.4058,3.05
STU00674,21,Male,Tamil Nadu,Madurai,Tier 2,Tier 3,CSE,B.E.,5.89,1,No,2,4,58,57,47,53,94.17,Software Developer,Placed,0.231,2.5
STU00675,20,Male,Uttar Pradesh,Lucknow,Tier 2,Tier 3,CSE,B.E.,8.02,1,Yes,6,2,64,74,78,83,71.89,Software Developer,Placed,0.8125,6.54
STU00676,24,Male,Kerala,Kozhikode,Tier 3,Tier 1,ECE,B.Tech,7.51,1,Yes,1,2,68,37,57,85,88.91,Embedded Engineer,Not Placed,0.4477,0.0
STU00677,23,Male,Telangana,Warangal,Tier 3,Tier 2,Mechanical,B.Tech,9.13,0,No,2,1,95,98,59,55,85.27,Design Engineer,Placed,0.8238,7.51
STU00678,21,Male,Uttar Pradesh,Kanpur,Tier 3,Tier 3,AI & ML,B.Tech,7.23,0,Yes,2,4,55,53,46,60,89.47,Machine Learning Engineer,Not Placed,0.5691,0.0
STU00679,23,Male,Delhi,Delhi,Tier 1,Tier 2,CSE,B.Tech,7.44,2,Yes,4,3,73,64,59,43,85.79,Software Developer,Placed,0.5059,4.56
STU00680,23,Female,Kerala,Kochi,Tier 2,Tier 2,EEE,B.E.,7.16,0,No,3,2,48,74,57,73,69.85,Electrical Engineer,Placed,0.539,5.16
STU00681,24,Female,Kerala,Thiruvananthapuram,Tier 1,Tier 1,Data Science,B.Tech,6.61,0,Yes,2,1,56,59,44,59,94.72,Data Scientist,Not Placed,0.5021,0.0
STU00682,23,Male,Telangana,Hyderabad,Tier 2,Tier 3,ISE,B.Tech,7.8,1,Yes,3,1,97,71,69,67,87.63,Full Stack Developer,Placed,0.7059,5.03
STU00683,21,Female,Gujarat,Ahmedabad,Tier 1,Tier 3,Mechanical,B.Tech,7.7,0,Yes,2,1,78,77,53,91,84.66,Design Engineer,Not Placed,0.7539,0.0
STU00684,20,Male,Andhra Pradesh,Tirupati,Tier 3,Tier 3,CSE,B.Tech,8.54,0,No,3,1,85,71,43,70,93.59,Software Developer,Placed,0.7503,3.5
STU00685,20,Male,Telangana,Karimnagar,Tier 3,Tier 2,AI & ML,B.Tech,6.96,1,No,2,2,56,85,75,70,71.5,Machine Learning Engineer,Placed,0.4614,6.38
STU00686,20,Female,Uttar Pradesh,Lucknow,Tier 2,Tier 1,CSE,B.Tech,7.52,0,Yes,4,4,62,100,66,89,83.5,Software Developer,Placed,0.9041,3.93
STU00687,24,Male,Tamil Nadu,Chennai,Tier 1,Tier 3,ISE,B.E.,7.48,0,Yes,1,0,80,56,86,66,75.18,Full Stack Developer,Not Placed,0.5585,0.0
STU00688,22,Male,Telangana,Karimnagar,Tier 2,Tier 1,EEE,B.E.,6.32,0,Yes,3,1,45,51,75,71,79.37,Electrical Engineer,Placed,0.4434,5.48
STU00689,24,Male,Karnataka,Mangaluru,Tier 2,Tier 3,Data Science,B.Tech,8.5,0,No,3,2,58,65,67,57,85.26,Data Scientist,Not Placed,0.6448,0.0
STU00690,21,Male,Andhra Pradesh,Visakhapatnam,Tier 1,Tier 2,CSE,B.Tech,9.21,0,No,3,1,82,100,67,69,73.31,Software Developer,Placed,0.8761,5.82
STU00691,21,Female,Tamil Nadu,Chennai,Tier 2,Tier 3,Civil,B.Tech,8.43,0,Yes,0,1,82,49,49,44,83.55,Civil Engineer,Placed,0.5172,3.92
STU00692,23,Male,Uttar Pradesh,Noida,Tier 2,Tier 3,Civil,B.Tech,8.73,1,Yes,4,2,75,57,58,68,71.16,Civil Engineer,Not Placed,0.7147,0.0
STU00693,23,Male,Telangana,Karimnagar,Tier 2,Tier 1,CSE,B.Tech,6.42,0,Yes,1,1,73,59,62,79,89.35,Software Developer,Placed,0.5456,2.88
STU00694,24,Female,Uttar Pradesh,Lucknow,Tier 2,Tier 2,EEE,B.Tech,8.06,1,Yes,1,0,79,91,83,55,91.69,Electrical Engineer,Placed,0.6142,6.45
STU00695,20,Male,Andhra Pradesh,Tirupati,Tier 1,Tier 2,ISE,B.Tech,8.19,0,Yes,2,3,79,99,92,49,73.05,Full Stack Developer,Placed,0.8419,7.05
STU00696,22,Male,Uttar Pradesh,Noida,Tier 2,Tier 2,CSE,B.E.,7.81,0,No,3,3,63,75,80,65,84.04,Software Developer,Placed,0.6901,4.86
STU00697,24,Male,Kerala,Thiruvananthapuram,Tier 3,Tier 2,CSE,B.Tech,7.32,0,Yes,3,3,90,48,72,53,91.54,Software Developer,Placed,0.6732,4.65
STU00698,24,Female,West Bengal,Durgapur,Tier 1,Tier 3,EEE,B.Tech,6.62,0,Yes,3,2,82,62,87,67,66.71,Electrical Engineer,Placed,0.5998,5.32
STU00699,23,Male,Kerala,Kochi,Tier 2,Tier 3,EEE,B.Tech,7.77,0,No,2,2,64,57,47,91,84.08,Electrical Engineer,Placed,0.5676,4.26
STU00700,22,Male,Kerala,Thiruvananthapuram,Tier 2,Tier 2,CSE,B.Tech,9.36,1,No,2,1,91,100,89,70,93.53,Software Developer,Placed,0.8195,4.82
STU00701,21,Male,Tamil Nadu,Chennai,Tier 3,Tier 3,Data Science,B.E.,7.99,0,Yes,1,1,68,70,65,59,85.35,Data Scientist,Placed,0.6433,3.99
STU00702,21,Male,Uttar Pradesh,Kanpur,Tier 1,Tier 1,Mechanical,B.Tech,5.67,1,No,2,3,55,43,74,58,80.46,Design Engineer,Placed,0.1711,2.91
STU00703,21,Female,Kerala,Kozhikode,Tier 3,Tier 1,Data Science,B.Tech,8.86,0,Yes,2,1,81,82,75,72,76.27,Data Scientist,Placed,0.8684,5.35
STU00704,23,Male,Delhi,New Delhi,Tier 2,Tier 1,AI & ML,B.E.,8.3,0,No,2,3,71,99,100,83,75.67,Machine Learning Engineer,Placed,0.8464,4.67
STU00705,21,Male,Maharashtra,Mumbai,Tier 1,Tier 3,Data Science,B.Tech,6.99,0,No,1,5,51,100,58,74,89.42,Data Scientist,Placed,0.6471,4.34
STU00706,22,Male,Andhra Pradesh,Visakhapatnam,Tier 1,Tier 3,EEE,B.E.,7.58,1,Yes,1,2,70,75,82,64,82.92,Electrical Engineer,Placed,0.52,4.59
STU00707,24,Male,Gujarat,Vadodara,Tier 2,Tier 3,AI & ML,B.E.,7.81,0,Yes,2,2,80,85,55,94,83.36,Machine Learning Engineer,Not Placed,0.835,0.0
STU00708,23,Female,Delhi,New Delhi,Tier 2,Tier 3,AI & ML,B.E.,7.28,0,No,5,2,57,57,52,67,75.93,Machine Learning Engineer,Not Placed,0.5918,0.0
STU00709,23,Male,Gujarat,Ahmedabad,Tier 1,Tier 3,ECE,B.Tech,8.09,1,No,2,2,77,64,46,79,93.84,Embedded Engineer,Not Placed,0.5264,0.0
STU00710,20,Female,Karnataka,Bengaluru,Tier 3,Tier 3,AI & ML,B.Tech,8.59,0,No,1,3,78,60,59,58,72.0,Machine Learning Engineer,Placed,0.6313,6.38
STU00711,20,Female,Telangana,Karimnagar,Tier 3,Tier 3,ISE,B.Tech,7.87,3,No,2,1,87,100,67,77,77.72,Full Stack Developer,Not Placed,0.4746,0.0
STU00712,23,Male,Maharashtra,Nagpur,Tier 1,Tier 1,ECE,B.Tech,7.51,1,No,1,2,79,70,61,80,79.35,Embedded Engineer,Not Placed,0.5017,0.0
STU00713,20,Male,Andhra Pradesh,Visakhapatnam,Tier 2,Tier 1,ISE,B.Tech,6.67,1,Yes,3,2,56,60,81,66,66.89,Full Stack Developer,Placed,0.4911,4.54
STU00714,23,Male,Gujarat,Ahmedabad,Tier 2,Tier 2,Data Science,B.Tech,8.57,0,Yes,0,2,62,78,60,84,87.14,Data Scientist,Placed,0.7726,5.04
STU00715,24,Male,Uttar Pradesh,Kanpur,Tier 3,Tier 2,CSE,B.Tech,7.67,0,No,1,3,58,58,89,58,69.02,Software Developer,Not Placed,0.4815,0.0
STU00716,21,Male,Andhra Pradesh,Tirupati,Tier 2,Tier 1,Mechanical,B.Tech,7.45,0,No,2,1,81,52,75,66,85.52,Design Engineer,Placed,0.5107,3.69
STU00717,21,Male,Gujarat,Ahmedabad,Tier 2,Tier 2,CSE,B.Tech,7.17,0,Yes,3,1,81,56,91,85,74.72,Software Developer,Not Placed,0.7066,0.0
STU00718,21,Female,Telangana,Karimnagar,Tier 1,Tier 2,Civil,B.Tech,6.6,0,Yes,2,8,64,69,54,79,71.42,Civil Engineer,Placed,0.7204,4.03
STU00719,23,Female,Uttar Pradesh,Lucknow,Tier 1,Tier 1,AI & ML,B.E.,6.57,0,No,6,5,64,64,51,50,72.33,Machine Learning Engineer,Placed,0.676,3.17
STU00720,21,Female,Telangana,Hyderabad,Tier 3,Tier 1,CSE,B.Tech,7.54,0,Yes,1,0,58,59,47,63,84.12,Software Developer,Not Placed,0.5537,0.0
STU00721,23,Male,Tamil Nadu,Chennai,Tier 1,Tier 1,Mechanical,B.Tech,8.19,3,Yes,1,3,78,58,79,76,96.64,Design Engineer,Not Placed,0.423,0.0
STU00722,24,Male,Andhra Pradesh,Visakhapatnam,Tier 1,Tier 3,Data Science,B.E.,8.21,1,No,5,1,67,70,78,50,81.19,Data Scientist,Placed,0.5963,4.7
STU00723,20,Male,West Bengal,Kolkata,Tier 2,Tier 1,ECE,B.Tech,9.19,0,Yes,3,0,82,66,50,78,91.01,Embedded Engineer,Placed,0.8538,5.77
STU00724,22,Female,West Bengal,Durgapur,Tier 3,Tier 3,CSE,B.Tech,7.66,2,No,1,0,73,54,15,31,75.19,Software Developer,Not Placed,0.172,0.0
STU00725,20,Female,Kerala,Thiruvananthapuram,Tier 1,Tier 1,AI & ML,B.Tech,6.88,0,Yes,1,0,55,78,71,46,90.26,Machine Learning Engineer,Not Placed,0.5058,0.0
STU00726,20,Male,Delhi,Delhi,Tier 1,Tier 3,Data Science,B.Tech,9.19,0,Yes,2,4,75,57,62,54,82.01,Data Scientist,Placed,0.8019,4.83
STU00727,22,Male,Uttar Pradesh,Lucknow,Tier 3,Tier 3,ECE,B.Tech,7.86,0,Yes,3,1,72,46,38,56,93.51,Embedded Engineer,Placed,0.5796,6.43
STU00728,20,Male,Kerala,Kochi,Tier 2,Tier 3,EEE,B.Tech,7.89,1,Yes,0,2,72,78,50,70,93.11,Electrical Engineer,Placed,0.5468,5.03
STU00729,24,Male,Kerala,Kozhikode,Tier 3,Tier 3,CSE,B.E.,7.91,0,No,4,2,67,67,67,58,73.61,Software Developer,Not Placed,0.6603,0.0
STU00730,21,Female,Gujarat,Vadodara,Tier 2,Tier 2,Data Science,B.Tech,6.94,0,Yes,2,1,55,70,58,69,93.84,Data Scientist,Placed,0.5845,5.59
STU00731,24,Male,Delhi,Delhi,Tier 1,Tier 3,EEE,B.Tech,5.85,2,No,0,4,58,64,68,47,78.6,Electrical Engineer,Not Placed,0.1066,0.0
STU00732,22,Female,Gujarat,Ahmedabad,Tier 1,Tier 2,CSE,B.Tech,8.97,0,No,1,2,70,89,69,81,90.73,Software Developer,Placed,0.8008,4.87
STU00733,24,Male,Tamil Nadu,Madurai,Tier 1,Tier 3,ISE,B.Tech,8.06,0,No,3,2,44,83,61,68,84.21,Full Stack Developer,Placed,0.6648,4.82
STU00734,23,Female,Maharashtra,Mumbai,Tier 2,Tier 3,Mechanical,B.E.,8.0,1,Yes,3,2,76,62,29,52,80.12,Design Engineer,Placed,0.5803,5.5
STU00735,24,Male,Karnataka,Bengaluru,Tier 2,Tier 2,ECE,B.Tech,6.12,0,No,2,3,56,60,62,58,78.16,Embedded Engineer,Not Placed,0.3255,0.0
STU00736,23,Female,Kerala,Kochi,Tier 1,Tier 2,CSE,B.Tech,9.92,1,No,1,0,73,100,71,67,82.15,Software Developer,Placed,0.7743,6.59
STU00737,23,Male,Karnataka,Mysuru,Tier 2,Tier 3,ECE,B.Tech,7.79,2,Yes,1,0,79,49,54,63,84.19,Embedded Engineer,Not Placed,0.2995,0.0
STU00738,23,Male,Andhra Pradesh,Tirupati,Tier 3,Tier 3,AI & ML,B.E.,7.93,0,Yes,4,1,76,72,59,73,67.54,Machine Learning Engineer,Not Placed,0.8023,0.0
STU00739,20,Female,Uttar Pradesh,Lucknow,Tier 3,Tier 3,ISE,B.E.,7.37,0,Yes,3,0,61,88,92,40,78.59,Full Stack Developer,Placed,0.6417,4.98
STU00740,21,Male,West Bengal,Kolkata,Tier 2,Tier 3,CSE,B.Tech,7.7,1,Yes,1,1,78,79,61,77,80.44,Software Developer,Placed,0.6236,2.5
STU00741,24,Male,Karnataka,Mysuru,Tier 3,Tier 3,CSE,B.Tech,8.92,0,Yes,0,1,69,61,78,46,86.11,Software Developer,Placed,0.6277,4.17
STU00742,20,Male,Karnataka,Mysuru,Tier 1,Tier 3,ECE,B.Tech,6.69,1,No,1,2,46,43,32,54,71.06,Embedded Engineer,Placed,0.1472,4.8
STU00743,21,Female,Telangana,Karimnagar,Tier 1,Tier 2,CSE,B.E.,7.63,0,Yes,3,2,71,72,76,79,68.2,Software Developer,Placed,0.7826,4.38
STU00744,24,Male,Gujarat,Vadodara,Tier 1,Tier 1,Data Science,B.Tech,10.0,1,Yes,1,1,82,65,79,59,86.71,Data Scientist,Placed,0.7895,3.92
STU00745,21,Male,West Bengal,Durgapur,Tier 1,Tier 1,AI & ML,B.Tech,7.4,1,Yes,4,4,61,97,75,60,93.84,Machine Learning Engineer,Placed,0.7906,4.45
STU00746,20,Male,Karnataka,Bengaluru,Tier 3,Tier 1,CSE,B.E.,8.63,0,No,2,3,86,83,84,72,100.0,Software Developer,Not Placed,0.8338,0.0
STU00747,22,Male,Uttar Pradesh,Lucknow,Tier 3,Tier 1,Data Science,B.E.,8.28,0,Yes,2,3,62,95,57,84,82.94,Data Scientist,Placed,0.8783,2.5
STU00748,21,Female,Andhra Pradesh,Tirupati,Tier 3,Tier 3,ISE,B.Tech,7.49,0,Yes,2,2,59,86,31,70,76.6,Full Stack Developer,Placed,0.7221,3.7
STU00749,24,Male,Maharashtra,Mumbai,Tier 1,Tier 1,Mechanical,B.Tech,6.05,0,Yes,2,0,65,70,71,60,79.0,Design Engineer,Placed,0.4563,3.93
STU00750,21,Female,Maharashtra,Nagpur,Tier 2,Tier 1,Data Science,B.Tech,7.43,2,Yes,3,8,67,87,60,90,70.25,Data Scientist,Placed,0.7962,5.64
STU00751,21,Female,Kerala,Thiruvananthapuram,Tier 3,Tier 2,Civil,B.Tech,7.2,0,Yes,2,2,70,93,77,70,86.41,Civil Engineer,Placed,0.7341,6.66
STU00752,22,Male,Maharashtra,Pune,Tier 2,Tier 3,Civil,B.Tech,8.46,0,Yes,1,2,88,80,78,65,63.18,Civil Engineer,Placed,0.776,5.69
STU00753,20,Male,West Bengal,Durgapur,Tier 3,Tier 2,ECE,B.Tech,8.43,0,Yes,2,5,54,56,77,68,80.09,Embedded Engineer,Not Placed,0.7284,0.0
STU00754,21,Male,Maharashtra,Pune,Tier 2,Tier 3,Civil,B.E.,7.4,0,Yes,2,0,70,67,80,64,71.98,Civil Engineer,Placed,0.5702,4.29
STU00755,24,Female,Maharashtra,Mumbai,Tier 3,Tier 2,ISE,B.Tech,7.56,0,Yes,2,3,59,62,59,60,79.0,Full Stack Developer,Not Placed,0.6491,0.0
STU00756,20,Male,West Bengal,Durgapur,Tier 1,Tier 3,ECE,B.Tech,7.64,0,Yes,3,1,66,49,71,75,96.03,Embedded Engineer,Placed,0.6058,5.33
STU00757,21,Male,West Bengal,Kolkata,Tier 3,Tier 3,AI & ML,B.Tech,6.25,0,Yes,5,0,75,52,62,96,70.45,Machine Learning Engineer,Placed,0.6522,5.82
STU00758,23,Female,Uttar Pradesh,Lucknow,Tier 2,Tier 2,ISE,B.E.,8.32,1,No,0,0,62,83,74,69,77.76,Full Stack Developer,Not Placed,0.48,0.0
STU00759,23,Female,Kerala,Kozhikode,Tier 2,Tier 2,CSE,B.Tech,8.17,0,Yes,3,2,67,90,50,55,74.22,Software Developer,Not Placed,0.8188,0.0
STU00760,20,Male,West Bengal,Kolkata,Tier 3,Tier 3,Data Science,B.E.,9.35,1,No,1,4,82,90,34,92,83.87,Data Scientist,Placed,0.8215,4.85
STU00761,24,Male,Andhra Pradesh,Tirupati,Tier 2,Tier 1,AI & ML,B.Tech,7.57,1,No,1,2,60,88,81,77,74.44,Machine Learning Engineer,Not Placed,0.5612,0.0
STU00762,23,Female,Karnataka,Bengaluru,Tier 2,Tier 2,CSE,B.E.,6.81,1,Yes,2,2,72,82,66,66,77.21,Software Developer,Placed,0.5789,4.17
STU00763,22,Female,Kerala,Kochi,Tier 1,Tier 3,ECE,B.Tech,8.13,0,Yes,3,1,74,61,50,88,77.6,Embedded Engineer,Placed,0.7542,4.61
STU00764,23,Female,Tamil Nadu,Madurai,Tier 2,Tier 2,Data Science,B.Tech,7.75,0,No,1,2,60,53,50,59,69.39,Data Scientist,Placed,0.4528,4.29
STU00765,21,Female,Uttar Pradesh,Kanpur,Tier 1,Tier 1,Data Science,B.E.,6.71,0,Yes,2,1,83,73,70,53,74.1,Data Scientist,Not Placed,0.6356,0.0
STU00766,21,Female,West Bengal,Kolkata,Tier 3,Tier 2,AI & ML,B.Tech,7.61,0,Yes,0,2,72,79,32,73,98.71,Machine Learning Engineer,Placed,0.6893,4.65
STU00767,23,Male,Andhra Pradesh,Visakhapatnam,Tier 1,Tier 3,AI & ML,B.Tech,6.5,1,Yes,1,3,57,85,81,61,84.13,Machine Learning Engineer,Not Placed,0.4581,0.0
STU00768,24,Male,Kerala,Thiruvananthapuram,Tier 2,Tier 2,AI & ML,B.Tech,9.12,0,Yes,1,3,81,72,81,61,74.58,Machine Learning Engineer,Not Placed,0.8309,0.0
STU00769,21,Female,West Bengal,Durgapur,Tier 1,Tier 3,Data Science,B.Tech,9.37,0,No,6,2,94,84,53,48,87.28,Data Scientist,Placed,0.8996,8.57
STU00770,23,Male,Andhra Pradesh,Visakhapatnam,Tier 1,Tier 2,CSE,B.Tech,6.34,0,No,1,2,66,37,59,75,92.6,Software Developer,Placed,0.2998,3.18
STU00771,24,Male,Delhi,New Delhi,Tier 2,Tier 3,EEE,B.E.,5.94,2,No,3,6,42,59,62,70,92.72,Electrical Engineer,Not Placed,0.2057,0.0
STU00772,21,Male,Tamil Nadu,Coimbatore,Tier 2,Tier 2,CSE,B.Tech,5.68,0,Yes,3,1,67,49,37,63,81.03,Software Developer,Placed,0.4131,3.46
STU00773,20,Male,Karnataka,Mysuru,Tier 2,Tier 3,ISE,B.Tech,8.34,0,No,2,2,73,100,89,46,74.63,Full Stack Developer,Placed,0.7349,6.91
STU00774,20,Male,Telangana,Hyderabad,Tier 2,Tier 2,Data Science,B.Tech,7.62,0,Yes,1,0,70,65,51,85,89.79,Data Scientist,Placed,0.6566,3.61
STU00775,22,Female,Andhra Pradesh,Visakhapatnam,Tier 2,Tier 2,Mechanical,B.E.,7.31,0,Yes,1,1,79,71,63,73,90.89,Design Engineer,Not Placed,0.6303,0.0
STU00776,24,Male,Gujarat,Vadodara,Tier 3,Tier 3,Civil,B.Tech,8.43,0,No,1,1,71,65,42,77,68.23,Civil Engineer,Placed,0.5863,3.8
STU00777,22,Male,West Bengal,Kolkata,Tier 1,Tier 1,ISE,B.Tech,7.28,1,Yes,1,2,64,84,74,66,82.17,Full Stack Developer,Placed,0.6006,5.21
STU00778,21,Male,Andhra Pradesh,Visakhapatnam,Tier 2,Tier 2,EEE,B.Tech,7.89,0,No,2,1,88,72,73,100,79.88,Electrical Engineer,Not Placed,0.7252,0.0
STU00779,23,Male,Tamil Nadu,Coimbatore,Tier 2,Tier 2,Data Science,B.Tech,8.79,1,No,4,0,81,100,54,55,86.41,Data Scientist,Placed,0.7713,7.13
STU00780,20,Female,Maharashtra,Nagpur,Tier 3,Tier 2,AI & ML,B.Tech,7.77,1,No,1,2,93,94,49,64,70.48,Machine Learning Engineer,Not Placed,0.6373,0.0
STU00781,21,Male,Delhi,New Delhi,Tier 2,Tier 3,ECE,B.Tech,9.29,0,Yes,0,3,85,76,91,81,84.96,Embedded Engineer,Placed,0.8347,5.55
STU00782,24,Male,Uttar Pradesh,Kanpur,Tier 1,Tier 2,ECE,B.E.,8.19,1,Yes,2,2,94,89,82,80,80.77,Embedded Engineer,Not Placed,0.7938,0.0
STU00783,24,Female,West Bengal,Durgapur,Tier 2,Tier 2,Civil,B.Tech,6.06,0,No,1,3,49,55,59,59,100.0,Civil Engineer,Not Placed,0.2501,0.0
STU00784,22,Female,West Bengal,Durgapur,Tier 1,Tier 2,ECE,B.Tech,9.28,0,No,2,3,63,80,71,70,79.05,Embedded Engineer,Not Placed,0.7825,0.0
STU00785,23,Male,West Bengal,Kolkata,Tier 2,Tier 3,CSE,B.Tech,8.79,0,No,2,2,56,94,68,83,82.36,Software Developer,Placed,0.7948,5.64
STU00786,22,Female,Tamil Nadu,Coimbatore,Tier 3,Tier 3,ECE,B.Tech,7.39,1,Yes,1,1,85,78,91,65,77.92,Embedded Engineer,Not Placed,0.5347,0.0
STU00787,22,Male,West Bengal,Kolkata,Tier 3,Tier 2,Mechanical,B.E.,7.66,1,Yes,2,0,71,62,61,67,84.19,Design Engineer,Placed,0.4978,4.62
STU00788,23,Other,Telangana,Warangal,Tier 3,Tier 2,ISE,B.Tech,7.95,0,Yes,3,2,54,90,81,61,85.23,Full Stack Developer,Placed,0.7907,4.38
STU00789,20,Female,Kerala,Thiruvananthapuram,Tier 1,Tier 1,Civil,B.Tech,8.52,0,No,1,1,87,78,59,75,70.29,Civil Engineer,Placed,0.7296,4.73
STU00790,22,Female,Telangana,Warangal,Tier 3,Tier 1,EEE,B.Tech,7.74,0,Yes,2,2,62,71,93,79,95.64,Electrical Engineer,Placed,0.73,4.28
STU00791,23,Female,West Bengal,Durgapur,Tier 1,Tier 1,AI & ML,B.Tech,9.33,0,No,1,2,81,84,74,65,85.43,Machine Learning Engineer,Placed,0.8207,3.64
STU00792,22,Male,Telangana,Karimnagar,Tier 3,Tier 2,CSE,B.Tech,8.82,0,Yes,1,3,77,61,78,38,83.75,Software Developer,Placed,0.7189,7.8
STU00793,24,Female,Uttar Pradesh,Lucknow,Tier 2,Tier 2,AI & ML,B.E.,7.56,1,No,0,0,75,78,85,73,90.17,Machine Learning Engineer,Not Placed,0.4241,0.0
STU00794,23,Female,Maharashtra,Nagpur,Tier 1,Tier 2,Data Science,B.Tech,8.88,0,Yes,2,5,62,79,100,57,74.45,Data Scientist,Placed,0.8474,7.16
STU00795,21,Male,Delhi,New Delhi,Tier 2,Tier 2,Civil,B.E.,5.57,3,Yes,3,3,55,38,69,70,85.96,Civil Engineer,Not Placed,0.1233,0.0
STU00796,23,Male,Gujarat,Vadodara,Tier 1,Tier 2,ECE,B.Tech,9.05,0,No,2,0,76,62,63,61,82.32,Embedded Engineer,Not Placed,0.6466,0.0
STU00797,24,Male,Telangana,Warangal,Tier 1,Tier 2,CSE,B.Tech,8.42,0,No,2,1,90,89,73,68,80.91,Software Developer,Not Placed,0.7872,0.0
STU00798,20,Female,Gujarat,Surat,Tier 3,Tier 3,CSE,B.Tech,8.59,0,Yes,2,4,71,71,52,62,86.55,Software Developer,Placed,0.807,5.33
STU00799,21,Female,Delhi,New Delhi,Tier 3,Tier 3,EEE,B.Tech,9.44,0,Yes,3,2,82,99,56,64,78.0,Electrical Engineer,Placed,0.909,5.78
STU00800,22,Female,Andhra Pradesh,Visakhapatnam,Tier 1,Tier 2,Data Science,B.Tech,8.8,0,No,0,3,76,90,51,82,69.21,Data Scientist,Placed,0.792,6.45
STU00801,23,Male,Andhra Pradesh,Tirupati,Tier 2,Tier 3,CSE,B.Tech,7.98,0,Yes,4,0,84,90,75,64,80.17,Software Developer,Placed,0.8369,7.95
STU00802,20,Female,Gujarat,Ahmedabad,Tier 1,Tier 2,ECE,B.Tech,7.42,0,No,2,2,67,64,58,61,79.08,Embedded Engineer,Placed,0.499,2.96
STU00803,20,Female,Uttar Pradesh,Lucknow,Tier 3,Tier 3,AI & ML,B.Tech,7.77,0,No,2,3,77,81,53,67,87.43,Machine Learning Engineer,Placed,0.6951,5.19
STU00804,22,Male,Uttar Pradesh,Lucknow,Tier 1,Tier 1,AI & ML,B.E.,9.21,0,Yes,1,0,72,89,100,64,77.8,Machine Learning Engineer,Placed,0.8441,7.04
STU00805,23,Female,Kerala,Kozhikode,Tier 3,Tier 3,CSE,B.E.,8.48,0,No,4,3,60,85,79,91,75.18,Software Developer,Placed,0.84,5.12
STU00806,23,Male,Gujarat,Vadodara,Tier 2,Tier 3,AI & ML,B.Tech,8.98,3,Yes,1,3,71,84,86,63,77.36,Machine Learning Engineer,Placed,0.5548,5.24
STU00807,23,Male,Andhra Pradesh,Tirupati,Tier 1,Tier 2,CSE,B.Tech,6.88,0,No,0,0,67,80,72,73,100.0,Software Developer,Not Placed,0.4446,0.0
STU00808,24,Male,Gujarat,Vadodara,Tier 1,Tier 2,Mechanical,B.Tech,8.12,1,No,2,2,85,61,78,95,100.0,Design Engineer,Not Placed,0.6064,0.0
STU00809,23,Female,Delhi,Delhi,Tier 3,Tier 3,EEE,B.Tech,8.7,0,Yes,4,1,71,84,43,76,87.26,Electrical Engineer,Placed,0.857,6.6
STU00810,20,Male,Gujarat,Surat,Tier 3,Tier 3,ECE,B.Tech,9.25,1,Yes,3,3,74,59,73,69,86.48,Embedded Engineer,Not Placed,0.7526,0.0
STU00811,22,Male,Karnataka,Mangaluru,Tier 2,Tier 1,CSE,B.Tech,8.05,0,No,1,1,70,61,55,63,83.55,Software Developer,Placed,0.569,3.59
STU00812,23,Male,Maharashtra,Nagpur,Tier 2,Tier 1,ECE,B.Tech,9.15,1,No,1,1,62,83,97,84,70.9,Embedded Engineer,Not Placed,0.6731,0.0
STU00813,23,Male,Uttar Pradesh,Lucknow,Tier 3,Tier 2,ISE,B.E.,7.7,0,Yes,2,3,67,86,51,80,85.26,Full Stack Developer,Placed,0.8092,4.01
STU00814,24,Female,Gujarat,Ahmedabad,Tier 2,Tier 3,Civil,B.E.,7.99,0,Yes,6,1,94,55,84,58,73.25,Civil Engineer,Not Placed,0.7975,0.0
STU00815,20,Male,Delhi,Delhi,Tier 1,Tier 3,ISE,B.Tech,8.05,0,No,3,2,60,70,75,71,76.36,Full Stack Developer,Placed,0.6624,3.26
STU00816,20,Female,Karnataka,Bengaluru,Tier 3,Tier 1,Data Science,B.Tech,6.72,1,Yes,3,0,59,77,62,64,80.48,Data Scientist,Placed,0.526,2.5
STU00817,24,Female,Andhra Pradesh,Vijayawada,Tier 2,Tier 2,CSE,B.Tech,6.9,0,No,1,1,42,79,48,70,85.33,Software Developer,Not Placed,0.4278,0.0
STU00818,23,Male,Uttar Pradesh,Lucknow,Tier 2,Tier 2,CSE,B.Tech,8.59,0,Yes,3,1,49,70,55,64,73.24,Software Developer,Not Placed,0.7563,0.0
STU00819,23,Male,Gujarat,Ahmedabad,Tier 2,Tier 3,Civil,B.Tech,7.92,0,Yes,1,0,83,66,51,57,84.57,Civil Engineer,Placed,0.5966,6.21
STU00820,20,Male,Delhi,Delhi,Tier 2,Tier 2,CSE,B.E.,7.07,2,Yes,1,3,59,95,94,44,97.1,Software Developer,Not Placed,0.4298,0.0
STU00821,23,Male,Karnataka,Bengaluru,Tier 1,Tier 3,CSE,B.E.,7.05,1,No,1,2,43,65,74,63,89.73,Software Developer,Placed,0.2734,2.61
STU00822,22,Female,Kerala,Kozhikode,Tier 2,Tier 3,ECE,B.Tech,6.1,0,Yes,0,3,65,60,80,87,91.71,Embedded Engineer,Not Placed,0.4322,0.0
STU00823,23,Male,Karnataka,Mangaluru,Tier 1,Tier 1,Mechanical,B.Tech,7.36,0,No,2,0,72,53,32,76,63.99,Design Engineer,Placed,0.4826,5.93
STU00824,20,Male,Andhra Pradesh,Visakhapatnam,Tier 3,Tier 2,AI & ML,B.Tech,8.33,0,Yes,1,5,64,94,80,79,85.9,Machine Learning Engineer,Placed,0.8635,3.79
STU00825,21,Male,Kerala,Kozhikode,Tier 2,Tier 3,CSE,B.E.,8.06,0,No,3,0,90,61,92,64,98.69,Software Developer,Placed,0.6441,3.8
STU00826,23,Female,Gujarat,Vadodara,Tier 2,Tier 3,CSE,B.Tech,8.07,0,Yes,1,3,79,70,62,47,91.28,Software Developer,Placed,0.6924,4.42
STU00827,24,Female,Kerala,Thiruvananthapuram,Tier 3,Tier 3,Mechanical,B.E.,6.43,0,Yes,2,1,53,35,63,57,72.56,Design Engineer,Placed,0.2859,3.81
STU00828,24,Female,Gujarat,Surat,Tier 2,Tier 3,ISE,B.Tech,7.31,0,Yes,2,0,68,81,48,51,79.76,Full Stack Developer,Placed,0.6142,4.81
STU00829,21,Male,Maharashtra,Mumbai,Tier 2,Tier 3,EEE,B.Tech,8.44,0,Yes,2,1,62,91,77,61,81.1,Electrical Engineer,Placed,0.7602,4.86
STU00830,23,Female,Telangana,Warangal,Tier 2,Tier 3,EEE,B.Tech,9.12,1,No,2,4,52,61,61,70,83.1,Electrical Engineer,Not Placed,0.5762,0.0
STU00831,21,Female,Delhi,New Delhi,Tier 2,Tier 1,AI & ML,B.Tech,7.75,0,Yes,2,2,78,74,74,72,85.75,Machine Learning Engineer,Placed,0.7871,6.43
STU00832,22,Male,Kerala,Kozhikode,Tier 1,Tier 3,Mechanical,B.Tech,7.81,1,Yes,1,3,78,75,53,79,81.76,Design Engineer,Placed,0.6357,6.19
STU00833,23,Male,West Bengal,Durgapur,Tier 1,Tier 2,CSE,B.Tech,8.46,1,No,2,2,66,92,68,74,73.62,Software Developer,Not Placed,0.6928,0.0
STU00834,20,Male,Maharashtra,Pune,Tier 1,Tier 1,CSE,B.E.,7.22,0,Yes,1,1,39,54,70,77,81.07,Software Developer,Placed,0.5054,3.8
STU00835,21,Male,Kerala,Kozhikode,Tier 1,Tier 3,AI & ML,B.E.,7.26,0,No,3,1,77,60,42,65,80.03,Machine Learning Engineer,Placed,0.5425,3.71
STU00836,21,Male,Delhi,Delhi,Tier 1,Tier 3,Civil,B.Tech,8.08,1,No,2,2,73,53,63,78,68.04,Civil Engineer,Not Placed,0.4607,0.0
STU00837,22,Male,Delhi,Delhi,Tier 2,Tier 3,CSE,B.E.,7.77,1,Yes,0,2,51,70,65,58,84.16,Software Developer,Not Placed,0.4362,0.0
STU00838,23,Male,Delhi,New Delhi,Tier 2,Tier 2,Mechanical,B.Tech,9.11,0,No,2,2,70,65,49,70,71.07,Design Engineer,Placed,0.7151,3.61
STU00839,21,Male,Uttar Pradesh,Lucknow,Tier 2,Tier 2,Data Science,B.Tech,7.94,0,Yes,1,2,61,80,71,75,80.02,Data Scientist,Placed,0.7375,5.37
STU00840,24,Female,Delhi,New Delhi,Tier 3,Tier 2,CSE,B.Tech,8.59,0,No,0,2,78,88,70,56,77.43,Software Developer,Not Placed,0.6939,0.0
STU00841,23,Female,Maharashtra,Mumbai,Tier 2,Tier 3,ISE,B.Tech,8.57,0,Yes,2,1,63,72,87,58,77.08,Full Stack Developer,Placed,0.7304,2.95
STU00842,21,Male,Uttar Pradesh,Lucknow,Tier 2,Tier 2,EEE,B.Tech,7.93,1,Yes,4,1,80,58,52,77,77.31,Electrical Engineer,Placed,0.6743,4.26
STU00843,23,Male,Delhi,Delhi,Tier 2,Tier 1,CSE,B.E.,6.85,0,Yes,5,2,52,83,87,91,75.32,Software Developer,Placed,0.8207,5.65
STU00844,20,Male,Telangana,Hyderabad,Tier 2,Tier 3,EEE,B.Tech,7.71,1,No,1,2,82,70,66,55,96.87,Electrical Engineer,Not Placed,0.4089,0.0
STU00845,23,Female,West Bengal,Kolkata,Tier 3,Tier 3,ECE,B.E.,7.79,1,Yes,1,3,57,42,36,51,77.4,Embedded Engineer,Not Placed,0.3469,0.0
STU00846,20,Male,Uttar Pradesh,Noida,Tier 1,Tier 2,ECE,B.Tech,7.57,0,No,3,3,44,49,54,49,86.3,Embedded Engineer,Placed,0.414,4.53
STU00847,21,Male,Uttar Pradesh,Lucknow,Tier 3,Tier 1,EEE,B.Tech,8.48,0,Yes,3,1,84,100,80,65,75.5,Electrical Engineer,Placed,0.8833,5.79
STU00848,23,Female,Karnataka,Bengaluru,Tier 3,Tier 3,AI & ML,B.Tech,7.16,0,Yes,1,1,61,92,69,64,90.48,Machine Learning Engineer,Placed,0.643,2.5
STU00849,20,Male,Andhra Pradesh,Visakhapatnam,Tier 1,Tier 3,CSE,B.Tech,8.15,0,No,4,5,82,95,41,77,82.31,Software Developer,Not Placed,0.8793,0.0
STU00850,22,Female,Gujarat,Vadodara,Tier 1,Tier 2,Data Science,B.Tech,6.74,0,Yes,1,3,56,71,52,65,88.4,Data Scientist,Placed,0.5631,3.16
STU00851,20,Male,Telangana,Karimnagar,Tier 1,Tier 3,EEE,B.E.,7.93,0,Yes,1,1,89,37,40,60,84.04,Electrical Engineer,Not Placed,0.5211,0.0
STU00852,22,Female,Telangana,Karimnagar,Tier 3,Tier 1,ISE,B.Tech,7.72,0,Yes,3,2,74,41,31,74,92.8,Full Stack Developer,Placed,0.7018,3.49
STU00853,22,Female,Kerala,Kochi,Tier 2,Tier 3,CSE,B.E.,8.27,0,Yes,1,4,54,100,74,76,87.7,Software Developer,Placed,0.8306,5.54
STU00854,23,Female,Kerala,Kozhikode,Tier 1,Tier 3,AI & ML,B.Tech,8.02,0,Yes,1,3,63,69,49,49,89.17,Machine Learning Engineer,Placed,0.6466,5.63
STU00855,22,Male,Delhi,Delhi,Tier 1,Tier 2,ISE,B.Tech,7.23,1,Yes,4,4,80,72,77,77,92.09,Full Stack Developer,Placed,0.7531,6.42
STU00856,21,Male,Maharashtra,Mumbai,Tier 1,Tier 3,ISE,B.Tech,6.0,0,Yes,0,1,75,86,59,79,93.8,Full Stack Developer,Placed,0.5318,4.65
STU00857,22,Male,Maharashtra,Pune,Tier 1,Tier 3,CSE,B.E.,8.8,0,No,2,0,80,48,47,96,79.08,Software Developer,Placed,0.6849,3.26
STU00858,20,Male,Delhi,New Delhi,Tier 3,Tier 1,Data Science,B.Tech,7.86,0,Yes,2,3,74,80,58,52,76.39,Data Scientist,Not Placed,0.7826,0.0
STU00859,20,Male,Tamil Nadu,Madurai,Tier 3,Tier 3,Data Science,B.Tech,8.7,0,No,3,3,72,78,85,91,85.13,Data Scientist,Placed,0.8313,5.67
STU00860,21,Female,Telangana,Karimnagar,Tier 2,Tier 2,AI & ML,B.Tech,9.07,0,Yes,1,6,76,61,50,91,77.41,Machine Learning Engineer,Placed,0.8781,6.3
STU00861,20,Male,Gujarat,Vadodara,Tier 2,Tier 3,ISE,B.Tech,9.74,0,No,4,7,76,78,46,66,86.97,Full Stack Developer,Placed,0.916,4.0
STU00862,21,Male,Kerala,Thiruvananthapuram,Tier 2,Tier 3,CSE,B.Tech,9.19,1,Yes,2,5,78,64,30,74,82.7,Software Developer,Placed,0.8101,2.64
STU00863,22,Male,Telangana,Warangal,Tier 1,Tier 2,CSE,B.Tech,7.82,0,No,2,4,82,73,85,53,71.03,Software Developer,Not Placed,0.6846,0.0
STU00864,20,Male,Tamil Nadu,Madurai,Tier 1,Tier 2,EEE,B.Tech,7.49,0,Yes,3,1,68,53,92,46,64.46,Electrical Engineer,Placed,0.5477,3.96
STU00865,22,Male,Telangana,Warangal,Tier 1,Tier 3,Civil,B.Tech,8.14,2,No,2,4,87,80,67,78,77.47,Civil Engineer,Not Placed,0.5682,0.0
STU00866,22,Male,West Bengal,Kolkata,Tier 3,Tier 2,AI & ML,B.E.,7.73,2,Yes,4,6,54,100,52,86,81.33,Machine Learning Engineer,Placed,0.8006,6.31
STU00867,21,Female,Tamil Nadu,Chennai,Tier 2,Tier 1,Civil,B.Tech,8.24,0,Yes,3,0,74,56,100,75,90.08,Civil Engineer,Not Placed,0.7361,0.0
STU00868,24,Male,Gujarat,Vadodara,Tier 2,Tier 3,Civil,B.Tech,7.27,0,Yes,0,3,70,66,61,75,80.25,Civil Engineer,Placed,0.5698,4.78
STU00869,22,Male,Maharashtra,Pune,Tier 1,Tier 2,ECE,B.Tech,6.91,0,No,5,3,71,65,83,80,82.72,Embedded Engineer,Placed,0.6689,4.89
STU00870,24,Male,Maharashtra,Mumbai,Tier 1,Tier 3,Data Science,B.Tech,8.16,2,Yes,2,2,67,87,76,67,83.98,Data Scientist,Not Placed,0.6073,0.0
STU00871,22,Female,Gujarat,Ahmedabad,Tier 2,Tier 1,ISE,B.Tech,8.02,0,Yes,1,1,70,91,63,48,81.19,Full Stack Developer,Placed,0.7448,4.67
STU00872,24,Male,Telangana,Karimnagar,Tier 2,Tier 2,CSE,B.E.,9.21,2,Yes,2,0,96,71,78,89,95.8,Software Developer,Placed,0.7528,5.08
STU00873,23,Female,Gujarat,Ahmedabad,Tier 1,Tier 3,Data Science,B.Tech,6.96,0,No,2,2,63,66,49,78,88.82,Data Scientist,Not Placed,0.513,0.0
STU00874,24,Male,West Bengal,Durgapur,Tier 3,Tier 3,EEE,B.Tech,7.09,0,Yes,2,1,69,43,61,53,78.48,Electrical Engineer,Not Placed,0.4182,0.0
STU00875,23,Female,Maharashtra,Pune,Tier 2,Tier 3,Data Science,B.Tech,7.21,0,No,4,0,65,55,48,54,79.29,Data Scientist,Not Placed,0.4651,0.0
STU00876,24,Female,Uttar Pradesh,Kanpur,Tier 1,Tier 2,EEE,B.Tech,6.66,0,No,1,0,58,49,57,81,75.83,Electrical Engineer,Placed,0.2969,2.52
STU00877,20,Male,Telangana,Hyderabad,Tier 1,Tier 2,AI & ML,B.Tech,8.07,1,No,1,2,64,100,72,80,72.85,Machine Learning Engineer,Placed,0.6571,5.72
STU00878,20,Male,Gujarat,Vadodara,Tier 2,Tier 2,ISE,B.E.,7.14,0,No,2,2,62,65,44,75,90.99,Full Stack Developer,Not Placed,0.5366,0.0
STU00879,22,Male,Maharashtra,Nagpur,Tier 3,Tier 2,CSE,B.Tech,8.26,0,Yes,1,4,89,81,69,66,81.07,Software Developer,Placed,0.8352,5.26
STU00880,24,Male,West Bengal,Durgapur,Tier 2,Tier 2,CSE,B.Tech,8.01,1,No,1,1,85,35,46,55,76.2,Software Developer,Not Placed,0.3331,0.0
STU00881,23,Female,Karnataka,Mysuru,Tier 1,Tier 2,EEE,B.Tech,7.85,0,Yes,3,2,83,53,42,75,86.29,Electrical Engineer,Placed,0.7278,2.59
STU00882,20,Female,Delhi,Delhi,Tier 2,Tier 2,Mechanical,B.E.,8.65,0,Yes,1,2,74,54,53,54,80.76,Design Engineer,Not Placed,0.6551,0.0
STU00883,23,Female,Tamil Nadu,Chennai,Tier 3,Tier 3,CSE,B.E.,8.76,0,No,3,2,75,98,42,72,92.66,Software Developer,Placed,0.844,5.54
STU00884,21,Female,Delhi,New Delhi,Tier 3,Tier 2,Data Science,B.Tech,7.02,0,Yes,0,2,92,73,71,79,85.54,Data Scientist,Placed,0.6755,3.12
STU00885,23,Male,Andhra Pradesh,Vijayawada,Tier 3,Tier 2,Data Science,B.Tech,9.7,0,No,1,3,75,100,78,76,61.05,Data Scientist,Placed,0.8824,6.76
STU00886,22,Male,Andhra Pradesh,Tirupati,Tier 3,Tier 3,ECE,B.Tech,7.52,0,Yes,0,2,74,66,70,57,72.81,Embedded Engineer,Placed,0.5305,3.24
STU00887,24,Male,Karnataka,Bengaluru,Tier 2,Tier 2,CSE,B.Tech,9.03,2,No,1,2,93,86,79,75,73.46,Software Developer,Placed,0.6607,4.56
STU00888,20,Female,Tamil Nadu,Madurai,Tier 1,Tier 3,CSE,B.Tech,8.21,0,Yes,0,2,74,100,76,68,84.63,Software Developer,Not Placed,0.7908,0.0
STU00889,21,Male,Maharashtra,Nagpur,Tier 3,Tier 2,Mechanical,B.Tech,9.19,0,No,4,2,78,96,62,68,71.55,Design Engineer,Placed,0.8749,4.11
STU00890,23,Female,Telangana,Hyderabad,Tier 1,Tier 3,Mechanical,B.Tech,9.6,0,No,3,6,87,96,69,85,93.94,Design Engineer,Placed,0.9297,3.87
STU00891,22,Female,Andhra Pradesh,Tirupati,Tier 2,Tier 3,Mechanical,B.Tech,7.72,0,Yes,0,2,73,86,73,80,86.58,Design Engineer,Not Placed,0.6977,0.0
STU00892,24,Male,Delhi,New Delhi,Tier 3,Tier 3,EEE,B.Tech,8.38,0,Yes,3,2,71,51,45,51,60.58,Electrical Engineer,Not Placed,0.662,0.0
STU00893,20,Male,Tamil Nadu,Madurai,Tier 2,Tier 1,AI & ML,B.E.,6.41,1,No,5,0,59,93,92,47,91.77,Machine Learning Engineer,Placed,0.4907,5.74
STU00894,23,Female,West Bengal,Kolkata,Tier 1,Tier 1,ISE,B.Tech,7.28,0,No,6,1,56,88,83,68,75.7,Full Stack Developer,Placed,0.7697,7.57
STU00895,20,Male,Uttar Pradesh,Kanpur,Tier 3,Tier 1,Civil,B.Tech,6.67,1,No,3,1,64,49,46,78,80.42,Civil Engineer,Not Placed,0.3333,0.0
STU00896,22,Male,Gujarat,Vadodara,Tier 3,Tier 2,EEE,B.Tech,8.42,0,Yes,2,2,56,63,36,63,98.33,Electrical Engineer,Placed,0.6837,4.81
STU00897,21,Male,Maharashtra,Pune,Tier 3,Tier 3,ISE,B.Tech,7.74,0,Yes,3,2,75,93,67,77,75.93,Full Stack Developer,Placed,0.839,6.13
STU00898,23,Female,Karnataka,Mangaluru,Tier 1,Tier 2,ECE,B.E.,7.04,0,Yes,0,3,64,41,61,55,82.2,Embedded Engineer,Placed,0.3763,3.0
STU00899,23,Male,Tamil Nadu,Chennai,Tier 2,Tier 3,AI & ML,B.Tech,8.15,1,Yes,3,0,71,71,34,86,74.62,Machine Learning Engineer,Placed,0.7005,2.56
STU00900,20,Male,Gujarat,Surat,Tier 1,Tier 3,Mechanical,B.Tech,7.46,0,No,2,2,76,75,60,70,88.34,Design Engineer,Not Placed,0.5869,0.0
STU00901,21,Male,Andhra Pradesh,Vijayawada,Tier 3,Tier 3,ISE,B.Tech,8.56,0,Yes,2,2,65,77,100,67,74.64,Full Stack Developer,Placed,0.7875,6.53
STU00902,23,Male,Delhi,Delhi,Tier 2,Tier 3,CSE,B.E.,7.03,0,Yes,2,0,83,74,51,85,91.17,Software Developer,Placed,0.6906,4.15
STU00903,23,Male,Gujarat,Ahmedabad,Tier 3,Tier 3,Mechanical,B.Tech,7.05,2,Yes,2,3,68,98,83,95,84.89,Design Engineer,Not Placed,0.6061,0.0
STU00904,20,Male,Karnataka,Mysuru,Tier 2,Tier 2,ECE,B.Tech,7.04,2,No,3,1,57,75,65,73,80.38,Embedded Engineer,Placed,0.3164,5.11
STU00905,20,Male,Karnataka,Mysuru,Tier 3,Tier 2,Civil,B.E.,7.63,0,No,2,6,65,81,66,59,89.0,Civil Engineer,Not Placed,0.6794,0.0
STU00906,22,Male,Kerala,Kochi,Tier 2,Tier 3,Data Science,B.E.,9.14,2,Yes,4,1,73,81,80,87,79.24,Data Scientist,Placed,0.7923,3.66
STU00907,22,Male,Delhi,Delhi,Tier 1,Tier 2,Data Science,B.E.,7.24,0,No,0,3,56,57,66,70,81.28,Data Scientist,Placed,0.4145,3.59
STU00908,23,Male,Telangana,Hyderabad,Tier 2,Tier 1,CSE,B.Tech,8.44,0,No,3,2,77,74,53,51,78.1,Software Developer,Placed,0.7475,3.92
STU00909,23,Other,Delhi,New Delhi,Tier 1,Tier 2,ISE,B.E.,9.5,1,Yes,0,0,83,86,70,66,93.6,Full Stack Developer,Not Placed,0.7632,0.0
STU00910,23,Female,Uttar Pradesh,Lucknow,Tier 2,Tier 2,AI & ML,B.Tech,6.6,0,Yes,0,1,76,63,63,36,73.39,Machine Learning Engineer,Not Placed,0.3908,0.0
STU00911,23,Male,Andhra Pradesh,Vijayawada,Tier 1,Tier 2,Data Science,B.Tech,7.62,2,No,1,1,51,84,70,72,93.13,Data Scientist,Not Placed,0.3441,0.0
STU00912,20,Male,Maharashtra,Nagpur,Tier 3,Tier 2,Data Science,B.Tech,7.59,0,No,1,3,72,97,70,55,77.46,Data Scientist,Placed,0.6742,3.44
STU00913,23,Female,Uttar Pradesh,Noida,Tier 2,Tier 3,CSE,B.Tech,8.29,0,Yes,0,1,81,84,59,74,85.35,Software Developer,Not Placed,0.7561,0.0
STU00914,23,Male,West Bengal,Durgapur,Tier 2,Tier 3,CSE,B.E.,7.41,0,No,3,3,78,78,76,66,96.72,Software Developer,Placed,0.6869,4.28
STU00915,24,Male,Delhi,Delhi,Tier 3,Tier 3,Civil,B.Tech,7.49,0,Yes,4,3,71,75,56,74,100.0,Civil Engineer,Placed,0.7792,4.74
STU00916,24,Female,Karnataka,Bengaluru,Tier 2,Tier 2,EEE,B.Tech,6.43,1,Yes,2,1,66,56,69,61,66.16,Electrical Engineer,Not Placed,0.331,0.0
STU00917,21,Female,Delhi,New Delhi,Tier 2,Tier 1,Civil,B.E.,8.1,1,No,1,2,74,48,67,47,84.93,Civil Engineer,Not Placed,0.3596,0.0
STU00918,24,Male,Uttar Pradesh,Kanpur,Tier 3,Tier 3,AI & ML,B.E.,8.32,0,No,4,2,81,90,90,88,68.73,Machine Learning Engineer,Not Placed,0.8573,0.0
STU00919,20,Male,Kerala,Kozhikode,Tier 1,Tier 2,CSE,B.E.,6.77,0,No,2,1,62,100,93,73,83.15,Software Developer,Not Placed,0.6198,0.0
STU00920,24,Male,Karnataka,Mysuru,Tier 2,Tier 3,AI & ML,B.Tech,7.6,0,Yes,0,3,52,69,61,93,92.44,Machine Learning Engineer,Placed,0.6534,5.18
STU00921,23,Female,Andhra Pradesh,Vijayawada,Tier 2,Tier 1,ISE,B.E.,7.84,0,Yes,1,3,64,60,65,85,78.16,Full Stack Developer,Not Placed,0.7322,0.0
STU00922,24,Male,Uttar Pradesh,Noida,Tier 2,Tier 2,AI & ML,B.Tech,6.89,0,No,1,3,56,73,52,60,90.05,Machine Learning Engineer,Placed,0.4618,3.93
STU00923,24,Male,Uttar Pradesh,Noida,Tier 1,Tier 3,CSE,B.E.,8.28,0,Yes,4,4,80,100,81,59,96.19,Software Developer,Placed,0.9043,6.42
STU00924,23,Male,Kerala,Kozhikode,Tier 2,Tier 3,ISE,B.Tech,7.68,0,Yes,2,3,92,81,88,67,68.95,Full Stack Developer,Placed,0.8038,5.94
STU00925,21,Female,Telangana,Karimnagar,Tier 2,Tier 2,Civil,B.Tech,7.12,0,Yes,2,3,56,42,68,94,58.38,Civil Engineer,Not Placed,0.5692,0.0
STU00926,23,Female,Telangana,Karimnagar,Tier 2,Tier 2,CSE,B.Tech,8.4,0,Yes,4,1,81,100,98,74,81.46,Software Developer,Placed,0.9065,5.27
STU00927,24,Female,Gujarat,Ahmedabad,Tier 3,Tier 2,Data Science,B.E.,7.66,0,Yes,2,3,81,83,73,49,80.13,Data Scientist,Not Placed,0.7632,0.0
STU00928,22,Male,Uttar Pradesh,Kanpur,Tier 1,Tier 2,Mechanical,B.Tech,6.63,0,Yes,3,0,55,52,44,83,83.69,Design Engineer,Not Placed,0.4944,0.0
STU00929,20,Male,Karnataka,Bengaluru,Tier 3,Tier 1,EEE,B.Tech,8.35,0,No,3,3,57,57,80,70,96.27,Electrical Engineer,Placed,0.6635,4.6
STU00930,20,Male,Maharashtra,Pune,Tier 3,Tier 3,Data Science,B.E.,8.34,3,Yes,2,0,96,93,36,75,79.4,Data Scientist,Placed,0.603,4.69
STU00931,20,Male,Karnataka,Bengaluru,Tier 3,Tier 1,Data Science,B.E.,6.95,1,No,4,4,66,75,72,51,67.82,Data Scientist,Placed,0.5579,3.53
STU00932,20,Male,Andhra Pradesh,Vijayawada,Tier 2,Tier 2,Civil,B.Tech,7.44,0,Yes,3,1,58,36,38,57,77.61,Civil Engineer,Not Placed,0.4691,0.0
STU00933,24,Female,Delhi,Delhi,Tier 2,Tier 3,AI & ML,B.E.,8.72,0,Yes,3,2,85,71,69,82,92.82,Machine Learning Engineer,Placed,0.867,5.96
STU00934,24,Male,West Bengal,Durgapur,Tier 2,Tier 2,CSE,B.E.,6.01,0,Yes,1,4,70,69,65,87,85.69,Software Developer,Placed,0.6037,4.16
STU00935,24,Male,Tamil Nadu,Chennai,Tier 2,Tier 1,CSE,B.Tech,7.56,0,Yes,1,4,55,54,74,56,78.43,Software Developer,Placed,0.6028,3.67
STU00936,21,Female,Andhra Pradesh,Tirupati,Tier 1,Tier 3,Mechanical,B.Tech,9.56,0,No,2,2,98,98,63,79,88.39,Design Engineer,Placed,0.889,4.48
STU00937,24,Female,Telangana,Hyderabad,Tier 3,Tier 3,ECE,B.E.,8.19,0,No,1,3,68,75,53,62,74.62,Embedded Engineer,Placed,0.5999,5.83
STU00938,24,Male,Tamil Nadu,Coimbatore,Tier 1,Tier 2,Mechanical,B.E.,7.37,3,No,6,0,69,83,48,84,78.58,Design Engineer,Not Placed,0.4472,0.0
STU00939,21,Other,Tamil Nadu,Chennai,Tier 3,Tier 2,ISE,B.Tech,7.74,0,Yes,2,0,54,100,84,82,79.12,Full Stack Developer,Placed,0.7831,5.17
STU00940,23,Male,Kerala,Kochi,Tier 2,Tier 2,Data Science,B.E.,8.38,1,No,2,0,71,99,98,72,81.36,Data Scientist,Placed,0.677,5.28
STU00941,24,Other,Maharashtra,Nagpur,Tier 1,Tier 3,CSE,B.Tech,6.0,1,No,6,2,76,79,30,70,89.37,Software Developer,Placed,0.5462,3.75
STU00942,22,Male,Uttar Pradesh,Lucknow,Tier 3,Tier 2,Data Science,B.E.,8.9,1,No,2,2,63,75,53,56,80.46,Data Scientist,Placed,0.6116,4.83
STU00943,22,Male,Delhi,New Delhi,Tier 2,Tier 2,CSE,B.E.,6.91,0,No,3,3,56,58,38,43,86.41,Software Developer,Placed,0.4353,3.66
STU00944,20,Female,Kerala,Thiruvananthapuram,Tier 2,Tier 3,Data Science,B.Tech,6.82,0,Yes,2,3,59,67,64,66,80.89,Data Scientist,Not Placed,0.5907,0.0
STU00945,21,Male,Telangana,Warangal,Tier 2,Tier 1,AI & ML,B.Tech,6.74,0,Yes,1,3,55,90,63,76,74.69,Machine Learning Engineer,Placed,0.6972,5.51
STU00946,23,Female,West Bengal,Durgapur,Tier 1,Tier 1,CSE,B.E.,7.54,0,No,1,2,84,74,33,65,82.47,Software Developer,Placed,0.6396,3.47
STU00947,23,Male,Karnataka,Mysuru,Tier 1,Tier 3,AI & ML,B.Tech,8.25,0,Yes,3,1,97,92,70,69,88.17,Machine Learning Engineer,Not Placed,0.8735,0.0
STU00948,22,Male,West Bengal,Durgapur,Tier 3,Tier 1,CSE,B.Tech,8.55,0,No,2,0,72,74,76,52,80.4,Software Developer,Not Placed,0.6696,0.0
STU00949,21,Female,Andhra Pradesh,Vijayawada,Tier 1,Tier 3,CSE,B.Tech,7.54,1,No,2,1,81,72,94,58,68.61,Software Developer,Not Placed,0.4614,0.0
STU00950,23,Female,Tamil Nadu,Chennai,Tier 2,Tier 2,AI & ML,B.Tech,7.97,0,No,1,0,49,70,65,58,64.97,Machine Learning Engineer,Placed,0.4681,3.86
STU00951,22,Male,Tamil Nadu,Chennai,Tier 2,Tier 1,AI & ML,B.Tech,8.45,0,Yes,1,2,77,100,85,66,61.56,Machine Learning Engineer,Placed,0.8616,5.98
STU00952,21,Male,Karnataka,Mysuru,Tier 1,Tier 2,Data Science,B.Tech,8.14,0,Yes,3,0,74,96,39,65,76.91,Data Scientist,Placed,0.8335,5.42
STU00953,21,Male,Gujarat,Vadodara,Tier 3,Tier 2,Data Science,B.Tech,8.56,0,Yes,2,2,79,64,78,55,76.67,Data Scientist,Not Placed,0.7654,0.0
STU00954,23,Male,Gujarat,Ahmedabad,Tier 1,Tier 2,CSE,B.E.,7.42,1,Yes,2,2,66,83,74,68,77.32,Software Developer,Not Placed,0.6371,0.0
STU00955,20,Male,Telangana,Hyderabad,Tier 2,Tier 3,ISE,B.Tech,8.38,1,Yes,4,1,98,97,65,87,86.96,Full Stack Developer,Placed,0.8848,5.79
STU00956,20,Female,West Bengal,Kolkata,Tier 1,Tier 3,AI & ML,B.Tech,7.82,1,Yes,3,4,60,64,40,74,95.61,Machine Learning Engineer,Placed,0.6681,5.75
STU00957,20,Female,Maharashtra,Nagpur,Tier 3,Tier 3,CSE,B.Tech,6.85,1,No,1,3,62,68,55,52,75.28,Software Developer,Not Placed,0.3063,0.0
STU00958,22,Male,Telangana,Karimnagar,Tier 3,Tier 3,Data Science,B.Tech,9.63,0,Yes,2,1,67,100,83,82,80.89,Data Scientist,Placed,0.9099,7.16
STU00959,24,Female,Delhi,Delhi,Tier 3,Tier 2,EEE,B.Tech,7.92,0,Yes,6,5,60,62,67,54,91.9,Electrical Engineer,Placed,0.8158,3.72
STU00960,23,Male,Karnataka,Mysuru,Tier 2,Tier 3,CSE,B.E.,6.24,0,No,1,1,41,65,58,67,91.43,Software Developer,Not Placed,0.2753,0.0
STU00961,23,Male,Kerala,Thiruvananthapuram,Tier 1,Tier 1,CSE,B.E.,9.79,2,No,0,0,73,99,80,75,68.03,Software Developer,Not Placed,0.6778,0.0
STU00962,24,Male,Maharashtra,Pune,Tier 2,Tier 3,CSE,B.Tech,7.83,0,No,1,1,45,86,79,63,80.39,Software Developer,Placed,0.5321,4.56
STU00963,24,Male,Telangana,Warangal,Tier 2,Tier 1,AI & ML,B.E.,8.37,2,No,2,1,80,99,66,41,80.58,Machine Learning Engineer,Placed,0.5601,3.02
STU00964,24,Male,Kerala,Thiruvananthapuram,Tier 2,Tier 3,EEE,B.Tech,7.88,0,Yes,4,6,75,69,94,72,69.11,Electrical Engineer,Placed,0.8393,2.62
STU00965,20,Female,Telangana,Warangal,Tier 1,Tier 1,CSE,B.Tech,6.36,0,Yes,2,0,49,56,52,88,85.21,Software Developer,Placed,0.5005,3.15
STU00966,23,Male,Tamil Nadu,Madurai,Tier 3,Tier 2,CSE,B.E.,8.26,0,Yes,4,3,92,68,80,44,94.29,Software Developer,Placed,0.8324,4.02
STU00967,23,Female,Tamil Nadu,Coimbatore,Tier 2,Tier 1,ISE,B.E.,5.9,1,Yes,2,4,51,59,63,75,92.59,Full Stack Developer,Placed,0.4179,4.25
STU00968,22,Male,Karnataka,Mysuru,Tier 2,Tier 2,CSE,B.E.,8.33,0,Yes,2,1,53,73,52,64,69.28,Software Developer,Not Placed,0.7188,0.0
STU00969,22,Female,West Bengal,Durgapur,Tier 3,Tier 1,CSE,B.Tech,7.83,0,Yes,3,2,65,90,95,55,88.74,Software Developer,Placed,0.8106,2.95
STU00970,20,Male,Uttar Pradesh,Kanpur,Tier 1,Tier 3,CSE,B.Tech,8.12,0,Yes,3,1,70,59,78,29,74.65,Software Developer,Placed,0.6164,4.24
STU00971,22,Male,Telangana,Hyderabad,Tier 2,Tier 3,Data Science,B.Tech,8.76,0,Yes,0,5,90,63,47,42,87.65,Data Scientist,Not Placed,0.7481,0.0
STU00972,21,Male,Karnataka,Bengaluru,Tier 2,Tier 2,ECE,B.E.,8.26,1,Yes,2,4,70,79,75,97,87.11,Embedded Engineer,Placed,0.788,5.51
STU00973,20,Male,Andhra Pradesh,Visakhapatnam,Tier 2,Tier 2,AI & ML,B.Tech,6.26,1,No,2,2,70,62,90,56,83.93,Machine Learning Engineer,Not Placed,0.292,0.0
STU00974,23,Male,Karnataka,Mysuru,Tier 1,Tier 2,AI & ML,B.E.,7.99,1,No,1,4,73,58,58,54,73.79,Machine Learning Engineer,Not Placed,0.4636,0.0
STU00975,24,Male,Tamil Nadu,Coimbatore,Tier 2,Tier 2,ISE,B.E.,9.64,3,Yes,0,0,74,100,92,58,75.94,Full Stack Developer,Placed,0.5946,5.63
STU00976,24,Female,Kerala,Kochi,Tier 1,Tier 3,CSE,B.Tech,7.33,1,No,2,2,61,42,34,63,88.26,Software Developer,Not Placed,0.2961,0.0
STU00977,23,Male,Delhi,Delhi,Tier 1,Tier 1,ECE,B.Tech,7.62,1,Yes,3,1,74,69,48,68,85.35,Embedded Engineer,Placed,0.6334,4.38
STU00978,23,Female,Tamil Nadu,Coimbatore,Tier 1,Tier 2,CSE,B.Tech,7.47,0,Yes,6,2,54,87,72,84,66.89,Software Developer,Placed,0.8666,6.18
STU00979,20,Female,Andhra Pradesh,Vijayawada,Tier 1,Tier 3,AI & ML,B.E.,7.97,2,No,1,3,87,41,60,72,75.64,Machine Learning Engineer,Not Placed,0.3297,0.0
STU00980,23,Female,Maharashtra,Nagpur,Tier 1,Tier 1,Data Science,B.E.,8.69,1,Yes,2,2,98,95,91,49,96.68,Data Scientist,Placed,0.8356,4.04
STU00981,22,Male,West Bengal,Durgapur,Tier 3,Tier 3,CSE,B.Tech,6.75,2,Yes,1,4,85,63,51,39,68.03,Software Developer,Not Placed,0.3255,0.0
STU00982,21,Male,Uttar Pradesh,Noida,Tier 2,Tier 3,AI & ML,B.Tech,8.16,0,Yes,3,2,60,76,65,79,83.47,Machine Learning Engineer,Placed,0.799,3.12
STU00983,20,Male,Gujarat,Ahmedabad,Tier 1,Tier 3,AI & ML,B.Tech,7.17,1,Yes,0,3,78,86,38,54,77.61,Machine Learning Engineer,Not Placed,0.5349,0.0
STU00984,21,Female,Tamil Nadu,Chennai,Tier 3,Tier 2,CSE,B.Tech,6.97,0,Yes,2,0,63,57,57,57,67.97,Software Developer,Placed,0.4929,4.53
STU00985,20,Female,Andhra Pradesh,Vijayawada,Tier 2,Tier 1,CSE,B.Tech,7.63,0,Yes,1,2,59,77,53,80,64.29,Software Developer,Placed,0.7305,4.09
STU00986,24,Female,Karnataka,Mangaluru,Tier 2,Tier 2,AI & ML,B.Tech,7.21,0,No,0,2,84,82,65,69,90.78,Machine Learning Engineer,Not Placed,0.578,0.0
STU00987,22,Male,Telangana,Warangal,Tier 2,Tier 2,Data Science,B.E.,7.1,0,No,4,1,76,68,63,90,68.72,Data Scientist,Placed,0.6883,5.57
STU00988,24,Female,Uttar Pradesh,Noida,Tier 1,Tier 2,ECE,B.Tech,5.61,2,Yes,2,1,50,40,83,95,68.53,Embedded Engineer,Not Placed,0.1685,0.0
STU00989,24,Female,Delhi,New Delhi,Tier 2,Tier 1,Civil,B.E.,9.03,0,No,1,2,91,58,44,53,89.67,Civil Engineer,Placed,0.678,3.2
STU00990,24,Female,Uttar Pradesh,Kanpur,Tier 2,Tier 2,Data Science,B.Tech,8.7,0,No,0,2,84,44,70,77,84.23,Data Scientist,Placed,0.5982,3.52
STU00991,22,Female,Telangana,Hyderabad,Tier 3,Tier 2,Civil,B.Tech,8.68,2,No,1,1,82,90,88,69,86.9,Civil Engineer,Not Placed,0.5323,0.0
STU00992,22,Female,Maharashtra,Mumbai,Tier 1,Tier 1,CSE,B.E.,8.95,3,Yes,4,1,75,70,70,73,89.68,Software Developer,Not Placed,0.6599,0.0
STU00993,23,Female,Delhi,New Delhi,Tier 1,Tier 2,CSE,B.Tech,6.43,0,Yes,1,5,48,67,68,76,78.06,Software Developer,Placed,0.5684,2.53
STU00994,22,Female,Telangana,Hyderabad,Tier 1,Tier 3,EEE,B.Tech,6.42,0,No,2,1,78,61,42,39,82.05,Electrical Engineer,Not Placed,0.3058,0.0
STU00995,22,Male,Tamil Nadu,Madurai,Tier 1,Tier 3,AI & ML,B.Tech,7.25,0,No,3,1,76,65,71,59,87.29,Machine Learning Engineer,Placed,0.5428,2.84
STU00996,20,Male,Kerala,Kochi,Tier 1,Tier 1,ISE,B.E.,7.6,0,No,3,2,64,88,76,68,76.52,Full Stack Developer,Placed,0.7327,6.94
STU00997,22,Female,Gujarat,Ahmedabad,Tier 2,Tier 1,ISE,B.E.,6.49,0,No,3,0,65,53,58,60,71.14,Full Stack Developer,Not Placed,0.3999,0.0
STU00998,23,Female,Delhi,Delhi,Tier 1,Tier 2,ECE,B.Tech,8.25,0,Yes,3,5,75,84,84,60,82.09,Embedded Engineer,Placed,0.8514,5.58
STU00999,23,Female,Kerala,Kochi,Tier 2,Tier 2,ISE,B.E.,5.33,1,Yes,0,2,49,67,77,54,84.17,Full Stack Developer,Not Placed,0.1976,0.0
STU01000,22,Male,West Bengal,Kolkata,Tier 2,Tier 2,Data Science,B.Tech,8.73,0,No,0,6,59,90,57,65,74.53,Data Scientist,Placed,0.768,5.8
STU01001,24,Male,Uttar Pradesh,Noida,Tier 3,Tier 2,CSE,B.Tech,8.1,1,Yes,2,4,44,89,77,81,94.06,Software Developer,Placed,0.7443,5.86
STU01002,23,Male,Karnataka,Mangaluru,Tier 2,Tier 3,ISE,B.Tech,8.65,0,No,1,2,74,66,52,66,89.71,Full Stack Developer,Placed,0.6504,4.77
STU01003,24,Female,Kerala,Kozhikode,Tier 1,Tier 1,EEE,B.Tech,7.72,1,Yes,3,3,71,47,59,74,82.53,Electrical Engineer,Not Placed,0.6057,0.0
STU01004,22,Female,Karnataka,Bengaluru,Tier 3,Tier 3,Data Science,B.Tech,5.6,0,No,0,2,44,67,59,75,77.69,Data Scientist,Not Placed,0.2375,0.0
STU01005,22,Male,Tamil Nadu,Madurai,Tier 2,Tier 2,Data Science,B.Tech,8.06,0,Yes,1,4,92,78,60,52,89.79,Data Scientist,Placed,0.7943,3.49
STU01006,22,Male,Delhi,New Delhi,Tier 2,Tier 1,Data Science,B.Tech,8.39,0,Yes,2,2,47,74,65,70,81.35,Data Scientist,Placed,0.7686,5.4
STU01007,24,Female,West Bengal,Durgapur,Tier 2,Tier 2,ECE,B.Tech,9.46,0,No,0,4,74,46,61,79,69.48,Embedded Engineer,Not Placed,0.6749,0.0
STU01008,23,Male,West Bengal,Durgapur,Tier 3,Tier 2,EEE,B.Tech,7.13,0,No,5,2,64,61,61,73,68.16,Electrical Engineer,Placed,0.6129,4.47
STU01009,23,Male,Kerala,Kochi,Tier 1,Tier 3,Mechanical,B.Tech,9.52,0,Yes,0,3,75,75,62,66,64.07,Design Engineer,Placed,0.8028,4.35
STU01010,23,Male,Kerala,Kozhikode,Tier 2,Tier 2,CSE,B.Tech,9.04,0,No,0,3,96,86,53,72,82.9,Software Developer,Placed,0.8167,5.36
STU01011,21,Male,Andhra Pradesh,Visakhapatnam,Tier 2,Tier 2,AI & ML,B.E.,6.81,0,Yes,2,1,55,73,49,91,83.74,Machine Learning Engineer,Not Placed,0.646,0.0
STU01012,22,Female,Maharashtra,Nagpur,Tier 2,Tier 2,ECE,B.Tech,8.61,0,Yes,0,5,69,68,65,77,81.71,Embedded Engineer,Placed,0.7704,5.85
STU01013,20,Male,Karnataka,Mysuru,Tier 1,Tier 1,ECE,B.Tech,9.98,0,Yes,1,1,92,75,68,89,81.65,Embedded Engineer,Placed,0.9066,7.38
STU01014,24,Male,Uttar Pradesh,Kanpur,Tier 3,Tier 2,ISE,B.E.,7.66,0,Yes,4,3,57,76,59,52,85.75,Full Stack Developer,Placed,0.7598,5.56
STU01015,23,Male,Andhra Pradesh,Vijayawada,Tier 2,Tier 2,EEE,B.Tech,8.84,0,No,3,2,72,78,76,33,85.04,Electrical Engineer,Placed,0.6878,6.29
STU01016,23,Male,Uttar Pradesh,Kanpur,Tier 2,Tier 2,ECE,B.Tech,7.94,0,No,4,3,56,86,83,58,80.1,Embedded Engineer,Placed,0.7145,4.64
STU01017,22,Male,Karnataka,Mangaluru,Tier 1,Tier 2,CSE,B.E.,9.67,0,No,3,2,97,88,80,78,72.13,Software Developer,Not Placed,0.9117,0.0
STU01018,21,Female,Andhra Pradesh,Visakhapatnam,Tier 3,Tier 3,CSE,B.E.,6.4,0,Yes,0,0,80,49,52,68,79.1,Software Developer,Not Placed,0.3695,0.0
STU01019,24,Female,Delhi,Delhi,Tier 2,Tier 2,EEE,B.Tech,6.17,1,No,3,4,54,46,25,46,84.53,Electrical Engineer,Not Placed,0.2149,0.0
STU01020,21,Male,Andhra Pradesh,Tirupati,Tier 2,Tier 1,CSE,B.Tech,7.6,0,Yes,1,0,73,100,45,70,78.2,Software Developer,Placed,0.7763,5.25
STU01021,20,Male,Delhi,Delhi,Tier 2,Tier 2,AI & ML,B.E.,9.26,0,Yes,1,3,89,71,41,80,72.43,Machine Learning Engineer,Not Placed,0.877,0.0
STU01022,23,Female,Maharashtra,Pune,Tier 1,Tier 2,Civil,B.Tech,7.2,0,Yes,2,3,52,73,77,90,72.89,Civil Engineer,Placed,0.6852,4.88
STU01023,20,Female,Maharashtra,Nagpur,Tier 3,Tier 2,AI & ML,B.Tech,8.16,0,Yes,5,2,70,66,43,81,73.4,Machine Learning Engineer,Placed,0.8559,4.58
STU01024,24,Female,Karnataka,Bengaluru,Tier 2,Tier 3,Data Science,B.Tech,8.03,0,Yes,5,1,93,79,64,63,69.21,Data Scientist,Placed,0.8625,6.85
STU01025,23,Male,Andhra Pradesh,Vijayawada,Tier 3,Tier 2,CSE,B.Tech,7.08,0,Yes,2,0,60,71,83,68,68.28,Software Developer,Placed,0.5915,6.3
STU01026,22,Female,West Bengal,Kolkata,Tier 2,Tier 2,ECE,B.Tech,8.6,0,Yes,1,2,82,74,70,64,84.11,Embedded Engineer,Placed,0.7676,5.59
STU01027,23,Female,Kerala,Kochi,Tier 2,Tier 3,ECE,B.Tech,8.21,1,No,1,1,74,58,60,84,78.57,Embedded Engineer,Placed,0.4487,3.51
STU01028,22,Male,Karnataka,Bengaluru,Tier 2,Tier 2,Data Science,B.Tech,8.57,1,No,2,2,74,59,69,53,86.99,Data Scientist,Placed,0.5282,3.62
STU01029,22,Male,Uttar Pradesh,Lucknow,Tier 3,Tier 1,ECE,B.Tech,8.06,2,No,0,6,63,70,77,54,79.84,Embedded Engineer,Placed,0.3829,3.89
STU01030,23,Female,Telangana,Warangal,Tier 1,Tier 2,CSE,B.Tech,8.91,0,No,0,0,74,91,64,68,89.95,Software Developer,Placed,0.7134,3.81
STU01031,22,Male,West Bengal,Durgapur,Tier 2,Tier 3,CSE,B.Tech,9.09,0,No,3,2,80,80,72,86,68.61,Software Developer,Placed,0.851,5.15
STU01032,24,Male,Telangana,Warangal,Tier 2,Tier 2,CSE,B.Tech,7.0,0,Yes,2,2,96,56,98,81,82.58,Software Developer,Not Placed,0.7006,0.0
STU01033,20,Male,Tamil Nadu,Coimbatore,Tier 1,Tier 1,Data Science,B.Tech,7.89,1,No,4,3,51,72,93,74,72.6,Data Scientist,Placed,0.6449,6.06
STU01034,21,Female,Kerala,Kozhikode,Tier 3,Tier 3,Data Science,B.Tech,7.7,0,No,0,3,64,59,46,60,84.36,Data Scientist,Not Placed,0.4488,0.0
STU01035,24,Female,Kerala,Thiruvananthapuram,Tier 1,Tier 1,CSE,B.Tech,7.25,0,Yes,2,1,80,58,81,67,88.29,Software Developer,Placed,0.6592,6.7
STU01036,22,Male,Karnataka,Mangaluru,Tier 2,Tier 2,ISE,B.E.,9.0,1,No,1,1,90,86,81,82,79.57,Full Stack Developer,Not Placed,0.741,0.0
STU01037,24,Male,Delhi,Delhi,Tier 2,Tier 2,CSE,B.Tech,7.35,1,No,1,1,84,76,76,78,82.85,Software Developer,Placed,0.5019,3.87
STU01038,23,Male,Maharashtra,Nagpur,Tier 2,Tier 2,EEE,B.Tech,7.98,0,No,3,3,68,61,62,93,85.73,Electrical Engineer,Placed,0.7051,3.59
STU01039,20,Male,West Bengal,Kolkata,Tier 3,Tier 2,CSE,B.E.,6.86,1,Yes,3,5,47,75,78,65,87.93,Software Developer,Not Placed,0.5945,0.0
STU01040,21,Female,Andhra Pradesh,Visakhapatnam,Tier 3,Tier 1,AI & ML,B.Tech,7.39,1,Yes,2,4,50,74,85,74,84.36,Machine Learning Engineer,Not Placed,0.642,0.0
STU01041,20,Female,Tamil Nadu,Madurai,Tier 2,Tier 3,CSE,B.E.,8.42,1,Yes,0,1,61,87,91,85,71.51,Software Developer,Not Placed,0.6649,0.0
STU01042,23,Male,Uttar Pradesh,Lucknow,Tier 2,Tier 2,ISE,B.Tech,7.21,0,Yes,0,4,57,90,87,58,92.11,Full Stack Developer,Not Placed,0.6585,0.0
STU01043,20,Male,Kerala,Thiruvananthapuram,Tier 1,Tier 3,CSE,B.Tech,6.91,0,Yes,2,2,52,51,79,59,71.03,Software Developer,Placed,0.4621,5.04
STU01044,23,Male,Karnataka,Mangaluru,Tier 2,Tier 2,Mechanical,B.Tech,7.16,0,Yes,2,1,78,49,50,77,82.44,Design Engineer,Placed,0.5709,4.68
STU01045,22,Male,Delhi,Delhi,Tier 3,Tier 1,CSE,B.Tech,7.81,2,No,1,3,64,80,83,84,71.97,Software Developer,Placed,0.4974,4.09
STU01046,21,Male,Telangana,Karimnagar,Tier 2,Tier 3,CSE,B.E.,8.57,0,No,2,8,68,78,90,53,91.9,Software Developer,Placed,0.7946,5.72
STU01047,20,Male,Uttar Pradesh,Lucknow,Tier 2,Tier 2,Civil,B.Tech,7.49,0,Yes,2,1,55,68,64,74,80.97,Civil Engineer,Placed,0.6137,4.84
STU01048,21,Male,West Bengal,Durgapur,Tier 1,Tier 2,AI & ML,B.Tech,8.06,2,Yes,5,1,61,97,69,64,80.31,Machine Learning Engineer,Placed,0.7278,7.74
STU01049,20,Male,Uttar Pradesh,Lucknow,Tier 3,Tier 3,CSE,B.Tech,8.27,0,No,1,0,61,88,59,64,79.92,Software Developer,Placed,0.6143,5.56
STU01050,20,Male,Maharashtra,Pune,Tier 2,Tier 2,ISE,B.Tech,8.32,0,No,2,2,52,73,61,63,72.51,Full Stack Developer,Not Placed,0.6356,0.0
STU01051,22,Female,West Bengal,Durgapur,Tier 1,Tier 2,AI & ML,B.Tech,7.75,0,Yes,1,1,61,68,47,65,75.84,Machine Learning Engineer,Not Placed,0.6256,0.0
STU01052,22,Male,Kerala,Thiruvananthapuram,Tier 2,Tier 2,Data Science,B.Tech,9.0,0,No,0,0,82,88,79,49,73.14,Data Scientist,Placed,0.6827,2.99
STU01053,20,Male,Uttar Pradesh,Lucknow,Tier 2,Tier 3,Data Science,B.Tech,7.26,0,No,0,0,66,60,62,58,93.5,Data Scientist,Placed,0.3352,2.5
STU01054,21,Male,Tamil Nadu,Coimbatore,Tier 3,Tier 2,AI & ML,B.E.,7.42,1,Yes,5,0,98,52,58,71,71.43,Machine Learning Engineer,Not Placed,0.6819,0.0
STU01055,21,Male,Maharashtra,Nagpur,Tier 3,Tier 3,CSE,B.Tech,8.36,0,Yes,3,0,71,86,85,77,83.69,Software Developer,Placed,0.8257,5.28
STU01056,20,Male,Delhi,New Delhi,Tier 2,Tier 2,CSE,B.Tech,8.63,3,No,2,2,75,70,64,60,93.09,Software Developer,Not Placed,0.3859,0.0
STU01057,20,Female,Karnataka,Mysuru,Tier 3,Tier 2,ECE,B.Tech,8.9,0,Yes,4,2,83,88,70,63,89.99,Embedded Engineer,Placed,0.8928,4.53
STU01058,24,Female,Delhi,New Delhi,Tier 3,Tier 3,Data Science,B.Tech,6.3,0,No,1,3,77,87,85,53,94.12,Data Scientist,Placed,0.48,4.14
STU01059,24,Female,Karnataka,Bengaluru,Tier 2,Tier 3,CSE,B.Tech,8.49,1,Yes,2,2,94,95,76,66,89.54,Software Developer,Not Placed,0.8165,0.0
STU01060,23,Female,Kerala,Kochi,Tier 1,Tier 2,ECE,B.Tech,9.46,3,No,4,1,88,85,52,72,86.73,Embedded Engineer,Placed,0.6423,6.09
STU01061,23,Female,Andhra Pradesh,Vijayawada,Tier 2,Tier 3,CSE,B.Tech,7.26,0,Yes,3,1,47,83,94,76,90.97,Software Developer,Not Placed,0.6917,0.0
STU01062,21,Male,Tamil Nadu,Coimbatore,Tier 3,Tier 2,ISE,B.Tech,9.39,1,Yes,4,0,71,95,66,55,83.21,Full Stack Developer,Placed,0.8489,6.81
STU01063,24,Male,Andhra Pradesh,Visakhapatnam,Tier 2,Tier 3,CSE,B.Tech,9.93,0,Yes,2,2,67,81,49,76,92.86,Software Developer,Placed,0.8942,3.22
STU01064,21,Female,Karnataka,Mysuru,Tier 2,Tier 1,ISE,B.Tech,8.73,3,Yes,2,2,79,66,73,81,88.04,Full Stack Developer,Placed,0.5931,7.36
STU01065,24,Female,Karnataka,Mysuru,Tier 2,Tier 3,CSE,B.E.,7.09,0,Yes,1,1,64,70,80,70,92.11,Software Developer,Not Placed,0.5667,0.0
STU01066,20,Female,Tamil Nadu,Chennai,Tier 2,Tier 1,Data Science,B.Tech,7.72,0,Yes,1,2,62,70,81,83,79.91,Data Scientist,Placed,0.7277,5.06
STU01067,21,Male,Uttar Pradesh,Kanpur,Tier 1,Tier 1,Data Science,B.Tech,8.07,0,Yes,3,0,51,73,58,74,85.34,Data Scientist,Placed,0.7529,5.7
STU01068,22,Male,Tamil Nadu,Chennai,Tier 2,Tier 2,CSE,B.Tech,8.65,0,Yes,4,2,70,70,80,66,86.44,Software Developer,Placed,0.8475,2.67
STU01069,23,Female,Maharashtra,Pune,Tier 3,Tier 2,ECE,B.E.,6.97,0,Yes,2,2,50,60,62,75,99.97,Embedded Engineer,Placed,0.5342,3.31
STU01070,23,Male,Gujarat,Surat,Tier 3,Tier 3,ISE,B.E.,6.02,0,Yes,2,1,77,79,39,44,85.56,Full Stack Developer,Not Placed,0.4934,0.0
STU01071,20,Female,Delhi,New Delhi,Tier 2,Tier 1,CSE,B.Tech,7.23,1,No,5,2,52,73,49,77,84.27,Software Developer,Placed,0.6093,6.07
STU01072,21,Male,Andhra Pradesh,Tirupati,Tier 1,Tier 2,Data Science,B.Tech,7.95,1,Yes,2,3,83,73,76,67,73.12,Data Scientist,Placed,0.7134,6.05
STU01073,21,Female,Maharashtra,Nagpur,Tier 2,Tier 1,Mechanical,B.Tech,7.33,0,No,2,1,62,70,60,74,92.48,Design Engineer,Not Placed,0.545,0.0
STU01074,23,Male,Telangana,Hyderabad,Tier 2,Tier 2,AI & ML,B.E.,6.24,0,Yes,1,3,45,84,54,67,85.51,Machine Learning Engineer,Placed,0.5385,3.52
STU01075,22,Female,Tamil Nadu,Madurai,Tier 2,Tier 3,Data Science,B.E.,7.65,1,Yes,1,1,57,71,63,69,90.73,Data Scientist,Placed,0.4985,3.98
STU01076,20,Female,Tamil Nadu,Madurai,Tier 2,Tier 2,AI & ML,B.Tech,7.21,0,Yes,2,2,65,59,70,94,89.8,Machine Learning Engineer,Placed,0.6862,5.03
STU01077,24,Male,Maharashtra,Mumbai,Tier 1,Tier 1,Data Science,B.E.,8.54,0,Yes,0,1,70,87,84,86,82.05,Data Scientist,Placed,0.819,3.31
STU01078,21,Female,Andhra Pradesh,Vijayawada,Tier 1,Tier 1,CSE,B.Tech,8.7,2,Yes,3,0,90,78,96,74,97.18,Software Developer,Placed,0.7424,3.46
STU01079,22,Male,Delhi,Delhi,Tier 3,Tier 2,ECE,B.E.,7.95,2,Yes,2,1,61,50,58,66,95.08,Embedded Engineer,Not Placed,0.3593,0.0
STU01080,21,Male,Kerala,Kozhikode,Tier 1,Tier 3,AI & ML,B.E.,7.35,0,Yes,1,1,61,75,82,61,79.87,Machine Learning Engineer,Not Placed,0.5821,0.0
STU01081,20,Male,Delhi,New Delhi,Tier 3,Tier 3,ISE,B.Tech,6.92,0,Yes,1,1,62,97,75,64,80.57,Full Stack Developer,Not Placed,0.6416,0.0
STU01082,20,Male,Telangana,Hyderabad,Tier 1,Tier 3,CSE,B.Tech,7.85,1,No,2,2,77,100,65,60,65.93,Software Developer,Not Placed,0.6376,0.0
STU01083,20,Female,West Bengal,Kolkata,Tier 3,Tier 2,Data Science,B.Tech,7.51,0,Yes,2,2,63,67,94,72,80.06,Data Scientist,Placed,0.6845,3.89
STU01084,24,Female,Andhra Pradesh,Tirupati,Tier 1,Tier 2,ISE,B.Tech,9.7,0,Yes,0,2,62,83,66,55,83.74,Full Stack Developer,Placed,0.8134,5.38
STU01085,22,Male,Maharashtra,Nagpur,Tier 2,Tier 2,ECE,B.E.,6.63,2,Yes,3,1,66,90,71,58,75.79,Embedded Engineer,Placed,0.4233,4.87
STU01086,24,Male,Karnataka,Mangaluru,Tier 2,Tier 3,EEE,B.Tech,6.88,0,Yes,2,4,54,62,69,76,89.01,Electrical Engineer,Placed,0.5772,5.77
STU01087,22,Female,Delhi,Delhi,Tier 1,Tier 2,CSE,B.Tech,8.31,0,Yes,2,5,79,94,80,56,89.18,Software Developer,Placed,0.8721,3.7
STU01088,22,Male,Uttar Pradesh,Lucknow,Tier 1,Tier 2,Civil,B.Tech,8.97,0,No,2,1,89,90,67,70,83.95,Civil Engineer,Placed,0.8076,4.11
STU01089,21,Female,Gujarat,Vadodara,Tier 3,Tier 2,Mechanical,B.Tech,8.4,1,No,0,1,65,95,78,73,80.19,Design Engineer,Not Placed,0.5518,0.0
STU01090,22,Female,Telangana,Warangal,Tier 3,Tier 3,AI & ML,B.Tech,8.22,0,No,1,2,71,77,100,61,92.65,Machine Learning Engineer,Placed,0.6297,3.79
STU01091,23,Male,Kerala,Thiruvananthapuram,Tier 3,Tier 3,CSE,B.Tech,8.24,0,No,1,2,75,85,84,56,84.76,Software Developer,Placed,0.6611,7.09
STU01092,24,Male,West Bengal,Kolkata,Tier 3,Tier 2,AI & ML,B.Tech,5.4,0,No,0,1,54,60,70,49,82.89,Machine Learning Engineer,Placed,0.169,2.5
STU01093,23,Male,West Bengal,Kolkata,Tier 2,Tier 3,CSE,B.Tech,8.16,0,Yes,2,0,57,91,76,88,100.0,Software Developer,Placed,0.7926,6.97
STU01094,20,Male,Kerala,Thiruvananthapuram,Tier 2,Tier 3,Data Science,B.E.,7.01,0,Yes,1,5,44,83,64,81,81.13,Data Scientist,Not Placed,0.6815,0.0
STU01095,21,Female,West Bengal,Durgapur,Tier 1,Tier 3,ECE,B.Tech,9.04,0,Yes,1,1,63,64,80,74,83.92,Embedded Engineer,Placed,0.7162,3.63
STU01096,21,Male,Andhra Pradesh,Tirupati,Tier 1,Tier 1,EEE,B.E.,6.89,0,No,3,6,58,65,53,63,73.56,Electrical Engineer,Placed,0.5964,2.5
STU01097,24,Male,Karnataka,Mysuru,Tier 3,Tier 3,CSE,B.Tech,8.81,0,No,3,1,67,67,55,84,94.57,Software Developer,Not Placed,0.751,0.0
STU01098,23,Female,Maharashtra,Nagpur,Tier 3,Tier 1,ECE,B.E.,7.89,0,No,2,5,47,46,45,65,74.18,Embedded Engineer,Not Placed,0.5278,0.0
STU01099,21,Male,Uttar Pradesh,Kanpur,Tier 1,Tier 2,AI & ML,B.Tech,7.28,1,Yes,2,3,75,87,67,71,65.13,Machine Learning Engineer,Not Placed,0.6928,0.0
STU01100,22,Female,Uttar Pradesh,Noida,Tier 1,Tier 2,Data Science,B.Tech,7.49,0,Yes,1,2,48,90,83,72,74.44,Data Scientist,Placed,0.6947,2.5
STU01101,22,Male,Andhra Pradesh,Tirupati,Tier 2,Tier 2,EEE,B.Tech,6.91,1,No,2,0,59,75,60,60,72.16,Electrical Engineer,Placed,0.3117,6.03
STU01102,23,Male,Delhi,New Delhi,Tier 2,Tier 2,CSE,B.Tech,6.9,1,Yes,1,5,25,68,85,53,79.35,Software Developer,Placed,0.3789,2.5
STU01103,22,Male,Kerala,Kochi,Tier 2,Tier 3,CSE,B.Tech,8.22,0,No,3,2,76,84,35,100,69.89,Software Developer,Placed,0.824,4.97
STU01104,20,Male,Telangana,Warangal,Tier 3,Tier 3,Data Science,B.E.,7.43,1,Yes,2,3,75,73,86,78,76.99,Data Scientist,Not Placed,0.6528,0.0
STU01105,21,Male,Andhra Pradesh,Tirupati,Tier 2,Tier 1,ECE,B.E.,6.47,1,No,2,1,68,66,55,45,90.5,Embedded Engineer,Not Placed,0.268,0.0
STU01106,23,Male,Delhi,Delhi,Tier 1,Tier 3,CSE,B.Tech,7.95,0,No,3,2,65,61,63,94,69.47,Software Developer,Not Placed,0.6912,0.0
STU01107,24,Female,Maharashtra,Pune,Tier 2,Tier 1,AI & ML,B.E.,8.12,1,Yes,1,1,87,55,64,81,75.73,Machine Learning Engineer,Not Placed,0.6498,0.0
STU01108,23,Male,Karnataka,Bengaluru,Tier 2,Tier 2,Data Science,B.Tech,7.08,0,Yes,2,2,84,77,67,84,86.3,Data Scientist,Not Placed,0.7606,0.0
STU01109,23,Male,Tamil Nadu,Coimbatore,Tier 1,Tier 3,CSE,B.E.,7.69,0,Yes,1,2,59,68,35,79,73.44,Software Developer,Not Placed,0.6574,0.0
STU01110,21,Male,Andhra Pradesh,Vijayawada,Tier 1,Tier 2,Civil,B.E.,8.11,2,Yes,3,1,44,84,62,72,78.24,Civil Engineer,Not Placed,0.5385,0.0
STU01111,23,Female,Tamil Nadu,Coimbatore,Tier 2,Tier 2,Mechanical,B.Tech,6.86,0,No,5,3,65,75,59,72,72.42,Design Engineer,Placed,0.6664,5.87
STU01112,24,Male,Maharashtra,Nagpur,Tier 3,Tier 2,CSE,B.Tech,7.76,0,No,1,2,46,64,87,70,96.1,Software Developer,Placed,0.4945,4.1
STU01113,24,Male,Maharashtra,Mumbai,Tier 3,Tier 2,CSE,B.Tech,6.97,0,No,0,2,55,84,54,69,80.16,Software Developer,Not Placed,0.4738,0.0
STU01114,23,Male,Tamil Nadu,Chennai,Tier 1,Tier 1,AI & ML,B.Tech,7.06,1,Yes,3,2,59,88,85,62,91.47,Machine Learning Engineer,Placed,0.6536,4.25
STU01115,22,Male,West Bengal,Kolkata,Tier 1,Tier 2,Civil,B.Tech,7.03,3,No,1,4,84,34,45,72,85.73,Civil Engineer,Not Placed,0.1531,0.0
STU01116,23,Male,Maharashtra,Mumbai,Tier 2,Tier 3,ISE,B.Tech,6.47,0,No,0,0,68,44,50,69,78.08,Full Stack Developer,Not Placed,0.2361,0.0
STU01117,20,Female,Kerala,Kochi,Tier 1,Tier 2,ISE,B.Tech,7.38,0,Yes,0,0,65,88,65,50,90.78,Full Stack Developer,Placed,0.5732,7.24
STU01118,20,Female,Delhi,New Delhi,Tier 1,Tier 1,AI & ML,B.Tech,7.4,0,No,4,1,76,83,53,81,66.49,Machine Learning Engineer,Placed,0.7701,5.74
STU01119,23,Male,Delhi,Delhi,Tier 3,Tier 2,Data Science,B.Tech,8.05,0,Yes,2,2,55,80,75,56,90.81,Data Scientist,Placed,0.7244,2.87
STU01120,21,Male,Delhi,Delhi,Tier 1,Tier 3,Mechanical,B.Tech,7.71,0,No,4,1,56,63,43,67,71.83,Design Engineer,Placed,0.5569,4.18
STU01121,22,Female,Andhra Pradesh,Visakhapatnam,Tier 1,Tier 1,Mechanical,B.Tech,6.88,1,Yes,3,1,71,59,72,60,75.93,Design Engineer,Not Placed,0.4751,0.0
STU01122,23,Male,Gujarat,Ahmedabad,Tier 3,Tier 3,ECE,B.Tech,8.06,0,No,1,1,62,100,83,74,89.73,Embedded Engineer,Placed,0.6617,3.86
STU01123,21,Male,West Bengal,Kolkata,Tier 1,Tier 1,CSE,B.E.,7.63,0,No,3,0,48,88,73,66,71.06,Software Developer,Placed,0.6464,6.05
STU01124,24,Female,Tamil Nadu,Chennai,Tier 2,Tier 1,CSE,B.Tech,9.61,0,Yes,1,1,84,70,86,54,66.14,Software Developer,Placed,0.839,2.5
STU01125,23,Male,West Bengal,Kolkata,Tier 2,Tier 2,Data Science,B.E.,8.17,0,No,0,1,51,76,90,69,81.43,Data Scientist,Not Placed,0.5359,0.0
STU01126,22,Male,Uttar Pradesh,Lucknow,Tier 1,Tier 2,CSE,B.Tech,6.18,0,No,2,2,64,76,75,74,96.37,Software Developer,Not Placed,0.4811,0.0
STU01127,23,Male,Delhi,Delhi,Tier 2,Tier 3,AI & ML,B.E.,8.83,0,Yes,4,5,79,100,60,78,84.98,Machine Learning Engineer,Placed,0.943,5.64
STU01128,21,Male,Telangana,Karimnagar,Tier 2,Tier 2,CSE,B.Tech,6.31,0,No,0,4,64,38,58,49,87.61,Software Developer,Not Placed,0.2388,0.0
STU01129,21,Male,Uttar Pradesh,Noida,Tier 2,Tier 2,ECE,B.E.,6.86,0,Yes,1,0,70,83,77,70,71.39,Embedded Engineer,Not Placed,0.575,0.0
STU01130,20,Female,Karnataka,Bengaluru,Tier 1,Tier 1,CSE,B.Tech,8.06,1,No,1,0,65,95,46,76,83.93,Software Developer,Not Placed,0.6084,0.0
STU01131,21,Male,Kerala,Kozhikode,Tier 2,Tier 3,EEE,B.E.,8.98,0,Yes,2,2,97,70,93,59,100.0,Electrical Engineer,Not Placed,0.8194,0.0
STU01132,20,Male,Gujarat,Vadodara,Tier 3,Tier 3,ECE,B.E.,6.93,0,Yes,4,1,63,30,66,46,85.62,Embedded Engineer,Not Placed,0.3935,0.0
STU01133,20,Male,Maharashtra,Nagpur,Tier 1,Tier 3,ECE,B.Tech,8.03,0,Yes,0,6,62,76,76,57,98.88,Embedded Engineer,Placed,0.688,4.83
STU01134,24,Male,Telangana,Karimnagar,Tier 2,Tier 3,AI & ML,B.Tech,9.37,0,No,3,4,90,96,76,81,79.7,Machine Learning Engineer,Placed,0.918,6.39
STU01135,23,Female,Tamil Nadu,Coimbatore,Tier 2,Tier 3,CSE,B.Tech,7.94,1,No,2,2,52,67,70,51,84.01,Software Developer,Placed,0.4027,3.76
STU01136,24,Male,Uttar Pradesh,Kanpur,Tier 3,Tier 3,CSE,B.Tech,7.74,0,No,3,4,73,81,76,50,67.77,Software Developer,Placed,0.6981,5.43
STU01137,22,Female,Uttar Pradesh,Kanpur,Tier 3,Tier 2,CSE,B.Tech,7.37,0,No,0,2,55,46,44,67,88.13,Software Developer,Not Placed,0.3474,0.0
STU01138,24,Female,Tamil Nadu,Chennai,Tier 2,Tier 3,CSE,B.E.,7.17,0,Yes,1,2,81,56,84,74,76.9,Software Developer,Placed,0.5999,2.5
STU01139,20,Female,Maharashtra,Nagpur,Tier 3,Tier 3,CSE,B.E.,9.19,0,Yes,2,4,100,86,73,71,72.23,Software Developer,Placed,0.9188,6.17
STU01140,23,Female,Maharashtra,Nagpur,Tier 2,Tier 2,EEE,B.E.,8.31,0,Yes,1,2,89,67,76,71,78.37,Electrical Engineer,Placed,0.7511,5.02
STU01141,23,Female,Andhra Pradesh,Vijayawada,Tier 3,Tier 2,CSE,B.Tech,6.23,0,No,2,1,27,71,55,66,89.56,Software Developer,Placed,0.3142,3.82
STU01142,22,Male,Karnataka,Mangaluru,Tier 1,Tier 3,CSE,B.Tech,8.67,0,No,2,2,73,85,68,53,92.07,Software Developer,Placed,0.7282,5.98
STU01143,22,Other,Telangana,Warangal,Tier 3,Tier 1,CSE,B.Tech,7.34,0,No,4,0,65,61,69,82,78.73,Software Developer,Placed,0.638,5.07
STU01144,24,Male,Karnataka,Mangaluru,Tier 2,Tier 2,CSE,B.Tech,8.02,2,No,2,3,68,100,87,48,93.43,Software Developer,Not Placed,0.5307,0.0
STU01145,23,Female,Kerala,Kochi,Tier 2,Tier 3,EEE,B.E.,8.26,0,Yes,2,2,64,61,70,70,83.69,Electrical Engineer,Placed,0.6818,2.71
STU01146,20,Male,Andhra Pradesh,Tirupati,Tier 2,Tier 2,CSE,B.Tech,9.04,0,Yes,1,0,76,95,73,75,70.32,Software Developer,Placed,0.8554,4.02
STU01147,20,Male,Maharashtra,Mumbai,Tier 1,Tier 2,CSE,B.E.,7.42,0,No,4,1,68,62,46,67,79.85,Software Developer,Placed,0.6116,4.31
STU01148,22,Male,Andhra Pradesh,Visakhapatnam,Tier 3,Tier 2,ECE,B.Tech,7.67,0,No,1,3,70,78,54,56,76.82,Embedded Engineer,Not Placed,0.5643,0.0
STU01149,23,Male,Karnataka,Mangaluru,Tier 3,Tier 2,AI & ML,B.Tech,9.57,3,No,1,1,59,85,74,78,75.8,Machine Learning Engineer,Placed,0.4922,3.72
STU01150,24,Female,Tamil Nadu,Coimbatore,Tier 1,Tier 3,AI & ML,B.Tech,7.6,0,Yes,0,3,64,65,47,50,82.35,Machine Learning Engineer,Placed,0.5464,3.96
STU01151,23,Male,Gujarat,Surat,Tier 2,Tier 3,CSE,B.E.,6.72,1,Yes,5,0,67,58,82,77,73.29,Software Developer,Not Placed,0.544,0.0
STU01152,23,Female,Tamil Nadu,Coimbatore,Tier 2,Tier 2,ISE,B.Tech,8.31,0,No,5,2,65,100,88,64,67.71,Full Stack Developer,Placed,0.8515,5.65
STU01153,22,Female,Kerala,Kozhikode,Tier 3,Tier 2,CSE,B.Tech,9.08,0,Yes,3,2,83,98,74,39,85.45,Software Developer,Placed,0.8873,5.24
STU01154,21,Female,Karnataka,Mysuru,Tier 1,Tier 2,Data Science,B.Tech,9.45,0,No,4,0,100,100,94,83,79.3,Data Scientist,Placed,0.9261,3.99
STU01155,24,Male,Delhi,New Delhi,Tier 3,Tier 2,Mechanical,B.Tech,7.15,1,Yes,1,1,79,70,78,73,85.41,Design Engineer,Not Placed,0.498,0.0
STU01156,23,Male,Delhi,Delhi,Tier 3,Tier 3,CSE,B.Tech,6.48,0,No,2,0,57,70,75,87,82.17,Software Developer,Not Placed,0.4359,0.0
STU01157,21,Female,West Bengal,Durgapur,Tier 2,Tier 3,ECE,B.Tech,7.06,1,Yes,3,3,100,24,52,71,77.33,Embedded Engineer,Not Placed,0.4575,0.0
STU01158,22,Female,Gujarat,Ahmedabad,Tier 2,Tier 3,CSE,B.Tech,7.16,0,Yes,0,0,53,72,50,86,78.98,Software Developer,Not Placed,0.5284,0.0
STU01159,24,Male,Maharashtra,Mumbai,Tier 1,Tier 3,Civil,B.Tech,7.97,0,Yes,2,4,71,82,60,76,80.93,Civil Engineer,Not Placed,0.7969,0.0
STU01160,20,Male,Kerala,Kozhikode,Tier 3,Tier 2,Mechanical,B.Tech,7.66,0,No,3,1,61,44,53,55,76.74,Design Engineer,Not Placed,0.4206,0.0
STU01161,21,Male,Delhi,Delhi,Tier 2,Tier 3,Data Science,B.Tech,9.07,1,No,0,5,47,61,78,70,90.6,Data Scientist,Not Placed,0.528,0.0
STU01162,20,Male,Karnataka,Mangaluru,Tier 2,Tier 3,ECE,B.Tech,6.48,0,Yes,4,0,80,52,71,61,79.12,Embedded Engineer,Not Placed,0.5104,0.0
STU01163,22,Female,Gujarat,Surat,Tier 1,Tier 3,ECE,B.Tech,8.29,0,Yes,3,3,74,99,76,66,96.48,Embedded Engineer,Placed,0.8594,8.14
STU01164,22,Male,Delhi,Delhi,Tier 2,Tier 1,CSE,B.E.,8.54,1,No,2,0,82,91,85,77,87.62,Software Developer,Not Placed,0.7267,0.0
STU01165,21,Female,Telangana,Karimnagar,Tier 2,Tier 2,CSE,B.E.,9.52,0,Yes,6,2,73,68,55,45,81.34,Software Developer,Placed,0.9014,6.07
STU01166,22,Female,Andhra Pradesh,Tirupati,Tier 2,Tier 1,Civil,B.Tech,8.7,0,Yes,2,2,68,42,66,53,83.75,Civil Engineer,Placed,0.6596,2.5
STU01167,24,Female,Gujarat,Vadodara,Tier 2,Tier 2,ECE,B.Tech,7.25,0,Yes,1,1,73,53,78,78,87.56,Embedded Engineer,Not Placed,0.5421,0.0
STU01168,21,Male,Delhi,Delhi,Tier 3,Tier 2,ISE,B.Tech,8.37,0,Yes,1,3,89,86,59,46,66.47,Full Stack Developer,Placed,0.8058,4.84
STU01169,22,Male,Maharashtra,Nagpur,Tier 2,Tier 2,ECE,B.Tech,6.59,0,Yes,3,0,43,67,58,58,77.21,Embedded Engineer,Placed,0.4462,4.99
STU01170,21,Male,Kerala,Kochi,Tier 3,Tier 2,ECE,B.Tech,8.95,2,Yes,1,4,76,91,95,51,85.84,Embedded Engineer,Placed,0.6748,4.14
STU01171,21,Male,Uttar Pradesh,Lucknow,Tier 3,Tier 2,AI & ML,B.Tech,7.92,0,Yes,1,2,70,93,58,76,97.67,Machine Learning Engineer,Not Placed,0.7992,0.0
STU01172,23,Male,Telangana,Karimnagar,Tier 2,Tier 1,EEE,B.Tech,8.4,0,Yes,2,1,84,81,78,74,78.4,Electrical Engineer,Placed,0.8284,4.99
STU01173,23,Female,Kerala,Thiruvananthapuram,Tier 3,Tier 1,CSE,B.E.,7.01,0,Yes,3,1,60,66,43,65,85.86,Software Developer,Not Placed,0.648,0.0
STU01174,22,Male,Gujarat,Surat,Tier 2,Tier 3,Data Science,B.E.,5.35,0,No,4,1,54,75,85,90,83.3,Data Scientist,Placed,0.4462,2.5
STU01175,20,Male,Maharashtra,Pune,Tier 3,Tier 3,ECE,B.Tech,8.34,0,No,2,0,70,85,78,54,64.58,Embedded Engineer,Placed,0.6136,4.29
STU01176,20,Male,Uttar Pradesh,Noida,Tier 1,Tier 3,ECE,B.E.,7.0,0,Yes,1,1,78,69,78,57,87.1,Embedded Engineer,Not Placed,0.5183,0.0
STU01177,20,Male,Gujarat,Ahmedabad,Tier 1,Tier 1,EEE,B.Tech,9.03,0,Yes,4,1,70,64,63,51,92.26,Electrical Engineer,Placed,0.8124,7.0
STU01178,23,Female,Andhra Pradesh,Vijayawada,Tier 3,Tier 2,Data Science,B.Tech,7.6,3,Yes,3,2,64,78,64,48,68.08,Data Scientist,Placed,0.3934,4.54
STU01179,22,Female,Uttar Pradesh,Lucknow,Tier 3,Tier 3,CSE,B.Tech,6.64,1,No,2,1,56,63,62,81,82.53,Software Developer,Not Placed,0.3222,0.0
STU01180,21,Female,Karnataka,Mangaluru,Tier 1,Tier 1,ECE,B.Tech,7.56,0,No,3,0,62,71,50,46,81.12,Embedded Engineer,Placed,0.5116,6.79
STU01181,22,Female,Uttar Pradesh,Noida,Tier 3,Tier 3,ISE,B.Tech,8.24,1,Yes,6,3,55,100,88,52,78.72,Full Stack Developer,Placed,0.8392,6.12
STU01182,20,Male,Karnataka,Mysuru,Tier 1,Tier 2,CSE,B.Tech,8.82,0,Yes,3,2,57,58,73,46,93.37,Software Developer,Placed,0.7305,6.4
STU01183,20,Female,Uttar Pradesh,Lucknow,Tier 3,Tier 1,Civil,B.E.,8.2,0,Yes,1,4,73,55,50,51,82.24,Civil Engineer,Not Placed,0.6745,0.0
STU01184,22,Male,Uttar Pradesh,Noida,Tier 3,Tier 3,EEE,B.Tech,7.89,1,No,4,3,72,58,69,66,81.61,Electrical Engineer,Not Placed,0.5378,0.0
STU01185,22,Male,Andhra Pradesh,Vijayawada,Tier 1,Tier 3,CSE,B.Tech,10.0,0,Yes,1,3,100,72,80,68,85.22,Software Developer,Placed,0.9022,5.64
STU01186,24,Male,Gujarat,Surat,Tier 2,Tier 1,ISE,B.Tech,9.44,2,No,2,1,63,66,77,57,78.13,Full Stack Developer,Placed,0.5294,4.53
STU01187,22,Male,West Bengal,Durgapur,Tier 1,Tier 3,Data Science,B.Tech,7.96,0,No,4,4,50,100,36,80,80.79,Data Scientist,Placed,0.8241,6.31
STU01188,22,Male,Kerala,Thiruvananthapuram,Tier 3,Tier 1,Data Science,B.Tech,9.24,1,No,3,4,67,33,34,77,80.69,Data Scientist,Placed,0.6565,2.5
STU01189,22,Male,Delhi,Delhi,Tier 3,Tier 1,AI & ML,B.Tech,7.06,1,No,2,2,60,63,32,69,80.03,Machine Learning Engineer,Not Placed,0.4135,0.0
STU01190,22,Female,Uttar Pradesh,Noida,Tier 3,Tier 2,Data Science,B.Tech,9.92,0,Yes,3,3,80,93,65,82,72.46,Data Scientist,Placed,0.9494,7.56
STU01191,24,Female,Gujarat,Ahmedabad,Tier 3,Tier 2,Civil,B.E.,7.48,3,Yes,0,1,81,41,43,72,86.17,Civil Engineer,Not Placed,0.1903,0.0
STU01192,22,Male,Karnataka,Bengaluru,Tier 1,Tier 1,CSE,B.E.,8.07,1,Yes,1,4,68,78,96,65,84.96,Software Developer,Placed,0.7097,3.93
STU01193,24,Male,Tamil Nadu,Chennai,Tier 1,Tier 3,EEE,B.E.,8.47,1,Yes,4,4,67,60,45,56,83.15,Electrical Engineer,Placed,0.6933,5.12
STU01194,24,Male,Andhra Pradesh,Tirupati,Tier 2,Tier 2,ISE,B.E.,7.22,3,No,0,3,82,60,60,60,79.27,Full Stack Developer,Not Placed,0.1892,0.0
STU01195,20,Male,Maharashtra,Mumbai,Tier 2,Tier 3,EEE,B.E.,7.85,2,No,2,0,75,63,58,72,92.76,Electrical Engineer,Not Placed,0.3141,0.0
STU01196,23,Female,Gujarat,Surat,Tier 2,Tier 3,ISE,B.E.,7.75,1,Yes,2,3,58,100,87,65,90.12,Full Stack Developer,Placed,0.7116,5.07
STU01197,21,Female,Karnataka,Bengaluru,Tier 1,Tier 2,ISE,B.Tech,8.93,0,No,4,4,90,93,83,89,81.75,Full Stack Developer,Placed,0.9257,5.9
STU01198,20,Female,Karnataka,Bengaluru,Tier 1,Tier 2,ISE,B.Tech,5.98,0,No,3,3,66,77,52,80,76.53,Full Stack Developer,Placed,0.5571,4.63
STU01199,24,Female,Telangana,Karimnagar,Tier 2,Tier 1,CSE,B.Tech,7.12,0,Yes,2,4,74,81,55,83,87.49,Software Developer,Placed,0.8076,4.26
STU01200,21,Female,West Bengal,Durgapur,Tier 2,Tier 2,ECE,B.Tech,9.23,0,Yes,2,2,81,89,54,54,74.76,Embedded Engineer,Placed,0.8577,2.5
STU01201,22,Male,Tamil Nadu,Chennai,Tier 1,Tier 3,CSE,B.E.,8.26,3,No,1,2,77,78,75,69,87.46,Software Developer,Not Placed,0.3505,0.0
STU01202,20,Male,Telangana,Hyderabad,Tier 1,Tier 2,CSE,B.Tech,6.97,0,Yes,2,1,69,52,68,71,82.25,Software Developer,Not Placed,0.5555,0.0
STU01203,22,Male,Uttar Pradesh,Noida,Tier 1,Tier 2,AI & ML,B.Tech,9.06,0,Yes,1,2,70,96,64,62,75.95,Machine Learning Engineer,Placed,0.8558,4.64
STU01204,21,Female,Tamil Nadu,Coimbatore,Tier 2,Tier 3,Civil,B.Tech,8.41,1,No,3,1,82,68,61,74,84.5,Civil Engineer,Placed,0.5983,4.65
STU01205,23,Female,Maharashtra,Mumbai,Tier 2,Tier 1,CSE,B.Tech,7.62,0,No,2,3,68,68,68,63,82.94,Software Developer,Not Placed,0.638,0.0
STU01206,20,Male,Uttar Pradesh,Kanpur,Tier 3,Tier 1,CSE,B.Tech,9.91,1,Yes,4,1,86,100,89,88,74.54,Software Developer,Placed,0.9453,7.41
STU01207,21,Male,West Bengal,Durgapur,Tier 2,Tier 2,CSE,B.Tech,8.1,0,No,4,1,87,63,37,80,84.93,Software Developer,Placed,0.7617,6.28
STU01208,22,Female,Gujarat,Ahmedabad,Tier 3,Tier 3,CSE,B.Tech,7.67,0,Yes,4,3,61,69,75,90,82.03,Software Developer,Placed,0.8111,3.37
STU01209,21,Male,Telangana,Hyderabad,Tier 3,Tier 3,Data Science,B.Tech,7.87,0,Yes,2,3,68,70,50,74,79.84,Data Scientist,Not Placed,0.7495,0.0
STU01210,23,Female,Maharashtra,Nagpur,Tier 3,Tier 1,AI & ML,B.E.,8.09,0,Yes,1,3,74,64,75,76,86.11,Machine Learning Engineer,Placed,0.7687,3.35
STU01211,21,Female,Tamil Nadu,Coimbatore,Tier 2,Tier 2,AI & ML,B.Tech,8.02,1,No,3,2,91,94,53,61,72.39,Machine Learning Engineer,Placed,0.7261,4.95
STU01212,22,Female,West Bengal,Durgapur,Tier 3,Tier 3,ECE,B.E.,8.4,0,No,2,0,59,56,55,77,80.41,Embedded Engineer,Not Placed,0.5279,0.0
STU01213,20,Male,Gujarat,Vadodara,Tier 2,Tier 3,AI & ML,B.E.,8.81,1,Yes,3,3,92,88,79,79,89.15,Machine Learning Engineer,Placed,0.872,4.67
STU01214,20,Male,Uttar Pradesh,Kanpur,Tier 1,Tier 1,Mechanical,B.E.,8.6,0,No,3,1,57,57,72,69,65.05,Design Engineer,Placed,0.6402,3.33
STU01215,21,Male,Gujarat,Vadodara,Tier 3,Tier 3,Data Science,B.Tech,7.15,1,Yes,3,1,65,88,56,52,100.0,Data Scientist,Placed,0.5804,6.72
STU01216,23,Female,Uttar Pradesh,Kanpur,Tier 2,Tier 2,Civil,B.E.,9.23,0,Yes,0,3,71,77,100,61,91.02,Civil Engineer,Not Placed,0.7828,0.0
STU01217,24,Male,Uttar Pradesh,Lucknow,Tier 3,Tier 2,ECE,B.Tech,8.72,0,No,0,2,64,77,67,61,68.97,Embedded Engineer,Not Placed,0.6037,0.0
STU01218,20,Female,Uttar Pradesh,Lucknow,Tier 1,Tier 2,CSE,B.Tech,7.62,1,Yes,2,2,69,78,56,60,76.16,Software Developer,Not Placed,0.6225,0.0
STU01219,21,Male,Delhi,Delhi,Tier 2,Tier 2,EEE,B.Tech,7.19,0,No,0,1,48,41,71,71,75.34,Electrical Engineer,Not Placed,0.252,0.0
STU01220,24,Male,Andhra Pradesh,Visakhapatnam,Tier 2,Tier 2,Civil,B.Tech,7.14,1,Yes,2,1,64,52,44,45,78.88,Civil Engineer,Placed,0.3376,5.82
STU01221,20,Male,Delhi,New Delhi,Tier 3,Tier 1,EEE,B.Tech,8.58,0,Yes,1,0,82,76,51,53,85.19,Electrical Engineer,Not Placed,0.7326,0.0
STU01222,23,Male,Kerala,Thiruvananthapuram,Tier 1,Tier 2,ISE,B.Tech,8.85,2,No,2,0,83,85,77,41,89.95,Full Stack Developer,Placed,0.5056,4.74
STU01223,22,Male,Delhi,New Delhi,Tier 2,Tier 1,CSE,B.Tech,7.21,0,No,2,1,59,83,65,58,86.35,Software Developer,Placed,0.5701,5.09
STU01224,20,Female,Delhi,Delhi,Tier 3,Tier 2,Data Science,B.Tech,6.56,0,No,1,1,76,79,79,66,80.47,Data Scientist,Not Placed,0.4799,0.0
STU01225,24,Male,Gujarat,Vadodara,Tier 2,Tier 3,Civil,B.Tech,7.01,0,No,1,3,56,89,67,66,77.56,Civil Engineer,Not Placed,0.5073,0.0
STU01226,22,Male,West Bengal,Durgapur,Tier 1,Tier 1,Civil,B.Tech,9.54,0,No,4,1,93,99,58,73,82.21,Civil Engineer,Placed,0.9181,5.52
STU01227,20,Female,Gujarat,Ahmedabad,Tier 1,Tier 3,Data Science,B.E.,7.13,1,No,0,3,76,56,72,71,98.79,Data Scientist,Not Placed,0.3343,0.0
STU01228,23,Other,Kerala,Thiruvananthapuram,Tier 2,Tier 3,Data Science,B.Tech,7.74,2,Yes,1,2,51,64,52,63,90.64,Data Scientist,Not Placed,0.357,0.0
STU01229,20,Male,Maharashtra,Nagpur,Tier 2,Tier 3,CSE,B.Tech,8.32,0,Yes,5,1,78,90,46,82,71.78,Software Developer,Placed,0.9015,6.6
STU01230,21,Male,Tamil Nadu,Coimbatore,Tier 3,Tier 3,Civil,B.Tech,7.41,0,Yes,1,1,68,68,79,55,68.51,Civil Engineer,Placed,0.5238,7.21
STU01231,23,Male,West Bengal,Kolkata,Tier 2,Tier 1,Civil,B.Tech,7.82,0,Yes,4,0,63,88,37,61,89.9,Civil Engineer,Placed,0.7845,4.13
STU01232,20,Male,Delhi,New Delhi,Tier 1,Tier 1,Data Science,B.E.,7.58,0,No,3,0,68,81,62,49,83.93,Data Scientist,Not Placed,0.6208,0.0
STU01233,23,Female,Delhi,Delhi,Tier 3,Tier 2,ECE,B.Tech,8.8,0,Yes,1,5,71,55,55,93,80.36,Embedded Engineer,Not Placed,0.8115,0.0
STU01234,22,Male,Kerala,Kochi,Tier 2,Tier 1,ECE,B.Tech,7.29,2,No,3,1,65,47,82,68,72.79,Embedded Engineer,Placed,0.2675,2.53
STU01235,23,Male,Uttar Pradesh,Noida,Tier 2,Tier 2,ECE,B.Tech,9.02,0,No,1,2,98,66,67,41,83.89,Embedded Engineer,Not Placed,0.6696,0.0
STU01236,21,Male,West Bengal,Kolkata,Tier 3,Tier 3,ISE,B.Tech,8.05,0,No,1,1,61,88,61,65,83.59,Full Stack Developer,Placed,0.617,5.58
STU01237,23,Female,Uttar Pradesh,Noida,Tier 2,Tier 2,Data Science,B.E.,9.04,0,Yes,2,2,58,80,38,75,75.77,Data Scientist,Placed,0.8419,5.87
STU01238,21,Male,Delhi,Delhi,Tier 2,Tier 3,Mechanical,B.Tech,8.56,0,Yes,0,1,56,71,64,45,87.98,Design Engineer,Not Placed,0.5557,0.0
STU01239,24,Female,Delhi,New Delhi,Tier 2,Tier 2,ECE,B.E.,7.06,0,Yes,2,3,53,69,57,78,88.7,Embedded Engineer,Placed,0.625,4.16
STU01240,22,Male,Uttar Pradesh,Kanpur,Tier 3,Tier 3,Data Science,B.Tech,7.02,0,Yes,4,1,68,52,70,80,85.34,Data Scientist,Not Placed,0.6508,0.0
STU01241,22,Male,West Bengal,Kolkata,Tier 1,Tier 3,Mechanical,B.E.,7.17,0,Yes,1,3,49,89,78,73,82.11,Design Engineer,Not Placed,0.6351,0.0
STU01242,23,Female,Delhi,Delhi,Tier 2,Tier 2,AI & ML,B.Tech,6.43,0,No,2,4,64,85,73,46,84.72,Machine Learning Engineer,Not Placed,0.5154,0.0
STU01243,20,Male,Telangana,Karimnagar,Tier 3,Tier 3,ISE,B.Tech,9.18,0,No,3,0,62,47,48,69,74.23,Full Stack Developer,Not Placed,0.6383,0.0
STU01244,24,Female,West Bengal,Durgapur,Tier 2,Tier 3,ISE,B.Tech,8.71,2,No,3,3,86,88,71,62,88.34,Full Stack Developer,Not Placed,0.668,0.0
STU01245,20,Male,Tamil Nadu,Chennai,Tier 2,Tier 3,CSE,B.E.,9.1,0,No,3,1,60,96,58,67,80.23,Software Developer,Placed,0.8127,7.73
STU01246,24,Female,Gujarat,Vadodara,Tier 1,Tier 1,CSE,B.Tech,9.35,0,No,2,3,87,81,73,64,90.94,Software Developer,Placed,0.8603,5.16
STU01247,23,Male,Kerala,Kozhikode,Tier 2,Tier 2,Mechanical,B.E.,6.4,0,Yes,2,2,76,69,57,79,81.31,Design Engineer,Placed,0.5988,4.02
STU01248,24,Female,Maharashtra,Mumbai,Tier 2,Tier 3,AI & ML,B.E.,8.44,0,Yes,4,3,81,61,53,65,87.94,Machine Learning Engineer,Placed,0.8317,6.49
STU01249,22,Female,Andhra Pradesh,Tirupati,Tier 2,Tier 2,Data Science,B.Tech,8.2,0,Yes,2,2,81,74,80,55,81.02,Data Scientist,Not Placed,0.7731,0.0
STU01250,23,Male,Karnataka,Mysuru,Tier 2,Tier 2,ECE,B.Tech,9.02,0,Yes,2,1,78,69,75,55,80.17,Embedded Engineer,Placed,0.7715,4.69
STU01251,22,Female,Maharashtra,Pune,Tier 2,Tier 3,Mechanical,B.E.,9.68,0,No,3,2,85,61,69,75,76.62,Design Engineer,Placed,0.8094,6.69
STU01252,24,Female,Kerala,Kozhikode,Tier 1,Tier 1,Mechanical,B.Tech,8.03,0,No,0,0,60,68,95,85,100.0,Design Engineer,Not Placed,0.5264,0.0
STU01253,24,Male,West Bengal,Kolkata,Tier 3,Tier 3,ISE,B.Tech,7.28,0,Yes,1,4,78,82,70,71,89.26,Full Stack Developer,Not Placed,0.741,0.0
STU01254,21,Male,Maharashtra,Pune,Tier 2,Tier 1,CSE,B.Tech,8.53,2,Yes,1,1,64,61,69,49,83.82,Software Developer,Not Placed,0.4509,0.0
STU01255,24,Male,Delhi,Delhi,Tier 1,Tier 3,EEE,B.Tech,7.1,0,No,5,0,61,40,69,41,74.33,Electrical Engineer,Not Placed,0.3474,0.0
STU01256,21,Female,Telangana,Warangal,Tier 2,Tier 3,AI & ML,B.Tech,8.3,0,No,1,4,68,74,77,77,86.8,Machine Learning Engineer,Placed,0.7041,4.13
STU01257,23,Male,Maharashtra,Mumbai,Tier 3,Tier 2,Mechanical,B.Tech,8.94,0,No,1,1,68,71,78,46,85.11,Design Engineer,Not Placed,0.5884,0.0
STU01258,22,Male,Telangana,Karimnagar,Tier 2,Tier 2,Mechanical,B.Tech,7.32,0,Yes,0,2,58,65,49,61,76.91,Design Engineer,Not Placed,0.4876,0.0
STU01259,22,Female,Telangana,Hyderabad,Tier 2,Tier 2,AI & ML,B.E.,7.77,1,No,1,3,56,60,44,47,72.05,Machine Learning Engineer,Placed,0.355,3.88
STU01260,22,Male,Tamil Nadu,Coimbatore,Tier 2,Tier 2,ECE,B.Tech,5.29,0,No,2,3,79,25,46,61,86.45,Embedded Engineer,Placed,0.195,2.5
STU01261,20,Female,Delhi,Delhi,Tier 2,Tier 2,CSE,B.Tech,7.61,0,Yes,2,1,85,55,100,63,90.21,Software Developer,Not Placed,0.6599,0.0
STU01262,23,Male,Karnataka,Mysuru,Tier 2,Tier 2,CSE,B.Tech,7.89,0,No,2,2,60,80,58,68,80.23,Software Developer,Placed,0.6563,4.24
STU01263,20,Male,Uttar Pradesh,Lucknow,Tier 1,Tier 3,CSE,B.Tech,8.28,0,No,4,2,65,88,76,43,82.44,Software Developer,Placed,0.7325,8.12
STU01264,23,Male,West Bengal,Durgapur,Tier 3,Tier 3,CSE,B.Tech,6.35,0,Yes,1,2,55,57,70,72,71.13,Software Developer,Not Placed,0.4299,0.0
STU01265,23,Male,Tamil Nadu,Chennai,Tier 2,Tier 3,AI & ML,B.E.,7.72,0,No,5,1,64,68,68,60,98.96,Machine Learning Engineer,Not Placed,0.6605,0.0
STU01266,22,Male,Maharashtra,Mumbai,Tier 2,Tier 2,Civil,B.Tech,7.18,0,Yes,3,5,60,50,69,56,78.29,Civil Engineer,Placed,0.6038,3.9
STU01267,21,Male,Delhi,Delhi,Tier 2,Tier 1,AI & ML,B.Tech,7.59,1,Yes,2,1,57,48,44,59,79.22,Machine Learning Engineer,Not Placed,0.4527,0.0
STU01268,20,Female,Andhra Pradesh,Tirupati,Tier 3,Tier 2,AI & ML,B.Tech,7.74,0,Yes,5,1,81,64,73,43,86.13,Machine Learning Engineer,Placed,0.7563,4.67
STU01269,23,Female,Telangana,Hyderabad,Tier 1,Tier 3,EEE,B.E.,6.53,0,Yes,0,1,65,38,38,83,98.76,Electrical Engineer,Not Placed,0.3275,0.0
STU01270,21,Female,West Bengal,Kolkata,Tier 3,Tier 3,CSE,B.Tech,7.9,2,Yes,2,0,71,68,68,58,82.03,Software Developer,Placed,0.4302,3.49
STU01271,20,Male,Tamil Nadu,Chennai,Tier 2,Tier 1,AI & ML,B.E.,7.67,0,Yes,4,1,76,78,82,61,76.1,Machine Learning Engineer,Placed,0.8096,3.42
STU01272,20,Male,Uttar Pradesh,Lucknow,Tier 2,Tier 2,CSE,B.Tech,8.05,0,No,1,4,62,84,60,77,89.08,Software Developer,Placed,0.7198,7.75
STU01273,20,Female,Maharashtra,Mumbai,Tier 2,Tier 2,ECE,B.Tech,6.73,0,No,2,3,60,81,48,91,78.43,Embedded Engineer,Placed,0.5908,3.17
STU01274,21,Male,West Bengal,Durgapur,Tier 3,Tier 3,ECE,B.Tech,7.61,0,No,2,2,73,35,35,71,85.27,Embedded Engineer,Not Placed,0.4185,0.0
STU01275,22,Male,Karnataka,Bengaluru,Tier 3,Tier 2,ECE,B.E.,7.26,2,No,2,2,82,43,32,71,78.16,Embedded Engineer,Not Placed,0.2587,0.0
STU01276,20,Male,Delhi,New Delhi,Tier 2,Tier 3,CSE,B.Tech,8.13,0,No,1,2,60,74,75,80,70.13,Software Developer,Placed,0.6294,4.94
STU01277,23,Female,Gujarat,Vadodara,Tier 2,Tier 2,Data Science,B.E.,7.97,0,Yes,2,4,50,77,58,45,85.76,Data Scientist,Placed,0.7073,5.62
STU01278,22,Male,Karnataka,Bengaluru,Tier 2,Tier 2,CSE,B.Tech,7.45,0,Yes,1,3,56,72,54,49,64.24,Software Developer,Placed,0.5988,2.65
STU01279,22,Male,Andhra Pradesh,Visakhapatnam,Tier 1,Tier 2,ECE,B.E.,7.89,1,No,0,1,84,47,60,56,89.16,Embedded Engineer,Not Placed,0.2966,0.0
STU01280,22,Female,Gujarat,Surat,Tier 2,Tier 2,Data Science,B.Tech,8.5,0,Yes,0,0,87,61,51,63,77.47,Data Scientist,Placed,0.675,5.92
STU01281,23,Female,Delhi,Delhi,Tier 2,Tier 1,CSE,B.Tech,7.77,0,Yes,4,4,61,100,92,71,71.94,Software Developer,Placed,0.8938,5.58
STU01282,22,Male,Uttar Pradesh,Lucknow,Tier 2,Tier 2,ECE,B.Tech,6.59,2,Yes,2,4,83,62,100,73,78.14,Embedded Engineer,Not Placed,0.4188,0.0
STU01283,22,Female,Telangana,Warangal,Tier 1,Tier 1,Data Science,B.E.,8.89,0,No,1,2,73,76,88,41,94.88,Data Scientist,Placed,0.689,3.44
STU01284,21,Female,Telangana,Karimnagar,Tier 1,Tier 2,CSE,B.E.,7.29,0,Yes,1,3,58,72,58,68,86.92,Software Developer,Placed,0.6412,5.32
STU01285,22,Female,West Bengal,Durgapur,Tier 3,Tier 1,ISE,B.Tech,7.43,0,Yes,0,1,66,62,63,73,80.02,Full Stack Developer,Not Placed,0.5883,0.0
STU01286,22,Male,Maharashtra,Pune,Tier 1,Tier 1,Data Science,B.Tech,6.78,0,Yes,3,2,82,60,43,36,73.21,Data Scientist,Not Placed,0.6022,0.0
STU01287,20,Male,Kerala,Kozhikode,Tier 3,Tier 1,ISE,B.E.,7.51,0,Yes,3,0,50,56,51,35,80.3,Full Stack Developer,Placed,0.5189,4.65
STU01288,22,Male,Delhi,Delhi,Tier 2,Tier 2,Mechanical,B.E.,7.88,0,No,2,2,71,63,88,73,93.85,Design Engineer,Placed,0.5934,3.14
STU01289,21,Male,West Bengal,Durgapur,Tier 3,Tier 1,ECE,B.Tech,8.54,1,Yes,0,1,80,70,48,91,99.98,Embedded Engineer,Not Placed,0.6872,0.0
STU01290,24,Male,Tamil Nadu,Madurai,Tier 1,Tier 2,ISE,B.Tech,9.46,0,Yes,0,3,68,88,41,45,74.88,Full Stack Developer,Placed,0.8186,6.39
STU01291,24,Male,West Bengal,Kolkata,Tier 3,Tier 2,AI & ML,B.E.,8.17,0,Yes,2,2,65,82,46,68,88.1,Machine Learning Engineer,Placed,0.7891,4.96
STU01292,22,Male,Kerala,Thiruvananthapuram,Tier 1,Tier 3,ECE,B.Tech,7.63,0,Yes,1,1,48,45,51,87,88.31,Embedded Engineer,Not Placed,0.4812,0.0
STU01293,23,Female,Tamil Nadu,Chennai,Tier 2,Tier 1,CSE,B.Tech,7.19,0,No,5,2,62,89,86,53,75.67,Software Developer,Placed,0.7303,8.21
STU01294,20,Male,Kerala,Kochi,Tier 2,Tier 1,Data Science,B.Tech,7.09,0,Yes,4,1,43,47,70,73,88.06,Data Scientist,Placed,0.5935,4.87
STU01295,23,Female,Tamil Nadu,Chennai,Tier 2,Tier 2,ECE,B.Tech,7.36,0,No,3,0,67,46,59,76,88.63,Embedded Engineer,Placed,0.4521,3.11
STU01296,21,Female,West Bengal,Durgapur,Tier 2,Tier 3,ISE,B.Tech,8.27,0,Yes,1,2,71,80,91,66,82.21,Full Stack Developer,Placed,0.7532,4.26
STU01297,24,Male,Kerala,Thiruvananthapuram,Tier 1,Tier 3,Data Science,B.Tech,6.21,0,Yes,0,0,66,56,53,71,78.23,Data Scientist,Placed,0.3488,2.5
STU01298,22,Male,Uttar Pradesh,Kanpur,Tier 2,Tier 1,ISE,B.Tech,8.52,0,No,5,1,86,89,83,70,85.44,Full Stack Developer,Placed,0.8796,5.0
STU01299,21,Male,Delhi,New Delhi,Tier 2,Tier 2,Data Science,B.E.,8.23,0,Yes,2,2,95,79,77,69,67.05,Data Scientist,Placed,0.8407,4.79
STU01300,21,Male,Delhi,New Delhi,Tier 1,Tier 3,AI & ML,B.E.,7.97,0,Yes,1,3,79,44,84,58,84.29,Machine Learning Engineer,Not Placed,0.6068,0.0
STU01301,24,Female,Telangana,Warangal,Tier 3,Tier 2,ECE,B.Tech,8.02,0,Yes,3,7,41,49,66,81,88.93,Embedded Engineer,Placed,0.7421,4.17
STU01302,21,Male,Telangana,Karimnagar,Tier 3,Tier 3,Data Science,B.Tech,7.65,0,Yes,2,3,60,76,52,39,100.0,Data Scientist,Placed,0.6425,3.24
STU01303,22,Male,Delhi,Delhi,Tier 1,Tier 2,ISE,B.Tech,9.13,0,No,0,4,80,50,69,65,80.27,Full Stack Developer,Not Placed,0.6705,0.0
STU01304,22,Female,Maharashtra,Pune,Tier 2,Tier 2,CSE,B.Tech,8.71,2,Yes,0,2,82,66,63,65,68.15,Software Developer,Not Placed,0.5449,0.0
STU01305,21,Male,Telangana,Karimnagar,Tier 2,Tier 1,Data Science,B.Tech,9.2,0,No,1,1,79,80,72,72,88.4,Data Scientist,Placed,0.7946,2.5
STU01306,24,Female,Karnataka,Bengaluru,Tier 1,Tier 3,CSE,B.Tech,8.15,0,Yes,0,3,85,94,73,95,83.81,Software Developer,Placed,0.852,6.19
STU01307,21,Male,Uttar Pradesh,Lucknow,Tier 2,Tier 2,AI & ML,B.Tech,5.94,0,Yes,1,2,49,54,75,62,73.97,Machine Learning Engineer,Not Placed,0.3472,0.0
STU01308,22,Female,Telangana,Karimnagar,Tier 3,Tier 1,ISE,B.Tech,7.85,2,No,1,6,89,83,89,69,78.34,Full Stack Developer,Placed,0.6188,4.8
STU01309,20,Male,West Bengal,Kolkata,Tier 1,Tier 2,CSE,B.Tech,7.64,0,Yes,1,2,78,73,57,59,83.55,Software Developer,Placed,0.6873,3.02
STU01310,23,Female,Andhra Pradesh,Tirupati,Tier 3,Tier 3,AI & ML,B.Tech,8.8,0,No,3,4,67,61,76,77,87.49,Machine Learning Engineer,Placed,0.7693,5.5
STU01311,22,Male,West Bengal,Durgapur,Tier 2,Tier 3,CSE,B.Tech,6.29,1,Yes,5,0,65,49,45,97,87.27,Software Developer,Not Placed,0.5087,0.0
STU01312,24,Male,Karnataka,Mysuru,Tier 1,Tier 1,CSE,B.E.,7.18,0,No,2,2,41,73,69,56,86.98,Software Developer,Not Placed,0.4869,0.0
STU01313,24,Male,Tamil Nadu,Madurai,Tier 1,Tier 2,ECE,B.Tech,7.58,3,No,0,2,67,51,77,57,90.71,Embedded Engineer,Not Placed,0.1275,0.0
STU01314,21,Female,Andhra Pradesh,Tirupati,Tier 1,Tier 3,Mechanical,B.Tech,8.54,1,No,0,1,54,44,69,65,78.82,Design Engineer,Not Placed,0.2778,0.0
STU01315,24,Male,Kerala,Thiruvananthapuram,Tier 3,Tier 1,CSE,B.E.,7.16,0,Yes,1,1,71,64,77,69,73.6,Software Developer,Not Placed,0.6143,0.0
STU01316,21,Female,Delhi,Delhi,Tier 2,Tier 2,AI & ML,B.Tech,6.89,1,No,3,1,61,59,42,83,80.15,Machine Learning Engineer,Placed,0.4107,3.58
STU01317,22,Male,Tamil Nadu,Madurai,Tier 2,Tier 3,ECE,B.Tech,7.53,0,Yes,1,6,63,58,42,62,90.17,Embedded Engineer,Placed,0.621,5.14
STU01318,23,Female,Tamil Nadu,Madurai,Tier 2,Tier 2,EEE,B.E.,8.11,0,Yes,4,3,95,87,69,78,72.93,Electrical Engineer,Placed,0.8978,3.74
STU01319,23,Male,Delhi,Delhi,Tier 3,Tier 3,AI & ML,B.E.,7.49,0,Yes,4,0,69,60,70,54,78.15,Machine Learning Engineer,Placed,0.64,4.3
STU01320,21,Male,Andhra Pradesh,Vijayawada,Tier 1,Tier 3,CSE,B.Tech,7.71,0,No,3,3,65,79,89,55,71.09,Software Developer,Placed,0.6574,2.57
STU01321,22,Female,Tamil Nadu,Coimbatore,Tier 3,Tier 1,CSE,B.E.,7.92,1,Yes,1,1,62,87,74,34,85.0,Software Developer,Placed,0.56,4.35
STU01322,20,Male,Kerala,Kochi,Tier 3,Tier 2,ECE,B.E.,7.96,0,No,0,3,57,40,68,54,89.9,Embedded Engineer,Not Placed,0.3419,0.0
STU01323,24,Male,Gujarat,Surat,Tier 1,Tier 3,Civil,B.Tech,7.58,0,Yes,3,1,85,72,76,75,86.25,Civil Engineer,Placed,0.7402,6.06
STU01324,22,Female,Gujarat,Vadodara,Tier 2,Tier 2,Mechanical,B.Tech,7.83,0,Yes,2,0,63,89,61,58,77.86,Design Engineer,Not Placed,0.6893,0.0
STU01325,23,Female,Karnataka,Mysuru,Tier 3,Tier 3,ECE,B.Tech,8.3,1,Yes,2,1,81,77,58,77,82.05,Embedded Engineer,Not Placed,0.6913,0.0
STU01326,23,Male,Delhi,New Delhi,Tier 3,Tier 2,CSE,B.E.,7.84,1,Yes,2,3,69,61,82,80,80.7,Software Developer,Placed,0.6536,2.5
STU01327,20,Male,Uttar Pradesh,Lucknow,Tier 2,Tier 2,ECE,B.E.,7.16,1,No,1,5,52,54,70,69,72.27,Embedded Engineer,Placed,0.329,4.32
STU01328,21,Male,Maharashtra,Nagpur,Tier 2,Tier 2,Data Science,B.E.,6.46,0,No,2,1,52,62,59,61,86.8,Data Scientist,Placed,0.354,5.43
STU01329,22,Female,Gujarat,Vadodara,Tier 2,Tier 1,CSE,B.Tech,6.86,0,Yes,0,1,57,100,61,56,69.1,Software Developer,Placed,0.6164,4.65
STU01330,22,Male,Andhra Pradesh,Tirupati,Tier 2,Tier 2,ECE,B.E.,6.9,0,Yes,4,4,51,61,57,85,80.88,Embedded Engineer,Not Placed,0.6936,0.0
STU01331,24,Male,Maharashtra,Mumbai,Tier 1,Tier 2,CSE,B.Tech,7.82,1,No,5,3,92,65,72,56,69.22,Software Developer,Placed,0.6845,3.2
STU01332,24,Female,Uttar Pradesh,Lucknow,Tier 2,Tier 2,Data Science,B.E.,7.9,0,Yes,0,2,70,68,76,62,81.58,Data Scientist,Placed,0.6392,3.04
STU01333,22,Male,Uttar Pradesh,Lucknow,Tier 2,Tier 2,Data Science,B.Tech,8.0,1,Yes,1,3,69,86,66,66,84.63,Data Scientist,Placed,0.692,6.1
STU01334,23,Male,Gujarat,Surat,Tier 2,Tier 2,ISE,B.E.,8.1,0,Yes,4,2,69,80,57,83,93.24,Full Stack Developer,Not Placed,0.863,0.0
STU01335,24,Female,Delhi,New Delhi,Tier 1,Tier 2,CSE,B.Tech,7.74,3,Yes,4,2,82,88,79,50,86.9,Software Developer,Placed,0.5575,6.94
STU01336,20,Female,West Bengal,Durgapur,Tier 2,Tier 3,ISE,B.Tech,7.04,0,No,1,1,78,67,81,84,77.69,Full Stack Developer,Placed,0.52,2.5
STU01337,21,Male,West Bengal,Durgapur,Tier 2,Tier 2,CSE,B.E.,7.4,0,Yes,4,1,41,91,72,86,82.0,Software Developer,Placed,0.7893,5.79
STU01338,24,Female,Delhi,New Delhi,Tier 3,Tier 2,CSE,B.Tech,8.87,1,No,1,3,66,72,44,62,78.16,Software Developer,Placed,0.6022,4.65
STU01339,24,Female,Tamil Nadu,Madurai,Tier 2,Tier 2,ISE,B.Tech,7.69,0,Yes,4,0,61,52,38,58,57.11,Full Stack Developer,Placed,0.6352,3.93
STU01340,24,Male,Andhra Pradesh,Visakhapatnam,Tier 2,Tier 3,Mechanical,B.E.,7.7,0,Yes,2,1,75,50,77,61,83.51,Design Engineer,Placed,0.5585,4.7
STU01341,21,Male,Delhi,Delhi,Tier 2,Tier 3,AI & ML,B.Tech,6.37,0,Yes,3,2,70,63,70,74,61.06,Machine Learning Engineer,Placed,0.5989,3.48
STU01342,20,Male,Uttar Pradesh,Kanpur,Tier 2,Tier 3,ECE,B.E.,6.94,0,Yes,4,4,71,68,55,84,91.01,Embedded Engineer,Placed,0.7519,3.2
STU01343,24,Female,Karnataka,Bengaluru,Tier 1,Tier 1,CSE,B.E.,7.55,0,No,2,0,77,75,77,68,84.14,Software Developer,Placed,0.6292,5.97
STU01344,21,Male,Andhra Pradesh,Visakhapatnam,Tier 1,Tier 1,ISE,B.Tech,8.58,0,No,2,2,100,72,45,49,78.67,Full Stack Developer,Placed,0.7659,7.12
STU01345,21,Female,Maharashtra,Pune,Tier 2,Tier 1,CSE,B.Tech,8.73,1,Yes,5,3,83,100,80,66,86.33,Software Developer,Placed,0.9166,5.01
STU01346,24,Female,Gujarat,Vadodara,Tier 2,Tier 1,Mechanical,B.Tech,6.27,0,Yes,1,1,57,58,62,73,94.58,Design Engineer,Not Placed,0.4224,0.0
STU01347,24,Male,Gujarat,Vadodara,Tier 3,Tier 1,AI & ML,B.Tech,7.66,0,No,1,1,87,74,44,93,73.99,Machine Learning Engineer,Not Placed,0.7105,0.0
STU01348,23,Male,Maharashtra,Pune,Tier 2,Tier 3,CSE,B.E.,7.3,0,Yes,3,2,74,66,77,66,82.07,Software Developer,Placed,0.695,4.78
STU01349,20,Male,West Bengal,Kolkata,Tier 2,Tier 3,Civil,B.Tech,8.63,0,No,1,0,62,82,58,75,90.7,Civil Engineer,Not Placed,0.6259,0.0
STU01350,24,Male,Andhra Pradesh,Tirupati,Tier 1,Tier 2,ECE,B.E.,8.86,0,No,2,5,66,77,80,67,66.14,Embedded Engineer,Placed,0.7757,3.39
STU01351,20,Male,Andhra Pradesh,Tirupati,Tier 3,Tier 3,AI & ML,B.Tech,6.87,0,Yes,2,3,80,50,64,77,91.4,Machine Learning Engineer,Not Placed,0.6146,0.0
STU01352,24,Female,Gujarat,Surat,Tier 2,Tier 3,AI & ML,B.E.,7.96,0,Yes,0,1,65,54,53,80,81.23,Machine Learning Engineer,Placed,0.5804,4.41
STU01353,22,Male,Tamil Nadu,Chennai,Tier 3,Tier 2,CSE,B.Tech,8.51,0,No,2,2,70,58,62,63,91.02,Software Developer,Placed,0.6434,4.98
STU01354,21,Male,Karnataka,Mysuru,Tier 2,Tier 1,ISE,B.Tech,8.37,2,No,2,2,94,83,76,47,85.47,Full Stack Developer,Not Placed,0.5727,0.0
STU01355,22,Male,Gujarat,Vadodara,Tier 2,Tier 2,Civil,B.Tech,6.53,0,No,1,1,56,60,47,72,75.46,Civil Engineer,Not Placed,0.3193,0.0
STU01356,22,Female,Kerala,Kochi,Tier 1,Tier 2,ECE,B.Tech,6.89,2,Yes,0,4,76,63,66,81,80.74,Embedded Engineer,Not Placed,0.3723,0.0
STU01357,24,Male,Kerala,Thiruvananthapuram,Tier 2,Tier 2,EEE,B.E.,8.3,0,No,0,3,64,60,46,47,89.3,Electrical Engineer,Not Placed,0.464,0.0
STU01358,23,Male,Maharashtra,Mumbai,Tier 1,Tier 2,CSE,B.Tech,8.38,0,Yes,2,3,43,74,70,58,77.54,Software Developer,Placed,0.7277,5.66
STU01359,22,Male,Telangana,Warangal,Tier 3,Tier 3,ECE,B.Tech,8.57,0,Yes,3,0,85,56,69,55,81.18,Embedded Engineer,Placed,0.7039,2.91
STU01360,23,Male,Telangana,Karimnagar,Tier 2,Tier 1,AI & ML,B.E.,7.39,0,No,0,0,52,75,70,92,80.98,Machine Learning Engineer,Not Placed,0.5208,0.0
STU01361,20,Female,Kerala,Kochi,Tier 2,Tier 1,ECE,B.Tech,7.97,3,No,3,4,78,60,68,60,90.05,Embedded Engineer,Not Placed,0.3644,0.0
STU01362,22,Female,Maharashtra,Mumbai,Tier 3,Tier 2,CSE,B.Tech,9.62,1,Yes,3,3,75,100,79,82,84.66,Software Developer,Placed,0.9178,4.78
STU01363,22,Male,Telangana,Karimnagar,Tier 1,Tier 2,Data Science,B.Tech,7.9,2,No,0,2,64,79,86,95,98.17,Data Scientist,Placed,0.4371,5.64
STU01364,21,Male,Uttar Pradesh,Kanpur,Tier 1,Tier 3,ECE,B.Tech,9.35,0,Yes,1,1,69,92,54,84,81.59,Embedded Engineer,Placed,0.8534,5.75
STU01365,23,Female,Delhi,New Delhi,Tier 2,Tier 3,Data Science,B.Tech,7.3,0,No,3,1,64,82,55,77,84.11,Data Scientist,Not Placed,0.6392,0.0
STU01366,20,Female,Karnataka,Mysuru,Tier 1,Tier 3,AI & ML,B.Tech,9.44,0,No,2,3,57,51,61,52,70.64,Machine Learning Engineer,Not Placed,0.6489,0.0
STU01367,23,Male,Tamil Nadu,Coimbatore,Tier 3,Tier 2,Mechanical,B.Tech,8.74,0,Yes,3,3,66,73,63,73,75.43,Design Engineer,Placed,0.8342,4.49
STU01368,21,Female,Andhra Pradesh,Visakhapatnam,Tier 2,Tier 2,Civil,B.Tech,7.84,3,Yes,2,2,85,52,73,62,72.92,Civil Engineer,Placed,0.3311,3.31
STU01369,24,Male,Maharashtra,Pune,Tier 3,Tier 3,AI & ML,B.Tech,7.06,1,No,2,4,74,71,40,57,76.19,Machine Learning Engineer,Not Placed,0.4547,0.0
STU01370,21,Male,Delhi,New Delhi,Tier 1,Tier 1,EEE,B.Tech,8.64,0,Yes,4,3,79,59,26,75,95.61,Electrical Engineer,Placed,0.8577,6.77
STU01371,21,Male,Karnataka,Mangaluru,Tier 2,Tier 2,EEE,B.Tech,6.8,1,No,1,1,60,66,18,71,80.11,Electrical Engineer,Placed,0.2809,2.5
STU01372,21,Female,Tamil Nadu,Madurai,Tier 3,Tier 2,AI & ML,B.Tech,8.82,0,Yes,1,0,58,81,98,61,79.2,Machine Learning Engineer,Placed,0.7395,4.77
STU01373,23,Male,West Bengal,Durgapur,Tier 1,Tier 3,CSE,B.Tech,8.77,0,No,3,0,65,83,80,74,100.0,Software Developer,Not Placed,0.7554,0.0
STU01374,22,Male,Delhi,Delhi,Tier 3,Tier 2,AI & ML,B.E.,8.39,0,No,3,2,70,90,56,73,98.4,Machine Learning Engineer,Not Placed,0.8043,0.0
STU01375,20,Male,Gujarat,Ahmedabad,Tier 2,Tier 3,AI & ML,B.Tech,7.82,0,Yes,3,1,48,90,69,56,100.0,Machine Learning Engineer,Not Placed,0.7229,0.0
STU01376,21,Female,Uttar Pradesh,Noida,Tier 2,Tier 1,CSE,B.E.,8.91,1,Yes,5,3,77,85,33,93,68.51,Software Developer,Placed,0.9211,5.01
STU01377,24,Female,Kerala,Kochi,Tier 2,Tier 1,CSE,B.Tech,6.67,1,Yes,0,1,66,74,63,62,79.28,Software Developer,Not Placed,0.4134,0.0
STU01378,21,Male,Gujarat,Ahmedabad,Tier 2,Tier 3,ECE,B.Tech,6.87,0,No,1,3,84,68,72,62,89.59,Embedded Engineer,Placed,0.4693,3.94
STU01379,24,Male,Karnataka,Bengaluru,Tier 1,Tier 1,Mechanical,B.Tech,8.46,0,Yes,0,1,83,89,79,73,86.78,Design Engineer,Not Placed,0.7958,0.0
STU01380,22,Female,Delhi,Delhi,Tier 1,Tier 2,CSE,B.E.,7.83,0,Yes,2,2,90,76,57,91,71.95,Software Developer,Placed,0.8366,6.51
STU01381,21,Female,West Bengal,Kolkata,Tier 2,Tier 2,CSE,B.E.,8.26,0,Yes,2,5,91,72,67,79,81.35,Software Developer,Placed,0.8722,4.76
STU01382,23,Female,Delhi,Delhi,Tier 2,Tier 3,CSE,B.Tech,9.09,0,No,4,4,69,65,75,55,70.47,Software Developer,Not Placed,0.7941,0.0
STU01383,24,Male,Andhra Pradesh,Tirupati,Tier 1,Tier 2,Data Science,B.Tech,7.96,0,Yes,2,3,80,91,71,61,84.18,Data Scientist,Not Placed,0.8295,0.0
STU01384,23,Female,Gujarat,Ahmedabad,Tier 2,Tier 3,Data Science,B.Tech,9.14,1,Yes,3,3,74,79,93,74,72.51,Data Scientist,Placed,0.8363,4.6
STU01385,23,Female,West Bengal,Durgapur,Tier 3,Tier 2,Civil,B.Tech,7.52,0,Yes,0,2,80,76,73,39,80.55,Civil Engineer,Not Placed,0.5597,0.0
STU01386,21,Female,Uttar Pradesh,Noida,Tier 1,Tier 1,Data Science,B.E.,7.41,0,Yes,4,1,83,63,56,78,97.64,Data Scientist,Placed,0.7944,3.86
STU01387,24,Female,Andhra Pradesh,Tirupati,Tier 2,Tier 2,ECE,B.Tech,6.09,0,Yes,2,2,41,56,71,77,78.32,Embedded Engineer,Not Placed,0.3974,0.0
STU01388,21,Female,Gujarat,Ahmedabad,Tier 1,Tier 2,CSE,B.Tech,6.61,0,Yes,3,4,55,92,56,58,92.19,Software Developer,Placed,0.7183,4.36
STU01389,24,Female,Uttar Pradesh,Lucknow,Tier 1,Tier 2,Data Science,B.Tech,7.48,0,Yes,2,1,84,72,70,61,92.0,Data Scientist,Placed,0.7051,5.82
STU01390,20,Female,Andhra Pradesh,Tirupati,Tier 3,Tier 2,Mechanical,B.Tech,8.8,1,Yes,1,1,93,61,36,46,87.89,Design Engineer,Not Placed,0.603,0.0
STU01391,21,Female,Tamil Nadu,Madurai,Tier 3,Tier 3,Data Science,B.Tech,7.8,0,No,1,1,71,60,42,73,85.95,Data Scientist,Not Placed,0.519,0.0
STU01392,21,Female,Gujarat,Surat,Tier 1,Tier 3,AI & ML,B.E.,10.0,0,No,1,0,87,90,65,87,78.14,Machine Learning Engineer,Placed,0.8662,3.37
STU01393,20,Male,Kerala,Kozhikode,Tier 3,Tier 1,CSE,B.E.,10.0,1,Yes,2,3,83,70,79,62,67.69,Software Developer,Placed,0.8629,3.14
STU01394,21,Male,West Bengal,Kolkata,Tier 2,Tier 2,AI & ML,B.Tech,8.11,0,Yes,3,2,66,90,71,71,85.18,Machine Learning Engineer,Placed,0.8404,5.65
STU01395,21,Male,West Bengal,Durgapur,Tier 3,Tier 3,Data Science,B.Tech,8.27,1,Yes,1,3,77,45,65,75,84.43,Data Scientist,Not Placed,0.5779,0.0
STU01396,24,Female,Telangana,Karimnagar,Tier 2,Tier 2,EEE,B.Tech,7.54,0,No,2,2,43,82,48,67,95.12,Electrical Engineer,Placed,0.5393,4.98
STU01397,24,Male,Delhi,New Delhi,Tier 2,Tier 3,CSE,B.Tech,7.28,0,Yes,1,2,37,78,51,73,82.85,Software Developer,Placed,0.5768,4.67
STU01398,22,Male,Karnataka,Mysuru,Tier 2,Tier 1,ECE,B.E.,7.95,3,Yes,2,1,72,45,55,62,82.3,Embedded Engineer,Not Placed,0.2862,0.0
STU01399,23,Male,West Bengal,Durgapur,Tier 3,Tier 1,EEE,B.Tech,6.93,2,No,3,3,73,50,44,57,94.44,Electrical Engineer,Not Placed,0.2785,0.0
STU01400,24,Male,Uttar Pradesh,Noida,Tier 1,Tier 3,ISE,B.E.,7.89,0,Yes,5,5,97,84,73,59,81.92,Full Stack Developer,Placed,0.906,5.48
STU01401,23,Male,Maharashtra,Nagpur,Tier 1,Tier 3,EEE,B.Tech,8.85,0,Yes,2,1,75,87,45,71,72.29,Electrical Engineer,Placed,0.8232,5.59
STU01402,21,Male,Maharashtra,Pune,Tier 2,Tier 2,Data Science,B.Tech,7.93,0,No,2,4,40,82,86,41,71.34,Data Scientist,Placed,0.5833,4.26
STU01403,20,Female,Delhi,Delhi,Tier 1,Tier 3,Data Science,B.Tech,7.68,0,No,1,4,64,71,63,52,77.87,Data Scientist,Placed,0.5459,4.27
STU01404,20,Female,Uttar Pradesh,Kanpur,Tier 3,Tier 2,CSE,B.Tech,8.6,2,No,4,1,84,82,78,83,89.4,Software Developer,Placed,0.6967,5.07
STU01405,21,Male,Tamil Nadu,Madurai,Tier 2,Tier 2,AI & ML,B.Tech,6.45,1,Yes,3,0,68,53,69,74,74.27,Machine Learning Engineer,Not Placed,0.4156,0.0
STU01406,20,Female,Gujarat,Ahmedabad,Tier 3,Tier 1,Mechanical,B.Tech,7.9,2,Yes,4,1,75,48,62,76,91.33,Design Engineer,Placed,0.5331,3.76
STU01407,24,Female,Kerala,Kochi,Tier 2,Tier 2,CSE,B.Tech,7.0,0,Yes,3,2,75,36,37,81,92.77,Software Developer,Not Placed,0.6034,0.0
STU01408,22,Female,Kerala,Kochi,Tier 1,Tier 3,ECE,B.Tech,7.87,0,Yes,2,1,74,72,27,48,82.02,Embedded Engineer,Placed,0.6317,2.5
STU01409,24,Female,Karnataka,Bengaluru,Tier 2,Tier 2,CSE,B.Tech,7.16,3,Yes,4,4,65,62,75,67,72.31,Software Developer,Placed,0.4264,3.8
STU01410,23,Male,Karnataka,Mangaluru,Tier 2,Tier 3,EEE,B.Tech,8.92,0,Yes,1,5,66,81,66,66,87.6,Electrical Engineer,Not Placed,0.8199,0.0
STU01411,24,Female,West Bengal,Kolkata,Tier 2,Tier 2,CSE,B.Tech,8.92,0,No,1,1,78,73,71,74,89.3,Software Developer,Not Placed,0.7299,0.0
STU01412,21,Male,West Bengal,Durgapur,Tier 3,Tier 3,ECE,B.Tech,8.48,1,Yes,4,1,95,61,68,52,80.7,Embedded Engineer,Not Placed,0.6955,0.0
STU01413,24,Male,Delhi,Delhi,Tier 2,Tier 1,Data Science,B.E.,7.67,1,Yes,1,1,65,70,95,52,79.1,Data Scientist,Not Placed,0.519,0.0
STU01414,22,Male,Kerala,Kozhikode,Tier 2,Tier 3,EEE,B.E.,6.82,1,Yes,2,2,86,87,74,76,100.0,Electrical Engineer,Not Placed,0.6154,0.0
STU01415,24,Female,Andhra Pradesh,Vijayawada,Tier 3,Tier 1,CSE,B.Tech,8.17,0,No,3,1,68,81,96,60,88.97,Software Developer,Placed,0.7292,4.75
STU01416,21,Male,Telangana,Warangal,Tier 1,Tier 1,AI & ML,B.E.,7.23,0,No,1,2,66,80,75,45,81.19,Machine Learning Engineer,Not Placed,0.5214,0.0
STU01417,21,Male,West Bengal,Kolkata,Tier 1,Tier 2,ISE,B.Tech,9.96,0,No,1,2,83,100,73,79,85.75,Full Stack Developer,Placed,0.8972,3.41
STU01418,22,Female,Telangana,Karimnagar,Tier 3,Tier 2,Data Science,B.Tech,8.67,0,Yes,1,0,59,91,58,49,77.97,Data Scientist,Placed,0.7358,6.06
STU01419,23,Female,Karnataka,Bengaluru,Tier 3,Tier 3,Data Science,B.Tech,9.01,0,Yes,2,2,55,67,73,43,65.84,Data Scientist,Placed,0.716,6.17
STU01420,24,Female,Karnataka,Bengaluru,Tier 3,Tier 2,CSE,B.E.,8.65,0,Yes,0,1,65,77,82,48,73.44,Software Developer,Placed,0.6776,4.09
STU01421,23,Female,Tamil Nadu,Madurai,Tier 2,Tier 2,CSE,B.Tech,7.29,0,Yes,2,1,80,79,78,47,86.97,Software Developer,Not Placed,0.6674,0.0
STU01422,24,Male,Tamil Nadu,Coimbatore,Tier 1,Tier 2,CSE,B.Tech,6.6,0,Yes,2,0,80,61,60,80,72.52,Software Developer,Placed,0.5886,5.57
STU01423,20,Female,Maharashtra,Pune,Tier 1,Tier 3,CSE,B.Tech,8.73,0,Yes,2,2,67,100,67,54,82.33,Software Developer,Placed,0.8419,4.23
STU01424,20,Male,Karnataka,Mysuru,Tier 2,Tier 2,ECE,B.Tech,7.15,2,No,4,3,56,41,51,68,82.74,Embedded Engineer,Placed,0.2641,2.5
STU01425,20,Female,Karnataka,Mangaluru,Tier 1,Tier 3,CSE,B.Tech,6.67,2,No,1,0,57,68,86,84,81.28,Software Developer,Not Placed,0.2103,0.0
STU01426,23,Female,Uttar Pradesh,Noida,Tier 1,Tier 3,Data Science,B.Tech,8.76,0,No,1,1,56,88,72,52,88.66,Data Scientist,Placed,0.6419,5.71
STU01427,20,Male,Telangana,Karimnagar,Tier 2,Tier 2,ISE,B.Tech,7.42,0,Yes,2,4,62,63,54,55,75.73,Full Stack Developer,Not Placed,0.6565,0.0
STU01428,22,Female,West Bengal,Kolkata,Tier 2,Tier 2,EEE,B.Tech,7.8,0,Yes,4,2,80,77,54,68,93.75,Electrical Engineer,Placed,0.8101,4.89
STU01429,22,Male,Uttar Pradesh,Lucknow,Tier 1,Tier 3,AI & ML,B.Tech,7.28,0,No,0,3,57,74,66,61,69.48,Machine Learning Engineer,Placed,0.4513,5.63
STU01430,23,Male,Telangana,Warangal,Tier 2,Tier 2,EEE,B.Tech,8.45,0,Yes,5,3,78,62,60,82,79.21,Electrical Engineer,Not Placed,0.8699,0.0
STU01431,20,Male,Tamil Nadu,Coimbatore,Tier 2,Tier 2,CSE,B.Tech,8.31,1,Yes,2,0,67,68,47,58,83.53,Software Developer,Placed,0.5951,5.45
STU01432,24,Female,Maharashtra,Pune,Tier 2,Tier 2,ISE,B.Tech,9.74,0,No,2,2,100,76,87,44,84.67,Full Stack Developer,Placed,0.832,4.86
STU01433,22,Male,Delhi,Delhi,Tier 1,Tier 3,AI & ML,B.Tech,6.16,1,Yes,4,1,58,39,44,77,63.07,Machine Learning Engineer,Placed,0.353,4.95
STU01434,24,Other,Tamil Nadu,Coimbatore,Tier 2,Tier 3,ECE,B.Tech,7.48,1,Yes,0,3,62,47,46,84,100.0,Embedded Engineer,Not Placed,0.3997,0.0
STU01435,23,Male,Delhi,Delhi,Tier 2,Tier 3,EEE,B.Tech,9.93,0,Yes,3,1,76,88,82,65,89.93,Electrical Engineer,Placed,0.897,6.17
STU01436,24,Other,Tamil Nadu,Madurai,Tier 3,Tier 2,CSE,B.E.,5.9,0,Yes,1,1,52,79,65,61,73.08,Software Developer,Not Placed,0.4313,0.0
STU01437,24,Male,Telangana,Karimnagar,Tier 3,Tier 3,ECE,B.E.,8.58,0,Yes,1,2,88,55,91,57,76.9,Embedded Engineer,Not Placed,0.6799,0.0
STU01438,24,Male,Andhra Pradesh,Tirupati,Tier 2,Tier 3,EEE,B.Tech,6.95,0,Yes,2,0,57,52,62,75,69.91,Electrical Engineer,Not Placed,0.4466,0.0
STU01439,20,Male,Delhi,Delhi,Tier 3,Tier 2,ECE,B.Tech,8.24,0,Yes,1,1,58,72,29,59,77.72,Embedded Engineer,Not Placed,0.634,0.0
STU01440,24,Male,Uttar Pradesh,Lucknow,Tier 1,Tier 3,ECE,B.Tech,7.73,0,No,2,1,68,70,66,70,81.98,Embedded Engineer,Not Placed,0.5461,0.0
STU01441,23,Female,Tamil Nadu,Madurai,Tier 3,Tier 3,Mechanical,B.Tech,6.9,0,Yes,1,5,60,46,70,49,87.16,Design Engineer,Not Placed,0.4259,0.0
STU01442,22,Male,Kerala,Kochi,Tier 2,Tier 2,ECE,B.E.,7.7,0,Yes,3,2,82,57,79,63,82.02,Embedded Engineer,Placed,0.6966,3.32
STU01443,20,Male,Karnataka,Mangaluru,Tier 1,Tier 2,Mechanical,B.E.,8.72,0,Yes,3,2,61,65,62,71,88.73,Design Engineer,Placed,0.7818,2.67
STU01444,24,Male,Delhi,New Delhi,Tier 2,Tier 1,CSE,B.Tech,7.13,0,Yes,3,4,71,59,80,46,84.72,Software Developer,Placed,0.678,5.17
STU01445,22,Male,Tamil Nadu,Madurai,Tier 3,Tier 1,CSE,B.Tech,7.76,0,Yes,2,3,81,98,64,94,90.42,Software Developer,Placed,0.8953,5.47
STU01446,20,Male,Andhra Pradesh,Visakhapatnam,Tier 2,Tier 3,Mechanical,B.E.,6.9,0,Yes,4,0,58,44,60,60,86.61,Design Engineer,Not Placed,0.4535,0.0
STU01447,23,Male,West Bengal,Kolkata,Tier 3,Tier 1,Data Science,B.Tech,7.96,0,Yes,2,5,70,54,49,87,76.13,Data Scientist,Placed,0.8065,4.84
STU01448,24,Male,Karnataka,Bengaluru,Tier 1,Tier 3,Civil,B.Tech,7.94,0,No,3,0,88,87,91,99,88.29,Civil Engineer,Placed,0.778,5.34
STU01449,22,Male,Kerala,Kochi,Tier 3,Tier 1,CSE,B.Tech,7.38,0,Yes,4,4,68,68,72,53,91.41,Software Developer,Placed,0.7768,6.66
STU01450,21,Female,Andhra Pradesh,Visakhapatnam,Tier 1,Tier 1,Mechanical,B.Tech,7.68,0,No,1,3,64,72,51,54,99.9,Design Engineer,Not Placed,0.5447,0.0
STU01451,21,Female,Telangana,Hyderabad,Tier 2,Tier 2,AI & ML,B.E.,7.85,0,Yes,3,2,64,71,74,78,82.84,Machine Learning Engineer,Not Placed,0.7797,0.0
STU01452,21,Male,Tamil Nadu,Madurai,Tier 2,Tier 1,Data Science,B.Tech,7.92,1,Yes,1,0,73,100,80,69,79.44,Data Scientist,Placed,0.7171,5.75
STU01453,23,Female,Tamil Nadu,Chennai,Tier 2,Tier 3,CSE,B.Tech,8.72,0,Yes,3,0,74,87,68,54,87.2,Software Developer,Placed,0.8173,5.0
STU01454,24,Male,Uttar Pradesh,Noida,Tier 1,Tier 3,Civil,B.Tech,7.32,0,No,3,3,78,64,63,80,69.27,Civil Engineer,Placed,0.6252,4.65
STU01455,24,Male,Andhra Pradesh,Tirupati,Tier 2,Tier 3,CSE,B.Tech,5.86,1,No,3,1,66,76,69,60,83.31,Software Developer,Placed,0.3071,3.09
STU01456,20,Male,Maharashtra,Nagpur,Tier 3,Tier 2,Data Science,B.E.,7.47,0,No,2,3,66,75,46,86,77.32,Data Scientist,Not Placed,0.6808,0.0
STU01457,20,Female,Telangana,Karimnagar,Tier 1,Tier 3,CSE,B.E.,7.45,0,Yes,4,2,67,64,69,60,83.17,Software Developer,Placed,0.7067,6.06
STU01458,24,Male,Telangana,Hyderabad,Tier 3,Tier 3,AI & ML,B.E.,8.78,1,Yes,1,4,61,66,58,66,78.6,Machine Learning Engineer,Not Placed,0.673,0.0
STU01459,20,Female,Gujarat,Surat,Tier 3,Tier 3,ECE,B.Tech,7.67,0,Yes,1,1,84,59,49,75,82.59,Embedded Engineer,Not Placed,0.6178,0.0
STU01460,20,Male,Telangana,Hyderabad,Tier 2,Tier 2,Mechanical,B.Tech,7.94,1,Yes,1,1,58,64,61,63,79.55,Design Engineer,Placed,0.4671,5.78
STU01461,21,Male,Telangana,Hyderabad,Tier 3,Tier 3,CSE,B.E.,8.3,0,No,3,1,66,91,80,69,80.84,Software Developer,Placed,0.753,3.8
STU01462,20,Female,Karnataka,Bengaluru,Tier 2,Tier 2,Mechanical,B.Tech,6.77,0,Yes,4,2,69,61,82,61,65.29,Design Engineer,Placed,0.6188,5.14
STU01463,20,Male,Andhra Pradesh,Visakhapatnam,Tier 3,Tier 3,CSE,B.E.,7.88,0,Yes,1,1,86,90,92,87,75.65,Software Developer,Not Placed,0.8103,0.0
STU01464,24,Male,Tamil Nadu,Chennai,Tier 2,Tier 2,CSE,B.Tech,7.32,0,Yes,1,2,26,80,76,69,84.26,Software Developer,Placed,0.5659,3.59
STU01465,21,Male,West Bengal,Kolkata,Tier 1,Tier 2,Mechanical,B.Tech,8.69,1,Yes,2,4,61,90,87,91,78.07,Design Engineer,Placed,0.821,2.63
STU01466,22,Female,Karnataka,Mysuru,Tier 3,Tier 1,CSE,B.Tech,6.49,0,No,1,3,69,83,50,81,79.83,Software Developer,Placed,0.5921,4.08
STU01467,23,Female,Karnataka,Mangaluru,Tier 2,Tier 2,ISE,B.E.,7.77,0,Yes,2,2,56,79,78,70,71.68,Full Stack Developer,Not Placed,0.7314,0.0
STU01468,21,Male,Kerala,Kozhikode,Tier 3,Tier 2,Civil,B.Tech,6.51,0,Yes,4,3,91,33,56,57,90.43,Civil Engineer,Placed,0.5449,3.3
STU01469,24,Male,Tamil Nadu,Coimbatore,Tier 3,Tier 2,EEE,B.E.,8.42,0,No,4,1,65,78,67,39,97.32,Electrical Engineer,Placed,0.6612,5.14
STU01470,21,Male,West Bengal,Kolkata,Tier 1,Tier 2,CSE,B.Tech,6.62,0,No,3,4,57,74,66,63,77.81,Software Developer,Not Placed,0.5623,0.0
STU01471,20,Male,Delhi,New Delhi,Tier 2,Tier 3,CSE,B.Tech,7.93,0,Yes,2,2,61,92,35,40,81.75,Software Developer,Placed,0.7162,6.72
STU01472,21,Female,Kerala,Thiruvananthapuram,Tier 2,Tier 1,CSE,B.Tech,8.8,0,Yes,4,4,70,52,76,65,84.16,Software Developer,Placed,0.8538,2.57
STU01473,23,Male,Tamil Nadu,Madurai,Tier 2,Tier 2,CSE,B.E.,7.0,0,Yes,1,4,52,85,63,58,91.96,Software Developer,Placed,0.6429,4.19
STU01474,22,Male,Tamil Nadu,Madurai,Tier 2,Tier 1,ECE,B.Tech,6.44,0,Yes,3,2,82,84,93,74,78.62,Embedded Engineer,Placed,0.7311,4.97
STU01475,22,Other,Karnataka,Mangaluru,Tier 2,Tier 1,AI & ML,B.Tech,8.07,0,Yes,1,3,95,63,65,81,100.0,Machine Learning Engineer,Placed,0.8155,3.46
STU01476,24,Male,West Bengal,Kolkata,Tier 3,Tier 3,Data Science,B.Tech,8.87,1,Yes,5,1,78,67,50,85,75.24,Data Scientist,Not Placed,0.8364,0.0
STU01477,24,Female,Uttar Pradesh,Kanpur,Tier 1,Tier 1,ECE,B.Tech,7.68,2,No,0,4,100,59,75,84,83.15,Embedded Engineer,Not Placed,0.4394,0.0
STU01478,21,Male,Uttar Pradesh,Kanpur,Tier 1,Tier 2,AI & ML,B.Tech,7.36,0,Yes,2,3,52,86,68,82,74.46,Machine Learning Engineer,Placed,0.7572,4.91
STU01479,21,Male,Delhi,New Delhi,Tier 3,Tier 2,ECE,B.Tech,8.23,0,No,0,2,78,75,98,42,62.21,Embedded Engineer,Placed,0.5256,4.79
STU01480,21,Male,Karnataka,Mysuru,Tier 2,Tier 3,ECE,B.Tech,9.34,0,No,2,1,75,96,65,73,79.4,Embedded Engineer,Placed,0.8173,6.34
STU01481,21,Male,Maharashtra,Pune,Tier 3,Tier 3,Data Science,B.Tech,9.01,1,No,2,2,90,70,54,52,81.01,Data Scientist,Placed,0.6476,3.98
STU01482,24,Male,West Bengal,Kolkata,Tier 2,Tier 1,Data Science,B.E.,6.44,0,Yes,1,2,54,79,48,65,81.16,Data Scientist,Not Placed,0.5637,0.0
STU01483,23,Male,Uttar Pradesh,Noida,Tier 3,Tier 3,CSE,B.E.,7.11,0,Yes,4,1,66,54,68,55,81.2,Software Developer,Placed,0.5922,5.7
STU01484,23,Male,Telangana,Warangal,Tier 2,Tier 3,CSE,B.Tech,8.68,1,Yes,1,2,69,65,70,79,86.5,Software Developer,Not Placed,0.6706,0.0
STU01485,21,Male,Uttar Pradesh,Noida,Tier 1,Tier 3,Data Science,B.Tech,7.39,0,Yes,2,1,51,78,78,63,75.15,Data Scientist,Not Placed,0.6192,0.0
STU01486,21,Female,Maharashtra,Nagpur,Tier 1,Tier 3,CSE,B.Tech,6.26,0,Yes,3,3,58,44,77,69,81.7,Software Developer,Placed,0.4756,4.03
STU01487,24,Female,Delhi,New Delhi,Tier 2,Tier 1,ISE,B.Tech,7.43,0,Yes,1,2,72,67,72,55,70.67,Full Stack Developer,Placed,0.6414,5.39
STU01488,23,Male,Telangana,Karimnagar,Tier 1,Tier 2,CSE,B.Tech,8.11,0,Yes,0,0,64,100,100,63,78.97,Software Developer,Placed,0.7279,2.79
STU01489,20,Male,West Bengal,Durgapur,Tier 3,Tier 2,EEE,B.Tech,7.54,0,Yes,0,1,83,59,72,66,73.64,Electrical Engineer,Placed,0.5507,4.44
STU01490,22,Male,Kerala,Thiruvananthapuram,Tier 1,Tier 3,CSE,B.Tech,8.71,0,No,5,0,75,96,93,67,76.22,Software Developer,Not Placed,0.8499,0.0
STU01491,22,Female,Uttar Pradesh,Noida,Tier 1,Tier 2,AI & ML,B.Tech,7.51,0,Yes,2,3,61,95,95,63,85.94,Machine Learning Engineer,Not Placed,0.7772,0.0
STU01492,22,Male,Uttar Pradesh,Kanpur,Tier 3,Tier 3,Data Science,B.Tech,7.14,0,Yes,3,4,65,56,63,73,83.35,Data Scientist,Placed,0.6782,2.8
STU01493,23,Other,Telangana,Hyderabad,Tier 2,Tier 3,Mechanical,B.Tech,6.83,0,Yes,0,2,70,55,73,54,86.92,Design Engineer,Not Placed,0.3849,0.0
STU01494,20,Male,Kerala,Kochi,Tier 3,Tier 2,AI & ML,B.E.,9.47,0,No,3,2,61,94,40,54,59.91,Machine Learning Engineer,Placed,0.8365,6.6
STU01495,20,Male,Tamil Nadu,Madurai,Tier 2,Tier 2,Civil,B.Tech,7.77,1,Yes,2,0,64,58,76,59,79.05,Civil Engineer,Placed,0.4465,5.98
STU01496,21,Male,Delhi,Delhi,Tier 3,Tier 3,CSE,B.Tech,9.45,0,No,0,1,97,76,61,71,76.98,Software Developer,Placed,0.7716,4.92
STU01497,21,Female,Maharashtra,Mumbai,Tier 3,Tier 2,ISE,B.Tech,8.09,0,No,1,2,39,67,46,70,76.06,Full Stack Developer,Placed,0.5232,4.68
STU01498,22,Male,Maharashtra,Pune,Tier 3,Tier 2,ECE,B.E.,8.41,0,No,0,2,85,79,69,69,85.67,Embedded Engineer,Not Placed,0.6598,0.0
STU01499,22,Male,Andhra Pradesh,Visakhapatnam,Tier 2,Tier 2,EEE,B.Tech,7.38,0,No,2,3,83,74,61,67,100.0,Electrical Engineer,Placed,0.6283,5.58
STU01500,21,Male,Gujarat,Surat,Tier 1,Tier 2,AI & ML,B.Tech,8.15,0,No,1,1,61,67,88,62,83.89,Machine Learning Engineer,Placed,0.5477,3.6
STU01501,24,Female,Uttar Pradesh,Noida,Tier 2,Tier 2,CSE,B.E.,7.29,0,Yes,4,3,66,64,71,56,82.25,Software Developer,Placed,0.7159,4.3
STU01502,21,Male,West Bengal,Durgapur,Tier 2,Tier 3,CSE,B.Tech,7.41,0,Yes,2,0,78,90,54,63,90.88,Software Developer,Placed,0.7181,4.54
STU01503,21,Male,Tamil Nadu,Madurai,Tier 3,Tier 2,Civil,B.E.,6.98,0,No,3,2,59,52,82,65,100.0,Civil Engineer,Placed,0.4294,4.48
STU01504,20,Male,Uttar Pradesh,Noida,Tier 2,Tier 2,CSE,B.Tech,8.34,0,Yes,0,2,90,98,100,77,86.3,Software Developer,Not Placed,0.8498,0.0
STU01505,23,Female,Tamil Nadu,Madurai,Tier 2,Tier 3,Mechanical,B.E.,7.7,1,Yes,2,4,80,82,65,56,77.73,Design Engineer,Not Placed,0.6603,0.0
STU01506,22,Male,Telangana,Karimnagar,Tier 1,Tier 2,AI & ML,B.Tech,6.92,0,Yes,1,1,42,96,69,66,84.51,Machine Learning Engineer,Not Placed,0.6055,0.0
STU01507,23,Female,Delhi,New Delhi,Tier 2,Tier 2,EEE,B.Tech,7.43,0,No,2,4,80,60,76,80,89.7,Electrical Engineer,Not Placed,0.6259,0.0
STU01508,20,Female,West Bengal,Durgapur,Tier 1,Tier 1,EEE,B.Tech,7.33,0,No,3,0,60,34,28,59,77.42,Electrical Engineer,Not Placed,0.3559,0.0
STU01509,22,Female,Maharashtra,Mumbai,Tier 2,Tier 2,ECE,B.E.,7.52,0,Yes,4,0,47,48,70,65,80.85,Embedded Engineer,Placed,0.543,4.74
STU01510,21,Male,Uttar Pradesh,Kanpur,Tier 3,Tier 2,CSE,B.Tech,8.03,0,Yes,2,1,60,86,48,74,73.56,Software Developer,Placed,0.7756,6.66
STU01511,21,Female,West Bengal,Durgapur,Tier 3,Tier 1,CSE,B.Tech,6.78,1,No,2,1,56,46,51,44,90.21,Software Developer,Not Placed,0.2261,0.0
STU01512,24,Male,Uttar Pradesh,Noida,Tier 2,Tier 3,CSE,B.Tech,7.93,0,Yes,1,5,76,58,59,58,89.73,Software Developer,Not Placed,0.6962,0.0
STU01513,23,Male,Delhi,Delhi,Tier 2,Tier 2,Data Science,B.E.,8.22,1,Yes,3,0,66,81,48,43,78.58,Data Scientist,Not Placed,0.6375,0.0
STU01514,21,Female,Telangana,Hyderabad,Tier 1,Tier 2,Data Science,B.Tech,9.56,0,No,2,1,79,89,99,67,73.42,Data Scientist,Placed,0.8421,4.66
STU01515,23,Male,Maharashtra,Mumbai,Tier 2,Tier 1,EEE,B.Tech,9.6,0,No,1,1,98,100,65,62,73.57,Electrical Engineer,Placed,0.8642,7.7
STU01516,21,Male,Gujarat,Ahmedabad,Tier 1,Tier 2,AI & ML,B.Tech,6.6,0,No,1,2,54,46,78,67,87.89,Machine Learning Engineer,Not Placed,0.3081,0.0
STU01517,24,Male,Karnataka,Mangaluru,Tier 2,Tier 3,CSE,B.Tech,8.53,2,Yes,4,3,61,86,55,74,89.27,Software Developer,Placed,0.7416,5.95
STU01518,20,Male,Delhi,New Delhi,Tier 2,Tier 1,CSE,B.Tech,9.08,0,Yes,2,2,67,100,79,64,86.73,Software Developer,Placed,0.8956,3.02
STU01519,24,Male,Tamil Nadu,Coimbatore,Tier 2,Tier 1,ECE,B.Tech,7.29,0,Yes,1,2,78,37,76,49,81.95,Embedded Engineer,Placed,0.4579,3.26
STU01520,23,Male,Gujarat,Surat,Tier 1,Tier 2,ECE,B.Tech,6.49,2,No,0,4,63,50,50,69,74.23,Embedded Engineer,Placed,0.1565,2.5
STU01521,24,Male,West Bengal,Kolkata,Tier 1,Tier 1,Civil,B.Tech,7.11,0,No,3,3,64,58,61,68,100.0,Civil Engineer,Not Placed,0.5494,0.0
STU01522,22,Female,Andhra Pradesh,Tirupati,Tier 1,Tier 2,CSE,B.Tech,7.58,0,No,4,3,71,72,81,54,86.89,Software Developer,Placed,0.6869,5.72
STU01523,24,Female,Karnataka,Mangaluru,Tier 3,Tier 3,CSE,B.Tech,6.07,2,Yes,2,2,47,67,64,85,79.0,Software Developer,Placed,0.2912,5.0
STU01524,23,Female,Tamil Nadu,Chennai,Tier 3,Tier 3,Data Science,B.E.,7.91,0,No,2,2,51,59,35,58,75.71,Data Scientist,Placed,0.4918,4.32
STU01525,20,Male,Delhi,New Delhi,Tier 2,Tier 2,Data Science,B.Tech,9.56,0,No,1,2,79,99,84,75,90.6,Data Scientist,Not Placed,0.8668,0.0
STU01526,21,Male,Delhi,New Delhi,Tier 1,Tier 3,Civil,B.Tech,9.7,0,Yes,1,0,82,90,74,86,90.98,Civil Engineer,Placed,0.8764,4.09
STU01527,22,Male,Karnataka,Mysuru,Tier 2,Tier 1,AI & ML,B.Tech,9.03,0,Yes,0,2,78,93,76,62,90.49,Machine Learning Engineer,Placed,0.8517,3.91
STU01528,24,Female,Maharashtra,Nagpur,Tier 1,Tier 1,AI & ML,B.Tech,6.12,0,Yes,3,3,64,74,78,66,73.39,Machine Learning Engineer,Placed,0.6494,2.77
STU01529,24,Male,West Bengal,Kolkata,Tier 2,Tier 2,Data Science,B.E.,7.53,0,No,1,2,87,66,53,57,71.16,Data Scientist,Placed,0.5605,3.39
STU01530,20,Male,Maharashtra,Mumbai,Tier 2,Tier 1,ISE,B.Tech,7.83,0,Yes,1,0,66,72,71,45,69.52,Full Stack Developer,Placed,0.6139,5.74
STU01531,21,Female,Gujarat,Surat,Tier 2,Tier 2,ISE,B.Tech,7.82,0,Yes,1,1,68,83,100,55,89.93,Full Stack Developer,Placed,0.6859,7.48
STU01532,24,Male,Karnataka,Mangaluru,Tier 1,Tier 1,Data Science,B.Tech,9.99,0,No,3,2,88,80,90,92,70.96,Data Scientist,Placed,0.9254,6.44
STU01533,21,Male,Andhra Pradesh,Visakhapatnam,Tier 3,Tier 3,CSE,B.Tech,6.85,0,Yes,1,4,76,55,42,75,78.4,Software Developer,Not Placed,0.5969,0.0
STU01534,24,Male,West Bengal,Kolkata,Tier 2,Tier 2,AI & ML,B.Tech,8.72,0,No,2,2,86,76,69,87,84.5,Machine Learning Engineer,Placed,0.8161,5.09
STU01535,23,Female,Andhra Pradesh,Vijayawada,Tier 1,Tier 3,CSE,B.Tech,7.31,3,Yes,2,3,72,64,61,52,82.01,Software Developer,Placed,0.304,4.08
STU01536,20,Male,Andhra Pradesh,Tirupati,Tier 1,Tier 3,Mechanical,B.E.,9.74,1,No,1,1,100,64,92,75,82.75,Design Engineer,Placed,0.6892,4.78
STU01537,21,Female,Tamil Nadu,Coimbatore,Tier 2,Tier 3,AI & ML,B.E.,6.79,0,No,5,3,53,78,73,57,86.34,Machine Learning Engineer,Placed,0.6133,4.53
STU01538,23,Female,Uttar Pradesh,Lucknow,Tier 2,Tier 2,Mechanical,B.Tech,6.0,0,Yes,1,1,60,50,57,79,75.62,Design Engineer,Not Placed,0.3563,0.0
STU01539,22,Male,Andhra Pradesh,Tirupati,Tier 2,Tier 1,CSE,B.Tech,7.71,0,Yes,0,1,79,93,81,92,89.0,Software Developer,Placed,0.8065,5.04
STU01540,24,Male,Telangana,Hyderabad,Tier 2,Tier 3,CSE,B.Tech,7.8,1,No,3,1,56,85,70,53,82.72,Software Developer,Placed,0.5043,2.96
STU01541,24,Male,West Bengal,Durgapur,Tier 3,Tier 1,ISE,B.Tech,8.23,0,Yes,4,5,58,59,78,69,85.44,Full Stack Developer,Placed,0.8377,5.27
STU01542,22,Male,Uttar Pradesh,Lucknow,Tier 3,Tier 2,CSE,B.E.,7.42,0,Yes,2,2,71,76,78,96,80.03,Software Developer,Not Placed,0.7827,0.0
STU01543,24,Male,Andhra Pradesh,Tirupati,Tier 2,Tier 1,Civil,B.Tech,9.27,0,Yes,3,2,83,68,89,61,90.03,Civil Engineer,Placed,0.8636,4.62
STU01544,22,Female,Telangana,Warangal,Tier 3,Tier 1,ECE,B.Tech,7.0,0,No,2,3,63,76,50,81,76.06,Embedded Engineer,Placed,0.6071,4.34
STU01545,23,Female,Telangana,Karimnagar,Tier 3,Tier 2,Civil,B.E.,8.26,0,Yes,1,0,66,66,65,65,95.98,Civil Engineer,Placed,0.6267,3.99
STU01546,24,Male,Tamil Nadu,Coimbatore,Tier 2,Tier 3,CSE,B.Tech,8.28,2,No,1,1,72,67,48,65,76.7,Software Developer,Not Placed,0.3628,0.0
STU01547,24,Female,Kerala,Thiruvananthapuram,Tier 1,Tier 3,CSE,B.Tech,8.29,0,Yes,1,2,52,77,64,73,74.17,Software Developer,Placed,0.7159,5.21
STU01548,24,Female,Tamil Nadu,Madurai,Tier 2,Tier 2,ECE,B.E.,7.23,0,Yes,2,3,46,65,70,61,77.33,Embedded Engineer,Placed,0.5568,5.42
STU01549,20,Female,Gujarat,Surat,Tier 3,Tier 3,ECE,B.E.,8.21,0,No,2,0,92,79,67,76,72.28,Embedded Engineer,Placed,0.6944,2.53
STU01550,24,Male,Tamil Nadu,Coimbatore,Tier 1,Tier 2,AI & ML,B.Tech,9.32,0,Yes,0,4,89,88,75,61,85.87,Machine Learning Engineer,Placed,0.8796,5.06
STU01551,20,Female,Andhra Pradesh,Visakhapatnam,Tier 2,Tier 2,CSE,B.Tech,8.08,0,Yes,2,3,62,73,85,88,81.14,Software Developer,Placed,0.8053,4.52
STU01552,21,Female,Kerala,Kozhikode,Tier 2,Tier 2,Data Science,B.Tech,7.7,0,Yes,0,1,78,50,44,70,78.1,Data Scientist,Placed,0.5627,3.49
STU01553,21,Female,Kerala,Kochi,Tier 1,Tier 2,AI & ML,B.E.,8.66,0,Yes,2,3,68,87,85,86,68.27,Machine Learning Engineer,Not Placed,0.8788,0.0
STU01554,20,Male,Maharashtra,Nagpur,Tier 3,Tier 1,AI & ML,B.Tech,7.71,0,No,2,3,54,99,75,70,65.41,Machine Learning Engineer,Placed,0.7468,5.0
STU01555,23,Male,Uttar Pradesh,Lucknow,Tier 1,Tier 2,Mechanical,B.Tech,9.69,0,Yes,3,1,80,100,83,51,76.3,Design Engineer,Placed,0.9029,5.93
STU01556,20,Male,West Bengal,Durgapur,Tier 2,Tier 2,AI & ML,B.E.,7.63,0,Yes,2,4,65,68,70,45,65.32,Machine Learning Engineer,Not Placed,0.6784,0.0
STU01557,21,Male,Tamil Nadu,Coimbatore,Tier 2,Tier 1,ISE,B.Tech,7.25,1,No,4,1,56,84,57,47,75.18,Full Stack Developer,Not Placed,0.5149,0.0
STU01558,20,Female,West Bengal,Kolkata,Tier 2,Tier 2,CSE,B.E.,7.78,0,Yes,2,3,68,55,86,64,77.32,Software Developer,Placed,0.6784,5.27
STU01559,21,Female,Maharashtra,Nagpur,Tier 2,Tier 1,ISE,B.Tech,7.33,0,Yes,1,2,76,24,41,66,70.25,Full Stack Developer,Not Placed,0.4858,0.0
STU01560,22,Female,Andhra Pradesh,Visakhapatnam,Tier 2,Tier 3,AI & ML,B.Tech,6.35,0,No,5,1,56,69,83,53,77.2,Machine Learning Engineer,Not Placed,0.4724,0.0
STU01561,24,Male,Delhi,New Delhi,Tier 1,Tier 2,Data Science,B.Tech,8.23,1,Yes,4,0,55,79,70,57,84.43,Data Scientist,Placed,0.6787,5.69
STU01562,20,Female,Kerala,Thiruvananthapuram,Tier 2,Tier 2,CSE,B.Tech,7.64,0,No,1,0,85,100,43,57,94.13,Software Developer,Placed,0.6639,4.1
STU01563,20,Female,Delhi,New Delhi,Tier 1,Tier 1,AI & ML,B.Tech,8.96,0,Yes,1,1,49,81,69,67,92.27,Machine Learning Engineer,Placed,0.7844,6.42
STU01564,22,Female,West Bengal,Kolkata,Tier 2,Tier 1,CSE,B.E.,8.08,0,Yes,2,3,65,84,74,56,66.64,Software Developer,Placed,0.8007,4.59
STU01565,22,Male,Tamil Nadu,Coimbatore,Tier 2,Tier 1,Civil,B.Tech,6.93,1,No,1,0,71,44,35,60,86.68,Civil Engineer,Not Placed,0.2216,0.0
STU01566,22,Male,Karnataka,Bengaluru,Tier 1,Tier 1,ECE,B.Tech,7.52,1,Yes,1,2,79,77,69,62,70.1,Embedded Engineer,Placed,0.5923,4.07
STU01567,22,Male,Maharashtra,Pune,Tier 2,Tier 2,Civil,B.Tech,7.32,1,Yes,0,4,85,66,88,56,76.99,Civil Engineer,Not Placed,0.4963,0.0
STU01568,24,Female,West Bengal,Kolkata,Tier 1,Tier 3,Mechanical,B.E.,8.54,0,No,1,2,73,57,53,76,73.75,Design Engineer,Placed,0.5904,2.52
STU01569,22,Female,Telangana,Warangal,Tier 2,Tier 3,Mechanical,B.Tech,7.2,2,No,2,2,52,73,44,52,71.34,Design Engineer,Not Placed,0.2299,0.0
STU01570,20,Male,Telangana,Hyderabad,Tier 3,Tier 2,AI & ML,B.E.,7.51,0,Yes,2,1,82,54,56,65,74.99,Machine Learning Engineer,Not Placed,0.642,0.0
STU01571,23,Male,Gujarat,Ahmedabad,Tier 1,Tier 3,CSE,B.Tech,7.0,0,No,4,2,82,72,78,46,77.49,Software Developer,Not Placed,0.594,0.0
STU01572,24,Male,Andhra Pradesh,Tirupati,Tier 2,Tier 2,Data Science,B.Tech,8.11,0,Yes,3,3,64,79,77,65,61.35,Data Scientist,Placed,0.8127,5.68
STU01573,21,Male,Gujarat,Vadodara,Tier 2,Tier 3,ISE,B.E.,6.99,0,Yes,3,4,64,45,68,69,93.67,Full Stack Developer,Placed,0.6042,5.48
STU01574,21,Female,Telangana,Karimnagar,Tier 1,Tier 2,ISE,B.Tech,8.38,1,No,1,3,67,85,75,77,67.28,Full Stack Developer,Placed,0.6501,5.21
STU01575,21,Female,Tamil Nadu,Madurai,Tier 3,Tier 1,CSE,B.Tech,7.8,1,No,1,1,86,86,59,87,79.83,Software Developer,Placed,0.6553,3.69
STU01576,21,Female,Kerala,Kozhikode,Tier 2,Tier 2,ECE,B.Tech,9.37,0,No,2,1,100,64,73,48,70.78,Embedded Engineer,Placed,0.7335,3.27
STU01577,23,Male,Kerala,Kozhikode,Tier 3,Tier 1,Civil,B.Tech,6.73,0,Yes,2,3,80,69,47,58,73.48,Civil Engineer,Not Placed,0.6378,0.0
STU01578,20,Male,Delhi,Delhi,Tier 3,Tier 1,ISE,B.E.,6.17,2,No,1,0,67,73,65,77,78.31,Full Stack Developer,Not Placed,0.2273,0.0
STU01579,22,Female,Telangana,Warangal,Tier 1,Tier 1,ISE,B.Tech,7.25,0,Yes,0,6,77,74,65,94,82.89,Full Stack Developer,Placed,0.7988,3.52
STU01580,23,Male,Delhi,New Delhi,Tier 2,Tier 2,CSE,B.E.,6.91,0,No,3,0,80,52,55,66,85.67,Software Developer,Placed,0.4738,3.66
STU01581,23,Male,Tamil Nadu,Chennai,Tier 2,Tier 1,CSE,B.Tech,8.21,1,No,1,2,83,69,73,61,66.39,Software Developer,Not Placed,0.5685,0.0
STU01582,21,Female,Maharashtra,Pune,Tier 2,Tier 1,Mechanical,B.Tech,7.55,0,Yes,1,2,74,69,81,67,82.18,Design Engineer,Placed,0.6664,3.82
STU01583,20,Female,Telangana,Warangal,Tier 3,Tier 2,CSE,B.Tech,7.74,0,Yes,0,0,68,56,41,68,76.67,Software Developer,Placed,0.5335,4.82
STU01584,24,Male,Kerala,Kochi,Tier 2,Tier 1,Data Science,B.Tech,7.45,2,No,1,1,70,84,68,48,69.3,Data Scientist,Not Placed,0.3408,0.0
STU01585,24,Other,Kerala,Thiruvananthapuram,Tier 2,Tier 2,CSE,B.E.,8.43,3,Yes,1,2,74,64,50,65,77.38,Software Developer,Placed,0.4141,5.11
STU01586,23,Male,Maharashtra,Nagpur,Tier 1,Tier 1,CSE,B.E.,5.92,1,Yes,3,2,49,39,53,61,90.3,Software Developer,Not Placed,0.2902,0.0
STU01587,24,Male,Karnataka,Bengaluru,Tier 2,Tier 1,EEE,B.Tech,8.57,0,Yes,2,3,84,61,59,49,84.56,Electrical Engineer,Placed,0.7668,7.58
STU01588,24,Male,Tamil Nadu,Madurai,Tier 3,Tier 3,AI & ML,B.Tech,6.7,0,Yes,5,0,44,62,52,64,70.57,Machine Learning Engineer,Placed,0.5641,4.88
STU01589,22,Male,Kerala,Kozhikode,Tier 2,Tier 3,EEE,B.Tech,7.79,0,No,0,4,67,65,67,53,79.11,Electrical Engineer,Placed,0.4615,4.49
STU01590,24,Female,Delhi,New Delhi,Tier 3,Tier 2,ECE,B.Tech,8.37,0,No,3,3,72,97,75,58,73.24,Embedded Engineer,Placed,0.7899,4.24
STU01591,20,Male,Andhra Pradesh,Tirupati,Tier 2,Tier 2,Data Science,B.Tech,8.72,0,No,2,2,57,79,58,47,88.14,Data Scientist,Placed,0.6713,4.32
STU01592,20,Female,Andhra Pradesh,Visakhapatnam,Tier 1,Tier 2,Mechanical,B.Tech,7.81,2,No,1,1,100,72,82,65,70.28,Design Engineer,Placed,0.3971,3.53
STU01593,21,Male,Tamil Nadu,Chennai,Tier 1,Tier 3,EEE,B.Tech,7.76,3,Yes,1,3,63,83,67,70,89.02,Electrical Engineer,Not Placed,0.3754,0.0
STU01594,24,Female,Uttar Pradesh,Kanpur,Tier 3,Tier 1,CSE,B.Tech,8.48,2,Yes,0,6,69,55,80,72,91.33,Software Developer,Placed,0.5813,5.53
STU01595,20,Female,Karnataka,Mysuru,Tier 2,Tier 2,Mechanical,B.E.,8.29,1,Yes,3,5,67,100,61,90,75.09,Design Engineer,Placed,0.8657,6.05
STU01596,24,Female,Uttar Pradesh,Kanpur,Tier 1,Tier 3,Civil,B.Tech,7.21,0,No,5,1,57,62,49,69,73.65,Civil Engineer,Not Placed,0.5509,0.0
STU01597,20,Male,Tamil Nadu,Chennai,Tier 3,Tier 2,CSE,B.E.,8.03,0,No,2,1,68,86,73,84,68.88,Software Developer,Placed,0.732,4.81
STU01598,21,Female,Gujarat,Ahmedabad,Tier 1,Tier 3,CSE,B.E.,7.68,0,Yes,1,1,52,52,52,63,89.48,Software Developer,Not Placed,0.4959,0.0
STU01599,22,Male,Andhra Pradesh,Tirupati,Tier 1,Tier 3,CSE,B.E.,8.0,0,No,3,3,45,83,77,67,90.41,Software Developer,Placed,0.6806,4.67
STU01600,22,Female,Karnataka,Bengaluru,Tier 2,Tier 2,AI & ML,B.Tech,8.08,0,Yes,2,0,57,84,67,60,89.05,Machine Learning Engineer,Placed,0.7152,5.44
STU01601,22,Male,Andhra Pradesh,Vijayawada,Tier 3,Tier 1,CSE,B.Tech,6.56,0,No,2,2,57,71,75,59,76.62,Software Developer,Not Placed,0.4651,0.0
STU01602,20,Male,Kerala,Thiruvananthapuram,Tier 1,Tier 3,CSE,B.Tech,7.2,0,Yes,1,0,46,100,93,75,84.79,Software Developer,Not Placed,0.6465,0.0
STU01603,24,Male,Tamil Nadu,Coimbatore,Tier 2,Tier 2,AI & ML,B.Tech,7.34,0,Yes,2,2,70,100,87,62,84.74,Machine Learning Engineer,Placed,0.7782,4.34
STU01604,20,Male,Maharashtra,Pune,Tier 2,Tier 2,EEE,B.Tech,6.9,1,No,4,2,75,69,47,44,88.37,Electrical Engineer,Placed,0.4143,4.61
STU01605,22,Female,Tamil Nadu,Chennai,Tier 2,Tier 2,Mechanical,B.Tech,8.6,3,Yes,2,5,65,72,51,68,73.08,Design Engineer,Placed,0.5325,4.5
STU01606,23,Male,Karnataka,Mysuru,Tier 1,Tier 1,Data Science,B.E.,8.11,0,No,0,0,73,77,54,53,83.55,Data Scientist,Placed,0.5565,5.15
STU01607,23,Male,Uttar Pradesh,Lucknow,Tier 3,Tier 2,Civil,B.E.,7.4,3,No,2,2,59,53,54,51,72.19,Civil Engineer,Not Placed,0.1446,0.0
STU01608,24,Female,Maharashtra,Pune,Tier 3,Tier 2,Data Science,B.E.,5.64,2,Yes,1,2,71,60,34,67,86.83,Data Scientist,Not Placed,0.2248,0.0
STU01609,20,Female,Gujarat,Vadodara,Tier 2,Tier 1,Civil,B.Tech,7.47,1,Yes,1,3,81,66,75,64,78.14,Civil Engineer,Placed,0.5743,4.96
STU01610,22,Female,Karnataka,Bengaluru,Tier 1,Tier 3,Data Science,B.Tech,7.57,0,Yes,1,1,48,72,60,74,63.75,Data Scientist,Placed,0.5928,4.22
STU01611,22,Male,Karnataka,Mangaluru,Tier 2,Tier 3,CSE,B.E.,8.94,0,No,5,0,85,100,94,63,74.19,Software Developer,Placed,0.8787,5.65
STU01612,20,Male,Uttar Pradesh,Lucknow,Tier 3,Tier 2,AI & ML,B.Tech,6.09,0,Yes,3,4,56,69,73,58,81.86,Machine Learning Engineer,Not Placed,0.5744,0.0
STU01613,24,Male,West Bengal,Kolkata,Tier 2,Tier 2,CSE,B.Tech,8.6,0,No,2,1,72,70,38,34,83.23,Software Developer,Not Placed,0.6036,0.0
STU01614,21,Male,Andhra Pradesh,Visakhapatnam,Tier 1,Tier 2,Data Science,B.Tech,7.6,1,No,2,4,65,88,83,79,76.7,Data Scientist,Placed,0.6466,5.48
STU01615,23,Male,Gujarat,Ahmedabad,Tier 1,Tier 2,CSE,B.Tech,6.74,0,Yes,1,0,43,46,48,73,78.51,Software Developer,Not Placed,0.3644,0.0
STU01616,23,Male,Maharashtra,Pune,Tier 2,Tier 2,ECE,B.Tech,6.58,0,Yes,2,0,62,46,87,77,81.58,Embedded Engineer,Not Placed,0.4198,0.0
STU01617,22,Male,Uttar Pradesh,Lucknow,Tier 2,Tier 1,AI & ML,B.Tech,8.65,0,No,2,4,67,68,54,57,65.39,Machine Learning Engineer,Placed,0.7394,5.93
STU01618,21,Male,Delhi,New Delhi,Tier 2,Tier 2,Mechanical,B.E.,9.01,0,No,2,2,60,69,68,90,81.33,Design Engineer,Not Placed,0.7443,0.0
STU01619,24,Male,Andhra Pradesh,Tirupati,Tier 2,Tier 1,EEE,B.Tech,8.29,0,No,1,2,73,54,57,63,94.99,Electrical Engineer,Placed,0.561,4.51
STU01620,24,Male,Telangana,Warangal,Tier 3,Tier 2,ECE,B.E.,7.97,0,Yes,2,5,66,63,61,70,84.27,Embedded Engineer,Not Placed,0.7447,0.0
STU01621,20,Female,Gujarat,Ahmedabad,Tier 2,Tier 3,ISE,B.E.,7.31,1,Yes,2,1,71,48,47,53,87.26,Full Stack Developer,Not Placed,0.3974,0.0
STU01622,21,Male,Delhi,New Delhi,Tier 3,Tier 2,Civil,B.E.,7.94,0,Yes,1,0,67,48,44,57,76.82,Civil Engineer,Not Placed,0.4911,0.0
STU01623,21,Female,Tamil Nadu,Madurai,Tier 1,Tier 3,AI & ML,B.Tech,8.4,0,Yes,1,2,75,70,91,62,81.18,Machine Learning Engineer,Placed,0.73,4.95
STU01624,22,Male,West Bengal,Kolkata,Tier 3,Tier 3,AI & ML,B.Tech,8.48,1,No,2,5,57,64,37,76,82.3,Machine Learning Engineer,Not Placed,0.6119,0.0
STU01625,24,Male,Andhra Pradesh,Visakhapatnam,Tier 1,Tier 3,CSE,B.E.,8.36,0,No,3,2,60,63,68,62,86.85,Software Developer,Not Placed,0.6407,0.0
STU01626,24,Male,Andhra Pradesh,Visakhapatnam,Tier 1,Tier 3,EEE,B.Tech,6.29,0,Yes,2,4,78,34,53,60,86.95,Electrical Engineer,Not Placed,0.4105,0.0
STU01627,22,Male,Karnataka,Mangaluru,Tier 2,Tier 1,ISE,B.E.,8.83,0,No,1,2,78,85,89,69,88.74,Full Stack Developer,Placed,0.7904,3.94
STU01628,22,Other,Maharashtra,Mumbai,Tier 2,Tier 2,Data Science,B.Tech,8.06,0,No,3,1,74,71,50,66,70.52,Data Scientist,Placed,0.6872,3.51
STU01629,24,Male,Andhra Pradesh,Vijayawada,Tier 2,Tier 3,CSE,B.E.,8.31,0,Yes,1,4,60,94,75,61,70.02,Software Developer,Placed,0.8013,6.84
STU01630,20,Female,Uttar Pradesh,Lucknow,Tier 2,Tier 3,CSE,B.Tech,8.05,0,Yes,2,2,75,93,72,32,70.38,Software Developer,Placed,0.7444,5.08
STU01631,23,Female,West Bengal,Durgapur,Tier 3,Tier 2,CSE,B.E.,8.62,1,No,0,1,90,100,58,57,72.88,Software Developer,Not Placed,0.6573,0.0
STU01632,24,Female,West Bengal,Kolkata,Tier 2,Tier 2,Data Science,B.Tech,7.39,3,Yes,4,2,54,93,73,51,80.51,Data Scientist,Not Placed,0.4598,0.0
STU01633,20,Female,Karnataka,Mangaluru,Tier 1,Tier 1,CSE,B.E.,7.79,0,Yes,1,2,66,78,67,80,88.79,Software Developer,Placed,0.7638,5.89
STU01634,22,Male,Uttar Pradesh,Kanpur,Tier 2,Tier 2,ECE,B.E.,9.06,1,No,1,2,70,87,78,85,78.57,Embedded Engineer,Not Placed,0.6987,0.0
STU01635,24,Male,Delhi,Delhi,Tier 2,Tier 2,AI & ML,B.Tech,7.99,0,Yes,3,0,66,77,68,70,75.36,Machine Learning Engineer,Not Placed,0.7623,0.0
STU01636,21,Male,Tamil Nadu,Madurai,Tier 3,Tier 2,Mechanical,B.Tech,7.81,1,Yes,0,1,66,83,90,45,81.53,Design Engineer,Not Placed,0.4631,0.0
STU01637,22,Female,Kerala,Kochi,Tier 2,Tier 1,AI & ML,B.Tech,7.82,1,Yes,2,4,82,60,45,61,94.42,Machine Learning Engineer,Placed,0.6808,2.59
STU01638,24,Male,Karnataka,Mangaluru,Tier 2,Tier 3,ECE,B.Tech,8.07,0,Yes,1,2,52,77,59,48,78.34,Embedded Engineer,Placed,0.5938,3.11
STU01639,20,Female,West Bengal,Durgapur,Tier 1,Tier 1,Mechanical,B.E.,8.74,1,Yes,1,0,86,83,82,45,97.49,Design Engineer,Placed,0.6699,3.91
STU01640,21,Female,Maharashtra,Mumbai,Tier 1,Tier 2,ISE,B.E.,8.62,1,No,3,2,69,85,76,81,76.16,Full Stack Developer,Placed,0.7421,2.5
STU01641,21,Male,Kerala,Kochi,Tier 2,Tier 2,Civil,B.Tech,9.01,0,Yes,3,2,79,91,100,62,80.99,Civil Engineer,Placed,0.879,5.17
STU01642,23,Male,Karnataka,Mysuru,Tier 1,Tier 2,CSE,B.Tech,9.39,0,No,3,3,73,100,58,62,76.55,Software Developer,Placed,0.8856,7.32
STU01643,24,Female,Andhra Pradesh,Tirupati,Tier 3,Tier 3,ECE,B.Tech,7.14,0,No,4,2,71,65,75,65,72.87,Embedded Engineer,Not Placed,0.5656,0.0
STU01644,24,Female,Andhra Pradesh,Tirupati,Tier 2,Tier 1,CSE,B.Tech,7.48,1,No,4,0,78,92,70,57,83.23,Software Developer,Placed,0.6443,4.45
STU01645,21,Male,Andhra Pradesh,Tirupati,Tier 3,Tier 2,ECE,B.Tech,6.37,0,Yes,1,2,45,51,42,86,84.44,Embedded Engineer,Not Placed,0.4007,0.0
STU01646,23,Male,Maharashtra,Nagpur,Tier 2,Tier 2,CSE,B.Tech,9.33,0,No,3,1,73,93,83,65,94.42,Software Developer,Placed,0.8494,5.87
STU01647,21,Male,Karnataka,Mysuru,Tier 3,Tier 3,Civil,B.Tech,6.51,3,No,2,1,63,52,33,26,67.46,Civil Engineer,Not Placed,0.0675,0.0
STU01648,20,Female,Tamil Nadu,Coimbatore,Tier 3,Tier 2,AI & ML,B.Tech,7.09,1,No,0,3,62,88,26,89,88.57,Machine Learning Engineer,Placed,0.4995,2.5
STU01649,23,Male,Maharashtra,Mumbai,Tier 1,Tier 3,Mechanical,B.Tech,8.26,0,Yes,3,1,69,56,46,69,85.59,Design Engineer,Placed,0.6899,5.23
STU01650,22,Female,Andhra Pradesh,Visakhapatnam,Tier 2,Tier 2,CSE,B.Tech,7.08,0,No,0,0,38,83,50,72,91.16,Software Developer,Not Placed,0.3916,0.0
STU01651,23,Male,Delhi,Delhi,Tier 2,Tier 1,CSE,B.Tech,8.43,1,No,6,2,52,87,53,70,82.19,Software Developer,Not Placed,0.7913,0.0
STU01652,21,Male,Andhra Pradesh,Tirupati,Tier 3,Tier 3,EEE,B.Tech,7.36,1,Yes,3,2,60,53,59,80,80.81,Electrical Engineer,Not Placed,0.5042,0.0
STU01653,20,Male,Telangana,Karimnagar,Tier 3,Tier 1,AI & ML,B.Tech,8.14,1,Yes,0,1,61,53,67,72,86.64,Machine Learning Engineer,Placed,0.4986,4.1
STU01654,23,Female,Gujarat,Ahmedabad,Tier 3,Tier 3,Data Science,B.Tech,9.2,0,Yes,1,2,72,84,85,75,80.36,Data Scientist,Placed,0.8487,6.28
STU01655,24,Male,Delhi,New Delhi,Tier 2,Tier 2,ECE,B.Tech,8.76,0,Yes,1,0,77,86,68,66,98.75,Embedded Engineer,Not Placed,0.7763,0.0
STU01656,23,Male,Maharashtra,Pune,Tier 2,Tier 1,ECE,B.Tech,7.97,0,Yes,2,2,71,66,49,83,84.99,Embedded Engineer,Placed,0.7614,4.17
STU01657,24,Male,Andhra Pradesh,Visakhapatnam,Tier 3,Tier 2,Data Science,B.E.,7.46,0,No,3,1,62,84,63,88,84.09,Data Scientist,Not Placed,0.7044,0.0
STU01658,24,Male,Maharashtra,Nagpur,Tier 2,Tier 2,CSE,B.Tech,8.9,0,Yes,2,1,71,61,60,37,78.61,Software Developer,Placed,0.7043,5.06
STU01659,22,Female,Tamil Nadu,Coimbatore,Tier 2,Tier 1,Data Science,B.Tech,7.71,0,Yes,1,2,82,64,54,60,90.22,Data Scientist,Placed,0.6974,6.26
STU01660,20,Male,Tamil Nadu,Madurai,Tier 2,Tier 2,ISE,B.E.,9.82,0,Yes,5,2,85,94,55,59,75.64,Full Stack Developer,Placed,0.9503,6.93
STU01661,24,Male,Delhi,Delhi,Tier 2,Tier 1,CSE,B.E.,9.95,0,No,3,2,64,72,37,68,79.56,Software Developer,Placed,0.8556,4.8
STU01662,23,Male,Delhi,New Delhi,Tier 2,Tier 3,Data Science,B.Tech,9.13,0,No,0,1,83,98,71,57,89.13,Data Scientist,Placed,0.7565,5.3
STU01663,22,Female,Gujarat,Vadodara,Tier 2,Tier 3,CSE,B.Tech,8.55,0,Yes,1,6,81,81,82,57,90.17,Software Developer,Placed,0.8415,5.25
STU01664,22,Male,Karnataka,Bengaluru,Tier 1,Tier 2,CSE,B.Tech,7.73,3,No,5,2,53,100,94,76,76.35,Software Developer,Not Placed,0.5342,0.0
STU01665,21,Male,Uttar Pradesh,Noida,Tier 3,Tier 2,Mechanical,B.Tech,6.8,1,No,1,2,83,73,82,55,74.97,Design Engineer,Not Placed,0.3473,0.0
STU01666,23,Female,Maharashtra,Mumbai,Tier 3,Tier 2,CSE,B.Tech,8.39,1,No,1,4,67,96,96,75,83.38,Software Developer,Placed,0.71,6.15
STU01667,20,Female,Maharashtra,Mumbai,Tier 2,Tier 1,CSE,B.Tech,8.22,0,Yes,4,3,100,83,78,57,79.85,Software Developer,Placed,0.9026,5.7
STU01668,21,Male,Maharashtra,Mumbai,Tier 1,Tier 2,Data Science,B.Tech,6.55,0,No,2,1,79,73,62,58,80.94,Data Scientist,Placed,0.4818,3.15
STU01669,21,Female,Tamil Nadu,Chennai,Tier 2,Tier 3,Data Science,B.Tech,9.0,2,Yes,0,4,65,73,64,73,93.72,Data Scientist,Placed,0.6102,5.21
STU01670,21,Female,Gujarat,Vadodara,Tier 3,Tier 3,AI & ML,B.E.,8.44,0,Yes,1,2,81,93,69,69,97.68,Machine Learning Engineer,Placed,0.8298,5.73
STU01671,24,Male,Karnataka,Mysuru,Tier 1,Tier 2,Data Science,B.Tech,7.47,0,Yes,1,1,75,65,82,67,77.55,Data Scientist,Placed,0.6289,4.1
STU01672,20,Male,Andhra Pradesh,Tirupati,Tier 1,Tier 3,Data Science,B.Tech,8.3,0,Yes,1,1,71,84,65,66,100.0,Data Scientist,Placed,0.7506,3.37
STU01673,22,Male,Karnataka,Bengaluru,Tier 2,Tier 3,CSE,B.Tech,7.88,1,No,4,8,54,73,51,54,77.45,Software Developer,Not Placed,0.6692,0.0
STU01674,24,Female,West Bengal,Kolkata,Tier 1,Tier 2,EEE,B.Tech,7.75,0,No,3,3,90,77,78,77,89.0,Electrical Engineer,Placed,0.7552,2.5
STU01675,22,Male,Maharashtra,Pune,Tier 3,Tier 2,CSE,B.Tech,7.31,0,Yes,0,4,80,35,59,74,99.62,Software Developer,Not Placed,0.5446,0.0
STU01676,20,Female,Tamil Nadu,Coimbatore,Tier 2,Tier 2,Data Science,B.Tech,8.98,0,No,0,1,57,74,70,87,61.61,Data Scientist,Placed,0.682,3.76
STU01677,23,Female,Andhra Pradesh,Visakhapatnam,Tier 2,Tier 2,ISE,B.Tech,7.08,1,No,2,3,54,100,82,51,80.62,Full Stack Developer,Placed,0.5041,4.48
STU01678,21,Female,Andhra Pradesh,Tirupati,Tier 1,Tier 3,ISE,B.E.,5.77,0,No,2,2,79,82,72,62,75.84,Full Stack Developer,Not Placed,0.4518,0.0
STU01679,23,Male,Karnataka,Mysuru,Tier 2,Tier 3,Civil,B.Tech,7.94,0,No,2,3,81,58,64,60,94.98,Civil Engineer,Placed,0.5742,4.06
STU01680,20,Female,Delhi,Delhi,Tier 1,Tier 2,CSE,B.Tech,6.65,0,Yes,4,4,66,72,66,74,85.9,Software Developer,Placed,0.7502,5.48
STU01681,24,Male,Gujarat,Surat,Tier 2,Tier 1,CSE,B.E.,6.72,0,Yes,1,4,41,70,51,66,89.86,Software Developer,Placed,0.5691,6.69
STU01682,24,Other,Maharashtra,Pune,Tier 2,Tier 2,Mechanical,B.Tech,8.43,0,No,1,2,55,67,51,73,83.66,Design Engineer,Not Placed,0.581,0.0
STU01683,20,Male,Andhra Pradesh,Vijayawada,Tier 2,Tier 2,Data Science,B.E.,6.7,0,No,1,2,55,75,75,62,84.05,Data Scientist,Placed,0.4283,3.27
STU01684,20,Female,Gujarat,Vadodara,Tier 2,Tier 2,CSE,B.Tech,8.05,1,No,3,5,56,80,82,75,67.88,Software Developer,Placed,0.6868,3.27
STU01685,23,Male,Karnataka,Bengaluru,Tier 3,Tier 3,CSE,B.E.,6.34,1,Yes,2,1,54,82,80,78,78.47,Software Developer,Not Placed,0.4629,0.0
STU01686,23,Other,Karnataka,Mysuru,Tier 2,Tier 3,CSE,B.Tech,6.67,0,No,3,1,47,57,66,60,85.33,Software Developer,Placed,0.3619,2.55
STU01687,21,Male,Tamil Nadu,Chennai,Tier 2,Tier 2,CSE,B.Tech,7.56,0,Yes,1,0,81,64,40,62,81.85,Software Developer,Placed,0.6132,4.26
STU01688,21,Female,Karnataka,Mangaluru,Tier 1,Tier 3,Data Science,B.Tech,9.68,0,Yes,1,5,76,95,56,81,72.36,Data Scientist,Placed,0.9284,4.71
STU01689,22,Male,West Bengal,Kolkata,Tier 2,Tier 3,ECE,B.Tech,6.18,0,Yes,1,2,73,66,63,40,84.39,Embedded Engineer,Placed,0.3745,3.9
STU01690,20,Male,West Bengal,Durgapur,Tier 1,Tier 1,ECE,B.Tech,9.45,0,Yes,2,2,97,56,70,60,89.39,Embedded Engineer,Placed,0.8434,6.12
STU01691,24,Male,Karnataka,Mysuru,Tier 3,Tier 1,AI & ML,B.E.,7.34,0,No,2,2,76,69,55,42,80.01,Machine Learning Engineer,Placed,0.5499,4.32
STU01692,24,Male,Delhi,New Delhi,Tier 2,Tier 1,CSE,B.E.,6.73,0,Yes,1,2,62,49,40,73,89.5,Software Developer,Placed,0.51,3.43
STU01693,23,Male,Gujarat,Surat,Tier 3,Tier 2,ISE,B.Tech,7.63,3,No,1,5,62,55,46,70,79.69,Full Stack Developer,Not Placed,0.2497,0.0
STU01694,23,Male,West Bengal,Kolkata,Tier 3,Tier 1,EEE,B.Tech,8.5,0,No,3,0,74,40,26,63,80.81,Electrical Engineer,Not Placed,0.5645,0.0
STU01695,21,Female,Tamil Nadu,Chennai,Tier 2,Tier 1,AI & ML,B.Tech,8.94,0,No,3,1,58,77,73,43,85.94,Machine Learning Engineer,Placed,0.7196,5.81
STU01696,23,Male,Andhra Pradesh,Visakhapatnam,Tier 2,Tier 3,CSE,B.Tech,6.34,0,Yes,1,2,72,57,55,74,89.67,Software Developer,Placed,0.4852,3.75
STU01697,20,Female,Delhi,Delhi,Tier 1,Tier 2,ECE,B.Tech,6.4,0,Yes,3,0,66,43,47,32,73.95,Embedded Engineer,Not Placed,0.317,0.0
STU01698,20,Male,Uttar Pradesh,Kanpur,Tier 1,Tier 3,CSE,B.E.,7.7,0,No,3,3,62,89,75,81,85.11,Software Developer,Placed,0.7509,3.48
STU01699,21,Male,Andhra Pradesh,Visakhapatnam,Tier 2,Tier 2,Data Science,B.Tech,7.87,2,No,1,2,75,65,55,30,84.02,Data Scientist,Not Placed,0.2713,0.0
STU01700,21,Male,Karnataka,Bengaluru,Tier 3,Tier 1,AI & ML,B.Tech,7.06,0,Yes,0,2,75,58,62,78,83.37,Machine Learning Engineer,Not Placed,0.5956,0.0
STU01701,21,Male,Telangana,Hyderabad,Tier 2,Tier 2,ECE,B.Tech,8.5,3,No,2,2,67,67,64,90,92.34,Embedded Engineer,Placed,0.3858,4.77
STU01702,20,Male,Karnataka,Bengaluru,Tier 1,Tier 3,Data Science,B.Tech,8.42,0,Yes,0,3,70,57,58,68,66.08,Data Scientist,Not Placed,0.6688,0.0
STU01703,24,Male,Tamil Nadu,Chennai,Tier 3,Tier 3,Data Science,B.Tech,7.38,0,No,1,1,77,35,72,72,82.51,Data Scientist,Not Placed,0.3775,0.0
STU01704,20,Male,Gujarat,Vadodara,Tier 1,Tier 1,AI & ML,B.Tech,7.2,0,Yes,1,0,40,94,71,54,86.12,Machine Learning Engineer,Not Placed,0.5914,0.0
STU01705,23,Male,Kerala,Kozhikode,Tier 3,Tier 2,Data Science,B.E.,6.9,0,No,4,5,70,73,72,76,81.98,Data Scientist,Placed,0.7216,2.84
STU01706,21,Male,Gujarat,Ahmedabad,Tier 3,Tier 3,EEE,B.E.,8.02,0,Yes,2,5,74,65,82,39,93.13,Electrical Engineer,Placed,0.6842,4.55
STU01707,22,Female,Andhra Pradesh,Vijayawada,Tier 1,Tier 1,AI & ML,B.Tech,8.41,0,Yes,4,1,84,80,54,47,87.11,Machine Learning Engineer,Not Placed,0.8514,0.0
STU01708,23,Female,Uttar Pradesh,Noida,Tier 2,Tier 3,ISE,B.Tech,7.47,0,No,2,2,80,70,58,62,71.49,Full Stack Developer,Placed,0.5902,2.51
STU01709,22,Female,Tamil Nadu,Chennai,Tier 1,Tier 2,AI & ML,B.Tech,9.45,0,Yes,2,2,92,58,58,70,88.91,Machine Learning Engineer,Not Placed,0.8596,0.0
STU01710,23,Female,Karnataka,Mysuru,Tier 2,Tier 2,CSE,B.Tech,9.86,0,No,4,5,85,80,90,68,77.79,Software Developer,Placed,0.9238,5.42
STU01711,23,Male,Kerala,Kochi,Tier 2,Tier 3,AI & ML,B.Tech,7.92,0,Yes,4,2,62,96,56,65,87.6,Machine Learning Engineer,Placed,0.8408,5.13
STU01712,23,Male,Telangana,Karimnagar,Tier 3,Tier 3,ISE,B.Tech,6.77,1,Yes,0,2,65,88,69,80,88.43,Full Stack Developer,Placed,0.5126,2.76
STU01713,22,Male,Maharashtra,Mumbai,Tier 2,Tier 3,ISE,B.E.,8.01,0,No,1,0,77,72,73,20,80.32,Full Stack Developer,Not Placed,0.4319,0.0
STU01714,24,Male,Andhra Pradesh,Tirupati,Tier 2,Tier 2,Data Science,B.Tech,7.69,0,No,2,1,79,82,46,65,82.23,Data Scientist,Placed,0.665,5.96
STU01715,23,Female,Andhra Pradesh,Tirupati,Tier 2,Tier 2,EEE,B.Tech,8.34,0,Yes,0,3,100,77,63,63,75.98,Electrical Engineer,Placed,0.7785,3.84
STU01716,20,Female,Maharashtra,Nagpur,Tier 1,Tier 1,CSE,B.Tech,7.82,0,Yes,1,2,81,90,68,71,82.96,Software Developer,Placed,0.8132,4.69
STU01717,20,Female,Maharashtra,Mumbai,Tier 1,Tier 2,EEE,B.Tech,7.44,0,No,0,3,61,85,64,83,73.6,Electrical Engineer,Not Placed,0.5781,0.0
STU01718,22,Male,Uttar Pradesh,Lucknow,Tier 2,Tier 3,EEE,B.Tech,8.12,0,No,3,1,60,57,63,48,69.14,Electrical Engineer,Not Placed,0.487,0.0
STU01719,21,Male,Maharashtra,Pune,Tier 1,Tier 2,AI & ML,B.Tech,7.38,0,Yes,3,1,71,52,64,70,70.58,Machine Learning Engineer,Placed,0.6451,4.56
STU01720,23,Male,Telangana,Hyderabad,Tier 3,Tier 2,AI & ML,B.E.,7.91,1,No,2,3,62,78,76,76,92.39,Machine Learning Engineer,Not Placed,0.5956,0.0
STU01721,22,Female,Karnataka,Mangaluru,Tier 2,Tier 3,CSE,B.Tech,7.21,0,No,0,3,51,70,85,64,100.0,Software Developer,Not Placed,0.4169,0.0
STU01722,23,Male,Karnataka,Mysuru,Tier 1,Tier 3,ECE,B.Tech,9.58,0,No,1,1,90,77,58,78,85.58,Embedded Engineer,Not Placed,0.7898,0.0
STU01723,20,Female,Andhra Pradesh,Vijayawada,Tier 2,Tier 3,Mechanical,B.Tech,8.29,0,Yes,3,4,76,79,100,81,88.68,Design Engineer,Placed,0.8528,3.72
STU01724,22,Male,West Bengal,Durgapur,Tier 1,Tier 1,Data Science,B.Tech,7.38,0,Yes,1,3,71,84,79,55,87.43,Data Scientist,Not Placed,0.7218,0.0
STU01725,24,Male,Kerala,Thiruvananthapuram,Tier 1,Tier 2,CSE,B.Tech,8.19,0,No,1,1,63,80,100,61,64.47,Software Developer,Not Placed,0.6112,0.0
STU01726,24,Other,Maharashtra,Pune,Tier 3,Tier 3,AI & ML,B.E.,9.37,0,Yes,2,2,100,58,70,67,93.73,Machine Learning Engineer,Not Placed,0.8528,0.0
STU01727,21,Male,Tamil Nadu,Chennai,Tier 3,Tier 1,CSE,B.Tech,7.43,0,No,2,3,62,80,54,54,82.08,Software Developer,Not Placed,0.6265,0.0
STU01728,23,Female,Uttar Pradesh,Kanpur,Tier 2,Tier 3,ISE,B.Tech,6.53,3,No,2,0,62,70,56,68,74.5,Full Stack Developer,Not Placed,0.1476,0.0
STU01729,23,Male,Uttar Pradesh,Kanpur,Tier 1,Tier 3,CSE,B.Tech,6.69,0,Yes,4,5,67,86,79,74,76.7,Software Developer,Not Placed,0.8019,0.0
STU01730,22,Male,Tamil Nadu,Coimbatore,Tier 2,Tier 2,Mechanical,B.E.,8.61,0,No,2,2,79,60,77,74,67.57,Design Engineer,Placed,0.6819,3.57
STU01731,24,Male,Karnataka,Mysuru,Tier 1,Tier 3,Data Science,B.Tech,7.43,0,No,5,3,63,74,75,21,77.49,Data Scientist,Placed,0.5901,4.76
STU01732,21,Male,Karnataka,Bengaluru,Tier 1,Tier 1,CSE,B.Tech,8.17,1,Yes,4,4,89,57,38,100,96.19,Software Developer,Placed,0.8543,5.69
STU01733,24,Female,Kerala,Kochi,Tier 2,Tier 3,CSE,B.Tech,7.2,0,Yes,3,1,59,62,54,77,77.91,Software Developer,Placed,0.6359,4.37
STU01734,24,Female,Karnataka,Mysuru,Tier 3,Tier 1,Data Science,B.Tech,7.19,2,No,2,1,62,53,37,78,72.69,Data Scientist,Not Placed,0.2907,0.0
STU01735,24,Male,Uttar Pradesh,Kanpur,Tier 1,Tier 1,AI & ML,B.Tech,8.32,1,Yes,3,2,59,81,100,75,74.3,Machine Learning Engineer,Placed,0.7741,4.25
STU01736,22,Male,Gujarat,Vadodara,Tier 3,Tier 3,CSE,B.E.,7.25,0,Yes,1,0,78,74,43,75,89.91,Software Developer,Not Placed,0.6315,0.0
STU01737,24,Female,Tamil Nadu,Coimbatore,Tier 1,Tier 1,ISE,B.E.,6.42,2,Yes,2,1,57,48,56,63,66.59,Full Stack Developer,Not Placed,0.2469,0.0
STU01738,20,Male,West Bengal,Durgapur,Tier 2,Tier 3,CSE,B.E.,9.1,0,Yes,2,2,79,97,64,65,84.71,Software Developer,Placed,0.8869,4.76
STU01739,21,Male,Tamil Nadu,Madurai,Tier 3,Tier 2,Mechanical,B.E.,6.47,0,Yes,1,1,76,62,65,62,69.38,Design Engineer,Not Placed,0.4557,0.0
STU01740,24,Female,Andhra Pradesh,Vijayawada,Tier 1,Tier 3,Data Science,B.Tech,7.21,0,No,3,1,51,54,71,70,83.49,Data Scientist,Not Placed,0.447,0.0
STU01741,22,Male,Andhra Pradesh,Tirupati,Tier 2,Tier 2,Data Science,B.Tech,5.82,1,Yes,1,0,40,46,30,80,89.52,Data Scientist,Placed,0.2022,2.5
STU01742,24,Male,Karnataka,Mangaluru,Tier 2,Tier 2,ECE,B.Tech,7.82,0,Yes,2,2,61,54,85,40,100.0,Embedded Engineer,Not Placed,0.5311,0.0
STU01743,22,Male,Karnataka,Bengaluru,Tier 2,Tier 3,Data Science,B.Tech,7.09,1,No,2,1,90,78,70,60,62.71,Data Scientist,Not Placed,0.4708,0.0
STU01744,21,Female,Maharashtra,Mumbai,Tier 3,Tier 2,ECE,B.Tech,9.55,0,Yes,2,3,74,79,98,88,77.12,Embedded Engineer,Placed,0.8986,5.27
STU01745,21,Male,Andhra Pradesh,Vijayawada,Tier 2,Tier 2,Data Science,B.Tech,8.42,2,No,1,2,57,84,91,55,88.77,Data Scientist,Not Placed,0.4221,0.0
STU01746,23,Female,Telangana,Hyderabad,Tier 3,Tier 2,CSE,B.Tech,8.53,1,No,2,1,99,89,61,65,87.29,Software Developer,Not Placed,0.7266,0.0
STU01747,22,Male,Telangana,Hyderabad,Tier 1,Tier 2,EEE,B.Tech,7.03,0,Yes,0,3,56,81,72,55,61.12,Electrical Engineer,Not Placed,0.5287,0.0
STU01748,21,Female,Delhi,New Delhi,Tier 2,Tier 2,CSE,B.Tech,7.16,2,Yes,1,0,65,47,43,57,82.73,Software Developer,Placed,0.2351,3.7
STU01749,23,Female,Kerala,Thiruvananthapuram,Tier 3,Tier 2,Data Science,B.Tech,8.45,0,No,1,1,63,72,81,100,67.04,Data Scientist,Placed,0.7103,4.96
STU01750,20,Male,Delhi,New Delhi,Tier 2,Tier 2,ISE,B.Tech,6.95,0,No,1,3,66,67,58,80,92.17,Full Stack Developer,Not Placed,0.5308,0.0
STU01751,22,Male,Maharashtra,Pune,Tier 2,Tier 3,ISE,B.E.,8.04,0,Yes,4,2,76,87,63,49,88.27,Full Stack Developer,Placed,0.8227,5.76
STU01752,20,Male,Karnataka,Bengaluru,Tier 1,Tier 2,Data Science,B.Tech,7.85,0,Yes,3,4,60,75,100,72,67.57,Data Scientist,Placed,0.8045,5.01
STU01753,24,Female,Delhi,Delhi,Tier 3,Tier 2,EEE,B.Tech,6.62,0,Yes,0,2,72,73,57,80,70.96,Electrical Engineer,Not Placed,0.5438,0.0
STU01754,20,Female,Uttar Pradesh,Noida,Tier 3,Tier 1,CSE,B.E.,6.44,0,No,3,2,53,58,59,81,88.29,Software Developer,Not Placed,0.492,0.0
STU01755,21,Female,Maharashtra,Pune,Tier 2,Tier 3,AI & ML,B.Tech,8.17,0,No,4,2,67,84,79,99,72.21,Machine Learning Engineer,Placed,0.8294,6.68
STU01756,21,Male,Andhra Pradesh,Visakhapatnam,Tier 2,Tier 1,CSE,B.Tech,8.17,0,Yes,1,6,71,72,87,80,78.17,Software Developer,Placed,0.8445,5.98
STU01757,21,Male,Karnataka,Mysuru,Tier 2,Tier 3,CSE,B.E.,8.24,0,No,5,0,69,91,47,53,78.52,Software Developer,Placed,0.7668,5.86
STU01758,20,Male,Delhi,New Delhi,Tier 3,Tier 2,Civil,B.Tech,6.28,0,No,2,4,53,41,47,71,80.39,Civil Engineer,Placed,0.3147,3.6
STU01759,23,Male,Kerala,Kochi,Tier 2,Tier 2,ISE,B.Tech,7.53,0,Yes,1,6,61,82,90,64,86.83,Full Stack Developer,Not Placed,0.7606,0.0
STU01760,23,Male,Tamil Nadu,Madurai,Tier 2,Tier 2,ISE,B.Tech,7.04,0,No,1,2,64,85,84,73,81.32,Full Stack Developer,Placed,0.5699,4.78
STU01761,23,Male,Andhra Pradesh,Vijayawada,Tier 1,Tier 2,AI & ML,B.Tech,5.62,1,No,5,4,61,100,87,67,88.99,Machine Learning Engineer,Placed,0.5683,4.84
STU01762,22,Female,Delhi,Delhi,Tier 3,Tier 2,EEE,B.E.,7.8,0,No,3,4,54,63,54,73,86.55,Electrical Engineer,Not Placed,0.6265,0.0
STU01763,21,Female,Uttar Pradesh,Noida,Tier 2,Tier 3,AI & ML,B.Tech,6.66,0,Yes,2,1,69,65,67,91,82.08,Machine Learning Engineer,Placed,0.6169,2.5
STU01764,22,Male,Andhra Pradesh,Visakhapatnam,Tier 3,Tier 1,AI & ML,B.E.,8.32,0,No,1,3,77,69,83,87,68.22,Machine Learning Engineer,Placed,0.7531,3.61
STU01765,23,Female,West Bengal,Kolkata,Tier 1,Tier 2,CSE,B.Tech,7.64,1,Yes,5,2,40,71,83,75,68.71,Software Developer,Not Placed,0.6804,0.0
STU01766,22,Male,Kerala,Kochi,Tier 2,Tier 2,ECE,B.Tech,6.65,0,Yes,2,3,65,48,52,60,82.26,Embedded Engineer,Placed,0.469,2.5
STU01767,23,Male,Gujarat,Ahmedabad,Tier 1,Tier 1,ECE,B.Tech,7.64,0,No,3,0,65,68,62,68,85.18,Embedded Engineer,Placed,0.5817,3.81
STU01768,24,Male,Gujarat,Surat,Tier 2,Tier 3,CSE,B.Tech,8.27,1,No,3,3,71,97,83,87,77.58,Software Developer,Placed,0.7741,5.07
STU01769,23,Male,Gujarat,Vadodara,Tier 1,Tier 2,CSE,B.E.,7.43,0,No,4,4,77,97,86,50,76.7,Software Developer,Placed,0.7848,5.75
STU01770,21,Female,Delhi,Delhi,Tier 2,Tier 3,EEE,B.Tech,5.92,0,Yes,2,3,31,64,34,83,71.0,Electrical Engineer,Not Placed,0.4069,0.0
STU01771,20,Male,Delhi,New Delhi,Tier 3,Tier 2,Data Science,B.Tech,8.86,1,Yes,1,0,66,79,92,71,88.46,Data Scientist,Placed,0.6888,3.95
STU01772,23,Female,Kerala,Thiruvananthapuram,Tier 2,Tier 1,Data Science,B.Tech,7.96,3,Yes,1,3,52,73,71,37,92.39,Data Scientist,Not Placed,0.3155,0.0
STU01773,21,Male,Delhi,Delhi,Tier 3,Tier 2,CSE,B.Tech,7.29,2,No,1,2,55,63,89,67,82.97,Software Developer,Not Placed,0.253,0.0
STU01774,21,Female,Kerala,Thiruvananthapuram,Tier 3,Tier 2,Data Science,B.Tech,7.96,0,No,2,1,79,78,52,75,72.16,Data Scientist,Placed,0.7017,6.15
STU01775,24,Male,Gujarat,Ahmedabad,Tier 2,Tier 2,Civil,B.E.,6.69,0,Yes,2,4,68,76,68,47,85.73,Civil Engineer,Not Placed,0.5937,0.0
STU01776,22,Male,Telangana,Karimnagar,Tier 2,Tier 1,AI & ML,B.Tech,6.01,0,Yes,1,3,49,60,61,62,77.03,Machine Learning Engineer,Placed,0.4323,4.38
STU01777,23,Male,Kerala,Kozhikode,Tier 2,Tier 3,CSE,B.Tech,9.69,3,Yes,3,2,61,91,79,81,86.71,Software Developer,Placed,0.7354,6.58
STU01778,23,Female,Uttar Pradesh,Kanpur,Tier 2,Tier 1,ISE,B.Tech,8.41,0,No,4,3,72,67,75,48,75.41,Full Stack Developer,Not Placed,0.7559,0.0
STU01779,22,Male,Karnataka,Mysuru,Tier 3,Tier 1,Mechanical,B.E.,9.26,0,Yes,4,4,77,41,37,62,91.17,Design Engineer,Placed,0.8418,5.69
STU01780,21,Male,Maharashtra,Pune,Tier 2,Tier 1,AI & ML,B.Tech,6.51,0,Yes,3,1,60,90,41,49,80.37,Machine Learning Engineer,Placed,0.6518,3.48
STU01781,21,Female,Gujarat,Surat,Tier 3,Tier 2,AI & ML,B.Tech,7.41,0,Yes,4,6,81,77,66,50,74.73,Machine Learning Engineer,Placed,0.8351,4.8
STU01782,21,Male,Kerala,Kozhikode,Tier 1,Tier 2,CSE,B.E.,6.36,1,No,0,1,73,62,53,82,89.29,Software Developer,Placed,0.2781,3.62
STU01783,22,Female,Telangana,Warangal,Tier 2,Tier 2,AI & ML,B.E.,6.77,1,Yes,2,1,73,55,59,76,94.53,Machine Learning Engineer,Placed,0.4612,3.98
STU01784,20,Male,Tamil Nadu,Chennai,Tier 1,Tier 3,EEE,B.Tech,8.67,0,Yes,4,0,87,66,66,82,90.11,Electrical Engineer,Placed,0.8344,5.46
STU01785,23,Male,Maharashtra,Pune,Tier 2,Tier 2,Data Science,B.Tech,7.63,0,No,0,0,94,50,58,92,75.6,Data Scientist,Not Placed,0.5309,0.0
STU01786,21,Female,Gujarat,Ahmedabad,Tier 1,Tier 3,ECE,B.Tech,7.64,0,Yes,4,2,66,70,68,79,67.04,Embedded Engineer,Not Placed,0.7575,0.0
STU01787,23,Female,Kerala,Kozhikode,Tier 2,Tier 1,CSE,B.Tech,7.84,0,Yes,4,1,71,86,69,63,79.25,Software Developer,Not Placed,0.8366,0.0
STU01788,22,Female,Tamil Nadu,Coimbatore,Tier 1,Tier 1,CSE,B.E.,8.9,0,Yes,3,4,79,93,64,86,79.16,Software Developer,Placed,0.9386,2.8
STU01789,24,Male,Delhi,Delhi,Tier 2,Tier 3,Civil,B.E.,9.17,0,Yes,1,3,76,67,43,62,93.59,Civil Engineer,Placed,0.7771,4.32
STU01790,24,Male,Telangana,Karimnagar,Tier 2,Tier 3,EEE,B.E.,8.72,2,No,2,2,72,59,34,72,71.96,Electrical Engineer,Not Placed,0.4271,0.0
STU01791,23,Male,Delhi,New Delhi,Tier 2,Tier 1,CSE,B.Tech,8.29,0,Yes,2,5,74,55,29,87,65.04,Software Developer,Placed,0.8377,2.87
STU01792,21,Male,Andhra Pradesh,Visakhapatnam,Tier 2,Tier 1,ECE,B.Tech,8.51,3,Yes,2,1,74,76,68,57,71.93,Embedded Engineer,Not Placed,0.4655,0.0
STU01793,20,Female,Gujarat,Vadodara,Tier 2,Tier 3,CSE,B.Tech,8.19,0,No,1,4,59,81,27,48,89.0,Software Developer,Placed,0.6199,3.17
STU01794,23,Male,Telangana,Karimnagar,Tier 3,Tier 1,ISE,B.Tech,7.45,1,Yes,1,1,49,83,71,87,93.41,Full Stack Developer,Placed,0.6077,3.79
STU01795,24,Male,Uttar Pradesh,Lucknow,Tier 2,Tier 3,CSE,B.Tech,8.44,1,No,2,2,82,87,100,42,73.22,Software Developer,Not Placed,0.6083,0.0
STU01796,21,Male,Delhi,Delhi,Tier 1,Tier 2,EEE,B.Tech,7.22,0,Yes,0,3,80,55,64,74,82.53,Electrical Engineer,Placed,0.5617,2.71
STU01797,22,Male,Uttar Pradesh,Lucknow,Tier 1,Tier 3,CSE,B.Tech,8.27,0,Yes,1,1,93,88,65,62,73.4,Software Developer,Placed,0.7983,4.22
STU01798,24,Female,Delhi,Delhi,Tier 2,Tier 1,AI & ML,B.Tech,8.82,1,Yes,1,1,76,85,79,46,80.78,Machine Learning Engineer,Not Placed,0.716,0.0
STU01799,23,Male,Kerala,Thiruvananthapuram,Tier 1,Tier 2,Data Science,B.Tech,8.53,0,No,0,2,73,71,95,61,78.54,Data Scientist,Not Placed,0.6193,0.0
STU01800,24,Male,Gujarat,Ahmedabad,Tier 1,Tier 3,Data Science,B.Tech,7.33,0,Yes,3,0,58,68,74,66,83.67,Data Scientist,Not Placed,0.6181,0.0
STU01801,24,Male,Delhi,Delhi,Tier 2,Tier 2,Mechanical,B.Tech,6.75,0,Yes,4,0,63,31,57,60,86.58,Design Engineer,Placed,0.4137,2.99
STU01802,21,Male,Uttar Pradesh,Kanpur,Tier 2,Tier 2,Data Science,B.Tech,8.55,1,No,1,1,67,89,76,62,70.45,Data Scientist,Not Placed,0.5955,0.0
STU01803,21,Male,West Bengal,Durgapur,Tier 3,Tier 1,CSE,B.Tech,5.5,0,Yes,2,2,42,69,48,85,77.13,Software Developer,Not Placed,0.4822,0.0
STU01804,22,Female,Maharashtra,Nagpur,Tier 3,Tier 3,CSE,B.Tech,7.72,0,Yes,2,5,78,61,63,98,76.37,Software Developer,Not Placed,0.814,0.0
STU01805,22,Female,Uttar Pradesh,Noida,Tier 2,Tier 3,Civil,B.E.,7.47,0,No,0,4,75,42,54,57,83.68,Civil Engineer,Not Placed,0.362,0.0
STU01806,21,Female,Telangana,Karimnagar,Tier 2,Tier 3,Data Science,B.Tech,6.03,0,No,3,5,65,65,63,63,89.46,Data Scientist,Placed,0.4848,4.13
STU01807,24,Male,Karnataka,Bengaluru,Tier 3,Tier 2,ECE,B.Tech,9.51,0,Yes,0,1,84,66,67,100,72.51,Embedded Engineer,Placed,0.8371,2.5
STU01808,21,Male,Telangana,Hyderabad,Tier 2,Tier 3,CSE,B.Tech,9.04,1,No,2,1,72,89,76,48,96.45,Software Developer,Not Placed,0.6458,0.0
STU01809,24,Male,Uttar Pradesh,Noida,Tier 3,Tier 2,Mechanical,B.E.,7.6,0,No,0,2,72,72,63,60,78.55,Design Engineer,Not Placed,0.4778,0.0
STU01810,23,Male,Gujarat,Ahmedabad,Tier 3,Tier 2,EEE,B.E.,8.16,0,Yes,1,2,65,70,73,94,80.45,Electrical Engineer,Placed,0.7462,5.53
STU01811,23,Male,West Bengal,Kolkata,Tier 1,Tier 3,Data Science,B.Tech,7.75,1,No,1,2,80,76,55,52,76.88,Data Scientist,Placed,0.4629,5.2
STU01812,22,Male,Tamil Nadu,Madurai,Tier 3,Tier 2,CSE,B.E.,6.81,0,No,0,3,53,70,42,89,74.37,Software Developer,Placed,0.4727,2.5
STU01813,23,Male,West Bengal,Kolkata,Tier 1,Tier 2,ISE,B.E.,9.36,0,Yes,6,1,78,58,46,39,87.69,Full Stack Developer,Placed,0.8644,6.36
STU01814,21,Female,West Bengal,Kolkata,Tier 1,Tier 2,CSE,B.Tech,6.69,0,No,1,2,56,64,58,75,77.67,Software Developer,Placed,0.4195,2.63
STU01815,21,Male,Kerala,Thiruvananthapuram,Tier 2,Tier 3,ECE,B.Tech,7.08,0,Yes,1,0,59,57,61,76,77.27,Embedded Engineer,Not Placed,0.4477,0.0
STU01816,22,Female,Telangana,Karimnagar,Tier 2,Tier 2,AI & ML,B.Tech,5.82,0,No,0,3,55,75,67,53,85.03,Machine Learning Engineer,Not Placed,0.2942,0.0
STU01817,22,Female,Kerala,Kozhikode,Tier 2,Tier 2,EEE,B.Tech,8.94,0,No,0,5,69,76,47,69,73.97,Electrical Engineer,Placed,0.7229,5.64
STU01818,22,Male,Andhra Pradesh,Tirupati,Tier 2,Tier 3,CSE,B.Tech,6.39,0,No,2,2,57,70,74,59,86.67,Software Developer,Not Placed,0.3941,0.0
STU01819,21,Female,Delhi,Delhi,Tier 1,Tier 3,Data Science,B.Tech,9.48,0,Yes,3,0,75,93,65,70,79.72,Data Scientist,Placed,0.8957,4.84
STU01820,23,Female,Delhi,Delhi,Tier 2,Tier 3,AI & ML,B.E.,8.19,0,No,4,2,69,92,73,59,74.59,Machine Learning Engineer,Not Placed,0.7818,0.0
STU01821,22,Male,Telangana,Hyderabad,Tier 3,Tier 2,Mechanical,B.Tech,8.31,3,No,3,5,69,66,40,82,75.17,Design Engineer,Not Placed,0.4602,0.0
STU01822,22,Male,Karnataka,Mysuru,Tier 1,Tier 3,ECE,B.E.,9.73,0,Yes,3,4,100,49,76,59,94.88,Embedded Engineer,Not Placed,0.8686,0.0
STU01823,22,Female,Uttar Pradesh,Kanpur,Tier 1,Tier 3,CSE,B.E.,9.09,0,Yes,1,3,60,81,54,76,86.82,Software Developer,Placed,0.8305,5.75
STU01824,23,Male,Maharashtra,Nagpur,Tier 1,Tier 2,AI & ML,B.Tech,8.07,0,No,2,2,74,68,52,84,77.38,Machine Learning Engineer,Placed,0.7053,3.16
STU01825,24,Female,Maharashtra,Pune,Tier 2,Tier 2,AI & ML,B.Tech,9.11,0,No,3,0,86,92,84,93,87.89,Machine Learning Engineer,Placed,0.8813,4.71
STU01826,21,Female,West Bengal,Durgapur,Tier 2,Tier 1,ECE,B.E.,7.63,0,Yes,3,4,79,38,57,100,85.2,Embedded Engineer,Placed,0.7658,2.5
STU01827,20,Male,Uttar Pradesh,Lucknow,Tier 2,Tier 3,EEE,B.Tech,7.68,0,No,0,4,52,81,75,98,89.66,Electrical Engineer,Placed,0.6095,4.95
STU01828,22,Male,Karnataka,Bengaluru,Tier 3,Tier 3,Civil,B.Tech,7.68,0,No,2,0,84,75,74,74,75.48,Civil Engineer,Placed,0.5966,4.62
STU01829,24,Male,Karnataka,Mangaluru,Tier 2,Tier 3,Civil,B.Tech,8.02,0,Yes,6,3,71,90,68,75,92.41,Civil Engineer,Not Placed,0.8946,0.0
STU01830,22,Male,Gujarat,Vadodara,Tier 1,Tier 2,Data Science,B.Tech,6.43,0,Yes,0,2,58,70,73,52,77.78,Data Scientist,Not Placed,0.4211,0.0
STU01831,21,Male,Andhra Pradesh,Tirupati,Tier 1,Tier 1,AI & ML,B.Tech,8.26,3,Yes,1,5,79,58,34,48,89.76,Machine Learning Engineer,Placed,0.4363,5.16
STU01832,22,Male,Uttar Pradesh,Kanpur,Tier 3,Tier 3,Data Science,B.Tech,8.53,2,No,3,2,83,95,59,68,82.89,Data Scientist,Placed,0.6636,6.21
STU01833,23,Male,West Bengal,Durgapur,Tier 1,Tier 2,Mechanical,B.Tech,7.34,0,Yes,4,4,65,20,34,65,71.93,Design Engineer,Placed,0.5504,3.9
STU01834,24,Male,Kerala,Kozhikode,Tier 1,Tier 1,EEE,B.E.,6.5,2,No,1,0,55,62,55,50,85.6,Electrical Engineer,Not Placed,0.1314,0.0
STU01835,22,Female,Maharashtra,Mumbai,Tier 2,Tier 2,CSE,B.Tech,5.74,0,Yes,2,5,56,62,61,60,75.63,Software Developer,Not Placed,0.4906,0.0
STU01836,24,Female,Uttar Pradesh,Kanpur,Tier 2,Tier 2,EEE,B.Tech,5.94,2,Yes,3,3,62,59,50,47,76.25,Electrical Engineer,Not Placed,0.239,0.0
STU01837,20,Female,Gujarat,Vadodara,Tier 3,Tier 1,AI & ML,B.E.,9.63,0,Yes,0,3,66,77,52,57,91.47,Machine Learning Engineer,Placed,0.8354,4.31
STU01838,22,Male,Maharashtra,Mumbai,Tier 1,Tier 2,Civil,B.E.,7.95,1,Yes,0,4,81,89,74,50,81.62,Civil Engineer,Placed,0.6368,4.15
STU01839,21,Male,Uttar Pradesh,Kanpur,Tier 2,Tier 1,Data Science,B.Tech,8.55,0,No,0,2,80,68,75,69,76.22,Data Scientist,Not Placed,0.6767,0.0
STU01840,20,Male,Kerala,Kozhikode,Tier 1,Tier 3,AI & ML,B.E.,6.43,0,No,1,3,38,100,93,68,86.21,Machine Learning Engineer,Not Placed,0.4816,0.0
STU01841,20,Male,Uttar Pradesh,Lucknow,Tier 2,Tier 3,EEE,B.Tech,8.87,2,Yes,2,2,82,71,71,50,87.58,Electrical Engineer,Placed,0.5732,6.39
STU01842,23,Male,Telangana,Hyderabad,Tier 2,Tier 2,CSE,B.Tech,8.46,0,No,0,2,82,76,49,65,86.32,Software Developer,Placed,0.6682,4.74
STU01843,22,Male,Uttar Pradesh,Lucknow,Tier 2,Tier 2,Civil,B.Tech,8.82,0,Yes,1,1,56,83,87,86,90.21,Civil Engineer,Placed,0.7871,5.53
STU01844,21,Female,Karnataka,Mysuru,Tier 1,Tier 2,Data Science,B.Tech,8.23,0,Yes,1,3,60,100,85,78,78.76,Data Scientist,Placed,0.8389,7.23
STU01845,23,Male,Karnataka,Mysuru,Tier 2,Tier 3,Civil,B.Tech,7.25,1,Yes,2,1,61,76,59,63,78.81,Civil Engineer,Placed,0.4777,5.7
STU01846,20,Male,Andhra Pradesh,Vijayawada,Tier 1,Tier 2,ISE,B.Tech,7.83,0,No,2,1,78,87,70,58,83.63,Full Stack Developer,Placed,0.6771,4.63
STU01847,24,Female,Telangana,Hyderabad,Tier 1,Tier 3,AI & ML,B.E.,8.35,0,No,1,0,60,60,46,63,100.0,Machine Learning Engineer,Not Placed,0.4929,0.0
STU01848,21,Male,Telangana,Warangal,Tier 1,Tier 2,CSE,B.Tech,9.37,0,No,2,0,60,67,99,66,78.47,Software Developer,Not Placed,0.7013,0.0
STU01849,22,Male,Karnataka,Mysuru,Tier 3,Tier 2,Mechanical,B.Tech,7.93,0,Yes,1,3,65,58,61,61,77.51,Design Engineer,Placed,0.6144,3.17
STU01850,24,Female,Karnataka,Mangaluru,Tier 2,Tier 1,Data Science,B.Tech,8.17,0,No,0,0,69,79,88,72,81.09,Data Scientist,Placed,0.6151,4.08
STU01851,21,Female,Andhra Pradesh,Visakhapatnam,Tier 3,Tier 2,CSE,B.Tech,8.11,1,No,1,2,73,97,78,81,65.38,Software Developer,Placed,0.6754,5.9
STU01852,24,Female,Uttar Pradesh,Kanpur,Tier 3,Tier 3,CSE,B.Tech,7.73,0,No,0,1,64,95,56,52,76.32,Software Developer,Not Placed,0.54,0.0
STU01853,24,Male,Tamil Nadu,Coimbatore,Tier 1,Tier 3,AI & ML,B.Tech,9.13,0,Yes,5,1,72,100,79,53,79.96,Machine Learning Engineer,Placed,0.9122,6.36
STU01854,21,Male,Tamil Nadu,Madurai,Tier 1,Tier 3,CSE,B.Tech,8.65,0,Yes,2,1,73,60,43,64,74.73,Software Developer,Not Placed,0.732,0.0
STU01855,23,Male,Uttar Pradesh,Kanpur,Tier 3,Tier 1,Data Science,B.E.,6.41,2,No,2,3,85,46,51,75,89.43,Data Scientist,Not Placed,0.2832,0.0
STU01856,24,Male,Gujarat,Surat,Tier 3,Tier 3,ECE,B.Tech,8.02,0,Yes,2,5,76,89,45,76,70.44,Embedded Engineer,Placed,0.8421,4.13
STU01857,20,Male,Uttar Pradesh,Kanpur,Tier 2,Tier 1,Civil,B.Tech,8.62,0,Yes,0,1,80,61,77,50,89.35,Civil Engineer,Placed,0.6499,3.67
STU01858,22,Female,Gujarat,Ahmedabad,Tier 1,Tier 2,EEE,B.E.,7.88,0,No,3,5,60,72,58,74,81.72,Electrical Engineer,Not Placed,0.7114,0.0
STU01859,23,Male,Karnataka,Bengaluru,Tier 3,Tier 3,Data Science,B.E.,9.7,0,Yes,1,6,68,79,77,80,72.87,Data Scientist,Not Placed,0.9066,0.0
STU01860,21,Male,Gujarat,Surat,Tier 1,Tier 2,Data Science,B.Tech,8.27,1,Yes,1,1,81,78,45,38,77.46,Data Scientist,Placed,0.5968,5.27
STU01861,20,Male,Delhi,Delhi,Tier 2,Tier 1,CSE,B.Tech,7.58,0,No,3,3,78,100,65,43,84.62,Software Developer,Placed,0.7656,4.2
STU01862,23,Male,West Bengal,Durgapur,Tier 3,Tier 2,Data Science,B.Tech,9.06,0,No,0,3,78,85,34,77,79.46,Data Scientist,Not Placed,0.79,0.0
STU01863,20,Male,Maharashtra,Pune,Tier 2,Tier 3,CSE,B.E.,8.45,0,Yes,0,3,69,93,49,41,74.95,Software Developer,Placed,0.7361,3.34
STU01864,23,Male,Uttar Pradesh,Noida,Tier 2,Tier 3,ECE,B.Tech,7.53,1,Yes,2,2,93,70,48,76,77.9,Embedded Engineer,Not Placed,0.6384,0.0
STU01865,23,Female,Kerala,Kozhikode,Tier 1,Tier 3,CSE,B.Tech,7.51,0,Yes,4,3,81,92,73,69,78.88,Software Developer,Placed,0.8564,7.48
STU01866,20,Male,Tamil Nadu,Coimbatore,Tier 3,Tier 2,CSE,B.Tech,8.17,0,No,0,2,66,66,78,79,85.95,Software Developer,Placed,0.5902,5.56
STU01867,20,Male,Delhi,New Delhi,Tier 1,Tier 2,EEE,B.Tech,9.11,0,No,2,1,98,21,39,97,82.53,Electrical Engineer,Not Placed,0.6654,0.0
STU01868,21,Female,Tamil Nadu,Madurai,Tier 2,Tier 3,Data Science,B.Tech,7.0,0,Yes,2,1,68,84,62,55,75.89,Data Scientist,Placed,0.629,4.3
STU01869,23,Male,Tamil Nadu,Madurai,Tier 2,Tier 2,ECE,B.Tech,7.19,0,Yes,2,1,58,67,67,67,91.81,Embedded Engineer,Not Placed,0.5649,0.0
STU01870,21,Male,Maharashtra,Pune,Tier 1,Tier 2,CSE,B.Tech,7.3,0,No,5,3,69,87,69,48,84.83,Software Developer,Not Placed,0.7344,0.0
STU01871,23,Male,Karnataka,Mysuru,Tier 1,Tier 3,Mechanical,B.E.,8.35,0,Yes,1,2,76,79,62,64,100.0,Design Engineer,Not Placed,0.7345,0.0
STU01872,22,Male,Gujarat,Ahmedabad,Tier 3,Tier 3,CSE,B.Tech,7.3,3,No,1,4,51,60,78,66,97.07,Software Developer,Not Placed,0.1791,0.0
STU01873,21,Female,Gujarat,Surat,Tier 2,Tier 3,Civil,B.Tech,8.85,0,Yes,3,3,75,45,59,58,93.93,Civil Engineer,Placed,0.7326,5.0
STU01874,21,Male,Uttar Pradesh,Noida,Tier 1,Tier 1,CSE,B.E.,6.98,1,No,1,4,62,98,90,80,99.59,Software Developer,Placed,0.6028,4.62
STU01875,21,Male,Kerala,Kochi,Tier 3,Tier 2,ECE,B.Tech,8.53,1,Yes,2,2,73,89,71,61,82.92,Embedded Engineer,Placed,0.735,5.82
STU01876,20,Male,Telangana,Karimnagar,Tier 2,Tier 2,ECE,B.Tech,7.59,2,Yes,0,3,73,54,66,56,89.72,Embedded Engineer,Not Placed,0.3093,0.0
STU01877,23,Female,Tamil Nadu,Madurai,Tier 1,Tier 3,AI & ML,B.Tech,7.04,0,Yes,1,4,87,65,64,76,78.37,Machine Learning Engineer,Placed,0.6911,4.86
STU01878,22,Male,West Bengal,Durgapur,Tier 2,Tier 2,Data Science,B.Tech,7.33,0,Yes,0,5,63,86,52,46,75.77,Data Scientist,Not Placed,0.6607,0.0
STU01879,22,Female,Uttar Pradesh,Noida,Tier 3,Tier 2,CSE,B.Tech,8.38,0,No,4,2,77,95,85,88,87.68,Software Developer,Placed,0.8743,4.6
STU01880,21,Male,West Bengal,Durgapur,Tier 2,Tier 2,AI & ML,B.E.,8.03,1,No,3,2,71,79,59,54,83.44,Machine Learning Engineer,Placed,0.5954,4.53
STU01881,20,Male,Delhi,New Delhi,Tier 2,Tier 3,Data Science,B.Tech,8.81,0,Yes,0,6,68,95,100,60,80.1,Data Scientist,Placed,0.8506,3.57
STU01882,23,Male,West Bengal,Durgapur,Tier 2,Tier 2,AI & ML,B.Tech,9.23,2,Yes,1,3,65,64,76,50,74.33,Machine Learning Engineer,Not Placed,0.5688,0.0
STU01883,23,Male,Maharashtra,Mumbai,Tier 3,Tier 3,EEE,B.E.,6.38,0,No,3,1,60,54,43,67,72.93,Electrical Engineer,Not Placed,0.3399,0.0
STU01884,20,Male,Maharashtra,Pune,Tier 1,Tier 2,CSE,B.Tech,6.83,0,No,1,2,59,63,67,86,88.75,Software Developer,Placed,0.4714,6.14
STU01885,24,Other,West Bengal,Durgapur,Tier 3,Tier 1,ISE,B.Tech,8.7,0,Yes,2,4,72,81,43,84,60.69,Full Stack Developer,Placed,0.8944,6.76
STU01886,22,Male,Tamil Nadu,Chennai,Tier 2,Tier 2,AI & ML,B.Tech,8.47,0,Yes,3,1,78,100,52,68,62.41,Machine Learning Engineer,Placed,0.8822,6.37
STU01887,22,Other,Maharashtra,Pune,Tier 2,Tier 2,CSE,B.Tech,7.55,0,No,4,0,66,72,54,53,95.0,Software Developer,Placed,0.5987,4.63
STU01888,20,Male,West Bengal,Durgapur,Tier 3,Tier 3,AI & ML,B.Tech,9.16,0,Yes,2,2,67,80,67,68,82.64,Machine Learning Engineer,Placed,0.842,6.78
STU01889,20,Female,Gujarat,Vadodara,Tier 1,Tier 3,AI & ML,B.Tech,7.88,0,No,3,1,80,47,69,20,76.29,Machine Learning Engineer,Placed,0.4289,4.35
STU01890,24,Male,Uttar Pradesh,Noida,Tier 3,Tier 3,CSE,B.Tech,7.56,1,Yes,2,0,99,61,79,50,89.52,Software Developer,Not Placed,0.5321,0.0
STU01891,23,Male,Uttar Pradesh,Lucknow,Tier 2,Tier 1,Data Science,B.E.,7.94,0,Yes,2,3,69,83,58,78,87.7,Data Scientist,Placed,0.8349,3.35
STU01892,22,Male,Andhra Pradesh,Tirupati,Tier 3,Tier 1,ISE,B.E.,7.33,1,No,0,0,79,91,87,57,86.74,Full Stack Developer,Not Placed,0.4503,0.0
STU01893,24,Male,Andhra Pradesh,Tirupati,Tier 2,Tier 2,AI & ML,B.Tech,7.92,0,Yes,1,4,83,68,83,53,84.99,Machine Learning Engineer,Placed,0.7331,5.31
STU01894,24,Female,Delhi,New Delhi,Tier 2,Tier 1,AI & ML,B.Tech,8.38,0,Yes,1,3,66,100,66,76,74.5,Machine Learning Engineer,Placed,0.8682,5.94
STU01895,24,Male,Gujarat,Vadodara,Tier 2,Tier 3,Data Science,B.Tech,7.73,0,Yes,1,3,81,100,85,73,82.51,Data Scientist,Placed,0.8231,5.16
STU01896,22,Male,West Bengal,Durgapur,Tier 3,Tier 1,EEE,B.E.,7.03,0,Yes,4,3,89,57,34,66,80.72,Electrical Engineer,Placed,0.7403,4.34
STU01897,23,Female,Gujarat,Vadodara,Tier 1,Tier 2,AI & ML,B.Tech,6.7,0,Yes,1,4,49,48,72,73,64.13,Machine Learning Engineer,Not Placed,0.4832,0.0
STU01898,24,Male,Uttar Pradesh,Kanpur,Tier 1,Tier 2,ECE,B.E.,9.88,0,Yes,1,0,88,62,35,92,90.25,Embedded Engineer,Not Placed,0.8537,0.0
STU01899,21,Female,Karnataka,Mysuru,Tier 2,Tier 2,CSE,B.Tech,7.51,0,Yes,1,0,71,82,78,65,78.61,Software Developer,Placed,0.6637,5.85
STU01900,21,Male,Karnataka,Mysuru,Tier 2,Tier 2,ISE,B.Tech,7.12,0,No,3,3,72,78,63,68,79.91,Full Stack Developer,Placed,0.6659,3.75
STU01901,20,Female,Gujarat,Ahmedabad,Tier 3,Tier 1,ECE,B.Tech,8.91,1,Yes,2,3,82,76,49,67,71.39,Embedded Engineer,Placed,0.7952,6.12
STU01902,24,Male,Maharashtra,Mumbai,Tier 2,Tier 1,AI & ML,B.Tech,7.91,0,Yes,4,1,67,78,51,43,80.61,Machine Learning Engineer,Placed,0.7744,4.85
STU01903,20,Male,Telangana,Warangal,Tier 1,Tier 3,Mechanical,B.Tech,7.67,0,No,1,5,86,64,59,56,85.28,Design Engineer,Placed,0.5782,4.18
STU01904,22,Female,Andhra Pradesh,Tirupati,Tier 2,Tier 2,EEE,B.Tech,7.98,0,No,3,1,75,49,44,25,87.58,Electrical Engineer,Not Placed,0.4315,0.0
STU01905,23,Male,Kerala,Kozhikode,Tier 1,Tier 3,CSE,B.Tech,7.51,0,Yes,2,1,56,75,55,56,80.72,Software Developer,Placed,0.6137,3.52
STU01906,20,Female,Kerala,Thiruvananthapuram,Tier 2,Tier 2,CSE,B.E.,8.17,0,Yes,2,3,73,85,75,68,78.13,Software Developer,Placed,0.8274,4.95
STU01907,21,Female,West Bengal,Durgapur,Tier 2,Tier 3,AI & ML,B.Tech,7.9,0,No,1,2,83,80,75,63,78.02,Machine Learning Engineer,Not Placed,0.647,0.0
STU01908,24,Other,West Bengal,Durgapur,Tier 2,Tier 2,EEE,B.Tech,7.04,0,No,3,4,75,62,51,60,77.12,Electrical Engineer,Placed,0.5636,5.28
STU01909,22,Male,Telangana,Warangal,Tier 3,Tier 1,Civil,B.Tech,7.4,1,No,1,1,49,70,46,64,90.13,Civil Engineer,Not Placed,0.3335,0.0
STU01910,21,Male,Delhi,New Delhi,Tier 1,Tier 1,CSE,B.Tech,7.52,0,No,4,0,52,79,56,62,86.22,Software Developer,Not Placed,0.6393,0.0
STU01911,23,Male,West Bengal,Kolkata,Tier 2,Tier 3,CSE,B.Tech,7.1,1,Yes,0,4,76,73,70,40,76.6,Software Developer,Not Placed,0.4454,0.0
STU01912,24,Other,Karnataka,Mangaluru,Tier 2,Tier 3,CSE,B.Tech,7.15,0,No,0,5,49,72,74,67,77.15,Software Developer,Not Placed,0.4713,0.0
STU01913,24,Male,Tamil Nadu,Coimbatore,Tier 3,Tier 1,EEE,B.Tech,7.43,0,No,4,2,71,85,97,74,83.74,Electrical Engineer,Placed,0.7433,3.96
STU01914,20,Male,Maharashtra,Pune,Tier 2,Tier 2,Data Science,B.Tech,6.45,0,No,4,1,47,52,50,81,84.07,Data Scientist,Not Placed,0.4393,0.0
STU01915,24,Male,Telangana,Hyderabad,Tier 2,Tier 3,ISE,B.Tech,8.44,1,Yes,2,1,67,77,42,60,93.73,Full Stack Developer,Placed,0.6564,5.13
STU01916,22,Female,West Bengal,Kolkata,Tier 2,Tier 3,CSE,B.Tech,7.97,0,No,2,2,67,73,41,51,82.6,Software Developer,Placed,0.5877,4.67
STU01917,21,Female,Delhi,Delhi,Tier 3,Tier 2,Mechanical,B.Tech,8.37,0,No,2,2,83,53,88,72,86.21,Design Engineer,Not Placed,0.634,0.0
STU01918,24,Male,Tamil Nadu,Madurai,Tier 3,Tier 1,CSE,B.Tech,8.15,2,Yes,1,5,70,71,76,75,75.29,Software Developer,Placed,0.6444,5.67
STU01919,22,Male,Gujarat,Ahmedabad,Tier 2,Tier 2,Data Science,B.Tech,7.14,0,Yes,0,2,48,66,100,60,90.6,Data Scientist,Not Placed,0.4767,0.0
STU01920,24,Male,Karnataka,Mangaluru,Tier 2,Tier 3,Mechanical,B.E.,7.2,0,No,1,1,81,64,57,20,83.47,Design Engineer,Placed,0.3133,3.08
STU01921,24,Female,Delhi,Delhi,Tier 2,Tier 2,Mechanical,B.Tech,7.34,0,Yes,4,1,79,77,56,49,100.0,Design Engineer,Placed,0.712,5.39
STU01922,20,Male,Maharashtra,Pune,Tier 1,Tier 2,CSE,B.Tech,7.92,0,Yes,3,4,71,87,36,83,77.55,Software Developer,Placed,0.8732,3.05
STU01923,24,Male,Uttar Pradesh,Lucknow,Tier 1,Tier 2,Data Science,B.Tech,7.65,0,No,2,2,92,76,60,75,86.32,Data Scientist,Placed,0.7179,5.11
STU01924,20,Male,Gujarat,Ahmedabad,Tier 2,Tier 2,AI & ML,B.Tech,6.57,0,No,2,1,54,66,53,75,88.69,Machine Learning Engineer,Placed,0.4288,4.88
STU01925,22,Male,Kerala,Kozhikode,Tier 1,Tier 2,CSE,B.Tech,6.52,0,Yes,1,0,75,57,58,72,84.71,Software Developer,Placed,0.4787,2.5
STU01926,22,Female,Tamil Nadu,Coimbatore,Tier 3,Tier 1,AI & ML,B.Tech,8.17,0,Yes,0,1,63,100,67,57,96.44,Machine Learning Engineer,Placed,0.7585,5.45
STU01927,20,Male,Delhi,New Delhi,Tier 1,Tier 2,Data Science,B.Tech,7.83,0,No,0,1,68,53,44,57,88.06,Data Scientist,Not Placed,0.4103,0.0
STU01928,21,Male,Karnataka,Mangaluru,Tier 2,Tier 3,AI & ML,B.E.,8.28,0,Yes,6,4,64,70,77,64,73.48,Machine Learning Engineer,Placed,0.8737,6.43
STU01929,22,Female,Andhra Pradesh,Tirupati,Tier 2,Tier 2,ISE,B.E.,7.17,1,Yes,1,3,47,51,56,66,82.09,Full Stack Developer,Not Placed,0.3866,0.0
STU01930,23,Male,West Bengal,Durgapur,Tier 2,Tier 1,Civil,B.Tech,7.98,1,Yes,1,2,88,48,45,67,81.58,Civil Engineer,Placed,0.5565,3.69
STU01931,24,Male,Andhra Pradesh,Visakhapatnam,Tier 2,Tier 2,Civil,B.Tech,7.53,1,Yes,2,3,63,58,63,83,82.65,Civil Engineer,Not Placed,0.563,0.0
STU01932,23,Male,Maharashtra,Pune,Tier 2,Tier 2,ISE,B.Tech,8.28,2,Yes,2,4,59,78,66,71,80.07,Full Stack Developer,Not Placed,0.6369,0.0
STU01933,22,Female,Karnataka,Bengaluru,Tier 2,Tier 2,AI & ML,B.Tech,7.17,0,Yes,1,3,69,61,79,39,83.38,Machine Learning Engineer,Not Placed,0.5272,0.0
STU01934,21,Male,Telangana,Hyderabad,Tier 3,Tier 2,ECE,B.E.,7.72,0,No,4,5,81,79,44,67,85.32,Embedded Engineer,Placed,0.7865,4.64
STU01935,21,Male,Gujarat,Ahmedabad,Tier 2,Tier 3,Data Science,B.Tech,9.0,0,Yes,1,1,53,66,53,62,83.02,Data Scientist,Placed,0.6956,2.6
STU01936,21,Male,Maharashtra,Mumbai,Tier 2,Tier 1,CSE,B.Tech,6.49,0,Yes,0,1,66,79,49,89,80.8,Software Developer,Placed,0.606,3.0
STU01937,20,Female,West Bengal,Kolkata,Tier 1,Tier 3,ECE,B.Tech,7.9,0,No,0,0,65,65,41,76,83.32,Embedded Engineer,Not Placed,0.4371,0.0
STU01938,22,Male,Maharashtra,Pune,Tier 2,Tier 2,AI & ML,B.E.,9.01,2,No,2,3,81,90,69,79,91.69,Machine Learning Engineer,Placed,0.714,5.18
STU01939,22,Male,Tamil Nadu,Coimbatore,Tier 2,Tier 2,AI & ML,B.E.,6.46,2,No,1,1,66,58,91,64,81.77,Machine Learning Engineer,Not Placed,0.175,0.0
STU01940,24,Female,Gujarat,Ahmedabad,Tier 2,Tier 3,Civil,B.Tech,7.23,0,Yes,2,5,55,71,74,74,80.23,Civil Engineer,Placed,0.6724,3.89
STU01941,24,Male,Andhra Pradesh,Vijayawada,Tier 3,Tier 2,Data Science,B.Tech,8.47,0,No,1,0,58,69,82,53,72.11,Data Scientist,Placed,0.5317,3.15
STU01942,20,Male,West Bengal,Kolkata,Tier 3,Tier 2,EEE,B.Tech,7.78,1,Yes,1,1,59,57,65,78,85.47,Electrical Engineer,Not Placed,0.4659,0.0
STU01943,22,Female,Gujarat,Vadodara,Tier 2,Tier 2,CSE,B.E.,7.47,0,Yes,3,3,62,73,77,66,80.4,Software Developer,Placed,0.7434,5.94
STU01944,20,Female,Karnataka,Mysuru,Tier 3,Tier 3,ISE,B.Tech,6.92,0,Yes,3,1,60,76,53,81,72.87,Full Stack Developer,Placed,0.6776,4.6
STU01945,22,Male,West Bengal,Kolkata,Tier 1,Tier 2,CSE,B.Tech,7.68,0,No,3,2,78,56,75,59,80.21,Software Developer,Placed,0.6003,2.73
STU01946,20,Male,Karnataka,Mangaluru,Tier 2,Tier 2,CSE,B.Tech,9.13,0,Yes,3,3,73,90,67,72,90.48,Software Developer,Placed,0.9103,5.67
STU01947,21,Male,Karnataka,Mangaluru,Tier 2,Tier 2,Mechanical,B.Tech,7.53,0,Yes,2,4,59,47,88,78,86.54,Design Engineer,Not Placed,0.6225,0.0
STU01948,22,Female,Karnataka,Mangaluru,Tier 1,Tier 2,ISE,B.Tech,7.17,0,Yes,1,2,69,63,49,59,82.82,Full Stack Developer,Placed,0.5717,5.51
STU01949,20,Female,Telangana,Hyderabad,Tier 1,Tier 2,Data Science,B.E.,7.51,1,No,3,1,67,90,66,56,76.6,Data Scientist,Placed,0.5561,7.16
STU01950,22,Female,Karnataka,Mysuru,Tier 2,Tier 3,ISE,B.Tech,8.86,2,Yes,3,1,86,89,89,66,73.75,Full Stack Developer,Placed,0.747,6.4
STU01951,23,Male,Kerala,Kozhikode,Tier 1,Tier 2,AI & ML,B.E.,8.35,0,Yes,1,0,96,80,63,65,73.9,Machine Learning Engineer,Not Placed,0.7892,0.0
STU01952,23,Female,Andhra Pradesh,Visakhapatnam,Tier 3,Tier 2,AI & ML,B.Tech,6.44,1,No,1,2,51,56,59,52,77.13,Machine Learning Engineer,Not Placed,0.2032,0.0
STU01953,20,Male,Maharashtra,Nagpur,Tier 2,Tier 2,CSE,B.E.,9.19,0,No,2,4,88,91,79,81,85.79,Software Developer,Placed,0.8931,5.91
STU01954,20,Male,Delhi,Delhi,Tier 3,Tier 1,CSE,B.Tech,7.78,0,No,1,1,82,84,61,70,87.57,Software Developer,Placed,0.6896,3.19
STU01955,21,Female,Telangana,Karimnagar,Tier 2,Tier 2,Data Science,B.E.,6.56,0,No,2,1,62,75,70,70,71.52,Data Scientist,Not Placed,0.4769,0.0
STU01956,24,Male,Kerala,Thiruvananthapuram,Tier 3,Tier 2,Data Science,B.Tech,7.58,1,Yes,0,2,55,64,34,80,68.43,Data Scientist,Not Placed,0.4852,0.0
STU01957,24,Male,Uttar Pradesh,Noida,Tier 3,Tier 2,EEE,B.Tech,8.73,0,Yes,2,2,82,53,36,38,79.46,Electrical Engineer,Placed,0.6773,3.05
STU01958,23,Male,Telangana,Warangal,Tier 3,Tier 2,CSE,B.Tech,7.58,0,Yes,0,3,46,86,94,75,81.84,Software Developer,Not Placed,0.6724,0.0
STU01959,24,Male,Kerala,Kochi,Tier 3,Tier 2,AI & ML,B.Tech,8.31,0,Yes,3,0,60,59,79,86,92.36,Machine Learning Engineer,Placed,0.7506,5.47
STU01960,23,Male,Delhi,Delhi,Tier 3,Tier 3,Civil,B.Tech,8.87,0,Yes,1,3,72,90,80,73,80.7,Civil Engineer,Not Placed,0.8335,0.0
STU01961,24,Female,Andhra Pradesh,Visakhapatnam,Tier 1,Tier 2,AI & ML,B.E.,7.3,1,Yes,3,2,72,79,89,70,80.99,Machine Learning Engineer,Placed,0.6711,6.17
STU01962,21,Male,Tamil Nadu,Madurai,Tier 1,Tier 2,CSE,B.Tech,7.41,0,Yes,1,2,60,69,83,59,80.75,Software Developer,Not Placed,0.5976,0.0
STU01963,21,Female,Tamil Nadu,Chennai,Tier 2,Tier 3,Data Science,B.Tech,9.02,2,Yes,4,3,86,88,73,52,93.13,Data Scientist,Not Placed,0.7942,0.0
STU01964,20,Male,Uttar Pradesh,Kanpur,Tier 2,Tier 2,CSE,B.Tech,7.59,0,Yes,4,1,66,53,81,90,90.79,Software Developer,Placed,0.7446,5.45
STU01965,23,Male,Delhi,Delhi,Tier 1,Tier 2,EEE,B.E.,7.36,0,Yes,2,0,67,60,55,62,88.13,Electrical Engineer,Not Placed,0.5397,0.0
STU01966,21,Male,Kerala,Kozhikode,Tier 1,Tier 2,CSE,B.Tech,7.14,0,Yes,4,0,67,70,63,79,96.18,Software Developer,Placed,0.7224,6.31
STU01967,24,Other,Andhra Pradesh,Vijayawada,Tier 3,Tier 3,AI & ML,B.Tech,8.66,0,Yes,2,4,86,94,79,58,70.61,Machine Learning Engineer,Placed,0.8817,3.13
STU01968,20,Male,Maharashtra,Pune,Tier 2,Tier 2,ISE,B.E.,7.86,0,Yes,1,4,78,89,75,76,88.7,Full Stack Developer,Placed,0.8288,7.24
STU01969,24,Female,Karnataka,Bengaluru,Tier 1,Tier 1,ECE,B.Tech,7.09,0,Yes,3,1,62,85,87,62,92.33,Embedded Engineer,Placed,0.6965,4.78
STU01970,21,Male,Delhi,New Delhi,Tier 3,Tier 3,Data Science,B.Tech,7.56,0,Yes,4,2,73,82,49,71,91.64,Data Scientist,Not Placed,0.8109,0.0
STU01971,23,Male,Uttar Pradesh,Kanpur,Tier 2,Tier 2,CSE,B.Tech,9.63,0,Yes,5,1,79,56,35,67,83.04,Software Developer,Not Placed,0.8911,0.0
STU01972,22,Female,Kerala,Thiruvananthapuram,Tier 2,Tier 3,Data Science,B.Tech,9.03,0,No,1,1,69,76,79,53,78.72,Data Scientist,Placed,0.6584,3.91
STU01973,22,Male,Maharashtra,Pune,Tier 1,Tier 3,CSE,B.Tech,6.91,0,Yes,2,4,65,71,81,66,79.92,Software Developer,Not Placed,0.6565,0.0
STU01974,24,Male,West Bengal,Kolkata,Tier 1,Tier 2,ECE,B.Tech,8.02,0,No,2,3,77,50,48,43,78.02,Embedded Engineer,Placed,0.505,5.01
STU01975,23,Male,Kerala,Kozhikode,Tier 2,Tier 2,AI & ML,B.Tech,6.93,0,No,1,4,81,61,68,90,87.24,Machine Learning Engineer,Not Placed,0.6012,0.0
STU01976,21,Male,Karnataka,Mysuru,Tier 2,Tier 1,CSE,B.Tech,7.69,0,No,3,1,75,50,45,64,90.99,Software Developer,Placed,0.5866,4.48
STU01977,20,Female,Karnataka,Bengaluru,Tier 2,Tier 2,Mechanical,B.Tech,6.84,0,Yes,1,3,50,73,84,59,90.44,Design Engineer,Placed,0.5104,4.33
STU01978,20,Female,Andhra Pradesh,Tirupati,Tier 1,Tier 1,Data Science,B.Tech,8.72,0,Yes,2,1,57,70,77,62,75.17,Data Scientist,Not Placed,0.7693,0.0
STU01979,20,Female,Gujarat,Vadodara,Tier 3,Tier 3,AI & ML,B.Tech,6.39,0,No,0,3,62,80,70,68,87.53,Machine Learning Engineer,Not Placed,0.4143,0.0
STU01980,21,Female,Delhi,Delhi,Tier 3,Tier 3,CSE,B.E.,8.66,2,No,2,2,77,84,42,66,71.13,Software Developer,Not Placed,0.566,0.0
STU01981,20,Male,Gujarat,Vadodara,Tier 2,Tier 3,ECE,B.Tech,8.1,0,Yes,3,3,75,66,86,33,89.62,Embedded Engineer,Not Placed,0.679,0.0
STU01982,24,Female,Karnataka,Mysuru,Tier 2,Tier 3,CSE,B.Tech,7.51,0,No,1,4,77,65,56,52,90.06,Software Developer,Placed,0.5394,4.26
STU01983,20,Male,Kerala,Kozhikode,Tier 2,Tier 1,Mechanical,B.Tech,7.87,0,Yes,5,1,75,50,47,53,80.87,Design Engineer,Placed,0.723,4.37
STU01984,20,Female,Delhi,Delhi,Tier 1,Tier 2,Mechanical,B.Tech,8.35,0,No,1,1,69,59,47,56,95.52,Design Engineer,Not Placed,0.5026,0.0
STU01985,24,Male,Karnataka,Mysuru,Tier 2,Tier 2,ECE,B.E.,8.55,1,Yes,2,4,65,64,78,67,65.23,Embedded Engineer,Placed,0.6803,3.74
STU01986,20,Male,Maharashtra,Nagpur,Tier 2,Tier 3,CSE,B.Tech,7.5,0,No,5,5,63,64,62,47,67.65,Software Developer,Not Placed,0.6743,0.0
STU01987,21,Female,Kerala,Kozhikode,Tier 2,Tier 2,CSE,B.Tech,8.57,0,Yes,1,2,76,66,65,73,79.84,Software Developer,Placed,0.7721,6.05
STU01988,21,Female,Telangana,Karimnagar,Tier 3,Tier 2,ECE,B.Tech,8.83,0,No,2,1,97,81,84,89,86.5,Embedded Engineer,Placed,0.8223,3.29
STU01989,24,Male,Karnataka,Mysuru,Tier 2,Tier 3,AI & ML,B.Tech,7.68,2,No,2,3,58,82,81,73,79.96,Machine Learning Engineer,Placed,0.4368,2.5
STU01990,24,Male,Telangana,Warangal,Tier 1,Tier 3,CSE,B.Tech,7.31,0,No,2,0,63,58,32,51,79.4,Software Developer,Not Placed,0.3876,0.0
STU01991,21,Male,Delhi,Delhi,Tier 2,Tier 3,CSE,B.Tech,8.25,0,No,2,1,45,83,59,63,83.93,Software Developer,Not Placed,0.6088,0.0
STU01992,20,Female,Maharashtra,Nagpur,Tier 2,Tier 1,CSE,B.Tech,8.6,2,No,1,2,85,87,62,88,67.39,Software Developer,Placed,0.6621,6.91
STU01993,20,Male,Gujarat,Vadodara,Tier 2,Tier 2,AI & ML,B.Tech,7.58,1,Yes,2,4,73,81,79,58,77.95,Machine Learning Engineer,Placed,0.6812,5.46
STU01994,24,Male,Tamil Nadu,Coimbatore,Tier 3,Tier 1,AI & ML,B.Tech,7.09,1,No,0,3,68,56,42,88,97.16,Machine Learning Engineer,Not Placed,0.4014,0.0
STU01995,24,Male,Andhra Pradesh,Visakhapatnam,Tier 1,Tier 3,ISE,B.E.,8.11,0,Yes,2,1,59,73,85,67,64.73,Full Stack Developer,Placed,0.7036,6.93
STU01996,20,Female,Gujarat,Ahmedabad,Tier 1,Tier 1,ECE,B.Tech,6.81,1,No,1,4,69,30,45,61,88.45,Embedded Engineer,Not Placed,0.2361,0.0
STU01997,24,Female,Delhi,New Delhi,Tier 1,Tier 2,Mechanical,B.E.,8.13,0,Yes,3,2,57,56,78,66,76.87,Design Engineer,Placed,0.6775,6.12
STU01998,20,Female,Uttar Pradesh,Lucknow,Tier 3,Tier 2,CSE,B.Tech,8.91,3,Yes,5,1,84,100,75,45,84.67,Software Developer,Not Placed,0.7344,0.0
STU01999,24,Female,Andhra Pradesh,Vijayawada,Tier 3,Tier 2,AI & ML,B.Tech,7.41,0,Yes,2,0,69,21,46,53,67.88,Machine Learning Engineer,Not Placed,0.3887,0.0
STU02000,22,Female,Gujarat,Surat,Tier 2,Tier 2,AI & ML,B.Tech,7.66,0,Yes,2,2,81,90,64,64,80.44,Machine Learning Engineer,Placed,0.7984,5.46
STU02001,24,Male,Maharashtra,Nagpur,Tier 2,Tier 2,CSE,B.E.,7.4,1,Yes,4,2,67,100,72,66,95.34,Software Developer,Placed,0.7695,6.48
STU02002,22,Male,West Bengal,Kolkata,Tier 3,Tier 3,CSE,B.Tech,8.77,0,No,2,1,98,100,99,63,91.35,Software Developer,Not Placed,0.8346,0.0
STU02003,21,Male,Tamil Nadu,Coimbatore,Tier 2,Tier 1,AI & ML,B.Tech,7.69,0,Yes,0,0,48,68,76,53,74.26,Machine Learning Engineer,Placed,0.5069,4.08
STU02004,23,Female,Maharashtra,Mumbai,Tier 2,Tier 2,ECE,B.Tech,7.86,0,No,2,6,73,48,59,86,93.05,Embedded Engineer,Placed,0.6639,4.13
STU02005,22,Male,Maharashtra,Mumbai,Tier 2,Tier 3,CSE,B.Tech,7.88,0,Yes,4,4,78,70,69,67,93.13,Software Developer,Placed,0.8313,4.01
STU02006,23,Male,Tamil Nadu,Coimbatore,Tier 2,Tier 3,CSE,B.Tech,6.79,0,Yes,0,0,89,65,54,71,79.93,Software Developer,Placed,0.5185,3.95
STU02007,21,Male,Kerala,Kozhikode,Tier 1,Tier 2,ECE,B.E.,7.0,0,No,2,2,80,74,90,84,80.25,Embedded Engineer,Not Placed,0.6031,0.0
STU02008,24,Male,Andhra Pradesh,Tirupati,Tier 3,Tier 3,CSE,B.Tech,6.33,0,Yes,1,2,80,61,56,87,78.84,Software Developer,Placed,0.5643,2.5
STU02009,20,Male,Maharashtra,Mumbai,Tier 2,Tier 3,Civil,B.Tech,6.86,1,No,5,1,75,60,89,54,66.8,Civil Engineer,Placed,0.3999,5.02
STU02010,21,Female,Gujarat,Ahmedabad,Tier 2,Tier 3,EEE,B.Tech,8.31,0,Yes,3,2,77,43,75,66,69.51,Electrical Engineer,Placed,0.6791,5.16
STU02011,22,Female,Andhra Pradesh,Visakhapatnam,Tier 2,Tier 2,CSE,B.Tech,7.96,0,No,3,0,71,100,52,88,75.16,Software Developer,Not Placed,0.8009,0.0
STU02012,22,Female,Telangana,Warangal,Tier 2,Tier 2,CSE,B.Tech,8.11,3,No,2,1,56,100,100,77,82.83,Software Developer,Not Placed,0.4291,0.0
STU02013,23,Male,Maharashtra,Nagpur,Tier 1,Tier 3,ISE,B.E.,8.09,0,Yes,2,2,63,58,50,82,99.79,Full Stack Developer,Not Placed,0.7139,0.0
STU02014,21,Male,West Bengal,Kolkata,Tier 2,Tier 1,AI & ML,B.Tech,7.15,0,No,3,1,79,63,62,95,97.55,Machine Learning Engineer,Not Placed,0.681,0.0
STU02015,22,Male,Delhi,Delhi,Tier 3,Tier 3,Data Science,B.Tech,6.78,0,Yes,2,2,84,64,62,69,82.5,Data Scientist,Placed,0.6298,3.88
STU02016,23,Male,Uttar Pradesh,Lucknow,Tier 2,Tier 1,AI & ML,B.E.,7.54,3,Yes,0,1,56,93,38,45,65.82,Machine Learning Engineer,Not Placed,0.3011,0.0
STU02017,24,Female,Andhra Pradesh,Vijayawada,Tier 3,Tier 3,CSE,B.Tech,6.08,0,Yes,2,3,89,50,37,72,82.77,Software Developer,Placed,0.5399,2.55
STU02018,20,Male,West Bengal,Kolkata,Tier 2,Tier 2,ECE,B.Tech,7.85,0,No,4,3,60,59,70,71,70.54,Embedded Engineer,Placed,0.6449,3.86
STU02019,22,Male,Karnataka,Mysuru,Tier 3,Tier 2,CSE,B.Tech,7.96,0,No,0,0,72,70,61,85,86.22,Software Developer,Placed,0.5712,2.79
STU02020,22,Male,Karnataka,Bengaluru,Tier 2,Tier 2,ECE,B.Tech,8.47,1,Yes,0,1,89,80,47,42,84.16,Embedded Engineer,Placed,0.5822,3.78
STU02021,23,Female,Telangana,Warangal,Tier 3,Tier 2,AI & ML,B.Tech,6.17,0,No,2,1,62,73,73,66,79.74,Machine Learning Engineer,Not Placed,0.413,0.0
STU02022,20,Male,Gujarat,Ahmedabad,Tier 2,Tier 3,Data Science,B.E.,9.51,1,Yes,1,2,72,92,76,64,84.08,Data Scientist,Placed,0.8063,4.01
STU02023,22,Male,Maharashtra,Mumbai,Tier 2,Tier 2,Data Science,B.Tech,8.22,1,Yes,3,3,54,59,46,68,78.63,Data Scientist,Placed,0.6516,6.17
STU02024,23,Male,Maharashtra,Mumbai,Tier 2,Tier 1,Mechanical,B.Tech,7.18,0,No,2,2,97,67,59,75,85.39,Design Engineer,Not Placed,0.6437,0.0
STU02025,21,Male,Kerala,Kochi,Tier 2,Tier 2,EEE,B.Tech,7.39,0,Yes,3,1,69,60,77,54,89.53,Electrical Engineer,Not Placed,0.594,0.0
STU02026,24,Female,West Bengal,Durgapur,Tier 2,Tier 1,CSE,B.Tech,7.58,0,No,2,0,58,100,73,55,89.29,Software Developer,Placed,0.6477,4.23
STU02027,23,Female,Andhra Pradesh,Vijayawada,Tier 2,Tier 3,CSE,B.E.,9.24,1,Yes,2,3,89,85,68,58,72.96,Software Developer,Not Placed,0.8306,0.0
STU02028,21,Male,West Bengal,Durgapur,Tier 2,Tier 3,CSE,B.E.,8.25,0,No,3,0,67,62,40,49,82.24,Software Developer,Not Placed,0.5604,0.0
STU02029,21,Male,Tamil Nadu,Coimbatore,Tier 3,Tier 2,CSE,B.E.,7.31,0,Yes,1,0,64,83,61,95,76.41,Software Developer,Placed,0.7068,3.59
STU02030,23,Female,Karnataka,Bengaluru,Tier 1,Tier 1,ECE,B.E.,6.66,0,No,2,2,78,61,60,79,79.91,Embedded Engineer,Not Placed,0.5176,0.0
STU02031,24,Male,Andhra Pradesh,Vijayawada,Tier 3,Tier 3,CSE,B.Tech,7.7,1,Yes,0,0,86,68,47,60,74.48,Software Developer,Placed,0.4802,4.49
STU02032,23,Female,Maharashtra,Mumbai,Tier 3,Tier 2,ISE,B.E.,9.15,0,No,4,2,74,65,64,92,80.21,Full Stack Developer,Placed,0.8534,6.88
STU02033,21,Male,Tamil Nadu,Chennai,Tier 2,Tier 2,CSE,B.E.,8.78,0,Yes,3,3,80,87,47,65,84.56,Software Developer,Placed,0.8917,6.06
STU02034,23,Male,West Bengal,Durgapur,Tier 1,Tier 3,CSE,B.Tech,6.0,0,No,1,2,64,78,48,80,77.24,Software Developer,Not Placed,0.4239,0.0
STU02035,23,Male,Gujarat,Vadodara,Tier 1,Tier 3,CSE,B.Tech,6.8,0,No,2,3,64,44,70,52,73.26,Software Developer,Placed,0.3504,4.12
STU02036,22,Male,Gujarat,Surat,Tier 2,Tier 2,EEE,B.Tech,7.48,1,Yes,2,1,81,78,83,94,92.54,Electrical Engineer,Placed,0.677,4.7
STU02037,23,Male,Gujarat,Surat,Tier 2,Tier 2,AI & ML,B.Tech,6.59,0,Yes,4,0,50,64,58,58,79.75,Machine Learning Engineer,Placed,0.5361,3.68
STU02038,23,Female,Karnataka,Mysuru,Tier 3,Tier 2,CSE,B.Tech,7.53,0,Yes,1,0,65,74,50,71,78.08,Software Developer,Placed,0.6327,4.11
STU02039,20,Male,Andhra Pradesh,Tirupati,Tier 1,Tier 1,Data Science,B.Tech,9.1,0,No,2,3,79,94,97,69,84.44,Data Scientist,Placed,0.87,7.04
STU02040,21,Male,Kerala,Thiruvananthapuram,Tier 1,Tier 3,AI & ML,B.Tech,8.83,1,Yes,3,4,70,76,85,73,70.38,Machine Learning Engineer,Placed,0.8145,4.09
STU02041,23,Male,Kerala,Thiruvananthapuram,Tier 2,Tier 2,Civil,B.E.,8.08,0,Yes,0,0,70,88,64,71,95.05,Civil Engineer,Placed,0.6837,4.95
STU02042,21,Female,Kerala,Kochi,Tier 3,Tier 2,Data Science,B.Tech,7.7,0,No,0,3,73,68,56,60,85.12,Data Scientist,Not Placed,0.5367,0.0
STU02043,22,Male,Telangana,Warangal,Tier 1,Tier 2,CSE,B.Tech,7.73,0,No,2,2,68,54,78,59,91.32,Software Developer,Placed,0.5237,4.59
STU02044,21,Female,Maharashtra,Nagpur,Tier 2,Tier 2,ECE,B.Tech,7.54,0,Yes,1,2,50,73,61,60,91.08,Embedded Engineer,Placed,0.5661,3.57
STU02045,21,Male,Tamil Nadu,Madurai,Tier 2,Tier 3,AI & ML,B.Tech,8.9,0,Yes,1,3,73,78,53,60,83.59,Machine Learning Engineer,Placed,0.8047,4.53
STU02046,23,Female,West Bengal,Kolkata,Tier 2,Tier 3,Data Science,B.E.,8.24,0,Yes,1,2,90,97,63,48,84.39,Data Scientist,Placed,0.8051,3.67
STU02047,24,Male,Tamil Nadu,Coimbatore,Tier 1,Tier 2,CSE,B.Tech,9.23,1,No,0,2,51,75,59,75,85.5,Software Developer,Not Placed,0.5805,0.0
STU02048,22,Female,Karnataka,Mysuru,Tier 2,Tier 1,Mechanical,B.Tech,7.52,1,No,2,2,79,71,73,80,78.25,Design Engineer,Not Placed,0.5522,0.0
STU02049,24,Male,Telangana,Hyderabad,Tier 2,Tier 2,Mechanical,B.Tech,7.47,0,Yes,1,0,75,71,73,81,98.76,Design Engineer,Placed,0.6346,3.48
STU02050,23,Female,Uttar Pradesh,Kanpur,Tier 1,Tier 1,Data Science,B.Tech,7.03,2,No,2,3,77,93,66,44,82.93,Data Scientist,Not Placed,0.4324,0.0
STU02051,23,Male,Karnataka,Bengaluru,Tier 3,Tier 3,ISE,B.Tech,7.35,0,No,1,1,87,79,47,53,77.48,Full Stack Developer,Not Placed,0.5425,0.0
STU02052,22,Male,Kerala,Thiruvananthapuram,Tier 2,Tier 3,Data Science,B.Tech,8.97,0,Yes,1,3,70,84,68,63,83.52,Data Scientist,Placed,0.8257,4.46
STU02053,20,Male,Tamil Nadu,Coimbatore,Tier 2,Tier 3,Mechanical,B.Tech,7.14,0,Yes,2,3,63,71,56,60,80.88,Design Engineer,Placed,0.6003,3.25
STU02054,21,Male,Karnataka,Mangaluru,Tier 2,Tier 3,AI & ML,B.Tech,8.31,0,Yes,2,3,37,83,67,52,75.6,Machine Learning Engineer,Not Placed,0.7096,0.0
STU02055,24,Female,Telangana,Karimnagar,Tier 1,Tier 1,ECE,B.Tech,7.56,0,No,2,1,76,43,43,69,83.73,Embedded Engineer,Not Placed,0.4762,0.0
STU02056,21,Male,Delhi,Delhi,Tier 2,Tier 3,ECE,B.E.,6.93,0,No,4,2,63,71,71,70,87.32,Embedded Engineer,Placed,0.56,5.62
STU02057,21,Male,Tamil Nadu,Coimbatore,Tier 2,Tier 3,AI & ML,B.Tech,6.74,2,No,2,2,49,47,52,75,88.3,Machine Learning Engineer,Not Placed,0.1835,0.0
STU02058,22,Female,Uttar Pradesh,Kanpur,Tier 1,Tier 3,CSE,B.Tech,9.36,2,No,2,2,79,72,84,44,88.43,Software Developer,Not Placed,0.5309,0.0
STU02059,21,Male,Karnataka,Mangaluru,Tier 2,Tier 2,AI & ML,B.Tech,7.33,0,Yes,5,3,78,64,54,64,89.93,Machine Learning Engineer,Not Placed,0.7962,0.0
STU02060,20,Female,West Bengal,Kolkata,Tier 3,Tier 3,Data Science,B.Tech,7.25,0,No,0,3,34,58,69,86,93.57,Data Scientist,Not Placed,0.384,0.0
STU02061,20,Male,Tamil Nadu,Coimbatore,Tier 1,Tier 2,ISE,B.Tech,6.78,0,No,2,2,60,68,58,99,98.12,Full Stack Developer,Not Placed,0.5752,0.0
STU02062,22,Female,Telangana,Hyderabad,Tier 3,Tier 3,ISE,B.Tech,7.7,1,No,5,2,82,71,70,85,87.66,Full Stack Developer,Not Placed,0.7066,0.0
STU02063,23,Male,Delhi,Delhi,Tier 1,Tier 2,ECE,B.E.,7.36,0,No,1,3,72,63,63,73,88.0,Embedded Engineer,Not Placed,0.5184,0.0
STU02064,22,Female,Karnataka,Mysuru,Tier 3,Tier 1,AI & ML,B.E.,7.79,1,Yes,4,2,70,60,60,75,67.3,Machine Learning Engineer,Not Placed,0.7163,0.0
STU02065,20,Male,West Bengal,Durgapur,Tier 1,Tier 3,Data Science,B.Tech,7.36,1,Yes,2,2,70,72,64,92,83.69,Data Scientist,Not Placed,0.6437,0.0
STU02066,24,Male,Kerala,Kozhikode,Tier 2,Tier 3,Data Science,B.E.,8.31,0,Yes,6,0,91,69,55,74,87.01,Data Scientist,Placed,0.8779,5.09
STU02067,23,Male,Tamil Nadu,Chennai,Tier 2,Tier 3,AI & ML,B.Tech,8.21,0,No,4,0,74,93,78,71,88.36,Machine Learning Engineer,Not Placed,0.7874,0.0
STU02068,22,Male,Kerala,Thiruvananthapuram,Tier 3,Tier 2,ECE,B.Tech,6.56,0,No,3,4,64,47,58,78,76.8,Embedded Engineer,Not Placed,0.4636,0.0
STU02069,24,Female,Gujarat,Ahmedabad,Tier 2,Tier 3,CSE,B.Tech,7.04,0,Yes,5,4,48,72,65,37,87.04,Software Developer,Not Placed,0.6713,0.0
STU02070,21,Male,West Bengal,Kolkata,Tier 1,Tier 1,EEE,B.Tech,6.87,0,No,1,1,43,69,55,72,91.5,Electrical Engineer,Placed,0.3831,4.22
STU02071,24,Male,West Bengal,Kolkata,Tier 2,Tier 2,Mechanical,B.Tech,8.21,0,Yes,0,6,77,52,45,60,82.6,Design Engineer,Placed,0.6762,6.71
STU02072,22,Female,Telangana,Karimnagar,Tier 2,Tier 2,CSE,B.Tech,8.58,0,Yes,0,1,65,87,90,70,88.2,Software Developer,Placed,0.761,5.43
STU02073,22,Female,Gujarat,Surat,Tier 3,Tier 2,CSE,B.Tech,7.87,1,Yes,2,7,48,91,87,71,85.15,Software Developer,Placed,0.7735,7.44
STU02074,22,Male,West Bengal,Durgapur,Tier 3,Tier 3,EEE,B.Tech,7.94,0,Yes,1,1,74,78,46,65,82.45,Electrical Engineer,Not Placed,0.6696,0.0
STU02075,21,Male,Uttar Pradesh,Kanpur,Tier 2,Tier 2,Civil,B.Tech,8.5,0,No,0,2,65,65,82,66,90.13,Civil Engineer,Not Placed,0.5445,0.0
STU02076,23,Female,Maharashtra,Pune,Tier 2,Tier 3,CSE,B.Tech,7.57,0,No,4,3,67,72,66,60,74.24,Software Developer,Not Placed,0.674,0.0
STU02077,22,Male,Kerala,Thiruvananthapuram,Tier 1,Tier 2,EEE,B.E.,6.94,0,Yes,4,2,69,64,99,71,82.64,Electrical Engineer,Placed,0.6759,4.5
STU02078,21,Male,Delhi,New Delhi,Tier 2,Tier 2,ECE,B.Tech,8.61,3,Yes,0,1,55,65,61,66,100.0,Embedded Engineer,Not Placed,0.2907,0.0
STU02079,22,Female,Gujarat,Vadodara,Tier 1,Tier 3,CSE,B.Tech,7.0,0,No,2,1,86,86,82,78,93.59,Software Developer,Placed,0.6475,4.06
STU02080,24,Male,Andhra Pradesh,Visakhapatnam,Tier 2,Tier 1,ISE,B.Tech,8.05,1,Yes,0,1,59,98,63,85,77.5,Full Stack Developer,Placed,0.7099,3.87
STU02081,21,Male,Gujarat,Ahmedabad,Tier 2,Tier 2,Mechanical,B.Tech,7.03,0,No,3,2,62,77,62,76,99.67,Design Engineer,Placed,0.5877,4.83
STU02082,21,Female,Delhi,New Delhi,Tier 3,Tier 2,Mechanical,B.Tech,7.85,0,No,1,1,89,52,81,64,71.03,Design Engineer,Not Placed,0.4989,0.0
STU02083,22,Female,Maharashtra,Nagpur,Tier 2,Tier 1,EEE,B.E.,5.34,0,No,0,0,30,49,55,84,99.12,Electrical Engineer,Not Placed,0.1397,0.0
STU02084,24,Male,Maharashtra,Mumbai,Tier 2,Tier 3,AI & ML,B.E.,8.06,0,Yes,3,4,79,71,62,79,87.84,Machine Learning Engineer,Placed,0.8417,4.53
STU02085,24,Male,Tamil Nadu,Madurai,Tier 1,Tier 2,CSE,B.Tech,8.02,1,Yes,1,2,72,87,38,71,84.49,Software Developer,Not Placed,0.6968,0.0
STU02086,21,Male,Kerala,Kozhikode,Tier 2,Tier 2,CSE,B.Tech,7.06,3,Yes,2,0,59,56,57,61,80.45,Software Developer,Not Placed,0.2054,0.0
STU02087,20,Male,Telangana,Karimnagar,Tier 1,Tier 1,Mechanical,B.Tech,7.48,0,Yes,4,1,60,72,64,77,72.74,Design Engineer,Placed,0.7511,5.03
STU02088,24,Male,Maharashtra,Nagpur,Tier 1,Tier 2,CSE,B.E.,8.16,0,Yes,3,3,66,68,54,75,86.96,Software Developer,Placed,0.8085,4.12
STU02089,23,Female,Maharashtra,Nagpur,Tier 3,Tier 2,CSE,B.Tech,8.2,0,Yes,1,2,95,78,65,65,93.91,Software Developer,Placed,0.8029,5.23
STU02090,20,Female,Karnataka,Mysuru,Tier 1,Tier 3,Civil,B.E.,6.87,1,Yes,4,1,77,49,66,50,87.33,Civil Engineer,Placed,0.4123,3.32
STU02091,22,Male,Kerala,Kochi,Tier 2,Tier 2,Data Science,B.Tech,7.7,1,No,0,2,59,73,75,60,71.93,Data Scientist,Placed,0.3818,2.5
STU02092,20,Female,Tamil Nadu,Chennai,Tier 2,Tier 1,EEE,B.Tech,7.99,0,No,3,1,65,72,77,70,68.89,Electrical Engineer,Placed,0.6637,3.82
STU02093,24,Female,Kerala,Thiruvananthapuram,Tier 2,Tier 2,Data Science,B.E.,8.73,0,No,2,1,73,100,95,93,86.57,Data Scientist,Placed,0.851,9.02
STU02094,23,Male,Uttar Pradesh,Noida,Tier 1,Tier 3,Data Science,B.E.,6.17,0,No,1,3,86,56,92,73,87.16,Data Scientist,Not Placed,0.4142,0.0
STU02095,22,Male,Delhi,Delhi,Tier 3,Tier 2,EEE,B.E.,6.29,0,Yes,0,1,48,49,69,54,79.12,Electrical Engineer,Placed,0.2491,3.44
STU02096,24,Male,Maharashtra,Mumbai,Tier 3,Tier 1,Civil,B.E.,7.69,0,No,2,1,81,60,72,79,83.85,Civil Engineer,Placed,0.6109,3.07
STU02097,22,Male,Maharashtra,Mumbai,Tier 2,Tier 2,CSE,B.Tech,8.47,3,Yes,5,5,68,98,45,64,78.04,Software Developer,Placed,0.7721,7.47
STU02098,20,Male,Uttar Pradesh,Kanpur,Tier 2,Tier 2,CSE,B.Tech,6.39,0,No,6,6,72,65,80,46,79.05,Software Developer,Placed,0.6683,2.5
STU02099,23,Female,Maharashtra,Mumbai,Tier 3,Tier 3,CSE,B.Tech,7.82,0,No,3,4,67,64,61,39,88.66,Software Developer,Not Placed,0.5894,0.0
STU02100,21,Male,Andhra Pradesh,Visakhapatnam,Tier 2,Tier 1,ECE,B.E.,8.61,0,No,4,2,78,39,75,63,78.58,Embedded Engineer,Not Placed,0.6725,0.0
STU02101,22,Male,Uttar Pradesh,Kanpur,Tier 3,Tier 2,ISE,B.Tech,6.79,0,No,1,2,51,72,72,76,76.16,Full Stack Developer,Not Placed,0.454,0.0
STU02102,21,Female,Gujarat,Surat,Tier 3,Tier 1,CSE,B.Tech,8.38,0,Yes,4,2,95,89,56,76,72.27,Software Developer,Placed,0.9224,6.74
STU02103,23,Male,Telangana,Warangal,Tier 2,Tier 2,CSE,B.Tech,8.48,1,Yes,1,2,73,63,72,63,91.39,Software Developer,Placed,0.6279,5.67
STU02104,20,Female,West Bengal,Durgapur,Tier 3,Tier 3,ISE,B.Tech,7.73,2,Yes,2,0,87,63,72,68,74.59,Full Stack Developer,Placed,0.4653,5.02
STU02105,24,Male,Karnataka,Mangaluru,Tier 2,Tier 3,ECE,B.E.,8.29,0,Yes,5,4,55,56,63,62,100.0,Embedded Engineer,Placed,0.7728,6.91
STU02106,20,Male,Tamil Nadu,Coimbatore,Tier 2,Tier 2,CSE,B.E.,8.69,0,Yes,2,0,67,77,80,63,85.37,Software Developer,Not Placed,0.7729,0.0
STU02107,21,Male,Maharashtra,Mumbai,Tier 2,Tier 3,CSE,B.E.,8.08,0,Yes,1,1,76,82,77,43,93.08,Software Developer,Placed,0.6792,5.94
STU02108,22,Female,West Bengal,Kolkata,Tier 3,Tier 3,Data Science,B.Tech,8.26,0,Yes,1,1,64,65,50,55,87.82,Data Scientist,Not Placed,0.6288,0.0
STU02109,22,Female,Kerala,Kozhikode,Tier 1,Tier 2,ECE,B.Tech,8.37,0,Yes,0,0,74,64,61,82,67.86,Embedded Engineer,Placed,0.6569,3.92
STU02110,24,Male,Uttar Pradesh,Lucknow,Tier 1,Tier 3,AI & ML,B.Tech,8.05,2,Yes,1,0,63,80,75,72,83.02,Machine Learning Engineer,Not Placed,0.4732,0.0
STU02111,23,Female,Andhra Pradesh,Visakhapatnam,Tier 1,Tier 2,Data Science,B.Tech,7.31,0,Yes,2,2,71,81,63,44,84.08,Data Scientist,Placed,0.6676,3.43
STU02112,21,Female,Telangana,Karimnagar,Tier 2,Tier 3,EEE,B.Tech,7.27,1,No,2,2,77,68,68,51,77.42,Electrical Engineer,Placed,0.3713,3.31
STU02113,24,Male,West Bengal,Durgapur,Tier 2,Tier 1,Civil,B.Tech,9.77,0,No,5,1,82,69,92,53,76.78,Civil Engineer,Placed,0.8568,8.08
STU02114,20,Male,Andhra Pradesh,Tirupati,Tier 2,Tier 1,Mechanical,B.Tech,6.42,2,Yes,2,1,70,52,50,53,93.69,Design Engineer,Placed,0.2387,8.64
STU02115,22,Male,West Bengal,Durgapur,Tier 2,Tier 2,ECE,B.Tech,8.11,0,No,4,4,59,74,51,72,74.79,Embedded Engineer,Placed,0.7474,4.59
STU02116,24,Male,Uttar Pradesh,Lucknow,Tier 2,Tier 2,CSE,B.E.,6.87,1,No,0,1,71,54,49,57,70.94,Software Developer,Not Placed,0.2332,0.0
STU02117,22,Male,Delhi,Delhi,Tier 1,Tier 2,ISE,B.Tech,7.25,0,No,3,0,65,95,51,73,91.92,Full Stack Developer,Placed,0.6743,5.53
STU02118,20,Male,Maharashtra,Nagpur,Tier 2,Tier 2,CSE,B.Tech,8.33,0,Yes,4,3,84,73,81,62,81.45,Software Developer,Not Placed,0.8633,0.0
STU02119,23,Male,Telangana,Karimnagar,Tier 3,Tier 3,ECE,B.E.,7.28,0,No,4,0,55,76,63,56,78.19,Embedded Engineer,Placed,0.5062,4.96
STU02120,22,Male,Delhi,Delhi,Tier 2,Tier 2,CSE,B.E.,6.9,1,Yes,3,3,47,92,75,68,87.87,Software Developer,Placed,0.6323,4.84
STU02121,24,Male,Uttar Pradesh,Noida,Tier 2,Tier 3,Data Science,B.E.,7.36,1,Yes,3,2,71,74,79,54,83.61,Data Scientist,Placed,0.59,5.52
STU02122,21,Male,Telangana,Hyderabad,Tier 2,Tier 3,CSE,B.Tech,8.59,0,Yes,2,3,85,94,42,84,75.4,Software Developer,Placed,0.898,4.93
STU02123,20,Female,Kerala,Thiruvananthapuram,Tier 1,Tier 1,ISE,B.Tech,7.69,0,Yes,1,4,68,100,65,46,96.9,Full Stack Developer,Placed,0.7926,5.23
STU02124,22,Female,Gujarat,Surat,Tier 2,Tier 3,ECE,B.Tech,6.42,0,Yes,2,1,55,59,68,48,80.75,Embedded Engineer,Not Placed,0.3603,0.0
STU02125,20,Male,Andhra Pradesh,Tirupati,Tier 2,Tier 2,AI & ML,B.Tech,6.43,0,Yes,2,0,58,44,52,65,80.28,Machine Learning Engineer,Not Placed,0.385,0.0
STU02126,21,Male,Kerala,Thiruvananthapuram,Tier 2,Tier 2,ECE,B.Tech,7.39,0,No,1,2,67,53,60,80,73.44,Embedded Engineer,Placed,0.4589,3.22
STU02127,20,Female,Gujarat,Vadodara,Tier 1,Tier 2,AI & ML,B.Tech,6.71,1,No,2,0,73,83,64,51,83.49,Machine Learning Engineer,Placed,0.371,5.0
STU02128,22,Female,Telangana,Hyderabad,Tier 1,Tier 2,Data Science,B.E.,9.46,0,Yes,2,2,72,99,57,73,78.68,Data Scientist,Placed,0.9128,4.08
STU02129,22,Male,Telangana,Hyderabad,Tier 2,Tier 2,CSE,B.Tech,6.19,0,No,1,1,59,77,74,74,81.58,Software Developer,Not Placed,0.4027,0.0
STU02130,22,Male,Andhra Pradesh,Visakhapatnam,Tier 3,Tier 2,EEE,B.Tech,8.13,0,Yes,2,3,67,68,45,64,80.14,Electrical Engineer,Not Placed,0.7257,0.0
STU02131,21,Female,Tamil Nadu,Coimbatore,Tier 1,Tier 2,Civil,B.E.,8.53,0,No,2,0,60,87,89,58,65.11,Civil Engineer,Placed,0.6432,3.62
STU02132,20,Female,Telangana,Karimnagar,Tier 1,Tier 1,ISE,B.Tech,8.99,3,Yes,0,6,62,75,81,49,96.44,Full Stack Developer,Not Placed,0.5265,0.0
STU02133,20,Female,Kerala,Thiruvananthapuram,Tier 3,Tier 1,ECE,B.Tech,8.31,0,No,5,0,70,67,94,58,79.37,Embedded Engineer,Not Placed,0.7129,0.0
STU02134,24,Male,Delhi,New Delhi,Tier 1,Tier 3,EEE,B.Tech,7.15,2,Yes,3,1,81,65,62,64,89.3,Electrical Engineer,Not Placed,0.4129,0.0
STU02135,21,Male,Telangana,Karimnagar,Tier 2,Tier 1,EEE,B.E.,7.7,0,Yes,1,1,69,62,54,48,74.56,Electrical Engineer,Not Placed,0.5606,0.0
STU02136,21,Female,Uttar Pradesh,Noida,Tier 2,Tier 2,ECE,B.Tech,7.57,0,Yes,0,2,71,69,23,59,75.94,Embedded Engineer,Placed,0.5663,2.86
STU02137,22,Male,Delhi,Delhi,Tier 2,Tier 1,ECE,B.Tech,7.04,0,Yes,0,0,67,41,54,62,84.28,Embedded Engineer,Not Placed,0.3622,0.0
STU02138,24,Female,Kerala,Thiruvananthapuram,Tier 1,Tier 1,AI & ML,B.E.,7.6,0,No,2,2,95,43,68,63,80.9,Machine Learning Engineer,Placed,0.5819,3.57
STU02139,23,Male,Karnataka,Mysuru,Tier 1,Tier 1,AI & ML,B.Tech,7.37,0,Yes,0,2,56,71,62,74,71.0,Machine Learning Engineer,Not Placed,0.6188,0.0
STU02140,22,Male,Kerala,Kochi,Tier 2,Tier 2,Data Science,B.Tech,8.39,0,Yes,2,3,63,55,65,63,71.24,Data Scientist,Not Placed,0.7209,0.0
STU02141,24,Female,Maharashtra,Mumbai,Tier 3,Tier 2,Civil,B.E.,8.83,0,Yes,1,2,68,61,62,72,85.48,Civil Engineer,Placed,0.7294,5.26
STU02142,22,Male,Telangana,Hyderabad,Tier 2,Tier 2,Data Science,B.Tech,7.52,3,Yes,3,1,73,66,83,54,83.53,Data Scientist,Placed,0.3536,5.88
STU02143,23,Female,Uttar Pradesh,Kanpur,Tier 3,Tier 2,CSE,B.Tech,7.11,0,Yes,2,2,52,82,65,47,85.11,Software Developer,Placed,0.6071,4.07
STU02144,24,Female,Maharashtra,Mumbai,Tier 2,Tier 1,AI & ML,B.E.,6.71,0,No,3,0,50,56,87,54,80.13,Machine Learning Engineer,Placed,0.3763,3.42
STU02145,23,Male,Tamil Nadu,Chennai,Tier 1,Tier 2,Civil,B.Tech,6.27,2,Yes,1,1,68,58,50,62,78.33,Civil Engineer,Not Placed,0.2082,0.0
STU02146,20,Male,Delhi,Delhi,Tier 2,Tier 3,EEE,B.Tech,7.35,0,Yes,0,2,75,73,68,63,77.46,Electrical Engineer,Placed,0.5641,3.14
STU02147,24,Male,Tamil Nadu,Madurai,Tier 2,Tier 2,Data Science,B.Tech,7.41,0,Yes,0,3,49,84,57,78,87.65,Data Scientist,Placed,0.6634,5.15
STU02148,22,Male,Andhra Pradesh,Vijayawada,Tier 1,Tier 2,ECE,B.Tech,7.62,0,No,2,3,67,95,71,51,77.48,Embedded Engineer,Placed,0.6509,2.5
STU02149,20,Male,Tamil Nadu,Madurai,Tier 2,Tier 3,AI & ML,B.Tech,7.08,1,Yes,1,1,67,79,88,100,81.41,Machine Learning Engineer,Not Placed,0.5919,0.0
STU02150,21,Male,Delhi,New Delhi,Tier 3,Tier 3,CSE,B.Tech,8.18,0,No,1,2,64,66,81,53,74.61,Software Developer,Not Placed,0.5334,0.0
STU02151,22,Male,Delhi,New Delhi,Tier 1,Tier 2,EEE,B.Tech,8.14,0,No,1,3,77,64,61,46,80.11,Electrical Engineer,Placed,0.5454,3.41
STU02152,24,Male,Telangana,Hyderabad,Tier 3,Tier 3,CSE,B.Tech,7.45,0,No,1,4,53,77,65,93,63.69,Software Developer,Not Placed,0.6339,0.0
STU02153,21,Female,Maharashtra,Pune,Tier 2,Tier 3,Data Science,B.Tech,8.33,1,No,1,3,75,90,85,67,78.65,Data Scientist,Placed,0.6419,5.73
STU02154,20,Male,Tamil Nadu,Madurai,Tier 3,Tier 2,EEE,B.E.,8.12,2,No,1,0,73,54,89,72,82.66,Electrical Engineer,Placed,0.2798,2.7
STU02155,20,Male,Tamil Nadu,Madurai,Tier 1,Tier 2,ISE,B.Tech,6.14,0,Yes,4,1,55,53,69,80,71.35,Full Stack Developer,Not Placed,0.5412,0.0
STU02156,20,Female,Maharashtra,Mumbai,Tier 2,Tier 2,Mechanical,B.Tech,8.29,0,Yes,1,1,76,88,67,87,91.08,Design Engineer,Placed,0.8037,3.96
STU02157,22,Male,Tamil Nadu,Coimbatore,Tier 3,Tier 2,Data Science,B.Tech,7.22,2,Yes,3,4,90,71,83,68,85.95,Data Scientist,Placed,0.6163,6.52
STU02158,23,Male,Maharashtra,Pune,Tier 3,Tier 3,Mechanical,B.E.,9.09,0,Yes,1,3,85,93,65,42,86.69,Design Engineer,Not Placed,0.8244,0.0
STU02159,24,Female,Karnataka,Bengaluru,Tier 3,Tier 2,ECE,B.Tech,7.2,0,No,4,1,45,42,77,84,75.19,Embedded Engineer,Placed,0.4433,2.53
STU02160,23,Male,Gujarat,Vadodara,Tier 2,Tier 2,EEE,B.Tech,7.05,0,Yes,0,1,57,79,54,59,87.61,Electrical Engineer,Placed,0.4868,3.65
STU02161,21,Male,Telangana,Hyderabad,Tier 1,Tier 2,CSE,B.Tech,8.37,2,Yes,1,3,62,98,100,69,63.95,Software Developer,Not Placed,0.6662,0.0
STU02162,23,Male,Karnataka,Mangaluru,Tier 3,Tier 2,ISE,B.Tech,7.05,1,No,1,2,85,83,69,69,79.18,Full Stack Developer,Placed,0.5017,4.87
STU02163,20,Male,Kerala,Thiruvananthapuram,Tier 2,Tier 2,Data Science,B.Tech,8.35,0,Yes,3,4,83,57,80,52,70.41,Data Scientist,Not Placed,0.7944,0.0
STU02164,23,Female,Uttar Pradesh,Lucknow,Tier 2,Tier 2,EEE,B.Tech,8.33,0,No,0,1,82,69,76,70,77.7,Electrical Engineer,Not Placed,0.5805,0.0
STU02165,20,Female,West Bengal,Durgapur,Tier 2,Tier 3,EEE,B.Tech,6.48,0,Yes,3,3,44,42,60,78,72.53,Electrical Engineer,Placed,0.439,2.51
STU02166,21,Male,Andhra Pradesh,Visakhapatnam,Tier 2,Tier 3,CSE,B.Tech,7.97,0,Yes,2,4,86,51,55,60,64.64,Software Developer,Not Placed,0.7201,0.0
STU02167,20,Male,Tamil Nadu,Madurai,Tier 2,Tier 2,Civil,B.E.,8.23,1,No,3,3,83,37,54,69,77.33,Civil Engineer,Placed,0.4985,3.6
STU02168,24,Male,Gujarat,Surat,Tier 1,Tier 3,CSE,B.Tech,9.72,0,No,2,3,88,86,77,87,76.23,Software Developer,Placed,0.897,5.02
STU02169,22,Male,Tamil Nadu,Chennai,Tier 2,Tier 2,AI & ML,B.Tech,7.06,0,No,0,4,64,67,56,71,84.94,Machine Learning Engineer,Placed,0.4912,5.15
STU02170,24,Male,Gujarat,Ahmedabad,Tier 3,Tier 3,CSE,B.Tech,6.44,1,Yes,3,2,44,58,84,76,76.68,Software Developer,Not Placed,0.4023,0.0
STU02171,24,Male,West Bengal,Kolkata,Tier 2,Tier 2,ISE,B.Tech,8.4,1,No,3,3,66,55,59,48,62.69,Full Stack Developer,Placed,0.5215,3.89
STU02172,22,Male,Maharashtra,Pune,Tier 3,Tier 1,ECE,B.Tech,7.03,0,No,2,1,70,58,74,49,92.08,Embedded Engineer,Not Placed,0.4079,0.0
STU02173,20,Female,Delhi,New Delhi,Tier 3,Tier 2,Mechanical,B.Tech,7.93,0,No,2,0,75,84,66,69,92.48,Design Engineer,Not Placed,0.6406,0.0
STU02174,22,Male,West Bengal,Kolkata,Tier 2,Tier 3,Data Science,B.Tech,5.33,1,Yes,2,5,74,66,61,60,100.0,Data Scientist,Not Placed,0.3853,0.0
STU02175,23,Female,Telangana,Warangal,Tier 3,Tier 3,Data Science,B.Tech,7.46,0,Yes,2,2,69,74,68,49,91.59,Data Scientist,Not Placed,0.645,0.0
STU02176,24,Female,Telangana,Warangal,Tier 1,Tier 3,Data Science,B.Tech,6.56,1,Yes,1,3,57,59,65,80,87.54,Data Scientist,Not Placed,0.4053,0.0
STU02177,20,Female,West Bengal,Kolkata,Tier 2,Tier 2,Data Science,B.Tech,8.25,1,No,0,4,65,68,52,75,83.14,Data Scientist,Not Placed,0.5315,0.0
STU02178,24,Other,Karnataka,Bengaluru,Tier 2,Tier 2,CSE,B.Tech,8.51,1,Yes,2,2,59,71,68,86,78.29,Software Developer,Not Placed,0.7245,0.0
STU02179,22,Male,Telangana,Hyderabad,Tier 1,Tier 3,Data Science,B.Tech,7.06,1,Yes,5,1,68,95,99,61,74.87,Data Scientist,Placed,0.714,4.29
STU02180,22,Male,Maharashtra,Pune,Tier 1,Tier 1,Mechanical,B.Tech,7.8,0,Yes,5,0,91,65,92,89,98.3,Design Engineer,Placed,0.8479,5.12
STU02181,22,Female,Delhi,New Delhi,Tier 3,Tier 3,Mechanical,B.Tech,8.1,1,No,1,2,86,64,75,83,78.72,Design Engineer,Placed,0.5212,4.68
STU02182,22,Female,Tamil Nadu,Madurai,Tier 3,Tier 2,Civil,B.E.,6.5,0,No,3,1,65,56,44,58,92.89,Civil Engineer,Not Placed,0.3678,0.0
STU02183,21,Male,Telangana,Hyderabad,Tier 3,Tier 3,ISE,B.E.,8.56,0,Yes,2,4,67,77,99,74,82.14,Full Stack Developer,Not Placed,0.8351,0.0
STU02184,21,Male,Gujarat,Surat,Tier 2,Tier 2,CSE,B.E.,6.36,0,Yes,2,1,58,74,70,73,91.74,Software Developer,Placed,0.5588,3.58
STU02185,21,Female,Delhi,Delhi,Tier 2,Tier 1,ECE,B.E.,7.52,0,No,5,2,53,44,66,36,88.08,Embedded Engineer,Placed,0.4683,5.07
STU02186,21,Male,Kerala,Kochi,Tier 1,Tier 2,CSE,B.Tech,6.92,0,No,2,3,63,66,49,84,79.53,Software Developer,Not Placed,0.5713,0.0
STU02187,23,Male,Delhi,New Delhi,Tier 2,Tier 2,EEE,B.Tech,8.41,0,Yes,0,1,92,63,37,100,91.38,Electrical Engineer,Placed,0.7654,5.4
STU02188,22,Female,Andhra Pradesh,Visakhapatnam,Tier 2,Tier 1,CSE,B.E.,6.7,0,Yes,5,1,48,81,65,74,83.18,Software Developer,Placed,0.7441,3.64
STU02189,23,Female,Telangana,Hyderabad,Tier 2,Tier 3,CSE,B.E.,7.92,1,No,1,5,64,87,57,96,84.63,Software Developer,Not Placed,0.6818,0.0
STU02190,22,Female,Kerala,Kozhikode,Tier 1,Tier 1,Mechanical,B.E.,8.08,0,Yes,3,0,71,47,33,47,79.99,Design Engineer,Placed,0.6028,4.61
STU02191,21,Male,Gujarat,Vadodara,Tier 3,Tier 2,Civil,B.Tech,8.98,0,No,2,1,68,76,39,65,73.65,Civil Engineer,Placed,0.706,5.25
STU02192,22,Male,Kerala,Kozhikode,Tier 2,Tier 1,Mechanical,B.E.,7.85,1,No,3,2,79,63,40,70,74.4,Design Engineer,Placed,0.5686,5.06
STU02193,20,Female,Gujarat,Surat,Tier 2,Tier 3,CSE,B.E.,8.48,0,Yes,0,2,66,74,73,70,89.59,Software Developer,Not Placed,0.7132,0.0
STU02194,23,Female,Karnataka,Mysuru,Tier 1,Tier 3,ECE,B.E.,8.16,0,No,4,1,60,59,53,95,83.72,Embedded Engineer,Not Placed,0.6782,0.0
STU02195,22,Male,Delhi,New Delhi,Tier 2,Tier 1,EEE,B.Tech,8.21,0,No,1,1,65,86,57,49,85.03,Electrical Engineer,Placed,0.6034,5.8
STU02196,23,Male,Tamil Nadu,Chennai,Tier 2,Tier 2,Data Science,B.E.,10.0,0,No,2,1,78,82,58,73,67.15,Data Scientist,Placed,0.8591,5.29
STU02197,24,Other,Andhra Pradesh,Tirupati,Tier 3,Tier 3,EEE,B.Tech,8.12,0,No,3,0,71,74,68,54,86.46,Electrical Engineer,Placed,0.588,4.46
STU02198,21,Male,Kerala,Kozhikode,Tier 1,Tier 3,Civil,B.Tech,8.98,1,Yes,4,4,77,78,60,58,82.55,Civil Engineer,Placed,0.8199,5.46
STU02199,22,Male,West Bengal,Durgapur,Tier 1,Tier 2,ISE,B.E.,8.65,0,Yes,1,1,89,78,40,66,80.23,Full Stack Developer,Not Placed,0.8093,0.0
STU02200,20,Male,Kerala,Kozhikode,Tier 2,Tier 3,CSE,B.Tech,9.21,0,Yes,3,3,64,85,74,70,83.9,Software Developer,Placed,0.8861,4.69
STU02201,24,Male,Andhra Pradesh,Visakhapatnam,Tier 1,Tier 2,CSE,B.Tech,6.65,0,No,4,4,63,38,29,75,81.85,Software Developer,Placed,0.5032,3.53
STU02202,23,Male,Tamil Nadu,Chennai,Tier 1,Tier 2,ISE,B.Tech,7.67,0,Yes,4,0,44,79,61,61,100.0,Full Stack Developer,Not Placed,0.7036,0.0
STU02203,24,Female,Maharashtra,Mumbai,Tier 1,Tier 1,CSE,B.Tech,8.84,2,No,2,3,59,71,66,49,77.97,Software Developer,Not Placed,0.498,0.0
STU02204,24,Male,Maharashtra,Mumbai,Tier 3,Tier 2,Data Science,B.Tech,8.2,0,Yes,2,1,74,96,73,68,74.53,Data Scientist,Placed,0.8311,6.58
STU02205,23,Male,West Bengal,Kolkata,Tier 2,Tier 1,Data Science,B.Tech,7.43,0,No,6,4,71,63,58,87,95.23,Data Scientist,Placed,0.8226,6.15
STU02206,23,Female,West Bengal,Kolkata,Tier 2,Tier 3,ISE,B.Tech,6.97,0,No,2,1,68,61,41,29,79.43,Full Stack Developer,Placed,0.3399,2.92
STU02207,21,Male,Telangana,Hyderabad,Tier 1,Tier 2,AI & ML,B.Tech,5.04,2,No,3,1,73,67,83,72,91.21,Machine Learning Engineer,Not Placed,0.1846,0.0
STU02208,20,Female,West Bengal,Durgapur,Tier 1,Tier 2,ISE,B.Tech,8.21,0,No,1,1,78,62,73,79,76.46,Full Stack Developer,Placed,0.6301,8.09
STU02209,20,Male,Telangana,Hyderabad,Tier 3,Tier 2,CSE,B.Tech,8.23,2,Yes,1,1,57,93,59,56,79.78,Software Developer,Placed,0.5307,4.98
STU02210,21,Male,Uttar Pradesh,Lucknow,Tier 3,Tier 2,AI & ML,B.E.,6.15,0,Yes,2,1,72,83,64,77,75.11,Machine Learning Engineer,Placed,0.6266,5.87
STU02211,24,Male,Gujarat,Vadodara,Tier 1,Tier 3,CSE,B.Tech,8.19,0,Yes,3,4,57,89,66,58,83.82,Software Developer,Placed,0.8234,5.17
STU02212,22,Male,Andhra Pradesh,Vijayawada,Tier 3,Tier 2,Data Science,B.Tech,7.91,0,No,2,2,100,90,47,56,98.01,Data Scientist,Placed,0.7634,6.48
STU02213,20,Female,Gujarat,Vadodara,Tier 3,Tier 1,ECE,B.Tech,8.11,0,Yes,2,2,77,87,70,69,90.57,Embedded Engineer,Placed,0.8187,5.65
STU02214,23,Female,Andhra Pradesh,Visakhapatnam,Tier 3,Tier 2,AI & ML,B.E.,8.37,0,Yes,3,4,65,100,78,74,82.34,Machine Learning Engineer,Placed,0.8988,4.03
STU02215,21,Male,Delhi,New Delhi,Tier 2,Tier 3,AI & ML,B.Tech,6.65,0,No,1,1,62,79,62,83,66.42,Machine Learning Engineer,Not Placed,0.4782,0.0
STU02216,22,Female,Gujarat,Surat,Tier 2,Tier 2,AI & ML,B.Tech,8.43,2,Yes,2,0,92,86,59,71,79.18,Machine Learning Engineer,Placed,0.683,5.49
STU02217,21,Female,Andhra Pradesh,Vijayawada,Tier 1,Tier 3,CSE,B.E.,8.95,0,Yes,4,3,64,78,88,79,79.77,Software Developer,Placed,0.8908,5.34
STU02218,20,Female,Gujarat,Vadodara,Tier 2,Tier 2,AI & ML,B.E.,8.49,0,No,4,1,65,96,72,86,89.7,Machine Learning Engineer,Placed,0.8507,4.12
STU02219,23,Male,Kerala,Kochi,Tier 2,Tier 2,ISE,B.Tech,7.33,0,Yes,3,1,74,48,76,52,86.14,Full Stack Developer,Placed,0.58,3.22
STU02220,22,Male,Delhi,New Delhi,Tier 2,Tier 2,Mechanical,B.Tech,6.98,0,No,1,2,78,33,64,57,90.97,Design Engineer,Not Placed,0.2987,0.0
STU02221,23,Female,Andhra Pradesh,Vijayawada,Tier 2,Tier 2,CSE,B.Tech,7.32,2,Yes,4,3,73,69,54,74,80.09,Software Developer,Placed,0.6058,5.87
STU02222,23,Male,Kerala,Thiruvananthapuram,Tier 1,Tier 2,CSE,B.E.,9.14,3,Yes,3,3,54,63,60,55,78.87,Software Developer,Placed,0.5139,4.22
STU02223,24,Female,Andhra Pradesh,Tirupati,Tier 3,Tier 3,Data Science,B.Tech,8.52,0,Yes,3,1,63,100,76,46,84.28,Data Scientist,Placed,0.8194,4.74
STU02224,21,Male,Maharashtra,Pune,Tier 2,Tier 3,CSE,B.Tech,5.0,0,Yes,2,3,57,59,76,71,75.63,Software Developer,Not Placed,0.3631,0.0
STU02225,24,Male,Telangana,Warangal,Tier 2,Tier 3,Data Science,B.Tech,7.56,0,Yes,2,3,81,97,98,85,85.82,Data Scientist,Not Placed,0.8495,0.0
STU02226,23,Male,Kerala,Thiruvananthapuram,Tier 1,Tier 3,ECE,B.E.,7.68,0,Yes,3,2,71,50,61,97,82.39,Embedded Engineer,Not Placed,0.7097,0.0
STU02227,20,Male,Andhra Pradesh,Tirupati,Tier 3,Tier 2,CSE,B.Tech,8.23,0,Yes,0,3,74,98,52,56,70.06,Software Developer,Placed,0.7919,4.8
STU02228,21,Female,Delhi,Delhi,Tier 1,Tier 3,EEE,B.Tech,7.74,0,Yes,4,0,61,80,44,67,86.02,Electrical Engineer,Not Placed,0.7232,0.0
STU02229,20,Female,West Bengal,Durgapur,Tier 1,Tier 2,Mechanical,B.E.,8.76,0,Yes,4,5,40,77,46,71,77.8,Design Engineer,Placed,0.8504,5.83
STU02230,22,Male,West Bengal,Durgapur,Tier 1,Tier 3,CSE,B.E.,7.24,0,Yes,2,3,50,57,69,68,97.38,Software Developer,Placed,0.5719,4.44
STU02231,24,Male,Tamil Nadu,Madurai,Tier 1,Tier 1,Mechanical,B.E.,8.79,0,No,2,1,80,65,68,71,72.31,Design Engineer,Placed,0.7166,6.87
STU02232,20,Female,Telangana,Karimnagar,Tier 2,Tier 2,CSE,B.Tech,7.54,1,No,3,0,84,83,66,65,81.9,Software Developer,Not Placed,0.5803,0.0
STU02233,24,Male,Delhi,Delhi,Tier 2,Tier 2,CSE,B.Tech,8.0,0,Yes,1,2,79,100,65,76,85.62,Software Developer,Placed,0.839,6.36
STU02234,22,Female,Uttar Pradesh,Lucknow,Tier 2,Tier 2,CSE,B.Tech,7.3,0,Yes,0,3,66,36,66,64,79.78,Software Developer,Placed,0.4514,2.66
STU02235,23,Other,Telangana,Karimnagar,Tier 2,Tier 2,CSE,B.Tech,7.38,0,Yes,1,0,52,86,55,69,92.46,Software Developer,Not Placed,0.6249,0.0
STU02236,24,Female,Delhi,Delhi,Tier 1,Tier 3,EEE,B.Tech,8.08,1,Yes,1,1,65,49,53,60,67.91,Electrical Engineer,Not Placed,0.4084,0.0
STU02237,20,Male,Gujarat,Vadodara,Tier 3,Tier 3,ECE,B.E.,7.69,0,No,2,0,78,43,86,68,93.95,Embedded Engineer,Placed,0.4202,5.17
STU02238,24,Male,Kerala,Kozhikode,Tier 2,Tier 2,EEE,B.Tech,8.18,0,Yes,2,2,59,58,76,89,88.62,Electrical Engineer,Placed,0.7156,4.96
STU02239,22,Male,Maharashtra,Mumbai,Tier 3,Tier 3,AI & ML,B.Tech,7.88,0,No,1,1,84,83,82,75,84.29,Machine Learning Engineer,Placed,0.6702,4.84
STU02240,22,Female,Delhi,New Delhi,Tier 3,Tier 2,AI & ML,B.Tech,7.33,0,Yes,0,2,77,75,62,66,67.86,Machine Learning Engineer,Placed,0.6394,2.82
STU02241,23,Male,Andhra Pradesh,Tirupati,Tier 2,Tier 1,AI & ML,B.E.,6.72,1,Yes,2,0,69,50,54,62,83.3,Machine Learning Engineer,Placed,0.3866,5.07
STU02242,22,Male,Karnataka,Mysuru,Tier 3,Tier 3,EEE,B.E.,8.77,1,Yes,2,1,79,74,64,63,74.72,Electrical Engineer,Placed,0.6836,5.54
STU02243,23,Female,West Bengal,Kolkata,Tier 2,Tier 3,ISE,B.Tech,6.31,1,Yes,4,0,38,66,80,69,70.37,Full Stack Developer,Placed,0.3804,3.02
STU02244,22,Female,Kerala,Thiruvananthapuram,Tier 1,Tier 3,CSE,B.Tech,7.56,0,Yes,2,3,63,62,89,61,94.86,Software Developer,Not Placed,0.645,0.0
STU02245,20,Male,Tamil Nadu,Chennai,Tier 2,Tier 1,ECE,B.Tech,8.55,0,Yes,2,3,72,73,81,64,91.35,Embedded Engineer,Placed,0.8076,4.19
STU02246,24,Female,Delhi,New Delhi,Tier 1,Tier 2,AI & ML,B.Tech,7.32,0,Yes,0,2,58,79,51,68,68.21,Machine Learning Engineer,Placed,0.6073,6.2
STU02247,21,Female,Maharashtra,Nagpur,Tier 3,Tier 2,Data Science,B.E.,7.67,0,No,2,1,84,75,66,47,91.61,Data Scientist,Placed,0.5969,4.83
STU02248,24,Female,Andhra Pradesh,Tirupati,Tier 2,Tier 1,Mechanical,B.Tech,7.1,0,No,2,7,46,69,59,62,90.98,Design Engineer,Placed,0.5799,2.5
STU02249,22,Male,Telangana,Hyderabad,Tier 2,Tier 3,CSE,B.E.,7.05,2,Yes,0,0,69,70,58,70,88.58,Software Developer,Not Placed,0.2955,0.0
STU02250,20,Male,Telangana,Hyderabad,Tier 1,Tier 2,CSE,B.E.,8.23,2,Yes,1,1,75,61,60,60,87.43,Software Developer,Not Placed,0.4534,0.0
STU02251,20,Female,West Bengal,Kolkata,Tier 2,Tier 1,Mechanical,B.E.,7.48,1,Yes,2,3,55,52,79,51,87.18,Design Engineer,Not Placed,0.4414,0.0
STU02252,22,Male,Kerala,Kochi,Tier 1,Tier 2,AI & ML,B.E.,7.29,0,No,2,1,57,98,68,66,90.13,Machine Learning Engineer,Not Placed,0.6323,0.0
STU02253,24,Female,West Bengal,Durgapur,Tier 3,Tier 2,Mechanical,B.Tech,7.61,1,Yes,2,3,62,37,50,51,73.11,Design Engineer,Placed,0.3818,4.45
STU02254,24,Male,Gujarat,Ahmedabad,Tier 1,Tier 1,Data Science,B.Tech,8.14,2,No,2,2,70,78,61,61,74.13,Data Scientist,Placed,0.4953,6.38
STU02255,22,Male,Gujarat,Ahmedabad,Tier 2,Tier 1,Data Science,B.Tech,8.15,0,No,1,3,79,64,53,73,86.47,Data Scientist,Placed,0.6908,4.35
STU02256,21,Male,Telangana,Karimnagar,Tier 2,Tier 1,EEE,B.Tech,5.98,3,Yes,3,2,57,61,63,50,89.76,Electrical Engineer,Placed,0.1739,2.88
STU02257,20,Male,Gujarat,Ahmedabad,Tier 1,Tier 1,Data Science,B.Tech,8.16,0,No,0,3,61,55,50,79,77.5,Data Scientist,Placed,0.5795,3.36
STU02258,23,Male,Karnataka,Bengaluru,Tier 2,Tier 2,CSE,B.Tech,8.87,0,No,0,1,65,100,70,65,86.75,Software Developer,Placed,0.7331,6.11
STU02259,24,Other,Tamil Nadu,Coimbatore,Tier 1,Tier 2,CSE,B.Tech,7.31,0,Yes,1,5,86,82,77,41,78.16,Software Developer,Placed,0.7273,2.5
STU02260,21,Female,Andhra Pradesh,Vijayawada,Tier 2,Tier 2,Data Science,B.Tech,6.64,0,No,2,4,59,59,67,74,71.08,Data Scientist,Not Placed,0.4912,0.0
STU02261,22,Female,Gujarat,Surat,Tier 2,Tier 1,CSE,B.E.,5.88,0,Yes,0,3,66,73,75,54,71.82,Software Developer,Not Placed,0.4581,0.0
STU02262,22,Female,West Bengal,Durgapur,Tier 3,Tier 2,ECE,B.Tech,7.49,0,Yes,1,3,63,50,63,74,86.44,Embedded Engineer,Placed,0.5634,3.77
STU02263,21,Female,Andhra Pradesh,Vijayawada,Tier 1,Tier 1,Civil,B.Tech,7.86,1,Yes,3,2,55,74,79,60,84.19,Civil Engineer,Placed,0.6269,4.64
STU02264,20,Female,Maharashtra,Mumbai,Tier 1,Tier 2,Data Science,B.E.,8.59,1,No,2,3,67,82,82,74,86.48,Data Scientist,Not Placed,0.6906,0.0
STU02265,21,Male,Telangana,Warangal,Tier 1,Tier 2,Data Science,B.E.,7.43,2,Yes,1,0,80,97,55,54,77.54,Data Scientist,Placed,0.4967,3.67
STU02266,22,Male,Gujarat,Ahmedabad,Tier 2,Tier 3,CSE,B.Tech,8.65,1,Yes,1,5,63,77,60,62,73.52,Software Developer,Not Placed,0.7187,0.0
STU02267,23,Male,Maharashtra,Nagpur,Tier 1,Tier 2,ECE,B.E.,6.91,0,No,4,2,66,60,59,49,81.23,Embedded Engineer,Placed,0.475,3.06
STU02268,21,Male,Andhra Pradesh,Visakhapatnam,Tier 1,Tier 2,EEE,B.Tech,8.16,0,Yes,2,0,74,68,79,79,74.37,Electrical Engineer,Placed,0.7211,4.45
STU02269,22,Male,Delhi,Delhi,Tier 2,Tier 1,CSE,B.Tech,7.41,1,Yes,1,0,81,83,69,70,89.52,Software Developer,Not Placed,0.6222,0.0
STU02270,20,Female,Andhra Pradesh,Vijayawada,Tier 3,Tier 1,ISE,B.Tech,7.36,0,Yes,0,1,83,72,81,60,85.86,Full Stack Developer,Placed,0.6354,3.86
STU02271,20,Female,Delhi,Delhi,Tier 2,Tier 1,CSE,B.E.,8.33,0,Yes,1,0,63,89,85,84,73.86,Software Developer,Placed,0.8064,3.85
STU02272,20,Male,Andhra Pradesh,Vijayawada,Tier 1,Tier 2,CSE,B.Tech,8.33,0,Yes,5,3,67,88,58,55,65.39,Software Developer,Placed,0.8815,5.27
STU02273,20,Male,Andhra Pradesh,Visakhapatnam,Tier 3,Tier 2,ECE,B.Tech,7.78,0,Yes,2,2,53,59,25,63,70.53,Embedded Engineer,Placed,0.5925,4.02
STU02274,24,Male,Kerala,Thiruvananthapuram,Tier 1,Tier 2,CSE,B.Tech,7.36,0,Yes,3,4,72,94,100,49,73.5,Software Developer,Placed,0.8028,3.39
STU02275,23,Female,Delhi,Delhi,Tier 1,Tier 2,EEE,B.Tech,8.49,1,No,4,1,65,62,75,75,86.99,Electrical Engineer,Placed,0.598,5.34
STU02276,23,Male,Delhi,New Delhi,Tier 1,Tier 2,CSE,B.Tech,7.97,0,Yes,3,4,68,62,52,84,81.7,Software Developer,Placed,0.8138,6.99
STU02277,20,Male,Delhi,Delhi,Tier 2,Tier 2,ECE,B.Tech,9.92,0,No,3,4,58,65,77,54,72.54,Embedded Engineer,Placed,0.7908,7.53
STU02278,21,Male,West Bengal,Kolkata,Tier 2,Tier 1,EEE,B.Tech,7.1,0,Yes,3,4,57,52,50,75,88.45,Electrical Engineer,Not Placed,0.6535,0.0
STU02279,22,Male,Uttar Pradesh,Lucknow,Tier 2,Tier 1,ECE,B.Tech,7.24,0,Yes,4,2,66,60,73,26,79.76,Embedded Engineer,Not Placed,0.5842,0.0
STU02280,20,Female,Maharashtra,Nagpur,Tier 3,Tier 1,ECE,B.E.,8.51,1,No,3,2,70,61,75,42,89.72,Embedded Engineer,Not Placed,0.5229,0.0
STU02281,21,Other,Tamil Nadu,Madurai,Tier 2,Tier 3,CSE,B.Tech,9.31,0,Yes,3,2,91,96,68,71,76.32,Software Developer,Placed,0.9263,7.16
STU02282,20,Male,Kerala,Thiruvananthapuram,Tier 3,Tier 2,ECE,B.Tech,8.36,2,Yes,1,0,56,59,62,46,68.85,Embedded Engineer,Not Placed,0.3073,0.0
STU02283,21,Female,Karnataka,Bengaluru,Tier 2,Tier 3,Data Science,B.E.,7.19,0,No,1,2,73,64,78,69,86.63,Data Scientist,Placed,0.4884,5.92
STU02284,23,Female,Delhi,New Delhi,Tier 3,Tier 2,Mechanical,B.Tech,6.34,0,Yes,2,1,45,65,80,75,88.46,Design Engineer,Placed,0.4455,4.17
STU02285,21,Other,Andhra Pradesh,Tirupati,Tier 2,Tier 3,ECE,B.E.,7.34,0,Yes,1,0,78,58,67,55,80.9,Embedded Engineer,Placed,0.4753,2.5
STU02286,22,Female,Uttar Pradesh,Kanpur,Tier 3,Tier 1,CSE,B.Tech,7.86,2,Yes,1,0,81,63,49,35,78.77,Software Developer,Not Placed,0.3716,0.0
STU02287,23,Male,Gujarat,Vadodara,Tier 1,Tier 2,ECE,B.Tech,7.29,1,No,1,0,66,78,91,71,90.07,Embedded Engineer,Placed,0.3704,3.94
STU02288,21,Female,Delhi,Delhi,Tier 3,Tier 3,CSE,B.Tech,8.48,1,Yes,2,0,65,79,64,57,90.85,Software Developer,Not Placed,0.632,0.0
STU02289,20,Male,Maharashtra,Mumbai,Tier 1,Tier 2,ECE,B.Tech,7.14,0,No,2,4,87,49,64,63,65.4,Embedded Engineer,Placed,0.5163,2.5
STU02290,23,Female,Delhi,Delhi,Tier 3,Tier 1,ISE,B.Tech,6.42,0,Yes,1,2,67,62,69,62,76.09,Full Stack Developer,Not Placed,0.5162,0.0
STU02291,22,Male,Delhi,New Delhi,Tier 3,Tier 1,CSE,B.Tech,9.06,0,Yes,2,3,86,85,86,60,61.41,Software Developer,Placed,0.8957,6.01
STU02292,21,Female,Delhi,Delhi,Tier 2,Tier 2,ISE,B.Tech,7.96,0,Yes,2,1,45,83,67,61,84.27,Full Stack Developer,Placed,0.6936,5.37
STU02293,20,Female,Kerala,Kozhikode,Tier 3,Tier 2,Data Science,B.Tech,10.0,0,No,2,4,68,90,78,82,85.27,Data Scientist,Placed,0.9038,6.73
STU02294,23,Male,Kerala,Kozhikode,Tier 1,Tier 2,ECE,B.Tech,8.86,0,Yes,6,1,77,77,50,43,71.44,Embedded Engineer,Placed,0.8643,6.74
STU02295,24,Male,Karnataka,Mysuru,Tier 2,Tier 2,AI & ML,B.Tech,8.47,1,No,3,0,63,60,62,75,63.65,Machine Learning Engineer,Not Placed,0.5494,0.0
STU02296,24,Male,Kerala,Kochi,Tier 2,Tier 1,ISE,B.Tech,6.59,0,No,1,2,56,51,62,59,84.25,Full Stack Developer,Not Placed,0.337,0.0
STU02297,23,Male,Telangana,Warangal,Tier 3,Tier 3,ECE,B.Tech,7.89,0,Yes,1,1,70,66,75,57,83.62,Embedded Engineer,Placed,0.5797,4.06
STU02298,22,Male,Gujarat,Ahmedabad,Tier 2,Tier 3,Mechanical,B.Tech,7.32,0,No,3,2,71,71,79,72,75.28,Design Engineer,Not Placed,0.5888,0.0
STU02299,21,Male,Tamil Nadu,Madurai,Tier 2,Tier 3,Mechanical,B.E.,7.96,1,No,2,3,71,85,55,66,83.55,Design Engineer,Placed,0.573,4.37
STU02300,20,Male,Gujarat,Surat,Tier 2,Tier 1,CSE,B.Tech,6.27,0,Yes,4,2,54,73,57,33,86.86,Software Developer,Not Placed,0.5576,0.0
STU02301,21,Female,Kerala,Kochi,Tier 2,Tier 2,CSE,B.Tech,6.53,3,No,3,1,52,74,66,60,80.65,Software Developer,Not Placed,0.1772,0.0
STU02302,21,Female,Tamil Nadu,Madurai,Tier 2,Tier 3,Mechanical,B.Tech,7.92,0,Yes,2,3,58,63,45,62,76.59,Design Engineer,Placed,0.6406,6.51
STU02303,21,Female,Delhi,New Delhi,Tier 1,Tier 3,ECE,B.Tech,7.39,1,No,2,0,67,54,48,62,99.46,Embedded Engineer,Not Placed,0.286,0.0
STU02304,21,Male,Gujarat,Surat,Tier 2,Tier 1,Data Science,B.E.,8.05,0,Yes,2,0,67,78,100,67,85.67,Data Scientist,Placed,0.7546,5.91
STU02305,23,Male,Karnataka,Bengaluru,Tier 1,Tier 2,EEE,B.Tech,7.36,2,Yes,3,3,75,71,57,69,75.23,Electrical Engineer,Not Placed,0.5291,0.0
STU02306,20,Female,Andhra Pradesh,Vijayawada,Tier 2,Tier 3,ECE,B.Tech,8.44,0,No,2,1,66,89,69,63,83.58,Embedded Engineer,Not Placed,0.677,0.0
STU02307,23,Female,Delhi,Delhi,Tier 2,Tier 2,AI & ML,B.E.,8.11,0,Yes,0,4,64,70,81,37,88.63,Machine Learning Engineer,Placed,0.6301,5.5
STU02308,24,Male,Kerala,Thiruvananthapuram,Tier 2,Tier 3,ISE,B.Tech,7.25,0,No,1,2,68,72,59,74,92.2,Full Stack Developer,Placed,0.5309,5.21
STU02309,22,Female,Telangana,Warangal,Tier 2,Tier 1,CSE,B.E.,7.24,0,No,3,1,58,46,55,78,84.89,Software Developer,Placed,0.5092,4.33
STU02310,21,Female,Karnataka,Mangaluru,Tier 2,Tier 2,ISE,B.Tech,8.09,0,No,1,3,81,71,51,74,70.97,Full Stack Developer,Placed,0.6938,6.24
STU02311,23,Male,Delhi,Delhi,Tier 3,Tier 2,ISE,B.Tech,9.3,0,No,2,2,82,98,85,65,78.31,Full Stack Developer,Not Placed,0.8622,0.0
STU02312,22,Male,Maharashtra,Nagpur,Tier 1,Tier 2,CSE,B.Tech,8.86,0,Yes,4,1,97,85,85,82,75.92,Software Developer,Placed,0.9238,6.6
STU02313,21,Male,Telangana,Warangal,Tier 2,Tier 1,Data Science,B.Tech,8.51,0,Yes,0,3,97,95,88,79,88.54,Data Scientist,Placed,0.8893,5.61
STU02314,22,Male,Kerala,Thiruvananthapuram,Tier 1,Tier 3,CSE,B.Tech,7.37,0,No,4,1,93,78,68,100,86.93,Software Developer,Placed,0.7922,2.5
STU02315,24,Male,Karnataka,Mysuru,Tier 2,Tier 3,Mechanical,B.Tech,7.81,0,Yes,1,3,72,63,63,63,73.2,Design Engineer,Placed,0.6291,4.49
STU02316,20,Male,Andhra Pradesh,Visakhapatnam,Tier 3,Tier 3,Data Science,B.Tech,7.98,2,No,1,1,65,83,60,76,74.16,Data Scientist,Not Placed,0.4102,0.0
STU02317,20,Male,Delhi,New Delhi,Tier 3,Tier 3,EEE,B.E.,8.07,1,Yes,2,6,80,57,51,75,74.87,Electrical Engineer,Placed,0.6918,7.08
STU02318,21,Male,Telangana,Hyderabad,Tier 1,Tier 3,EEE,B.Tech,8.26,0,Yes,0,1,67,72,71,70,93.11,Electrical Engineer,Placed,0.6309,4.38
STU02319,21,Female,Uttar Pradesh,Kanpur,Tier 1,Tier 1,CSE,B.Tech,7.22,0,Yes,3,2,78,59,45,79,57.73,Software Developer,Placed,0.7436,5.03
STU02320,24,Male,Gujarat,Vadodara,Tier 3,Tier 3,AI & ML,B.Tech,6.68,1,Yes,2,3,82,73,54,57,77.88,Machine Learning Engineer,Placed,0.532,4.75
STU02321,24,Male,Gujarat,Surat,Tier 1,Tier 1,EEE,B.Tech,7.99,0,Yes,3,3,71,49,60,89,90.85,Electrical Engineer,Not Placed,0.7716,0.0
STU02322,21,Male,Karnataka,Mysuru,Tier 1,Tier 2,ECE,B.E.,7.27,1,No,5,5,63,47,71,97,80.05,Embedded Engineer,Placed,0.5979,2.5
STU02323,20,Male,Uttar Pradesh,Noida,Tier 2,Tier 3,AI & ML,B.Tech,8.4,2,Yes,2,0,59,100,99,55,84.95,Machine Learning Engineer,Placed,0.5836,6.18
STU02324,24,Female,Delhi,New Delhi,Tier 1,Tier 3,Mechanical,B.Tech,7.74,0,Yes,4,2,55,78,46,86,89.52,Design Engineer,Placed,0.7823,4.16
STU02325,20,Male,Andhra Pradesh,Vijayawada,Tier 2,Tier 1,Data Science,B.Tech,9.0,0,No,3,3,82,88,85,78,75.53,Data Scientist,Placed,0.8885,6.86
STU02326,22,Male,Andhra Pradesh,Vijayawada,Tier 3,Tier 1,EEE,B.Tech,7.3,0,No,4,2,68,57,72,54,89.82,Electrical Engineer,Not Placed,0.5556,0.0
STU02327,23,Female,Andhra Pradesh,Vijayawada,Tier 3,Tier 1,ECE,B.Tech,7.69,0,Yes,4,4,59,75,48,61,88.11,Embedded Engineer,Not Placed,0.7945,0.0
STU02328,22,Female,Tamil Nadu,Chennai,Tier 2,Tier 3,CSE,B.Tech,9.08,0,Yes,3,0,76,80,62,78,90.57,Software Developer,Placed,0.8636,5.93
STU02329,20,Male,Kerala,Kozhikode,Tier 1,Tier 3,CSE,B.Tech,6.89,0,Yes,2,0,33,96,98,45,87.77,Software Developer,Not Placed,0.5132,0.0
STU02330,22,Male,Maharashtra,Nagpur,Tier 2,Tier 2,Mechanical,B.E.,7.47,0,No,4,3,83,48,58,66,82.29,Design Engineer,Not Placed,0.6091,0.0
STU02331,21,Male,Delhi,Delhi,Tier 3,Tier 2,CSE,B.Tech,8.28,0,No,4,5,91,87,70,68,79.2,Software Developer,Placed,0.8786,3.82
STU02332,23,Female,Kerala,Thiruvananthapuram,Tier 1,Tier 3,Data Science,B.Tech,9.75,1,Yes,4,0,88,71,74,98,80.78,Data Scientist,Placed,0.8906,5.44
STU02333,24,Male,Andhra Pradesh,Tirupati,Tier 3,Tier 2,ECE,B.Tech,7.38,0,Yes,1,4,77,74,80,66,69.1,Embedded Engineer,Placed,0.6915,2.99
STU02334,24,Male,Telangana,Warangal,Tier 1,Tier 2,Mechanical,B.Tech,8.03,0,Yes,3,0,81,79,74,57,80.55,Design Engineer,Placed,0.7488,5.07
STU02335,20,Male,Kerala,Thiruvananthapuram,Tier 2,Tier 2,CSE,B.Tech,6.53,0,Yes,3,2,68,57,69,73,89.64,Software Developer,Not Placed,0.6006,0.0
STU02336,20,Female,West Bengal,Kolkata,Tier 3,Tier 2,Civil,B.E.,6.88,1,Yes,3,0,64,52,56,76,90.14,Civil Engineer,Not Placed,0.4158,0.0
STU02337,24,Male,Delhi,Delhi,Tier 3,Tier 2,CSE,B.Tech,8.64,0,Yes,2,4,83,79,61,74,91.97,Software Developer,Not Placed,0.8771,0.0
STU02338,22,Male,Karnataka,Bengaluru,Tier 2,Tier 2,ECE,B.Tech,7.81,2,No,1,2,90,54,39,44,85.37,Embedded Engineer,Not Placed,0.2662,0.0
STU02339,23,Male,Uttar Pradesh,Kanpur,Tier 2,Tier 2,ECE,B.Tech,7.62,1,No,3,1,65,52,39,43,82.29,Embedded Engineer,Not Placed,0.3229,0.0
STU02340,24,Male,Telangana,Karimnagar,Tier 2,Tier 3,CSE,B.Tech,5.35,0,No,1,4,57,92,55,79,95.27,Software Developer,Placed,0.4392,2.5
STU02341,20,Female,Maharashtra,Pune,Tier 3,Tier 2,AI & ML,B.E.,7.14,0,No,2,4,60,81,68,59,77.08,Machine Learning Engineer,Placed,0.6031,2.79
STU02342,23,Female,Telangana,Warangal,Tier 2,Tier 3,CSE,B.Tech,8.07,0,Yes,0,1,71,63,76,64,85.52,Software Developer,Placed,0.6023,3.63
STU02343,21,Male,Delhi,New Delhi,Tier 2,Tier 2,Data Science,B.Tech,7.83,0,Yes,2,3,67,93,55,83,77.71,Data Scientist,Placed,0.8411,3.96
STU02344,20,Male,Uttar Pradesh,Noida,Tier 1,Tier 3,CSE,B.Tech,7.47,0,Yes,1,1,61,69,47,58,91.46,Software Developer,Placed,0.5598,4.15
STU02345,20,Male,Gujarat,Ahmedabad,Tier 2,Tier 2,CSE,B.Tech,8.29,0,Yes,3,3,67,87,61,70,81.65,Software Developer,Placed,0.8572,6.15
STU02346,22,Male,Maharashtra,Pune,Tier 3,Tier 2,Mechanical,B.E.,7.44,0,No,4,2,71,49,49,41,97.33,Design Engineer,Not Placed,0.4763,0.0
STU02347,24,Male,Telangana,Karimnagar,Tier 3,Tier 2,EEE,B.Tech,8.05,0,Yes,1,1,73,90,79,73,94.09,Electrical Engineer,Placed,0.7565,3.42
STU02348,24,Female,Telangana,Hyderabad,Tier 2,Tier 2,EEE,B.Tech,8.76,1,No,3,3,74,65,29,75,91.24,Electrical Engineer,Placed,0.668,4.58
STU02349,21,Female,Gujarat,Surat,Tier 2,Tier 3,ECE,B.E.,5.82,0,Yes,1,1,75,35,54,80,80.11,Embedded Engineer,Not Placed,0.3036,0.0
STU02350,22,Female,Kerala,Kochi,Tier 2,Tier 1,ECE,B.Tech,7.82,0,Yes,2,2,63,54,72,80,82.88,Embedded Engineer,Placed,0.6784,3.38
STU02351,22,Female,Maharashtra,Nagpur,Tier 1,Tier 3,CSE,B.Tech,7.99,0,No,2,5,93,76,63,83,85.06,Software Developer,Placed,0.805,3.23
STU02352,21,Male,West Bengal,Kolkata,Tier 1,Tier 2,Civil,B.Tech,8.02,0,No,0,2,83,56,74,100,69.97,Civil Engineer,Placed,0.6041,2.89
STU02353,23,Other,Andhra Pradesh,Tirupati,Tier 2,Tier 2,Data Science,B.Tech,7.9,0,No,3,2,82,100,81,45,78.52,Data Scientist,Not Placed,0.7651,0.0
STU02354,21,Male,Telangana,Warangal,Tier 3,Tier 2,ECE,B.Tech,7.77,0,Yes,2,0,68,63,41,54,77.18,Embedded Engineer,Placed,0.5783,4.97
STU02355,20,Female,Delhi,Delhi,Tier 2,Tier 3,CSE,B.Tech,6.6,0,Yes,2,4,56,77,73,43,83.26,Software Developer,Not Placed,0.5587,0.0
STU02356,23,Female,Telangana,Hyderabad,Tier 1,Tier 2,ISE,B.Tech,7.27,2,No,0,4,72,85,81,69,69.27,Full Stack Developer,Not Placed,0.3905,0.0
STU02357,24,Male,Telangana,Hyderabad,Tier 2,Tier 2,CSE,B.Tech,8.07,1,Yes,1,3,77,56,63,64,79.22,Software Developer,Not Placed,0.5922,0.0
STU02358,20,Male,West Bengal,Durgapur,Tier 1,Tier 2,CSE,B.Tech,8.44,1,Yes,2,3,89,72,74,100,65.09,Software Developer,Not Placed,0.8292,0.0
STU02359,21,Male,Andhra Pradesh,Vijayawada,Tier 3,Tier 2,CSE,B.Tech,9.06,1,Yes,4,3,70,85,98,62,70.92,Software Developer,Placed,0.8545,4.93
STU02360,21,Female,Maharashtra,Mumbai,Tier 2,Tier 3,ECE,B.Tech,7.21,0,Yes,4,1,53,59,78,90,82.95,Embedded Engineer,Placed,0.6508,5.85
STU02361,20,Male,Kerala,Kochi,Tier 3,Tier 2,Mechanical,B.E.,8.07,0,Yes,0,0,69,55,66,73,77.01,Design Engineer,Not Placed,0.5467,0.0
STU02362,21,Male,West Bengal,Kolkata,Tier 2,Tier 1,CSE,B.E.,7.46,0,No,0,2,69,68,54,41,76.76,Software Developer,Not Placed,0.4456,0.0
STU02363,24,Female,Tamil Nadu,Coimbatore,Tier 2,Tier 1,ECE,B.Tech,8.05,0,Yes,2,2,45,57,73,86,98.81,Embedded Engineer,Placed,0.6817,6.44
STU02364,21,Female,Gujarat,Vadodara,Tier 2,Tier 3,CSE,B.Tech,9.02,2,Yes,2,2,100,84,54,78,86.39,Software Developer,Placed,0.7853,2.5
STU02365,21,Female,Kerala,Thiruvananthapuram,Tier 3,Tier 3,CSE,B.Tech,7.12,0,No,2,3,67,65,41,69,83.92,Software Developer,Not Placed,0.536,0.0
STU02366,20,Female,Karnataka,Bengaluru,Tier 1,Tier 2,ECE,B.Tech,7.97,1,No,2,1,85,80,84,71,73.6,Embedded Engineer,Placed,0.5789,3.24
STU02367,21,Female,Uttar Pradesh,Kanpur,Tier 2,Tier 2,AI & ML,B.E.,8.12,0,Yes,2,4,54,95,79,61,89.72,Machine Learning Engineer,Placed,0.8194,4.12
STU02368,20,Male,Tamil Nadu,Madurai,Tier 1,Tier 2,ECE,B.Tech,9.01,1,Yes,5,2,76,84,79,69,82.04,Embedded Engineer,Placed,0.8603,4.9
STU02369,23,Female,Uttar Pradesh,Kanpur,Tier 3,Tier 1,CSE,B.Tech,7.73,0,Yes,1,0,67,82,75,67,98.67,Software Developer,Not Placed,0.7051,0.0
STU02370,23,Male,Tamil Nadu,Coimbatore,Tier 2,Tier 2,Data Science,B.Tech,9.16,0,Yes,3,2,86,89,73,63,84.06,Data Scientist,Placed,0.9057,6.59
STU02371,24,Male,West Bengal,Kolkata,Tier 3,Tier 3,ECE,B.Tech,8.17,0,No,2,3,71,72,78,74,81.08,Embedded Engineer,Placed,0.6685,2.77
STU02372,20,Female,Delhi,New Delhi,Tier 3,Tier 2,Data Science,B.Tech,6.96,1,Yes,3,2,78,58,76,71,86.84,Data Scientist,Not Placed,0.5652,0.0
STU02373,21,Male,West Bengal,Kolkata,Tier 1,Tier 1,Data Science,B.Tech,7.54,0,No,1,2,58,44,30,53,79.35,Data Scientist,Not Placed,0.3957,0.0
STU02374,20,Female,Andhra Pradesh,Tirupati,Tier 2,Tier 1,CSE,B.Tech,7.17,0,Yes,1,1,86,60,44,62,74.13,Software Developer,Not Placed,0.6212,0.0
STU02375,20,Female,Andhra Pradesh,Visakhapatnam,Tier 3,Tier 2,ISE,B.Tech,6.03,0,Yes,4,2,67,63,82,81,82.11,Full Stack Developer,Placed,0.635,6.04
STU02376,23,Male,Tamil Nadu,Chennai,Tier 2,Tier 3,CSE,B.Tech,7.65,1,Yes,1,1,77,77,49,82,85.42,Software Developer,Placed,0.6218,4.29
STU02377,24,Male,Uttar Pradesh,Kanpur,Tier 2,Tier 2,Mechanical,B.Tech,7.85,0,Yes,2,3,68,57,70,73,76.01,Design Engineer,Placed,0.6833,3.94
STU02378,20,Female,Andhra Pradesh,Tirupati,Tier 3,Tier 2,Data Science,B.Tech,7.64,0,Yes,3,1,48,80,63,81,91.17,Data Scientist,Not Placed,0.7458,0.0
STU02379,24,Male,West Bengal,Durgapur,Tier 1,Tier 1,CSE,B.Tech,8.43,0,Yes,2,3,75,63,61,81,77.73,Software Developer,Not Placed,0.8306,0.0
STU02380,22,Male,Telangana,Hyderabad,Tier 1,Tier 1,CSE,B.Tech,7.37,0,Yes,3,2,50,61,29,74,85.36,Software Developer,Placed,0.6836,5.47
STU02381,21,Male,Tamil Nadu,Coimbatore,Tier 2,Tier 2,Data Science,B.Tech,8.19,0,Yes,2,5,75,83,59,70,86.28,Data Scientist,Placed,0.857,6.3
STU02382,22,Female,Delhi,Delhi,Tier 1,Tier 2,Data Science,B.Tech,7.92,0,Yes,1,4,67,98,76,68,75.75,Data Scientist,Placed,0.823,7.87
STU02383,24,Male,Karnataka,Mangaluru,Tier 2,Tier 1,CSE,B.Tech,7.32,1,Yes,2,5,85,53,47,71,88.13,Software Developer,Placed,0.6591,2.7
STU02384,23,Female,Kerala,Kochi,Tier 1,Tier 2,ECE,B.E.,7.92,2,Yes,0,3,78,47,26,47,100.0,Embedded Engineer,Placed,0.3037,2.73
STU02385,23,Male,Karnataka,Bengaluru,Tier 3,Tier 2,CSE,B.Tech,8.51,0,No,0,5,71,68,75,62,74.48,Software Developer,Placed,0.6703,4.78
STU02386,24,Female,Karnataka,Mysuru,Tier 3,Tier 2,EEE,B.Tech,7.52,0,No,4,1,70,49,42,70,86.47,Electrical Engineer,Not Placed,0.5437,0.0
STU02387,20,Female,Telangana,Karimnagar,Tier 3,Tier 3,EEE,B.Tech,6.18,0,No,2,1,58,58,58,36,80.57,Electrical Engineer,Placed,0.2215,4.87
STU02388,20,Female,Telangana,Warangal,Tier 1,Tier 1,CSE,B.E.,8.19,0,Yes,1,0,70,100,75,65,84.81,Software Developer,Placed,0.8044,4.48
STU02389,23,Female,Tamil Nadu,Madurai,Tier 3,Tier 2,CSE,B.E.,8.56,0,Yes,2,2,69,82,65,66,82.89,Software Developer,Placed,0.8201,4.89
STU02390,23,Female,Gujarat,Vadodara,Tier 1,Tier 2,Data Science,B.Tech,8.44,0,No,2,4,83,92,65,58,78.4,Data Scientist,Not Placed,0.8126,0.0
STU02391,22,Male,West Bengal,Kolkata,Tier 2,Tier 2,CSE,B.Tech,8.45,0,Yes,2,3,71,91,83,89,93.79,Software Developer,Placed,0.8838,6.22
STU02392,21,Male,Uttar Pradesh,Noida,Tier 1,Tier 2,CSE,B.Tech,8.36,0,No,0,1,66,66,60,81,84.61,Software Developer,Not Placed,0.5926,0.0
STU02393,22,Male,Kerala,Kozhikode,Tier 2,Tier 1,CSE,B.E.,6.23,0,No,1,1,50,56,79,48,82.9,Software Developer,Placed,0.2592,5.44
STU02394,20,Female,Karnataka,Mangaluru,Tier 1,Tier 1,ECE,B.Tech,8.27,2,No,2,5,67,80,83,56,79.8,Embedded Engineer,Not Placed,0.532,0.0
STU02395,24,Male,Karnataka,Bengaluru,Tier 1,Tier 1,Mechanical,B.Tech,7.31,1,No,0,3,63,49,26,44,79.28,Design Engineer,Not Placed,0.2379,0.0
STU02396,21,Male,Andhra Pradesh,Vijayawada,Tier 1,Tier 2,CSE,B.Tech,8.82,0,Yes,0,0,55,67,95,58,85.13,Software Developer,Not Placed,0.6323,0.0
STU02397,24,Male,Gujarat,Surat,Tier 2,Tier 2,CSE,B.E.,6.09,0,Yes,3,1,58,52,78,55,78.56,Software Developer,Not Placed,0.4218,0.0
STU02398,22,Male,Karnataka,Mangaluru,Tier 3,Tier 3,Civil,B.Tech,9.47,1,Yes,1,4,55,88,89,52,79.18,Civil Engineer,Placed,0.7389,6.15
STU02399,24,Male,Karnataka,Mangaluru,Tier 2,Tier 2,EEE,B.Tech,9.29,0,Yes,3,3,80,58,54,47,82.63,Electrical Engineer,Placed,0.81,5.98
STU02400,21,Female,Gujarat,Surat,Tier 3,Tier 2,Civil,B.Tech,6.42,0,Yes,0,4,79,65,55,69,70.55,Civil Engineer,Placed,0.5234,2.97
STU02401,24,Male,Kerala,Kozhikode,Tier 2,Tier 3,CSE,B.Tech,7.61,0,No,1,6,85,52,24,65,89.42,Software Developer,Not Placed,0.6036,0.0
STU02402,24,Female,Andhra Pradesh,Visakhapatnam,Tier 3,Tier 2,EEE,B.Tech,8.63,0,Yes,0,2,87,52,47,89,88.68,Electrical Engineer,Not Placed,0.7295,0.0
STU02403,22,Female,Uttar Pradesh,Lucknow,Tier 3,Tier 3,ECE,B.Tech,8.17,0,Yes,1,1,91,68,49,59,70.5,Embedded Engineer,Placed,0.6813,4.06
STU02404,22,Female,Delhi,Delhi,Tier 2,Tier 3,Mechanical,B.Tech,7.08,1,Yes,1,3,60,58,52,62,96.18,Design Engineer,Not Placed,0.3788,0.0
STU02405,21,Female,Kerala,Kozhikode,Tier 3,Tier 2,EEE,B.Tech,7.16,0,Yes,4,2,56,60,54,86,87.71,Electrical Engineer,Placed,0.6873,3.6
STU02406,21,Male,Kerala,Thiruvananthapuram,Tier 3,Tier 3,Mechanical,B.Tech,10.0,0,Yes,3,4,82,74,49,68,90.45,Design Engineer,Placed,0.9131,5.54
STU02407,20,Female,Karnataka,Mangaluru,Tier 1,Tier 2,Mechanical,B.Tech,7.77,0,Yes,2,1,61,23,64,82,84.94,Design Engineer,Placed,0.4867,2.9
STU02408,21,Male,Uttar Pradesh,Lucknow,Tier 1,Tier 3,CSE,B.Tech,8.66,0,Yes,5,4,74,95,75,57,83.24,Software Developer,Not Placed,0.9173,0.0
STU02409,21,Male,West Bengal,Durgapur,Tier 3,Tier 2,AI & ML,B.Tech,6.53,0,Yes,2,3,60,68,64,60,81.84,Machine Learning Engineer,Placed,0.5677,4.68
STU02410,22,Male,Uttar Pradesh,Lucknow,Tier 3,Tier 3,Data Science,B.E.,6.41,0,Yes,2,1,75,93,100,50,82.45,Data Scientist,Not Placed,0.6105,0.0
STU02411,23,Female,Andhra Pradesh,Visakhapatnam,Tier 3,Tier 2,ISE,B.E.,7.33,0,Yes,5,2,69,100,79,70,96.29,Full Stack Developer,Placed,0.8673,4.03
STU02412,24,Female,Karnataka,Mangaluru,Tier 3,Tier 2,Mechanical,B.Tech,8.59,2,Yes,1,3,71,61,47,68,67.2,Design Engineer,Not Placed,0.5179,0.0
STU02413,23,Other,Maharashtra,Nagpur,Tier 2,Tier 3,EEE,B.Tech,6.92,3,No,2,1,59,48,70,81,98.99,Electrical Engineer,Placed,0.1299,3.24
STU02414,24,Female,Uttar Pradesh,Lucknow,Tier 3,Tier 3,CSE,B.E.,7.88,3,Yes,1,0,67,80,87,57,88.53,Software Developer,Not Placed,0.3169,0.0
STU02415,20,Male,Andhra Pradesh,Tirupati,Tier 3,Tier 1,ECE,B.Tech,7.67,0,No,2,4,82,98,91,71,77.37,Embedded Engineer,Placed,0.793,2.54
STU02416,22,Male,Gujarat,Vadodara,Tier 2,Tier 3,CSE,B.E.,7.73,1,Yes,2,1,67,59,81,87,92.0,Software Developer,Placed,0.5814,3.53
STU02417,24,Female,Telangana,Hyderabad,Tier 2,Tier 2,ISE,B.Tech,8.63,0,No,1,1,73,86,76,78,84.25,Full Stack Developer,Placed,0.7474,7.31
STU02418,20,Male,Andhra Pradesh,Visakhapatnam,Tier 1,Tier 2,Civil,B.Tech,6.49,0,No,1,0,37,67,55,51,80.95,Civil Engineer,Placed,0.2269,4.8
STU02419,21,Female,Gujarat,Surat,Tier 2,Tier 2,CSE,B.E.,8.75,0,Yes,0,3,95,50,33,65,100.0,Software Developer,Not Placed,0.7441,0.0
STU02420,22,Female,Uttar Pradesh,Lucknow,Tier 2,Tier 2,Data Science,B.E.,8.21,0,Yes,0,2,78,69,88,47,86.79,Data Scientist,Placed,0.6562,3.67
STU02421,24,Male,Karnataka,Mangaluru,Tier 2,Tier 3,ISE,B.Tech,8.67,0,No,1,1,77,82,80,85,76.2,Full Stack Developer,Not Placed,0.7466,0.0
STU02422,23,Female,Kerala,Thiruvananthapuram,Tier 3,Tier 1,ISE,B.Tech,7.62,0,No,4,1,69,75,71,66,80.29,Full Stack Developer,Not Placed,0.7109,0.0
STU02423,21,Female,Tamil Nadu,Coimbatore,Tier 3,Tier 2,ISE,B.Tech,7.3,0,No,1,1,64,94,84,66,81.69,Full Stack Developer,Placed,0.5936,4.63
STU02424,21,Female,West Bengal,Durgapur,Tier 3,Tier 1,Civil,B.E.,10.0,0,Yes,2,2,61,75,73,63,97.33,Civil Engineer,Placed,0.8674,5.31
STU02425,23,Female,Gujarat,Ahmedabad,Tier 2,Tier 3,CSE,B.Tech,7.77,0,Yes,4,1,76,64,52,55,83.57,Software Developer,Placed,0.7254,3.86
STU02426,23,Male,Kerala,Thiruvananthapuram,Tier 2,Tier 3,EEE,B.Tech,9.21,0,Yes,3,2,81,72,63,54,74.49,Electrical Engineer,Placed,0.8295,3.5
STU02427,22,Female,Telangana,Karimnagar,Tier 3,Tier 2,AI & ML,B.E.,7.91,2,Yes,2,1,88,84,64,91,66.01,Machine Learning Engineer,Placed,0.6882,6.56
STU02428,24,Male,Tamil Nadu,Coimbatore,Tier 1,Tier 1,CSE,B.Tech,6.15,0,Yes,1,0,39,60,30,71,87.97,Software Developer,Not Placed,0.3724,0.0
STU02429,22,Male,Andhra Pradesh,Vijayawada,Tier 3,Tier 3,CSE,B.Tech,8.76,0,Yes,2,2,55,86,95,75,79.07,Software Developer,Placed,0.8233,4.33
STU02430,22,Female,Delhi,Delhi,Tier 1,Tier 2,AI & ML,B.Tech,7.21,0,Yes,1,2,46,79,75,54,75.38,Machine Learning Engineer,Placed,0.5637,2.83
STU02431,21,Female,Delhi,New Delhi,Tier 1,Tier 2,AI & ML,B.Tech,8.05,0,No,1,3,67,88,88,58,86.3,Machine Learning Engineer,Placed,0.6783,5.12
STU02432,22,Female,Karnataka,Mangaluru,Tier 3,Tier 3,Civil,B.Tech,7.49,0,Yes,4,2,68,67,60,64,92.01,Civil Engineer,Placed,0.7027,4.67
STU02433,22,Male,Uttar Pradesh,Noida,Tier 1,Tier 3,ISE,B.Tech,7.99,0,Yes,3,2,51,79,95,67,86.39,Full Stack Developer,Not Placed,0.7513,0.0
STU02434,23,Female,Andhra Pradesh,Tirupati,Tier 2,Tier 2,ECE,B.E.,7.55,0,No,2,1,84,82,69,62,87.24,Embedded Engineer,Placed,0.6212,3.43
STU02435,23,Female,Andhra Pradesh,Tirupati,Tier 3,Tier 3,ECE,B.Tech,6.79,2,No,1,2,70,68,64,63,81.38,Embedded Engineer,Not Placed,0.2115,0.0
STU02436,21,Male,Delhi,Delhi,Tier 1,Tier 2,ISE,B.Tech,5.99,0,Yes,2,1,44,100,47,74,96.33,Full Stack Developer,Placed,0.5944,3.55
STU02437,21,Male,Gujarat,Vadodara,Tier 1,Tier 3,EEE,B.Tech,7.89,1,Yes,2,1,63,100,77,56,84.36,Electrical Engineer,Placed,0.6387,6.31
STU02438,22,Female,Telangana,Karimnagar,Tier 1,Tier 1,Data Science,B.E.,6.53,3,Yes,5,2,51,58,76,90,86.05,Data Scientist,Not Placed,0.3902,0.0
STU02439,21,Male,Andhra Pradesh,Visakhapatnam,Tier 1,Tier 1,CSE,B.E.,6.68,0,No,0,4,55,49,69,51,98.86,Software Developer,Not Placed,0.3183,0.0
STU02440,21,Female,Telangana,Karimnagar,Tier 3,Tier 3,CSE,B.Tech,8.59,2,Yes,1,0,76,82,82,61,94.6,Software Developer,Placed,0.5492,4.89
STU02441,24,Male,Tamil Nadu,Coimbatore,Tier 1,Tier 2,AI & ML,B.Tech,8.94,0,No,3,5,72,95,55,88,81.74,Machine Learning Engineer,Placed,0.9049,5.13
STU02442,20,Male,Andhra Pradesh,Visakhapatnam,Tier 3,Tier 3,Civil,B.E.,7.86,1,Yes,4,1,71,62,55,60,67.57,Civil Engineer,Placed,0.5921,5.77
STU02443,24,Female,Uttar Pradesh,Lucknow,Tier 2,Tier 3,AI & ML,B.Tech,7.27,0,Yes,3,0,73,64,69,60,76.48,Machine Learning Engineer,Not Placed,0.6205,0.0
STU02444,20,Female,Gujarat,Surat,Tier 1,Tier 3,ECE,B.Tech,7.67,1,Yes,2,5,84,43,81,80,77.65,Embedded Engineer,Not Placed,0.5943,0.0
STU02445,24,Female,Karnataka,Bengaluru,Tier 3,Tier 3,ECE,B.Tech,7.6,0,Yes,1,2,64,75,82,67,67.49,Embedded Engineer,Placed,0.6233,3.58
STU02446,23,Female,Delhi,Delhi,Tier 1,Tier 1,CSE,B.Tech,7.55,0,No,2,4,76,83,72,56,73.62,Software Developer,Placed,0.7145,3.78
STU02447,20,Male,West Bengal,Durgapur,Tier 2,Tier 2,Data Science,B.Tech,5.74,0,No,1,2,68,76,75,72,76.79,Data Scientist,Not Placed,0.3941,0.0
STU02448,24,Female,Gujarat,Vadodara,Tier 2,Tier 3,CSE,B.Tech,6.13,0,No,1,3,77,69,52,89,75.2,Software Developer,Not Placed,0.4886,0.0
STU02449,20,Female,Delhi,Delhi,Tier 3,Tier 3,Mechanical,B.Tech,8.56,0,Yes,1,2,66,60,53,57,74.97,Design Engineer,Not Placed,0.6385,0.0
STU02450,24,Female,West Bengal,Kolkata,Tier 2,Tier 2,Civil,B.Tech,7.42,0,Yes,2,0,82,79,100,58,82.09,Civil Engineer,Placed,0.6599,5.1
STU02451,21,Male,Andhra Pradesh,Tirupati,Tier 3,Tier 3,Data Science,B.Tech,6.82,0,Yes,2,4,47,60,50,39,91.39,Data Scientist,Not Placed,0.4679,0.0
STU02452,24,Male,Uttar Pradesh,Kanpur,Tier 3,Tier 3,AI & ML,B.E.,7.06,0,Yes,4,1,56,38,68,67,74.04,Machine Learning Engineer,Not Placed,0.5214,0.0
STU02453,21,Male,Kerala,Kozhikode,Tier 1,Tier 2,AI & ML,B.Tech,7.78,0,No,0,0,83,77,80,47,92.98,Machine Learning Engineer,Placed,0.5014,5.56
STU02454,21,Male,Tamil Nadu,Coimbatore,Tier 1,Tier 3,ISE,B.Tech,6.54,0,Yes,1,2,46,96,85,82,86.34,Full Stack Developer,Placed,0.6268,4.14
STU02455,20,Female,Uttar Pradesh,Lucknow,Tier 2,Tier 1,CSE,B.E.,8.53,0,No,1,0,84,80,90,27,64.8,Software Developer,Placed,0.6158,2.97
STU02456,22,Male,Maharashtra,Mumbai,Tier 2,Tier 2,Civil,B.E.,10.0,0,Yes,1,1,87,100,75,79,86.44,Civil Engineer,Placed,0.9192,5.31
STU02457,20,Male,Delhi,New Delhi,Tier 2,Tier 2,Data Science,B.Tech,8.4,2,Yes,0,1,69,94,67,57,97.86,Data Scientist,Placed,0.5485,4.52
STU02458,22,Male,Gujarat,Ahmedabad,Tier 2,Tier 2,ISE,B.Tech,8.13,0,Yes,4,4,76,77,65,65,88.91,Full Stack Developer,Placed,0.8659,5.88
STU02459,24,Male,Uttar Pradesh,Lucknow,Tier 1,Tier 1,CSE,B.Tech,7.08,0,Yes,2,2,77,73,67,68,84.49,Software Developer,Placed,0.7168,2.75
STU02460,22,Female,Kerala,Kozhikode,Tier 1,Tier 1,AI & ML,B.E.,8.5,2,Yes,1,1,68,85,51,59,80.48,Machine Learning Engineer,Placed,0.5965,3.31
STU02461,21,Male,Telangana,Hyderabad,Tier 1,Tier 2,Data Science,B.E.,8.11,0,No,4,1,84,85,47,57,82.23,Data Scientist,Not Placed,0.7772,0.0
STU02462,21,Male,Uttar Pradesh,Lucknow,Tier 3,Tier 1,ECE,B.Tech,8.28,1,No,2,2,72,67,47,60,74.38,Embedded Engineer,Placed,0.5393,5.05
STU02463,22,Male,Tamil Nadu,Madurai,Tier 2,Tier 2,EEE,B.Tech,6.6,0,Yes,3,4,58,41,57,77,76.12,Electrical Engineer,Not Placed,0.5318,0.0
STU02464,23,Male,Uttar Pradesh,Lucknow,Tier 2,Tier 2,ISE,B.Tech,8.44,0,Yes,2,2,59,54,35,57,88.99,Full Stack Developer,Placed,0.6755,4.55
STU02465,23,Female,Kerala,Kozhikode,Tier 2,Tier 3,CSE,B.Tech,6.9,0,Yes,2,1,76,73,58,83,81.84,Software Developer,Placed,0.6723,6.75
STU02466,24,Male,Kerala,Thiruvananthapuram,Tier 3,Tier 3,CSE,B.E.,7.64,1,Yes,1,0,74,69,81,53,94.37,Software Developer,Not Placed,0.4657,0.0
STU02467,24,Female,West Bengal,Kolkata,Tier 1,Tier 3,ECE,B.Tech,7.48,0,No,0,2,57,60,67,74,69.65,Embedded Engineer,Not Placed,0.3889,0.0
STU02468,23,Male,Kerala,Thiruvananthapuram,Tier 2,Tier 3,Data Science,B.E.,8.95,2,No,2,2,75,69,61,59,83.19,Data Scientist,Placed,0.5044,5.55
STU02469,20,Male,Telangana,Warangal,Tier 2,Tier 2,ECE,B.Tech,9.16,0,Yes,2,2,86,71,59,61,75.68,Embedded Engineer,Placed,0.8296,5.66
STU02470,20,Male,Andhra Pradesh,Vijayawada,Tier 1,Tier 2,AI & ML,B.Tech,7.16,1,Yes,4,2,88,100,51,64,67.3,Machine Learning Engineer,Placed,0.7904,5.69
STU02471,20,Female,Kerala,Thiruvananthapuram,Tier 3,Tier 3,Data Science,B.Tech,8.64,1,No,0,0,53,99,75,52,77.83,Data Scientist,Placed,0.4899,2.98
STU02472,21,Male,Maharashtra,Nagpur,Tier 1,Tier 1,Data Science,B.Tech,7.8,1,Yes,1,5,65,71,44,33,74.46,Data Scientist,Not Placed,0.5804,0.0
STU02473,21,Male,West Bengal,Kolkata,Tier 2,Tier 1,ECE,B.Tech,7.14,0,No,1,2,68,70,66,62,91.71,Embedded Engineer,Placed,0.4857,2.5
STU02474,24,Male,Kerala,Thiruvananthapuram,Tier 2,Tier 2,AI & ML,B.Tech,6.02,1,No,0,2,67,73,67,48,83.22,Machine Learning Engineer,Not Placed,0.2163,0.0
STU02475,21,Male,Andhra Pradesh,Vijayawada,Tier 1,Tier 1,CSE,B.Tech,7.34,2,No,1,2,40,68,50,62,78.22,Software Developer,Not Placed,0.2514,0.0
STU02476,24,Female,Tamil Nadu,Coimbatore,Tier 1,Tier 2,ISE,B.Tech,7.95,0,Yes,0,1,63,57,75,58,83.17,Full Stack Developer,Not Placed,0.5418,0.0
STU02477,21,Male,Tamil Nadu,Coimbatore,Tier 2,Tier 2,CSE,B.Tech,9.15,0,Yes,6,2,90,89,66,68,80.14,Software Developer,Not Placed,0.9481,0.0
STU02478,22,Male,Andhra Pradesh,Visakhapatnam,Tier 2,Tier 2,Mechanical,B.Tech,6.22,1,Yes,3,2,81,55,46,80,83.37,Design Engineer,Placed,0.4676,4.23
STU02479,20,Male,Delhi,New Delhi,Tier 3,Tier 3,CSE,B.Tech,7.73,0,No,1,3,76,81,74,63,86.39,Software Developer,Placed,0.6373,6.41
STU02480,23,Female,Maharashtra,Mumbai,Tier 1,Tier 3,EEE,B.Tech,6.65,0,No,2,4,56,59,66,69,79.81,Electrical Engineer,Not Placed,0.4124,0.0
STU02481,21,Male,Delhi,New Delhi,Tier 2,Tier 2,Civil,B.Tech,7.97,0,No,1,2,86,81,62,58,87.34,Civil Engineer,Placed,0.6371,4.64
STU02482,20,Male,West Bengal,Durgapur,Tier 2,Tier 2,ISE,B.Tech,7.43,0,No,4,1,56,56,51,66,72.56,Full Stack Developer,Not Placed,0.5492,0.0
STU02483,22,Male,Karnataka,Bengaluru,Tier 2,Tier 3,Data Science,B.Tech,8.97,0,No,3,1,84,93,83,70,80.57,Data Scientist,Placed,0.8427,3.49
STU02484,23,Male,Kerala,Thiruvananthapuram,Tier 3,Tier 2,Data Science,B.E.,8.87,0,No,2,0,67,100,36,61,72.28,Data Scientist,Placed,0.7772,4.81
STU02485,22,Female,Delhi,Delhi,Tier 1,Tier 1,AI & ML,B.E.,7.79,1,Yes,3,1,76,70,48,67,74.99,Machine Learning Engineer,Placed,0.6898,4.21
STU02486,20,Male,Maharashtra,Mumbai,Tier 1,Tier 2,CSE,B.E.,7.72,0,No,3,2,66,68,66,53,82.01,Software Developer,Not Placed,0.6051,0.0
STU02487,23,Female,Gujarat,Surat,Tier 2,Tier 3,EEE,B.E.,8.29,1,No,0,2,70,68,63,71,89.86,Electrical Engineer,Placed,0.4324,4.43
STU02488,20,Female,Gujarat,Ahmedabad,Tier 1,Tier 2,CSE,B.Tech,7.43,0,Yes,0,6,56,74,48,54,85.92,Software Developer,Not Placed,0.6469,0.0
STU02489,23,Male,Telangana,Hyderabad,Tier 2,Tier 2,Data Science,B.Tech,7.82,1,Yes,2,1,70,68,62,84,82.04,Data Scientist,Not Placed,0.6484,0.0
STU02490,23,Male,Telangana,Warangal,Tier 2,Tier 3,EEE,B.E.,7.8,0,Yes,1,1,69,94,47,65,76.19,Electrical Engineer,Not Placed,0.7051,0.0
STU02491,20,Male,West Bengal,Kolkata,Tier 1,Tier 3,Mechanical,B.E.,8.49,1,No,2,5,89,78,36,72,62.31,Design Engineer,Placed,0.7098,3.71
STU02492,22,Other,Karnataka,Mysuru,Tier 1,Tier 3,Data Science,B.Tech,7.17,0,No,1,4,66,57,70,66,80.32,Data Scientist,Placed,0.4746,2.5
STU02493,24,Male,Kerala,Kochi,Tier 2,Tier 2,CSE,B.Tech,8.41,0,Yes,5,1,32,69,100,67,82.63,Software Developer,Placed,0.7731,7.18
STU02494,20,Male,Kerala,Kozhikode,Tier 1,Tier 1,Mechanical,B.Tech,10.0,0,No,2,1,70,77,74,54,76.52,Design Engineer,Placed,0.7964,3.65
STU02495,24,Female,Gujarat,Ahmedabad,Tier 1,Tier 2,Data Science,B.Tech,7.43,2,No,4,1,56,100,80,77,86.7,Data Scientist,Placed,0.5547,5.65
STU02496,20,Female,Maharashtra,Pune,Tier 2,Tier 2,ECE,B.E.,8.24,0,Yes,2,2,59,41,45,62,85.0,Embedded Engineer,Placed,0.5791,4.32
STU02497,21,Male,Andhra Pradesh,Vijayawada,Tier 1,Tier 3,CSE,B.Tech,7.46,0,No,2,1,71,54,61,70,74.77,Software Developer,Placed,0.4907,3.28
STU02498,21,Male,Telangana,Hyderabad,Tier 2,Tier 2,Data Science,B.E.,7.84,0,No,2,1,37,67,61,60,87.15,Data Scientist,Not Placed,0.4794,0.0
STU02499,22,Female,Gujarat,Ahmedabad,Tier 1,Tier 2,CSE,B.Tech,7.48,0,No,2,0,71,60,47,90,87.84,Software Developer,Placed,0.5743,2.5
STU02500,22,Male,Andhra Pradesh,Tirupati,Tier 3,Tier 3,AI & ML,B.E.,8.72,1,Yes,3,2,64,76,69,75,94.69,Machine Learning Engineer,Placed,0.7647,7.74
STU02501,22,Male,Maharashtra,Pune,Tier 1,Tier 3,Data Science,B.Tech,8.56,0,No,1,3,60,82,76,68,94.06,Data Scientist,Placed,0.6953,4.58
STU02502,20,Female,Tamil Nadu,Coimbatore,Tier 1,Tier 2,CSE,B.Tech,7.45,0,No,1,1,61,62,79,77,72.38,Software Developer,Not Placed,0.4914,0.0
STU02503,23,Male,West Bengal,Kolkata,Tier 1,Tier 3,EEE,B.Tech,7.6,0,Yes,1,1,63,42,60,59,71.47,Electrical Engineer,Not Placed,0.4256,0.0
STU02504,24,Male,Delhi,Delhi,Tier 2,Tier 1,ISE,B.Tech,8.15,0,No,1,1,84,70,47,53,84.99,Full Stack Developer,Not Placed,0.6298,0.0
STU02505,24,Female,Delhi,New Delhi,Tier 2,Tier 3,CSE,B.Tech,6.75,1,No,4,4,67,53,87,74,93.0,Software Developer,Not Placed,0.458,0.0
STU02506,21,Male,Andhra Pradesh,Tirupati,Tier 2,Tier 2,CSE,B.Tech,5.97,0,Yes,5,0,54,74,83,49,89.21,Software Developer,Not Placed,0.5414,0.0
STU02507,22,Male,Telangana,Hyderabad,Tier 1,Tier 2,CSE,B.Tech,7.62,0,No,3,1,61,69,51,78,81.38,Software Developer,Not Placed,0.6311,0.0
STU02508,23,Male,Tamil Nadu,Chennai,Tier 1,Tier 1,Mechanical,B.Tech,6.56,0,No,2,2,65,50,72,81,81.57,Design Engineer,Not Placed,0.4242,0.0
STU02509,21,Female,Uttar Pradesh,Noida,Tier 1,Tier 3,ECE,B.E.,6.81,2,No,0,1,64,66,73,52,83.89,Embedded Engineer,Not Placed,0.1387,0.0
STU02510,20,Male,Kerala,Kozhikode,Tier 3,Tier 2,CSE,B.Tech,5.98,0,No,2,1,71,69,50,88,78.17,Software Developer,Placed,0.4651,2.5
STU02511,22,Male,Karnataka,Mysuru,Tier 2,Tier 2,ECE,B.Tech,8.3,0,Yes,1,3,94,63,42,69,89.76,Embedded Engineer,Placed,0.7626,5.45
STU02512,20,Female,Kerala,Kochi,Tier 2,Tier 3,CSE,B.Tech,8.46,0,Yes,2,1,71,66,60,61,71.23,Software Developer,Not Placed,0.7251,0.0
STU02513,24,Male,Andhra Pradesh,Tirupati,Tier 1,Tier 1,Civil,B.E.,7.2,0,Yes,5,1,62,72,67,49,84.53,Civil Engineer,Not Placed,0.7003,0.0
STU02514,21,Male,Andhra Pradesh,Tirupati,Tier 2,Tier 1,ECE,B.E.,8.72,0,Yes,3,0,55,61,29,91,84.33,Embedded Engineer,Placed,0.7847,5.8
STU02515,24,Male,Gujarat,Vadodara,Tier 1,Tier 2,EEE,B.Tech,7.11,1,Yes,3,4,63,55,77,61,90.47,Electrical Engineer,Placed,0.5064,5.39
STU02516,20,Male,Andhra Pradesh,Vijayawada,Tier 3,Tier 3,CSE,B.Tech,7.23,0,Yes,3,4,69,59,51,77,95.47,Software Developer,Not Placed,0.7187,0.0
STU02517,23,Male,Karnataka,Bengaluru,Tier 2,Tier 3,CSE,B.Tech,7.96,1,No,1,2,87,84,71,63,85.09,Software Developer,Placed,0.5754,4.19
STU02518,20,Male,Telangana,Warangal,Tier 1,Tier 2,ISE,B.Tech,7.59,0,No,1,1,68,85,53,62,68.65,Full Stack Developer,Not Placed,0.5856,0.0
STU02519,22,Male,Telangana,Karimnagar,Tier 2,Tier 1,CSE,B.Tech,8.78,0,Yes,3,2,68,78,56,71,78.31,Software Developer,Placed,0.8691,4.31
STU02520,22,Male,Maharashtra,Nagpur,Tier 3,Tier 2,Mechanical,B.Tech,7.92,0,No,3,3,72,47,44,70,89.15,Design Engineer,Placed,0.59,4.73
STU02521,23,Male,Uttar Pradesh,Noida,Tier 3,Tier 3,CSE,B.Tech,8.22,0,No,6,1,72,66,75,68,84.1,Software Developer,Placed,0.7729,6.39
STU02522,24,Female,West Bengal,Durgapur,Tier 1,Tier 2,CSE,B.Tech,7.9,1,Yes,1,2,72,74,43,58,87.02,Software Developer,Not Placed,0.5957,0.0
STU02523,22,Male,Delhi,New Delhi,Tier 1,Tier 2,CSE,B.Tech,7.67,0,Yes,3,2,40,31,30,71,77.1,Software Developer,Not Placed,0.523,0.0
STU02524,21,Male,Kerala,Thiruvananthapuram,Tier 3,Tier 2,Data Science,B.Tech,8.37,0,No,1,0,46,80,93,98,80.71,Data Scientist,Not Placed,0.6622,0.0
STU02525,23,Male,Tamil Nadu,Chennai,Tier 2,Tier 3,EEE,B.E.,7.42,0,No,0,1,72,61,90,72,67.13,Electrical Engineer,Not Placed,0.3999,0.0
STU02526,21,Male,Kerala,Kochi,Tier 1,Tier 1,CSE,B.Tech,8.88,1,Yes,1,1,58,68,80,87,86.63,Software Developer,Placed,0.7153,5.25
STU02527,20,Male,West Bengal,Durgapur,Tier 2,Tier 2,Civil,B.Tech,7.77,1,Yes,4,1,84,85,74,73,80.51,Civil Engineer,Placed,0.7578,7.26
STU02528,24,Female,Karnataka,Mangaluru,Tier 2,Tier 1,EEE,B.Tech,8.41,0,No,5,0,71,59,50,98,84.96,Electrical Engineer,Placed,0.7867,5.15
STU02529,23,Male,West Bengal,Durgapur,Tier 2,Tier 2,Data Science,B.Tech,8.63,0,Yes,0,1,75,78,87,70,79.1,Data Scientist,Placed,0.7575,2.5
STU02530,22,Female,Andhra Pradesh,Vijayawada,Tier 1,Tier 1,AI & ML,B.Tech,8.95,1,Yes,0,1,75,100,63,84,71.37,Machine Learning Engineer,Placed,0.8196,4.87
STU02531,20,Male,Maharashtra,Nagpur,Tier 3,Tier 2,CSE,B.E.,6.74,0,Yes,1,2,80,94,84,83,85.63,Software Developer,Placed,0.7444,5.92
STU02532,23,Male,Tamil Nadu,Madurai,Tier 2,Tier 2,AI & ML,B.Tech,6.8,1,No,0,3,57,71,78,77,85.16,Machine Learning Engineer,Not Placed,0.3448,0.0
STU02533,24,Male,Maharashtra,Pune,Tier 1,Tier 2,Data Science,B.Tech,6.2,0,No,1,1,61,65,44,66,78.5,Data Scientist,Not Placed,0.3367,0.0
STU02534,20,Male,Tamil Nadu,Chennai,Tier 2,Tier 1,CSE,B.Tech,7.08,0,Yes,2,4,67,84,55,43,84.28,Software Developer,Placed,0.7129,5.59
STU02535,22,Female,Uttar Pradesh,Noida,Tier 2,Tier 2,AI & ML,B.Tech,7.2,0,Yes,2,3,54,84,44,51,84.89,Machine Learning Engineer,Placed,0.664,7.89
STU02536,20,Male,Uttar Pradesh,Lucknow,Tier 2,Tier 3,AI & ML,B.Tech,8.25,0,Yes,2,0,77,57,50,46,82.8,Machine Learning Engineer,Placed,0.6236,4.71
STU02537,20,Male,Tamil Nadu,Madurai,Tier 2,Tier 3,CSE,B.Tech,8.53,0,Yes,3,0,76,83,100,47,89.81,Software Developer,Not Placed,0.782,0.0
STU02538,22,Male,Maharashtra,Pune,Tier 3,Tier 3,Mechanical,B.Tech,7.15,0,No,2,2,55,73,45,51,72.33,Design Engineer,Not Placed,0.4238,0.0
STU02539,22,Male,Kerala,Kozhikode,Tier 2,Tier 1,Data Science,B.Tech,7.73,0,No,3,1,63,68,68,75,90.42,Data Scientist,Placed,0.6639,5.28
STU02540,23,Female,Gujarat,Ahmedabad,Tier 1,Tier 3,AI & ML,B.Tech,7.58,0,Yes,0,2,57,81,98,53,81.27,Machine Learning Engineer,Placed,0.5788,5.35
STU02541,20,Male,Andhra Pradesh,Visakhapatnam,Tier 1,Tier 1,Civil,B.Tech,6.73,0,Yes,3,1,58,70,72,59,85.72,Civil Engineer,Placed,0.5778,3.83
STU02542,22,Male,Telangana,Hyderabad,Tier 2,Tier 3,AI & ML,B.Tech,7.98,1,Yes,5,1,79,100,100,75,90.46,Machine Learning Engineer,Placed,0.8481,4.51
STU02543,24,Male,West Bengal,Kolkata,Tier 1,Tier 3,CSE,B.E.,9.5,0,No,4,1,78,79,74,55,76.35,Software Developer,Placed,0.8308,5.51
STU02544,21,Male,Gujarat,Surat,Tier 1,Tier 3,EEE,B.Tech,8.15,1,Yes,0,2,76,69,75,81,68.21,Electrical Engineer,Placed,0.5798,5.28
STU02545,23,Male,Delhi,Delhi,Tier 2,Tier 1,AI & ML,B.Tech,8.12,0,Yes,2,5,77,78,73,55,71.01,Machine Learning Engineer,Placed,0.8362,4.73
STU02546,22,Male,Gujarat,Ahmedabad,Tier 1,Tier 2,ISE,B.Tech,8.98,0,Yes,5,1,93,100,59,82,90.64,Full Stack Developer,Placed,0.9502,5.63
STU02547,20,Male,Karnataka,Mangaluru,Tier 3,Tier 2,AI & ML,B.Tech,7.85,0,Yes,0,3,71,86,56,77,85.39,Machine Learning Engineer,Placed,0.7626,5.33
STU02548,20,Male,Kerala,Kozhikode,Tier 2,Tier 3,ECE,B.E.,8.58,1,No,1,1,71,85,78,48,97.1,Embedded Engineer,Placed,0.4949,4.7
STU02549,21,Male,Andhra Pradesh,Tirupati,Tier 2,Tier 2,AI & ML,B.E.,7.46,0,No,2,1,67,80,74,80,87.93,Machine Learning Engineer,Placed,0.6411,5.01
STU02550,23,Male,Uttar Pradesh,Kanpur,Tier 3,Tier 2,CSE,B.Tech,8.53,1,Yes,3,2,60,62,41,71,71.02,Software Developer,Not Placed,0.6956,0.0
STU02551,24,Male,Andhra Pradesh,Tirupati,Tier 1,Tier 3,CSE,B.Tech,8.51,0,Yes,2,2,76,79,73,56,94.02,Software Developer,Placed,0.7901,6.72
STU02552,24,Male,Andhra Pradesh,Tirupati,Tier 3,Tier 2,EEE,B.E.,8.99,2,No,2,0,72,69,68,52,78.83,Electrical Engineer,Not Placed,0.4126,0.0
STU02553,24,Female,Kerala,Kozhikode,Tier 2,Tier 2,Mechanical,B.Tech,7.43,1,Yes,4,3,59,51,57,97,87.71,Design Engineer,Placed,0.6374,6.06
STU02554,20,Male,Telangana,Karimnagar,Tier 3,Tier 3,ECE,B.E.,8.42,0,Yes,0,4,76,59,55,67,86.76,Embedded Engineer,Not Placed,0.6781,0.0
STU02555,22,Male,Delhi,New Delhi,Tier 2,Tier 3,ISE,B.Tech,7.92,0,Yes,2,2,87,82,93,61,76.87,Full Stack Developer,Placed,0.7867,4.09
STU02556,24,Male,Andhra Pradesh,Vijayawada,Tier 3,Tier 2,Civil,B.Tech,8.28,0,Yes,1,0,65,45,53,54,83.45,Civil Engineer,Not Placed,0.501,0.0
STU02557,24,Male,Kerala,Kochi,Tier 2,Tier 2,CSE,B.Tech,9.46,0,No,1,2,76,88,71,94,88.77,Software Developer,Placed,0.8609,6.25
STU02558,23,Male,Uttar Pradesh,Lucknow,Tier 3,Tier 2,AI & ML,B.Tech,6.15,2,No,0,1,72,76,74,54,95.45,Machine Learning Engineer,Not Placed,0.1689,0.0
STU02559,20,Male,Delhi,Delhi,Tier 3,Tier 3,Data Science,B.Tech,7.19,0,Yes,2,3,58,83,60,67,72.67,Data Scientist,Placed,0.6946,3.08
STU02560,21,Male,Gujarat,Vadodara,Tier 3,Tier 2,CSE,B.Tech,6.29,0,No,4,4,62,65,77,66,98.78,Software Developer,Not Placed,0.5544,0.0
STU02561,23,Male,Tamil Nadu,Chennai,Tier 2,Tier 2,CSE,B.Tech,6.89,3,Yes,4,3,73,79,59,63,85.61,Software Developer,Not Placed,0.4584,0.0
STU02562,21,Female,Kerala,Kochi,Tier 2,Tier 2,Civil,B.Tech,8.08,0,Yes,1,0,69,46,76,85,79.57,Civil Engineer,Placed,0.5868,5.38
STU02563,21,Male,Tamil Nadu,Madurai,Tier 1,Tier 3,ISE,B.Tech,7.29,2,No,2,1,76,77,71,69,71.02,Full Stack Developer,Not Placed,0.3653,0.0
STU02564,22,Male,Maharashtra,Nagpur,Tier 1,Tier 2,ISE,B.E.,8.88,0,No,3,3,68,80,60,91,80.66,Full Stack Developer,Placed,0.8513,3.61
STU02565,22,Male,Delhi,New Delhi,Tier 2,Tier 2,AI & ML,B.E.,7.47,0,No,3,4,64,51,75,91,72.23,Machine Learning Engineer,Placed,0.6546,3.51
STU02566,22,Male,Maharashtra,Mumbai,Tier 1,Tier 3,ISE,B.Tech,7.15,0,Yes,1,2,79,66,65,53,72.71,Full Stack Developer,Placed,0.5745,5.19
STU02567,24,Male,Gujarat,Surat,Tier 1,Tier 2,EEE,B.Tech,7.72,0,Yes,0,1,91,49,46,67,77.01,Electrical Engineer,Placed,0.553,4.24
STU02568,20,Male,West Bengal,Durgapur,Tier 3,Tier 3,ECE,B.E.,7.58,2,Yes,2,3,65,68,48,57,83.77,Embedded Engineer,Placed,0.4103,3.93
STU02569,21,Female,West Bengal,Durgapur,Tier 1,Tier 2,CSE,B.Tech,8.49,3,Yes,1,3,73,82,67,70,80.85,Software Developer,Placed,0.5383,7.79
STU02570,21,Male,Tamil Nadu,Chennai,Tier 3,Tier 2,Data Science,B.Tech,8.25,0,No,0,0,59,70,42,41,95.87,Data Scientist,Not Placed,0.4336,0.0
STU02571,22,Female,Karnataka,Mysuru,Tier 1,Tier 1,CSE,B.E.,8.58,1,Yes,2,1,85,95,85,47,82.54,Software Developer,Not Placed,0.785,0.0
STU02572,22,Male,Kerala,Kozhikode,Tier 3,Tier 3,EEE,B.E.,6.73,1,No,0,3,58,63,66,73,93.04,Electrical Engineer,Not Placed,0.2526,0.0
STU02573,20,Female,Karnataka,Mangaluru,Tier 1,Tier 2,Data Science,B.Tech,8.05,0,Yes,3,5,68,87,87,53,69.09,Data Scientist,Placed,0.8442,2.5
STU02574,20,Female,Telangana,Warangal,Tier 1,Tier 1,CSE,B.Tech,7.35,0,Yes,4,2,67,64,49,64,81.78,Software Developer,Placed,0.7471,5.42
STU02575,23,Male,Uttar Pradesh,Noida,Tier 2,Tier 2,CSE,B.Tech,8.1,1,Yes,4,4,64,70,84,71,73.51,Software Developer,Not Placed,0.7697,0.0
STU02576,20,Male,Karnataka,Bengaluru,Tier 2,Tier 3,CSE,B.E.,8.66,0,No,1,1,58,79,62,65,84.19,Software Developer,Not Placed,0.6353,0.0
STU02577,21,Female,Gujarat,Surat,Tier 2,Tier 1,CSE,B.E.,8.45,0,Yes,2,0,64,84,44,65,79.65,Software Developer,Not Placed,0.7946,0.0
STU02578,22,Male,Maharashtra,Nagpur,Tier 2,Tier 2,CSE,B.E.,6.42,0,No,1,2,55,41,37,64,63.2,Software Developer,Not Placed,0.2676,0.0
STU02579,22,Female,Telangana,Karimnagar,Tier 1,Tier 2,ISE,B.Tech,8.03,0,No,5,4,76,67,59,51,89.54,Full Stack Developer,Placed,0.7692,3.67
STU02580,23,Female,Delhi,New Delhi,Tier 3,Tier 1,CSE,B.Tech,8.04,0,Yes,2,1,86,64,72,57,72.22,Software Developer,Placed,0.7455,3.93
STU02581,23,Male,Telangana,Warangal,Tier 2,Tier 2,ECE,B.E.,9.04,0,Yes,4,1,58,67,78,46,67.98,Embedded Engineer,Placed,0.7687,5.1
STU02582,23,Male,Delhi,New Delhi,Tier 2,Tier 3,EEE,B.Tech,7.26,0,No,2,2,67,82,73,82,72.1,Electrical Engineer,Not Placed,0.6041,0.0
STU02583,24,Male,Kerala,Thiruvananthapuram,Tier 1,Tier 3,Mechanical,B.E.,7.84,3,No,0,1,71,55,78,68,71.55,Design Engineer,Not Placed,0.15,0.0
STU02584,21,Male,Uttar Pradesh,Kanpur,Tier 3,Tier 2,AI & ML,B.E.,7.29,0,No,3,0,70,63,66,80,82.78,Machine Learning Engineer,Placed,0.5782,4.67
STU02585,23,Female,Andhra Pradesh,Vijayawada,Tier 1,Tier 2,Data Science,B.E.,7.31,0,Yes,3,1,75,82,53,46,91.37,Data Scientist,Placed,0.7039,4.83
STU02586,22,Male,Tamil Nadu,Coimbatore,Tier 1,Tier 2,Civil,B.Tech,6.53,1,Yes,0,1,47,36,52,44,80.37,Civil Engineer,Not Placed,0.1405,0.0
STU02587,23,Female,Uttar Pradesh,Lucknow,Tier 3,Tier 2,Mechanical,B.Tech,8.2,1,Yes,2,3,70,87,78,73,85.15,Design Engineer,Placed,0.7396,5.86
STU02588,24,Male,Tamil Nadu,Coimbatore,Tier 3,Tier 3,Mechanical,B.E.,6.62,1,Yes,2,1,46,57,34,90,83.53,Design Engineer,Placed,0.3603,3.86
STU02589,23,Female,Delhi,Delhi,Tier 2,Tier 2,EEE,B.Tech,8.9,0,Yes,0,0,84,50,59,62,80.73,Electrical Engineer,Not Placed,0.6269,0.0
STU02590,24,Female,Gujarat,Vadodara,Tier 3,Tier 2,ECE,B.Tech,7.74,0,No,1,1,84,54,91,70,85.09,Embedded Engineer,Not Placed,0.4988,0.0
STU02591,24,Female,Tamil Nadu,Chennai,Tier 1,Tier 2,ISE,B.Tech,8.89,0,Yes,1,3,87,76,47,40,84.21,Full Stack Developer,Not Placed,0.7997,0.0
STU02592,20,Male,Gujarat,Surat,Tier 2,Tier 1,ISE,B.E.,8.47,0,No,2,0,74,86,71,42,73.07,Full Stack Developer,Placed,0.6885,3.8
STU02593,24,Male,Andhra Pradesh,Vijayawada,Tier 1,Tier 3,ECE,B.E.,7.48,0,Yes,2,3,45,63,54,51,77.74,Embedded Engineer,Not Placed,0.5228,0.0
STU02594,21,Male,Kerala,Kochi,Tier 2,Tier 1,Data Science,B.E.,9.35,0,Yes,5,4,76,80,67,79,73.89,Data Scientist,Placed,0.9497,4.42
STU02595,24,Male,Delhi,New Delhi,Tier 2,Tier 3,ISE,B.Tech,7.96,0,Yes,4,0,63,100,77,69,91.66,Full Stack Developer,Placed,0.834,4.8
STU02596,24,Male,Gujarat,Vadodara,Tier 2,Tier 1,CSE,B.Tech,8.48,0,Yes,3,1,60,67,66,82,83.62,Software Developer,Placed,0.8169,6.31
STU02597,21,Male,West Bengal,Durgapur,Tier 1,Tier 3,ECE,B.E.,7.53,0,Yes,2,1,64,75,76,60,79.87,Embedded Engineer,Placed,0.6144,5.61
STU02598,23,Female,Gujarat,Surat,Tier 2,Tier 3,CSE,B.Tech,7.15,0,Yes,2,2,60,95,100,100,72.5,Software Developer,Placed,0.7924,5.77
STU02599,21,Female,West Bengal,Kolkata,Tier 2,Tier 3,Mechanical,B.E.,6.15,0,No,3,0,42,50,48,62,86.4,Design Engineer,Not Placed,0.229,0.0
STU02600,22,Male,Uttar Pradesh,Kanpur,Tier 1,Tier 3,Civil,B.Tech,8.05,0,Yes,4,2,59,87,71,76,84.04,Civil Engineer,Placed,0.8187,2.61
STU02601,23,Female,Maharashtra,Mumbai,Tier 3,Tier 2,ISE,B.Tech,8.73,0,Yes,1,1,60,92,92,67,86.99,Full Stack Developer,Placed,0.8023,4.94
STU02602,21,Male,West Bengal,Kolkata,Tier 2,Tier 2,CSE,B.Tech,7.79,0,Yes,0,1,66,98,81,72,95.46,Software Developer,Not Placed,0.7377,0.0
STU02603,21,Male,Tamil Nadu,Coimbatore,Tier 1,Tier 2,CSE,B.Tech,8.74,3,No,3,3,74,80,58,76,75.76,Software Developer,Not Placed,0.5556,0.0
STU02604,23,Male,Kerala,Kochi,Tier 2,Tier 2,Mechanical,B.E.,7.49,0,Yes,2,2,53,61,52,51,88.26,Design Engineer,Placed,0.5343,6.52
STU02605,23,Female,Kerala,Kochi,Tier 3,Tier 2,EEE,B.Tech,8.53,1,No,1,6,53,82,44,58,79.1,Electrical Engineer,Placed,0.5949,4.76
STU02606,23,Male,Delhi,New Delhi,Tier 2,Tier 2,Civil,B.Tech,6.97,0,Yes,3,2,82,57,50,75,80.1,Civil Engineer,Placed,0.6559,4.52
STU02607,24,Male,Delhi,New Delhi,Tier 2,Tier 2,Civil,B.Tech,9.03,0,Yes,1,4,76,83,44,61,82.2,Civil Engineer,Placed,0.8376,5.26
STU02608,23,Female,Andhra Pradesh,Vijayawada,Tier 1,Tier 1,CSE,B.Tech,8.14,0,Yes,2,2,72,78,61,67,97.44,Software Developer,Placed,0.8058,4.92
STU02609,24,Male,Andhra Pradesh,Vijayawada,Tier 1,Tier 1,Civil,B.E.,8.86,1,Yes,3,1,58,100,67,46,65.73,Civil Engineer,Placed,0.7691,6.2
STU02610,21,Male,Kerala,Kochi,Tier 3,Tier 2,Data Science,B.Tech,7.35,0,Yes,2,4,77,70,78,61,95.9,Data Scientist,Placed,0.7297,6.91
STU02611,22,Male,Uttar Pradesh,Noida,Tier 1,Tier 2,Data Science,B.Tech,8.18,1,No,2,3,67,79,65,85,86.67,Data Scientist,Not Placed,0.6671,0.0
STU02612,23,Female,Kerala,Kozhikode,Tier 1,Tier 3,AI & ML,B.E.,7.23,0,Yes,1,3,52,91,73,65,73.96,Machine Learning Engineer,Not Placed,0.669,0.0
STU02613,21,Female,Gujarat,Surat,Tier 3,Tier 3,Data Science,B.E.,9.06,0,Yes,4,3,100,94,97,60,82.2,Data Scientist,Placed,0.9333,5.22
STU02614,21,Female,Delhi,Delhi,Tier 2,Tier 1,AI & ML,B.Tech,10.0,0,Yes,3,3,64,95,65,70,86.32,Machine Learning Engineer,Placed,0.942,6.06
STU02615,20,Female,Delhi,Delhi,Tier 2,Tier 1,Civil,B.Tech,6.2,0,Yes,3,0,63,34,65,82,84.11,Civil Engineer,Not Placed,0.4166,0.0
STU02616,23,Female,Tamil Nadu,Coimbatore,Tier 1,Tier 2,ISE,B.Tech,8.14,1,No,2,2,70,76,76,69,79.39,Full Stack Developer,Placed,0.5914,4.36
STU02617,22,Female,Uttar Pradesh,Noida,Tier 3,Tier 3,CSE,B.Tech,8.68,1,Yes,1,2,63,80,68,60,78.53,Software Developer,Not Placed,0.6643,0.0
STU02618,22,Male,Andhra Pradesh,Vijayawada,Tier 3,Tier 3,ISE,B.Tech,6.55,0,No,2,2,56,58,66,60,80.87,Full Stack Developer,Not Placed,0.3599,0.0
STU02619,24,Male,Kerala,Thiruvananthapuram,Tier 2,Tier 1,CSE,B.Tech,7.48,0,Yes,3,0,54,64,79,64,84.8,Software Developer,Placed,0.6467,3.56
STU02620,21,Female,Tamil Nadu,Chennai,Tier 2,Tier 1,Data Science,B.Tech,9.86,3,Yes,1,1,93,90,65,66,72.35,Data Scientist,Placed,0.7359,5.83
STU02621,24,Male,Karnataka,Bengaluru,Tier 2,Tier 2,AI & ML,B.Tech,8.95,0,No,0,3,89,100,73,89,100.0,Machine Learning Engineer,Not Placed,0.8612,0.0
STU02622,20,Male,Maharashtra,Mumbai,Tier 2,Tier 2,AI & ML,B.Tech,8.25,0,Yes,2,0,73,77,59,53,84.64,Machine Learning Engineer,Placed,0.7271,5.13
STU02623,21,Female,Tamil Nadu,Coimbatore,Tier 2,Tier 2,AI & ML,B.Tech,6.72,0,No,6,2,71,81,51,77,81.55,Machine Learning Engineer,Placed,0.7503,3.13
STU02624,20,Female,Tamil Nadu,Coimbatore,Tier 2,Tier 2,ISE,B.Tech,8.55,0,No,2,0,61,100,63,60,90.75,Full Stack Developer,Not Placed,0.7348,0.0
STU02625,23,Female,Gujarat,Ahmedabad,Tier 2,Tier 3,Data Science,B.Tech,7.06,0,Yes,2,2,43,40,54,73,80.27,Data Scientist,Placed,0.4445,5.71
STU02626,24,Female,Gujarat,Vadodara,Tier 1,Tier 1,Civil,B.Tech,8.26,0,No,0,3,61,35,51,69,76.62,Civil Engineer,Not Placed,0.4347,0.0
STU02627,20,Male,Uttar Pradesh,Kanpur,Tier 2,Tier 2,Data Science,B.Tech,9.63,0,No,1,2,87,75,31,57,91.21,Data Scientist,Not Placed,0.7943,0.0
STU02628,22,Male,Gujarat,Ahmedabad,Tier 3,Tier 3,AI & ML,B.E.,8.4,0,Yes,1,5,84,100,69,80,76.26,Machine Learning Engineer,Placed,0.8965,5.52
STU02629,21,Female,West Bengal,Kolkata,Tier 1,Tier 2,ECE,B.E.,7.28,3,No,0,0,71,54,69,51,72.09,Embedded Engineer,Not Placed,0.0974,0.0
STU02630,24,Female,Kerala,Thiruvananthapuram,Tier 1,Tier 1,CSE,B.E.,8.2,0,No,1,2,59,83,61,64,75.49,Software Developer,Placed,0.6724,5.69
STU02631,21,Female,Tamil Nadu,Madurai,Tier 2,Tier 3,CSE,B.Tech,8.01,2,No,3,1,64,80,76,60,82.21,Software Developer,Not Placed,0.4382,0.0
STU02632,20,Female,West Bengal,Durgapur,Tier 1,Tier 2,CSE,B.Tech,7.85,0,Yes,3,2,82,55,65,66,82.23,Software Developer,Not Placed,0.7407,0.0
STU02633,24,Male,Delhi,New Delhi,Tier 1,Tier 3,Data Science,B.Tech,7.64,1,Yes,1,1,79,72,64,79,80.25,Data Scientist,Placed,0.5958,4.62
STU02634,20,Female,Karnataka,Mangaluru,Tier 2,Tier 2,CSE,B.Tech,8.06,0,Yes,5,1,58,91,80,72,92.81,Software Developer,Placed,0.8623,5.18
STU02635,21,Female,Tamil Nadu,Chennai,Tier 3,Tier 3,Data Science,B.Tech,7.55,0,Yes,2,4,47,70,71,75,82.85,Data Scientist,Placed,0.692,5.14
STU02636,20,Female,Uttar Pradesh,Noida,Tier 2,Tier 2,ISE,B.Tech,7.43,0,Yes,1,1,66,62,50,57,84.87,Full Stack Developer,Not Placed,0.5564,0.0
STU02637,21,Male,Telangana,Warangal,Tier 2,Tier 3,CSE,B.Tech,8.22,0,Yes,1,2,64,80,77,50,82.93,Software Developer,Placed,0.6932,6.01
STU02638,23,Male,Kerala,Kozhikode,Tier 2,Tier 1,CSE,B.Tech,5.81,2,Yes,3,2,51,54,80,63,89.5,Software Developer,Not Placed,0.2546,0.0
STU02639,24,Female,Gujarat,Ahmedabad,Tier 2,Tier 3,CSE,B.Tech,6.4,1,Yes,5,1,57,20,43,73,67.92,Software Developer,Placed,0.3277,3.62
STU02640,20,Male,Gujarat,Ahmedabad,Tier 2,Tier 2,Civil,B.Tech,7.9,0,Yes,2,2,76,49,69,57,77.14,Civil Engineer,Not Placed,0.6113,0.0
STU02641,21,Female,West Bengal,Durgapur,Tier 3,Tier 2,Mechanical,B.Tech,8.39,0,Yes,4,0,72,65,48,33,65.13,Design Engineer,Not Placed,0.6873,0.0
STU02642,23,Male,Uttar Pradesh,Kanpur,Tier 1,Tier 1,CSE,B.Tech,8.03,0,No,1,1,94,75,55,92,70.59,Software Developer,Placed,0.7604,3.9
STU02643,23,Male,Tamil Nadu,Chennai,Tier 1,Tier 1,EEE,B.Tech,8.22,0,Yes,6,3,81,52,69,56,65.58,Electrical Engineer,Placed,0.8371,5.21
STU02644,24,Male,Tamil Nadu,Madurai,Tier 3,Tier 2,Data Science,B.Tech,6.58,0,Yes,4,5,47,52,51,43,81.79,Data Scientist,Placed,0.5516,3.65
STU02645,21,Male,Karnataka,Bengaluru,Tier 2,Tier 3,CSE,B.Tech,7.3,0,Yes,1,2,77,37,34,64,81.63,Software Developer,Placed,0.4884,4.21
STU02646,20,Male,Uttar Pradesh,Lucknow,Tier 2,Tier 3,ISE,B.E.,7.0,0,No,1,0,42,92,53,70,82.03,Full Stack Developer,Placed,0.453,5.0
STU02647,22,Male,Kerala,Kochi,Tier 3,Tier 2,ISE,B.Tech,7.68,0,Yes,2,3,78,54,48,85,76.96,Full Stack Developer,Placed,0.7419,2.86
STU02648,24,Female,Delhi,Delhi,Tier 2,Tier 2,CSE,B.Tech,7.2,2,No,1,2,76,67,60,61,82.49,Software Developer,Not Placed,0.2953,0.0
STU02649,22,Male,Gujarat,Ahmedabad,Tier 3,Tier 2,ECE,B.Tech,8.78,0,Yes,6,1,78,75,46,65,85.62,Embedded Engineer,Placed,0.8865,4.89
STU02650,23,Male,Karnataka,Mangaluru,Tier 3,Tier 2,ISE,B.Tech,8.06,0,Yes,2,5,86,71,52,74,79.22,Full Stack Developer,Placed,0.8451,5.02
STU02651,24,Female,Telangana,Karimnagar,Tier 1,Tier 3,Data Science,B.E.,7.47,1,No,3,3,88,63,65,72,80.77,Data Scientist,Placed,0.5711,2.5
STU02652,24,Male,Uttar Pradesh,Lucknow,Tier 2,Tier 3,ECE,B.Tech,8.35,0,Yes,1,6,77,81,55,58,64.06,Embedded Engineer,Placed,0.8016,4.31
STU02653,21,Male,Karnataka,Mysuru,Tier 2,Tier 3,ISE,B.Tech,9.04,0,Yes,1,4,67,70,37,66,82.93,Full Stack Developer,Not Placed,0.8076,0.0
STU02654,24,Female,West Bengal,Durgapur,Tier 1,Tier 2,AI & ML,B.E.,7.04,0,Yes,5,3,69,63,50,57,80.53,Machine Learning Engineer,Placed,0.7361,6.09
STU02655,24,Male,Karnataka,Bengaluru,Tier 2,Tier 3,Mechanical,B.Tech,8.49,0,No,1,1,81,40,48,100,76.77,Design Engineer,Placed,0.58,3.89
STU02656,22,Male,Maharashtra,Nagpur,Tier 2,Tier 1,AI & ML,B.Tech,7.35,0,Yes,1,5,70,76,60,84,67.61,Machine Learning Engineer,Placed,0.7911,3.62
STU02657,24,Female,Uttar Pradesh,Lucknow,Tier 3,Tier 1,Data Science,B.Tech,7.74,0,No,1,3,66,83,66,76,84.96,Data Scientist,Placed,0.6989,3.63
STU02658,21,Male,Uttar Pradesh,Kanpur,Tier 3,Tier 2,ECE,B.E.,5.99,0,No,2,3,70,35,35,62,90.96,Embedded Engineer,Not Placed,0.2647,0.0
STU02659,24,Female,Gujarat,Ahmedabad,Tier 3,Tier 3,AI & ML,B.Tech,8.17,0,Yes,6,2,71,62,27,72,91.53,Machine Learning Engineer,Placed,0.8478,2.5
STU02660,20,Female,Uttar Pradesh,Lucknow,Tier 3,Tier 1,EEE,B.E.,6.47,0,Yes,0,2,81,70,69,80,95.85,Electrical Engineer,Placed,0.5706,3.21
STU02661,22,Male,West Bengal,Kolkata,Tier 2,Tier 3,EEE,B.Tech,8.03,0,No,2,2,87,59,31,69,89.83,Electrical Engineer,Placed,0.6079,3.45
STU02662,24,Male,Karnataka,Mangaluru,Tier 1,Tier 2,EEE,B.E.,6.71,0,Yes,3,1,49,61,62,55,73.87,Electrical Engineer,Not Placed,0.4659,0.0
STU02663,20,Male,Telangana,Hyderabad,Tier 3,Tier 3,ISE,B.Tech,7.1,0,No,0,1,71,85,73,62,87.56,Full Stack Developer,Not Placed,0.4758,0.0
STU02664,23,Female,Kerala,Kochi,Tier 3,Tier 2,CSE,B.Tech,9.31,1,Yes,1,3,69,68,53,75,57.28,Software Developer,Placed,0.7656,5.75
STU02665,24,Male,Maharashtra,Nagpur,Tier 1,Tier 3,AI & ML,B.E.,7.96,0,Yes,1,4,62,77,58,49,80.84,Machine Learning Engineer,Placed,0.6918,2.5
STU02666,23,Male,Tamil Nadu,Coimbatore,Tier 1,Tier 2,Data Science,B.Tech,8.66,1,Yes,2,1,74,45,61,67,80.33,Data Scientist,Placed,0.6029,7.17
STU02667,20,Male,Kerala,Thiruvananthapuram,Tier 3,Tier 3,Civil,B.E.,8.3,1,Yes,2,1,84,78,62,34,86.29,Civil Engineer,Placed,0.585,2.5
STU02668,21,Male,Delhi,New Delhi,Tier 3,Tier 2,AI & ML,B.Tech,9.45,0,No,6,1,100,100,48,89,75.05,Machine Learning Engineer,Not Placed,0.9552,0.0
STU02669,22,Female,Andhra Pradesh,Vijayawada,Tier 1,Tier 1,EEE,B.Tech,9.31,0,No,4,2,80,67,77,59,75.83,Electrical Engineer,Placed,0.8199,3.48
STU02670,20,Male,Andhra Pradesh,Tirupati,Tier 2,Tier 3,CSE,B.Tech,6.02,2,Yes,3,2,78,91,94,72,77.36,Software Developer,Placed,0.4789,5.86
STU02671,23,Male,Delhi,New Delhi,Tier 2,Tier 3,AI & ML,B.Tech,6.71,0,Yes,1,6,50,88,71,77,93.19,Machine Learning Engineer,Placed,0.6976,4.93
STU02672,20,Male,Delhi,New Delhi,Tier 2,Tier 2,Mechanical,B.Tech,7.38,2,Yes,3,2,51,50,65,71,78.08,Design Engineer,Not Placed,0.3504,0.0
STU02673,24,Male,West Bengal,Kolkata,Tier 2,Tier 2,Data Science,B.Tech,8.62,2,Yes,4,0,52,87,77,67,86.4,Data Scientist,Not Placed,0.6684,0.0
STU02674,24,Male,Karnataka,Bengaluru,Tier 2,Tier 2,Civil,B.E.,7.07,0,No,0,2,84,45,54,54,86.48,Civil Engineer,Not Placed,0.3223,0.0
STU02675,21,Male,Telangana,Karimnagar,Tier 1,Tier 3,CSE,B.Tech,8.42,0,No,1,1,78,100,85,92,85.12,Software Developer,Not Placed,0.8004,0.0
STU02676,24,Female,Kerala,Thiruvananthapuram,Tier 2,Tier 1,ISE,B.E.,7.67,1,Yes,1,2,84,94,56,73,77.4,Full Stack Developer,Placed,0.7475,3.74
STU02677,22,Male,Telangana,Hyderabad,Tier 3,Tier 2,CSE,B.Tech,7.58,0,No,3,0,73,86,46,59,88.4,Software Developer,Placed,0.6557,6.11
STU02678,20,Male,Maharashtra,Mumbai,Tier 1,Tier 1,Data Science,B.E.,8.91,0,Yes,2,2,52,80,100,73,93.63,Data Scientist,Placed,0.8373,5.48
STU02679,21,Male,Kerala,Kozhikode,Tier 2,Tier 2,Data Science,B.Tech,7.48,0,Yes,1,0,82,66,59,87,87.03,Data Scientist,Placed,0.684,4.03
STU02680,24,Female,Karnataka,Mangaluru,Tier 1,Tier 3,Data Science,B.Tech,8.43,0,Yes,5,3,74,100,88,68,81.83,Data Scientist,Placed,0.919,4.57
STU02681,24,Male,Andhra Pradesh,Tirupati,Tier 3,Tier 2,Data Science,B.Tech,7.76,0,No,1,1,47,58,53,69,80.57,Data Scientist,Not Placed,0.4422,0.0
STU02682,20,Female,Tamil Nadu,Coimbatore,Tier 2,Tier 2,ECE,B.E.,7.86,0,Yes,1,0,78,72,73,56,79.52,Embedded Engineer,Placed,0.6183,3.3
STU02683,21,Male,Kerala,Kochi,Tier 2,Tier 1,ECE,B.Tech,7.3,2,Yes,2,3,62,47,50,43,65.47,Embedded Engineer,Not Placed,0.2956,0.0
STU02684,24,Female,Tamil Nadu,Coimbatore,Tier 1,Tier 2,CSE,B.Tech,6.24,0,Yes,0,1,89,45,44,86,85.8,Software Developer,Placed,0.4573,4.37
STU02685,21,Male,Gujarat,Surat,Tier 2,Tier 1,ECE,B.Tech,7.59,0,No,1,3,82,65,66,83,79.79,Embedded Engineer,Not Placed,0.6397,0.0
STU02686,20,Male,Karnataka,Mysuru,Tier 2,Tier 3,EEE,B.E.,7.88,0,Yes,5,2,100,69,69,33,96.77,Electrical Engineer,Placed,0.7801,2.5
STU02687,21,Female,Karnataka,Mysuru,Tier 1,Tier 3,CSE,B.Tech,7.81,0,No,0,1,62,92,60,65,92.39,Software Developer,Placed,0.5678,3.49
STU02688,23,Male,Karnataka,Bengaluru,Tier 3,Tier 2,EEE,B.Tech,7.79,2,Yes,1,0,70,75,85,62,81.52,Electrical Engineer,Placed,0.3959,6.1
STU02689,23,Male,Telangana,Karimnagar,Tier 2,Tier 1,ECE,B.E.,8.29,1,Yes,1,1,77,64,67,55,78.16,Embedded Engineer,Placed,0.5689,4.92
STU02690,22,Female,Karnataka,Mangaluru,Tier 2,Tier 2,CSE,B.Tech,8.79,0,No,2,1,53,100,50,85,88.34,Software Developer,Placed,0.8072,8.31
STU02691,22,Female,Andhra Pradesh,Visakhapatnam,Tier 1,Tier 3,EEE,B.Tech,10.0,0,Yes,3,1,67,78,72,60,82.23,Electrical Engineer,Placed,0.8639,6.41
STU02692,22,Female,Andhra Pradesh,Visakhapatnam,Tier 1,Tier 2,AI & ML,B.E.,7.0,0,Yes,3,0,76,86,72,55,81.76,Machine Learning Engineer,Placed,0.6945,3.8
STU02693,24,Male,Delhi,Delhi,Tier 1,Tier 3,Data Science,B.E.,6.88,0,Yes,0,5,62,49,60,55,75.86,Data Scientist,Not Placed,0.4527,0.0
STU02694,22,Male,Gujarat,Surat,Tier 1,Tier 3,Mechanical,B.Tech,8.67,1,Yes,2,4,75,79,58,62,84.98,Design Engineer,Placed,0.742,6.83
STU02695,21,Male,Andhra Pradesh,Tirupati,Tier 1,Tier 2,Mechanical,B.E.,7.77,0,Yes,1,2,62,84,38,50,95.51,Design Engineer,Placed,0.6442,4.37
STU02696,21,Male,Telangana,Hyderabad,Tier 2,Tier 2,ISE,B.Tech,7.99,2,No,3,0,76,64,75,53,85.1,Full Stack Developer,Not Placed,0.3767,0.0
STU02697,22,Other,Tamil Nadu,Chennai,Tier 2,Tier 2,CSE,B.Tech,7.54,2,No,1,2,69,82,61,75,79.75,Software Developer,Placed,0.4099,5.13
STU02698,23,Male,West Bengal,Durgapur,Tier 3,Tier 3,CSE,B.Tech,9.98,0,Yes,3,3,95,72,67,72,72.43,Software Developer,Placed,0.9282,3.21
STU02699,21,Male,Karnataka,Mangaluru,Tier 3,Tier 2,CSE,B.Tech,7.33,1,Yes,1,3,61,85,63,74,74.6,Software Developer,Placed,0.6199,3.94
STU02700,22,Female,Karnataka,Mangaluru,Tier 3,Tier 3,Data Science,B.Tech,8.6,0,Yes,1,1,69,59,87,32,74.79,Data Scientist,Placed,0.5876,3.81
STU02701,20,Male,Delhi,New Delhi,Tier 2,Tier 2,ISE,B.E.,7.86,0,No,4,1,71,77,82,85,60.13,Full Stack Developer,Placed,0.7641,4.09
STU02702,22,Male,Uttar Pradesh,Kanpur,Tier 2,Tier 1,AI & ML,B.Tech,7.25,0,No,0,1,77,60,39,67,77.42,Machine Learning Engineer,Not Placed,0.4631,0.0
STU02703,24,Female,Andhra Pradesh,Visakhapatnam,Tier 1,Tier 3,Data Science,B.Tech,5.88,0,No,0,1,55,61,56,50,72.47,Data Scientist,Not Placed,0.195,0.0
STU02704,24,Male,Telangana,Karimnagar,Tier 2,Tier 3,ECE,B.Tech,6.74,0,No,1,0,87,75,71,83,76.95,Embedded Engineer,Placed,0.4831,3.09
STU02705,21,Female,Uttar Pradesh,Kanpur,Tier 3,Tier 3,ISE,B.E.,8.69,1,Yes,2,1,58,100,67,50,82.56,Full Stack Developer,Placed,0.7206,7.1
STU02706,24,Male,Uttar Pradesh,Lucknow,Tier 2,Tier 2,AI & ML,B.Tech,7.8,0,Yes,3,1,73,57,64,72,85.12,Machine Learning Engineer,Placed,0.7162,2.5
STU02707,23,Female,Uttar Pradesh,Kanpur,Tier 2,Tier 2,CSE,B.Tech,6.79,3,No,0,1,92,61,74,78,72.33,Software Developer,Not Placed,0.1827,0.0
STU02708,20,Male,Gujarat,Vadodara,Tier 3,Tier 2,CSE,B.Tech,6.4,0,No,3,4,66,67,75,75,83.18,Software Developer,Placed,0.5693,4.27
STU02709,21,Male,West Bengal,Kolkata,Tier 2,Tier 2,AI & ML,B.Tech,8.93,0,Yes,1,2,74,58,69,78,91.84,Machine Learning Engineer,Placed,0.7822,3.89
STU02710,24,Female,Maharashtra,Mumbai,Tier 2,Tier 2,EEE,B.Tech,7.34,0,No,3,3,63,65,54,90,93.77,Electrical Engineer,Placed,0.636,4.37
STU02711,21,Male,West Bengal,Durgapur,Tier 1,Tier 2,ECE,B.Tech,7.35,0,No,1,0,82,48,64,100,82.94,Embedded Engineer,Not Placed,0.4868,0.0
STU02712,22,Male,Tamil Nadu,Madurai,Tier 2,Tier 1,Data Science,B.Tech,7.21,0,No,1,3,59,73,78,43,90.29,Data Scientist,Placed,0.4851,2.66
STU02713,22,Female,Tamil Nadu,Chennai,Tier 1,Tier 3,CSE,B.Tech,6.86,1,Yes,1,2,79,87,62,73,88.34,Software Developer,Not Placed,0.5836,0.0
STU02714,22,Male,Andhra Pradesh,Visakhapatnam,Tier 1,Tier 3,Data Science,B.Tech,8.0,0,Yes,1,3,77,87,86,51,79.2,Data Scientist,Not Placed,0.7524,0.0
STU02715,23,Female,Uttar Pradesh,Lucknow,Tier 2,Tier 2,Civil,B.Tech,8.61,0,Yes,3,4,63,30,48,58,86.31,Civil Engineer,Placed,0.6607,5.09
STU02716,23,Female,Andhra Pradesh,Vijayawada,Tier 3,Tier 3,EEE,B.E.,9.16,0,Yes,1,4,59,72,69,81,70.62,Electrical Engineer,Placed,0.8113,6.33
STU02717,23,Male,Andhra Pradesh,Vijayawada,Tier 1,Tier 3,CSE,B.Tech,7.68,0,Yes,3,0,68,99,82,56,76.91,Software Developer,Not Placed,0.7682,0.0
STU02718,21,Female,Uttar Pradesh,Kanpur,Tier 2,Tier 2,AI & ML,B.Tech,9.67,0,No,4,2,83,85,80,62,89.61,Machine Learning Engineer,Not Placed,0.8912,0.0
STU02719,20,Male,Gujarat,Surat,Tier 3,Tier 3,ECE,B.E.,7.72,0,No,2,3,67,38,72,79,77.02,Embedded Engineer,Not Placed,0.4745,0.0
STU02720,20,Female,Tamil Nadu,Coimbatore,Tier 3,Tier 3,Mechanical,B.Tech,8.39,1,Yes,2,1,57,70,72,69,82.23,Design Engineer,Placed,0.5837,3.54
STU02721,23,Female,Gujarat,Ahmedabad,Tier 3,Tier 2,ISE,B.E.,9.75,0,Yes,3,2,75,77,73,77,93.39,Full Stack Developer,Placed,0.9126,5.93
STU02722,20,Female,West Bengal,Kolkata,Tier 2,Tier 2,Data Science,B.Tech,8.12,2,No,0,2,55,84,77,60,83.69,Data Scientist,Not Placed,0.3558,0.0
STU02723,24,Male,Kerala,Kozhikode,Tier 1,Tier 1,Data Science,B.Tech,7.25,0,Yes,0,3,76,72,69,84,82.56,Data Scientist,Placed,0.7126,6.16
STU02724,20,Male,Maharashtra,Nagpur,Tier 2,Tier 3,AI & ML,B.E.,9.4,0,Yes,1,0,58,100,46,51,72.11,Machine Learning Engineer,Placed,0.8095,7.38
STU02725,24,Male,West Bengal,Kolkata,Tier 3,Tier 3,CSE,B.Tech,7.94,3,No,5,2,70,82,88,40,86.41,Software Developer,Placed,0.4007,6.02
STU02726,21,Male,Uttar Pradesh,Noida,Tier 2,Tier 3,CSE,B.Tech,9.25,0,Yes,5,4,60,92,58,74,90.68,Software Developer,Placed,0.9345,5.05
STU02727,22,Female,Delhi,New Delhi,Tier 3,Tier 3,CSE,B.Tech,7.91,1,Yes,2,2,62,80,85,82,80.55,Software Developer,Placed,0.6835,5.28
STU02728,22,Female,Andhra Pradesh,Visakhapatnam,Tier 2,Tier 2,Mechanical,B.Tech,7.4,0,Yes,2,0,58,72,60,46,77.85,Design Engineer,Placed,0.5231,3.13
STU02729,22,Male,Telangana,Hyderabad,Tier 1,Tier 2,Data Science,B.Tech,8.89,0,Yes,2,3,79,79,69,61,82.68,Data Scientist,Placed,0.8547,5.48
STU02730,21,Male,Tamil Nadu,Chennai,Tier 2,Tier 1,Data Science,B.Tech,7.5,2,Yes,1,2,60,47,74,51,76.62,Data Scientist,Placed,0.3023,5.6
STU02731,23,Male,Delhi,New Delhi,Tier 1,Tier 3,Data Science,B.Tech,7.18,0,No,2,2,60,62,72,39,75.57,Data Scientist,Not Placed,0.3949,0.0
STU02732,24,Male,Maharashtra,Mumbai,Tier 1,Tier 2,Mechanical,B.Tech,8.01,0,Yes,0,2,67,57,50,55,82.83,Design Engineer,Placed,0.5387,3.07
STU02733,22,Male,Gujarat,Vadodara,Tier 2,Tier 3,Data Science,B.E.,7.09,0,Yes,1,3,64,100,62,61,86.47,Data Scientist,Placed,0.7107,2.5
STU02734,23,Male,Tamil Nadu,Coimbatore,Tier 3,Tier 1,ECE,B.Tech,8.66,0,Yes,4,0,67,71,57,63,76.02,Embedded Engineer,Placed,0.8079,5.1
STU02735,23,Male,West Bengal,Durgapur,Tier 3,Tier 2,AI & ML,B.Tech,7.14,0,No,1,1,82,72,56,94,89.38,Machine Learning Engineer,Not Placed,0.6129,0.0
STU02736,21,Male,Gujarat,Surat,Tier 2,Tier 3,ISE,B.E.,9.53,0,No,3,1,76,86,80,55,77.15,Full Stack Developer,Not Placed,0.8219,0.0
STU02737,21,Male,West Bengal,Durgapur,Tier 1,Tier 1,CSE,B.Tech,7.46,0,Yes,5,1,54,52,69,38,79.7,Software Developer,Not Placed,0.6285,0.0
STU02738,22,Male,Uttar Pradesh,Kanpur,Tier 2,Tier 2,CSE,B.Tech,7.72,0,No,1,5,85,79,57,94,81.43,Software Developer,Placed,0.7831,3.35
STU02739,20,Male,West Bengal,Kolkata,Tier 2,Tier 2,EEE,B.Tech,7.33,0,No,1,2,60,42,41,80,92.95,Electrical Engineer,Not Placed,0.3831,0.0
STU02740,23,Female,Telangana,Hyderabad,Tier 1,Tier 3,Civil,B.Tech,7.19,0,No,2,1,67,53,72,50,73.83,Civil Engineer,Not Placed,0.3508,0.0
STU02741,20,Male,Kerala,Thiruvananthapuram,Tier 1,Tier 2,CSE,B.Tech,8.28,2,Yes,3,2,79,60,30,55,84.85,Software Developer,Placed,0.5656,4.48
STU02742,23,Female,Andhra Pradesh,Tirupati,Tier 2,Tier 2,Data Science,B.Tech,7.5,1,No,3,4,60,77,71,60,76.68,Data Scientist,Placed,0.5629,3.49
STU02743,22,Female,Delhi,Delhi,Tier 1,Tier 3,Data Science,B.Tech,7.57,0,No,3,3,61,74,92,56,84.45,Data Scientist,Placed,0.614,5.1
STU02744,22,Female,Maharashtra,Nagpur,Tier 2,Tier 2,CSE,B.Tech,5.98,1,No,1,3,58,36,61,65,79.86,Software Developer,Not Placed,0.1684,0.0
STU02745,22,Male,Tamil Nadu,Coimbatore,Tier 2,Tier 1,EEE,B.Tech,6.9,0,No,4,2,59,33,70,49,86.59,Electrical Engineer,Placed,0.3645,2.5
STU02746,21,Male,Karnataka,Mangaluru,Tier 2,Tier 3,CSE,B.E.,7.84,0,Yes,3,4,72,70,48,71,74.21,Software Developer,Placed,0.7984,2.5
STU02747,23,Male,Telangana,Warangal,Tier 2,Tier 1,Mechanical,B.E.,8.2,3,Yes,1,3,55,90,79,61,98.62,Design Engineer,Not Placed,0.4527,0.0
STU02748,20,Male,Kerala,Thiruvananthapuram,Tier 3,Tier 3,Civil,B.Tech,9.57,3,No,5,4,88,86,60,53,76.95,Civil Engineer,Not Placed,0.6953,0.0
STU02749,23,Male,West Bengal,Kolkata,Tier 3,Tier 3,ISE,B.Tech,8.67,0,Yes,3,4,93,81,81,71,76.43,Full Stack Developer,Placed,0.8998,6.57
STU02750,23,Male,West Bengal,Kolkata,Tier 3,Tier 3,ECE,B.Tech,6.8,0,Yes,2,2,63,83,58,77,80.26,Embedded Engineer,Placed,0.6393,4.77
STU02751,23,Male,Delhi,Delhi,Tier 2,Tier 2,CSE,B.Tech,9.42,0,Yes,1,0,75,82,77,100,55.0,Software Developer,Placed,0.8814,2.5
STU02752,20,Male,West Bengal,Kolkata,Tier 2,Tier 3,ISE,B.E.,9.8,0,Yes,1,1,62,90,50,86,77.47,Full Stack Developer,Placed,0.8826,6.58
STU02753,24,Female,Delhi,Delhi,Tier 2,Tier 2,Data Science,B.Tech,9.99,0,No,0,0,61,87,100,64,92.36,Data Scientist,Placed,0.7539,5.52
STU02754,24,Male,Tamil Nadu,Coimbatore,Tier 3,Tier 1,AI & ML,B.Tech,6.31,0,No,0,0,51,93,70,35,83.73,Machine Learning Engineer,Not Placed,0.3153,0.0
STU02755,24,Male,West Bengal,Durgapur,Tier 2,Tier 1,EEE,B.Tech,7.17,0,Yes,0,3,67,76,68,59,79.87,Electrical Engineer,Not Placed,0.5957,0.0
STU02756,21,Female,Kerala,Kozhikode,Tier 3,Tier 2,EEE,B.Tech,9.96,0,No,5,1,91,85,93,37,81.55,Electrical Engineer,Placed,0.8764,4.68
STU02757,21,Male,Delhi,New Delhi,Tier 1,Tier 2,ISE,B.E.,6.35,0,Yes,2,0,48,72,52,74,99.14,Full Stack Developer,Not Placed,0.4971,0.0
STU02758,22,Female,Delhi,New Delhi,Tier 2,Tier 3,Civil,B.Tech,7.35,0,Yes,6,1,69,56,81,66,72.39,Civil Engineer,Placed,0.7102,7.43
STU02759,21,Male,Tamil Nadu,Madurai,Tier 2,Tier 2,Mechanical,B.Tech,7.52,0,No,3,3,66,47,38,68,86.88,Design Engineer,Placed,0.5221,2.96
STU02760,20,Male,Kerala,Thiruvananthapuram,Tier 2,Tier 2,EEE,B.Tech,8.81,0,Yes,2,2,94,56,53,69,88.41,Electrical Engineer,Placed,0.794,7.43
STU02761,21,Male,Gujarat,Ahmedabad,Tier 1,Tier 2,Data Science,B.Tech,7.1,3,Yes,3,2,78,58,59,67,77.6,Data Scientist,Not Placed,0.3493,0.0
STU02762,21,Male,Maharashtra,Mumbai,Tier 2,Tier 3,CSE,B.Tech,6.79,0,Yes,3,0,65,50,73,61,74.47,Software Developer,Placed,0.4842,5.46
STU02763,21,Male,Kerala,Thiruvananthapuram,Tier 2,Tier 2,Data Science,B.Tech,7.44,2,Yes,2,3,38,53,37,82,89.3,Data Scientist,Placed,0.3809,3.67
STU02764,23,Male,Delhi,Delhi,Tier 2,Tier 1,Data Science,B.Tech,5.42,0,Yes,3,1,44,81,59,65,83.29,Data Scientist,Placed,0.4934,2.97
STU02765,21,Female,Telangana,Hyderabad,Tier 2,Tier 1,Data Science,B.Tech,9.79,1,No,4,3,81,95,47,76,87.64,Data Scientist,Placed,0.9044,3.14
STU02766,22,Male,Delhi,New Delhi,Tier 2,Tier 1,Data Science,B.Tech,8.84,1,No,1,0,46,100,75,93,84.33,Data Scientist,Placed,0.7022,3.83
STU02767,21,Male,Gujarat,Surat,Tier 1,Tier 2,EEE,B.E.,6.56,2,Yes,1,1,65,63,53,53,81.16,Electrical Engineer,Placed,0.221,2.5
STU02768,24,Female,Gujarat,Ahmedabad,Tier 3,Tier 2,CSE,B.Tech,8.19,0,No,1,2,72,92,63,88,71.53,Software Developer,Placed,0.7691,5.83
STU02769,21,Male,Karnataka,Mangaluru,Tier 2,Tier 3,ISE,B.E.,7.34,0,No,1,1,74,60,78,69,82.08,Full Stack Developer,Not Placed,0.4647,0.0
STU02770,21,Male,Maharashtra,Pune,Tier 2,Tier 2,Mechanical,B.Tech,8.33,1,Yes,0,4,74,100,70,71,90.58,Design Engineer,Placed,0.75,5.14
STU02771,20,Male,Kerala,Kozhikode,Tier 1,Tier 2,ISE,B.Tech,8.08,0,Yes,2,4,68,51,66,65,77.98,Full Stack Developer,Placed,0.7146,2.5
STU02772,24,Male,Telangana,Hyderabad,Tier 3,Tier 2,CSE,B.Tech,7.52,0,Yes,1,1,67,56,48,63,79.28,Software Developer,Placed,0.5598,4.12
STU02773,22,Male,Andhra Pradesh,Visakhapatnam,Tier 2,Tier 2,CSE,B.Tech,8.08,2,Yes,3,1,81,75,78,80,73.91,Software Developer,Not Placed,0.6607,0.0
STU02774,23,Other,Kerala,Kochi,Tier 2,Tier 1,Data Science,B.Tech,7.94,0,Yes,1,1,55,49,87,57,83.32,Data Scientist,Placed,0.5516,2.79
STU02775,21,Male,Gujarat,Ahmedabad,Tier 1,Tier 3,CSE,B.E.,7.86,0,Yes,3,1,72,84,95,57,78.18,Software Developer,Not Placed,0.7627,0.0
STU02776,23,Female,Delhi,Delhi,Tier 1,Tier 3,CSE,B.Tech,7.35,1,No,2,1,43,60,69,65,72.81,Software Developer,Not Placed,0.3041,0.0
STU02777,20,Male,Kerala,Thiruvananthapuram,Tier 3,Tier 1,ISE,B.Tech,6.72,2,Yes,1,0,59,84,73,97,74.6,Full Stack Developer,Not Placed,0.4543,0.0
STU02778,23,Male,Kerala,Thiruvananthapuram,Tier 1,Tier 3,EEE,B.Tech,8.38,0,No,2,2,64,69,89,50,88.25,Electrical Engineer,Placed,0.5669,5.96
STU02779,22,Male,Gujarat,Vadodara,Tier 2,Tier 1,AI & ML,B.Tech,6.68,0,Yes,2,1,81,61,59,49,70.61,Machine Learning Engineer,Placed,0.5636,2.94
STU02780,23,Female,Telangana,Warangal,Tier 2,Tier 1,ECE,B.Tech,8.08,1,Yes,2,1,96,53,69,78,91.76,Embedded Engineer,Not Placed,0.6615,0.0
STU02781,21,Male,Gujarat,Ahmedabad,Tier 1,Tier 1,CSE,B.Tech,7.47,0,No,2,5,67,77,64,85,81.66,Software Developer,Placed,0.7522,4.68
STU02782,24,Male,Gujarat,Vadodara,Tier 2,Tier 2,AI & ML,B.Tech,7.28,0,Yes,1,2,63,82,28,70,84.08,Machine Learning Engineer,Placed,0.6763,6.52
STU02783,23,Female,Karnataka,Mysuru,Tier 3,Tier 3,ECE,B.Tech,6.7,1,No,1,1,44,54,70,76,82.49,Embedded Engineer,Not Placed,0.1955,0.0
STU02784,22,Male,Gujarat,Surat,Tier 2,Tier 3,AI & ML,B.E.,9.61,0,Yes,3,6,69,82,72,83,73.99,Machine Learning Engineer,Not Placed,0.9367,0.0
STU02785,22,Female,Andhra Pradesh,Tirupati,Tier 2,Tier 2,Civil,B.Tech,7.77,2,No,1,3,66,54,72,71,82.86,Civil Engineer,Not Placed,0.2899,0.0
STU02786,22,Female,Kerala,Kozhikode,Tier 3,Tier 2,CSE,B.Tech,8.79,0,No,1,1,65,81,80,58,86.07,Software Developer,Placed,0.6747,2.55
STU02787,21,Male,Andhra Pradesh,Vijayawada,Tier 2,Tier 1,CSE,B.Tech,8.1,0,Yes,0,0,57,73,81,74,79.91,Software Developer,Placed,0.6594,4.61
STU02788,21,Male,Maharashtra,Pune,Tier 1,Tier 3,CSE,B.Tech,5.96,0,Yes,4,2,48,46,68,63,85.0,Software Developer,Not Placed,0.4232,0.0
STU02789,21,Male,Gujarat,Vadodara,Tier 1,Tier 2,ECE,B.Tech,7.1,1,Yes,2,1,72,38,40,65,80.93,Embedded Engineer,Placed,0.3527,2.5
STU02790,23,Male,Andhra Pradesh,Vijayawada,Tier 3,Tier 3,AI & ML,B.E.,6.87,0,No,3,1,71,74,81,48,93.98,Machine Learning Engineer,Placed,0.4924,6.94
STU02791,20,Male,Karnataka,Mangaluru,Tier 3,Tier 3,Data Science,B.Tech,7.99,0,Yes,2,2,78,88,72,60,85.93,Data Scientist,Placed,0.7903,4.99
STU02792,24,Male,Kerala,Thiruvananthapuram,Tier 3,Tier 1,CSE,B.Tech,7.37,0,No,2,2,78,73,61,41,77.41,Software Developer,Placed,0.5738,4.25
STU02793,23,Female,Uttar Pradesh,Lucknow,Tier 2,Tier 1,EEE,B.Tech,6.96,0,No,2,2,64,51,55,47,81.53,Electrical Engineer,Not Placed,0.3708,0.0
STU02794,24,Female,Kerala,Thiruvananthapuram,Tier 3,Tier 2,AI & ML,B.Tech,9.29,0,Yes,0,1,68,83,58,74,71.65,Machine Learning Engineer,Not Placed,0.816,0.0
STU02795,20,Female,Kerala,Kochi,Tier 1,Tier 2,CSE,B.Tech,9.21,0,No,0,2,87,100,80,72,73.15,Software Developer,Placed,0.8338,5.01
STU02796,22,Male,Gujarat,Vadodara,Tier 2,Tier 2,Civil,B.Tech,7.91,1,Yes,2,3,81,74,68,61,71.38,Civil Engineer,Placed,0.6606,3.34
STU02797,24,Male,Uttar Pradesh,Noida,Tier 1,Tier 2,ECE,B.Tech,7.73,2,No,3,1,73,69,68,40,77.69,Embedded Engineer,Placed,0.3161,4.16
STU02798,22,Female,Karnataka,Bengaluru,Tier 3,Tier 2,ISE,B.Tech,7.87,0,Yes,2,4,68,86,69,53,82.51,Full Stack Developer,Placed,0.788,5.25
STU02799,22,Female,Telangana,Hyderabad,Tier 2,Tier 3,Data Science,B.Tech,7.57,0,Yes,3,0,75,45,49,61,82.1,Data Scientist,Not Placed,0.579,0.0
STU02800,24,Female,Telangana,Warangal,Tier 1,Tier 1,CSE,B.E.,5.66,1,No,1,2,28,78,63,68,74.15,Software Developer,Not Placed,0.2162,0.0
STU02801,24,Female,Kerala,Thiruvananthapuram,Tier 2,Tier 2,Mechanical,B.Tech,6.12,0,No,3,2,38,68,61,75,60.61,Design Engineer,Not Placed,0.3735,0.0
STU02802,23,Male,Andhra Pradesh,Vijayawada,Tier 3,Tier 3,CSE,B.Tech,6.26,0,Yes,1,1,48,54,29,78,78.48,Software Developer,Not Placed,0.3804,0.0
STU02803,21,Female,Tamil Nadu,Madurai,Tier 1,Tier 1,AI & ML,B.Tech,8.91,0,No,3,3,76,100,76,100,75.4,Machine Learning Engineer,Placed,0.9199,5.29
STU02804,21,Female,Gujarat,Surat,Tier 3,Tier 1,CSE,B.Tech,7.98,0,Yes,2,4,78,83,55,87,80.17,Software Developer,Placed,0.8759,6.55
STU02805,22,Male,Tamil Nadu,Madurai,Tier 3,Tier 2,AI & ML,B.Tech,8.62,0,Yes,1,4,75,49,51,51,80.31,Machine Learning Engineer,Not Placed,0.7033,0.0
STU02806,24,Male,West Bengal,Durgapur,Tier 1,Tier 1,Data Science,B.Tech,8.21,0,No,1,3,64,60,78,93,77.86,Data Scientist,Not Placed,0.6935,0.0
STU02807,23,Female,Telangana,Hyderabad,Tier 1,Tier 2,Civil,B.Tech,8.15,1,No,1,4,77,70,53,87,85.84,Civil Engineer,Placed,0.6075,3.79
STU02808,22,Male,Kerala,Kochi,Tier 1,Tier 1,CSE,B.Tech,6.79,0,Yes,2,1,55,70,57,79,81.14,Software Developer,Not Placed,0.6258,0.0
STU02809,24,Female,Maharashtra,Mumbai,Tier 2,Tier 1,ISE,B.E.,8.72,0,No,4,2,55,69,62,67,95.23,Full Stack Developer,Placed,0.7736,3.66
STU02810,24,Male,Maharashtra,Pune,Tier 1,Tier 1,CSE,B.Tech,8.48,1,Yes,0,5,66,94,59,50,80.46,Software Developer,Placed,0.7461,5.12
STU02811,22,Male,Telangana,Warangal,Tier 3,Tier 2,CSE,B.Tech,7.36,0,No,2,1,60,60,67,67,98.08,Software Developer,Not Placed,0.4837,0.0
STU02812,20,Female,Delhi,Delhi,Tier 3,Tier 2,CSE,B.Tech,7.12,0,Yes,3,3,72,55,64,54,82.0,Software Developer,Placed,0.6358,5.36
STU02813,20,Female,Delhi,New Delhi,Tier 2,Tier 3,Data Science,B.Tech,8.06,2,Yes,2,2,72,63,64,50,92.03,Data Scientist,Not Placed,0.454,0.0
STU02814,24,Female,Gujarat,Vadodara,Tier 1,Tier 2,Data Science,B.E.,8.93,0,Yes,1,2,79,83,55,59,91.01,Data Scientist,Placed,0.8264,4.34
STU02815,22,Male,Uttar Pradesh,Lucknow,Tier 1,Tier 3,AI & ML,B.Tech,7.54,0,Yes,1,3,70,95,62,63,71.34,Machine Learning Engineer,Not Placed,0.7518,0.0
STU02816,21,Other,Andhra Pradesh,Vijayawada,Tier 2,Tier 3,CSE,B.E.,7.39,0,Yes,0,1,57,76,68,72,75.48,Software Developer,Placed,0.5672,5.71
STU02817,24,Male,Karnataka,Mangaluru,Tier 1,Tier 3,Data Science,B.Tech,7.41,2,Yes,1,3,72,100,59,59,71.08,Data Scientist,Not Placed,0.5542,0.0
STU02818,24,Male,Tamil Nadu,Chennai,Tier 2,Tier 1,CSE,B.Tech,7.52,0,Yes,3,3,46,89,56,79,89.79,Software Developer,Not Placed,0.8112,0.0
STU02819,22,Male,Gujarat,Ahmedabad,Tier 2,Tier 3,CSE,B.E.,7.12,2,No,0,5,62,58,64,82,73.02,Software Developer,Placed,0.2798,4.49
STU02820,24,Male,Uttar Pradesh,Lucknow,Tier 2,Tier 3,ECE,B.Tech,6.6,1,Yes,2,2,57,67,54,57,78.04,Embedded Engineer,Not Placed,0.3618,0.0
STU02821,24,Male,Uttar Pradesh,Lucknow,Tier 1,Tier 3,ISE,B.Tech,7.94,0,Yes,2,0,67,81,65,59,84.49,Full Stack Developer,Placed,0.6965,3.65
STU02822,21,Male,Delhi,Delhi,Tier 2,Tier 2,CSE,B.Tech,5.38,0,Yes,1,0,38,58,62,70,80.9,Software Developer,Not Placed,0.259,0.0
STU02823,21,Female,Delhi,Delhi,Tier 1,Tier 1,CSE,B.Tech,8.92,1,Yes,1,2,69,83,78,53,87.0,Software Developer,Placed,0.7374,5.63
STU02824,22,Male,West Bengal,Kolkata,Tier 2,Tier 3,CSE,B.Tech,7.06,0,No,1,3,58,80,85,75,77.88,Software Developer,Placed,0.543,5.19
STU02825,23,Other,Gujarat,Vadodara,Tier 2,Tier 2,CSE,B.Tech,8.55,1,Yes,1,0,54,64,62,65,80.13,Software Developer,Placed,0.542,4.26
STU02826,22,Female,Gujarat,Surat,Tier 1,Tier 2,EEE,B.Tech,7.77,0,No,0,3,68,71,72,81,95.36,Electrical Engineer,Not Placed,0.5679,0.0
STU02827,24,Male,Kerala,Kozhikode,Tier 2,Tier 1,ECE,B.Tech,7.12,0,No,0,1,47,37,64,38,98.49,Embedded Engineer,Not Placed,0.1856,0.0
STU02828,22,Female,Gujarat,Ahmedabad,Tier 2,Tier 3,CSE,B.Tech,7.78,0,No,4,0,85,64,87,64,83.42,Software Developer,Placed,0.655,5.43
STU02829,22,Male,Karnataka,Mysuru,Tier 2,Tier 3,ECE,B.Tech,7.87,0,No,1,2,76,71,60,65,84.39,Embedded Engineer,Placed,0.5546,6.74
STU02830,21,Male,Delhi,New Delhi,Tier 3,Tier 3,CSE,B.Tech,8.56,1,Yes,2,1,69,77,59,71,84.16,Software Developer,Placed,0.7024,4.81
STU02831,22,Male,Gujarat,Surat,Tier 3,Tier 3,Data Science,B.Tech,6.62,0,Yes,5,2,48,78,68,46,93.49,Data Scientist,Not Placed,0.6316,0.0
STU02832,23,Female,Delhi,Delhi,Tier 2,Tier 2,ECE,B.Tech,7.65,1,Yes,4,6,81,75,100,76,69.67,Embedded Engineer,Not Placed,0.8033,0.0
STU02833,23,Male,Telangana,Warangal,Tier 1,Tier 3,CSE,B.Tech,7.36,0,Yes,4,1,66,62,78,64,81.89,Software Developer,Not Placed,0.6767,0.0
STU02834,24,Female,Telangana,Hyderabad,Tier 2,Tier 2,ISE,B.E.,7.58,0,No,2,2,47,63,77,58,78.33,Full Stack Developer,Placed,0.4813,2.63
STU02835,20,Male,Uttar Pradesh,Kanpur,Tier 2,Tier 3,Mechanical,B.Tech,7.09,1,Yes,2,0,58,58,68,60,90.09,Design Engineer,Placed,0.3407,4.91
STU02836,23,Female,Tamil Nadu,Chennai,Tier 2,Tier 3,CSE,B.Tech,6.63,0,No,3,0,70,96,91,78,85.41,Software Developer,Not Placed,0.624,0.0
STU02837,22,Male,Andhra Pradesh,Vijayawada,Tier 3,Tier 1,CSE,B.E.,7.14,1,No,4,3,63,66,74,69,80.8,Software Developer,Placed,0.5586,4.09
STU02838,24,Male,Telangana,Karimnagar,Tier 1,Tier 3,CSE,B.E.,7.77,1,Yes,2,3,50,81,59,61,95.55,Software Developer,Placed,0.6053,5.58
STU02839,20,Female,Uttar Pradesh,Lucknow,Tier 3,Tier 3,AI & ML,B.Tech,8.68,1,No,0,1,70,70,59,59,89.52,Machine Learning Engineer,Placed,0.4607,6.19
STU02840,22,Male,Telangana,Karimnagar,Tier 2,Tier 2,AI & ML,B.Tech,8.71,0,Yes,2,2,55,81,72,95,67.13,Machine Learning Engineer,Not Placed,0.8517,0.0
STU02841,22,Male,Tamil Nadu,Coimbatore,Tier 1,Tier 3,Mechanical,B.E.,6.95,1,Yes,0,2,74,43,51,87,79.51,Design Engineer,Placed,0.3464,4.08
STU02842,22,Female,Delhi,New Delhi,Tier 2,Tier 3,EEE,B.Tech,7.3,0,No,2,0,79,69,68,66,77.67,Electrical Engineer,Not Placed,0.489,0.0
STU02843,24,Male,West Bengal,Durgapur,Tier 1,Tier 2,Mechanical,B.Tech,8.43,0,Yes,2,0,69,88,50,64,71.61,Design Engineer,Placed,0.7671,7.9
STU02844,22,Male,Kerala,Kochi,Tier 1,Tier 2,Data Science,B.E.,9.57,0,No,4,1,69,69,60,76,92.46,Data Scientist,Placed,0.8414,4.18
STU02845,21,Female,Uttar Pradesh,Kanpur,Tier 1,Tier 3,AI & ML,B.Tech,9.32,0,No,4,3,86,80,76,65,68.61,Machine Learning Engineer,Not Placed,0.8751,0.0
STU02846,20,Female,Delhi,New Delhi,Tier 2,Tier 1,ECE,B.Tech,8.94,1,Yes,1,2,79,94,68,83,66.83,Embedded Engineer,Placed,0.8276,6.58
STU02847,22,Female,West Bengal,Durgapur,Tier 3,Tier 2,Data Science,B.E.,9.09,1,No,1,3,83,51,65,56,80.03,Data Scientist,Not Placed,0.5666,0.0
STU02848,22,Male,West Bengal,Durgapur,Tier 2,Tier 2,ECE,B.Tech,7.44,2,No,3,1,75,57,57,54,69.58,Embedded Engineer,Not Placed,0.2837,0.0
STU02849,24,Male,Karnataka,Mysuru,Tier 1,Tier 2,ISE,B.E.,7.72,1,No,1,1,66,63,50,75,79.86,Full Stack Developer,Placed,0.4231,5.52
STU02850,24,Female,Uttar Pradesh,Kanpur,Tier 2,Tier 2,ECE,B.E.,7.45,0,Yes,2,1,54,51,74,78,69.27,Embedded Engineer,Not Placed,0.5439,0.0
STU02851,23,Male,Kerala,Thiruvananthapuram,Tier 3,Tier 1,EEE,B.E.,8.83,0,Yes,1,1,77,86,94,31,70.88,Electrical Engineer,Placed,0.7462,5.64
STU02852,24,Male,Karnataka,Mangaluru,Tier 1,Tier 1,CSE,B.E.,6.9,0,Yes,0,0,80,59,81,50,83.65,Software Developer,Placed,0.4641,4.68
STU02853,21,Male,Delhi,Delhi,Tier 2,Tier 3,Civil,B.Tech,5.9,1,Yes,1,1,57,79,78,72,92.77,Civil Engineer,Not Placed,0.318,0.0
STU02854,21,Male,Maharashtra,Mumbai,Tier 2,Tier 3,CSE,B.Tech,8.78,0,No,2,3,96,75,48,81,81.35,Software Developer,Placed,0.8268,3.62
STU02855,20,Male,Gujarat,Surat,Tier 1,Tier 1,EEE,B.Tech,7.6,1,No,2,3,69,82,84,57,85.18,Electrical Engineer,Not Placed,0.537,0.0
STU02856,21,Male,Andhra Pradesh,Visakhapatnam,Tier 1,Tier 2,Data Science,B.Tech,7.04,1,No,2,2,71,74,67,52,85.13,Data Scientist,Placed,0.4128,6.53
STU02857,21,Male,Karnataka,Mangaluru,Tier 2,Tier 2,Mechanical,B.Tech,6.56,0,Yes,2,1,45,58,53,66,76.45,Design Engineer,Placed,0.4128,2.5
STU02858,22,Female,Kerala,Kochi,Tier 1,Tier 2,CSE,B.Tech,6.58,0,No,1,0,42,74,40,63,79.28,Software Developer,Not Placed,0.3299,0.0
STU02859,22,Male,West Bengal,Kolkata,Tier 1,Tier 1,ISE,B.Tech,8.99,0,No,3,2,73,56,40,69,74.1,Full Stack Developer,Placed,0.7648,6.65
STU02860,23,Female,Uttar Pradesh,Kanpur,Tier 3,Tier 2,ISE,B.Tech,8.14,0,No,2,1,50,73,88,64,82.2,Full Stack Developer,Placed,0.5898,3.6
STU02861,20,Male,Gujarat,Ahmedabad,Tier 2,Tier 2,Data Science,B.Tech,8.49,0,Yes,1,0,78,92,81,84,90.65,Data Scientist,Placed,0.8335,6.66
STU02862,24,Female,Delhi,New Delhi,Tier 3,Tier 3,Mechanical,B.Tech,7.48,0,Yes,4,2,73,67,76,58,91.79,Design Engineer,Placed,0.6992,5.0
STU02863,22,Male,Tamil Nadu,Madurai,Tier 2,Tier 2,ISE,B.Tech,7.78,0,No,3,4,57,61,60,52,80.74,Full Stack Developer,Not Placed,0.5998,0.0
STU02864,20,Female,Uttar Pradesh,Lucknow,Tier 3,Tier 1,ECE,B.Tech,8.27,0,No,4,3,79,69,58,49,90.15,Embedded Engineer,Placed,0.7404,5.06
STU02865,22,Male,Maharashtra,Nagpur,Tier 1,Tier 2,Data Science,B.Tech,6.0,0,No,4,0,69,49,64,52,86.97,Data Scientist,Not Placed,0.3345,0.0
STU02866,21,Other,West Bengal,Durgapur,Tier 3,Tier 2,Data Science,B.Tech,8.61,0,Yes,3,2,56,64,82,35,76.83,Data Scientist,Placed,0.7047,4.38
STU02867,24,Female,Maharashtra,Mumbai,Tier 2,Tier 1,ISE,B.Tech,7.31,0,No,6,3,61,49,62,51,93.11,Full Stack Developer,Not Placed,0.6405,0.0
STU02868,24,Male,Maharashtra,Mumbai,Tier 3,Tier 2,CSE,B.E.,8.72,0,Yes,2,3,82,58,56,65,71.76,Software Developer,Placed,0.8023,3.73
STU02869,21,Male,Maharashtra,Mumbai,Tier 3,Tier 1,Mechanical,B.Tech,9.01,0,No,1,1,82,60,76,39,94.66,Design Engineer,Not Placed,0.5976,0.0
STU02870,24,Female,Kerala,Kozhikode,Tier 1,Tier 3,CSE,B.Tech,7.48,0,Yes,2,1,69,85,86,74,59.16,Software Developer,Placed,0.7316,4.54
STU02871,23,Female,Tamil Nadu,Madurai,Tier 1,Tier 1,AI & ML,B.E.,7.16,0,Yes,4,2,56,54,71,71,77.56,Machine Learning Engineer,Not Placed,0.6829,0.0
STU02872,21,Female,Kerala,Kozhikode,Tier 1,Tier 2,CSE,B.Tech,7.65,0,Yes,2,1,53,79,82,73,77.69,Software Developer,Placed,0.6998,4.79
STU02873,23,Male,Kerala,Kozhikode,Tier 1,Tier 3,EEE,B.E.,7.41,0,Yes,3,3,71,95,54,59,81.34,Electrical Engineer,Placed,0.7728,5.85
STU02874,21,Female,Gujarat,Surat,Tier 2,Tier 1,CSE,B.E.,8.25,0,No,2,3,86,80,71,76,87.14,Software Developer,Placed,0.808,4.57
STU02875,22,Male,Delhi,Delhi,Tier 2,Tier 2,CSE,B.Tech,7.62,1,No,2,1,58,46,73,39,88.86,Software Developer,Not Placed,0.2673,0.0
STU02876,22,Female,Delhi,New Delhi,Tier 2,Tier 3,EEE,B.Tech,8.39,0,No,2,4,80,60,63,65,88.2,Electrical Engineer,Placed,0.6645,4.08
STU02877,20,Female,Tamil Nadu,Coimbatore,Tier 1,Tier 3,CSE,B.E.,9.44,3,Yes,2,1,75,100,39,64,80.78,Software Developer,Not Placed,0.6801,0.0
STU02878,24,Male,Tamil Nadu,Madurai,Tier 3,Tier 3,Data Science,B.E.,8.45,0,Yes,2,0,65,88,70,81,88.1,Data Scientist,Not Placed,0.8064,0.0
STU02879,22,Male,Gujarat,Surat,Tier 3,Tier 2,EEE,B.Tech,8.65,0,Yes,2,2,78,75,87,67,91.89,Electrical Engineer,Placed,0.8022,5.59
STU02880,24,Male,Telangana,Karimnagar,Tier 3,Tier 2,Data Science,B.Tech,6.59,0,Yes,4,2,58,92,73,40,83.54,Data Scientist,Placed,0.6743,4.5
STU02881,23,Female,Gujarat,Vadodara,Tier 2,Tier 2,Mechanical,B.Tech,7.97,0,No,5,3,82,34,54,58,100.0,Design Engineer,Placed,0.6199,5.64
STU02882,21,Male,Kerala,Thiruvananthapuram,Tier 1,Tier 1,Data Science,B.Tech,7.97,0,No,1,2,91,57,52,50,79.23,Data Scientist,Not Placed,0.5902,0.0
STU02883,21,Female,Gujarat,Surat,Tier 1,Tier 2,Data Science,B.Tech,7.76,0,No,1,4,79,84,63,57,68.52,Data Scientist,Placed,0.6844,5.87
STU02884,23,Male,Tamil Nadu,Coimbatore,Tier 2,Tier 3,ECE,B.Tech,7.66,0,Yes,2,3,76,42,58,50,77.69,Embedded Engineer,Placed,0.5385,4.76
STU02885,21,Female,Kerala,Kochi,Tier 2,Tier 3,ECE,B.Tech,9.5,0,No,1,1,81,77,81,50,79.91,Embedded Engineer,Not Placed,0.6995,0.0
STU02886,22,Male,Tamil Nadu,Coimbatore,Tier 1,Tier 3,Data Science,B.Tech,7.45,0,Yes,0,5,59,100,66,40,93.85,Data Scientist,Placed,0.6839,4.35
STU02887,24,Female,Kerala,Kozhikode,Tier 1,Tier 3,ISE,B.Tech,7.62,1,Yes,1,1,78,63,45,62,84.33,Full Stack Developer,Not Placed,0.5008,0.0
STU02888,20,Male,Gujarat,Vadodara,Tier 2,Tier 2,CSE,B.Tech,7.83,0,Yes,3,2,72,91,55,52,75.69,Software Developer,Placed,0.8024,6.27
STU02889,24,Male,Kerala,Kochi,Tier 2,Tier 3,CSE,B.Tech,8.25,1,Yes,2,4,64,71,48,34,79.75,Software Developer,Placed,0.6003,4.56
STU02890,23,Male,Uttar Pradesh,Kanpur,Tier 3,Tier 1,CSE,B.Tech,6.3,1,Yes,0,0,100,60,44,46,84.88,Software Developer,Not Placed,0.3422,0.0
STU02891,21,Female,Karnataka,Mangaluru,Tier 3,Tier 1,Data Science,B.Tech,9.99,0,Yes,1,4,91,73,82,76,77.05,Data Scientist,Placed,0.9259,4.84
STU02892,23,Male,Karnataka,Mangaluru,Tier 2,Tier 3,Data Science,B.Tech,7.77,0,Yes,2,2,68,79,57,55,77.31,Data Scientist,Not Placed,0.7077,0.0
STU02893,23,Male,West Bengal,Durgapur,Tier 2,Tier 3,CSE,B.E.,8.35,0,No,1,3,85,90,60,83,71.13,Software Developer,Placed,0.7944,3.16
STU02894,24,Female,Maharashtra,Mumbai,Tier 3,Tier 1,Mechanical,B.Tech,8.34,0,No,5,0,63,49,38,69,89.26,Design Engineer,Placed,0.6565,5.33
STU02895,20,Male,Delhi,New Delhi,Tier 2,Tier 3,AI & ML,B.Tech,9.11,0,No,2,4,58,84,92,46,81.33,Machine Learning Engineer,Placed,0.7498,4.45
STU02896,22,Male,Gujarat,Ahmedabad,Tier 2,Tier 3,Data Science,B.E.,8.32,0,Yes,2,2,82,95,60,53,77.85,Data Scientist,Placed,0.8272,5.4
STU02897,22,Female,Andhra Pradesh,Tirupati,Tier 2,Tier 2,AI & ML,B.Tech,7.68,0,No,1,1,78,80,76,100,68.33,Machine Learning Engineer,Placed,0.7056,2.5
STU02898,21,Female,Andhra Pradesh,Tirupati,Tier 2,Tier 2,Civil,B.Tech,8.42,1,No,2,1,72,65,90,77,75.24,Civil Engineer,Placed,0.5412,5.21
STU02899,24,Male,West Bengal,Durgapur,Tier 2,Tier 3,CSE,B.Tech,8.02,0,No,0,2,53,94,100,71,88.99,Software Developer,Placed,0.6151,6.1
STU02900,20,Male,Maharashtra,Mumbai,Tier 2,Tier 3,Civil,B.Tech,8.06,0,No,4,2,71,63,42,60,85.84,Civil Engineer,Not Placed,0.6415,0.0
STU02901,20,Male,Delhi,New Delhi,Tier 3,Tier 1,CSE,B.E.,6.48,2,No,4,2,93,81,83,83,76.92,Software Developer,Not Placed,0.5463,0.0
STU02902,24,Female,Gujarat,Ahmedabad,Tier 2,Tier 2,Civil,B.Tech,7.33,0,No,2,3,51,78,81,49,91.95,Civil Engineer,Placed,0.4931,2.5
STU02903,21,Male,Maharashtra,Nagpur,Tier 2,Tier 3,EEE,B.E.,9.08,1,No,0,0,65,46,57,63,93.08,Electrical Engineer,Not Placed,0.3383,0.0
STU02904,22,Male,Karnataka,Mangaluru,Tier 2,Tier 3,CSE,B.Tech,6.57,0,No,3,2,69,71,66,74,82.5,Software Developer,Not Placed,0.5421,0.0
STU02905,23,Female,Uttar Pradesh,Noida,Tier 1,Tier 2,EEE,B.Tech,8.55,0,No,1,2,81,58,61,71,83.35,Electrical Engineer,Placed,0.6238,4.34
STU02906,24,Male,Delhi,Delhi,Tier 2,Tier 3,AI & ML,B.E.,7.78,0,Yes,1,2,95,37,63,39,80.62,Machine Learning Engineer,Placed,0.5208,2.9
STU02907,22,Female,Kerala,Kochi,Tier 3,Tier 3,Data Science,B.Tech,7.68,0,No,2,0,81,64,84,85,88.61,Data Scientist,Placed,0.6084,4.39
STU02908,22,Male,Kerala,Kozhikode,Tier 2,Tier 3,EEE,B.Tech,7.49,0,No,5,3,57,41,47,69,88.55,Electrical Engineer,Not Placed,0.5377,0.0
STU02909,22,Female,Delhi,Delhi,Tier 3,Tier 3,AI & ML,B.E.,8.41,0,No,3,5,63,68,66,62,92.41,Machine Learning Engineer,Not Placed,0.7366,0.0
STU02910,24,Male,Kerala,Kochi,Tier 1,Tier 3,CSE,B.Tech,8.35,0,Yes,4,2,82,82,78,70,81.46,Software Developer,Placed,0.8709,6.92
STU02911,22,Male,Tamil Nadu,Madurai,Tier 2,Tier 3,CSE,B.Tech,8.14,0,Yes,0,1,59,89,56,70,95.86,Software Developer,Placed,0.6991,3.07
STU02912,23,Male,Maharashtra,Nagpur,Tier 1,Tier 2,Data Science,B.Tech,8.46,0,No,4,2,66,48,62,55,77.31,Data Scientist,Placed,0.6464,3.33
STU02913,24,Female,Tamil Nadu,Coimbatore,Tier 3,Tier 2,AI & ML,B.Tech,7.43,1,No,2,3,63,64,51,45,81.3,Machine Learning Engineer,Not Placed,0.3917,0.0
STU02914,24,Male,Kerala,Kochi,Tier 1,Tier 3,ECE,B.Tech,6.91,1,No,1,2,86,69,82,91,85.13,Embedded Engineer,Placed,0.4337,4.35
STU02915,23,Male,West Bengal,Durgapur,Tier 1,Tier 2,CSE,B.Tech,6.36,0,Yes,1,4,66,80,42,54,75.39,Software Developer,Placed,0.5824,5.06
STU02916,24,Female,Uttar Pradesh,Kanpur,Tier 1,Tier 3,Mechanical,B.Tech,9.45,0,No,3,0,88,74,57,74,66.35,Design Engineer,Placed,0.8019,4.61
STU02917,20,Male,Telangana,Warangal,Tier 2,Tier 1,AI & ML,B.Tech,6.86,0,Yes,0,3,69,56,67,68,74.44,Machine Learning Engineer,Not Placed,0.542,0.0
STU02918,23,Male,Uttar Pradesh,Noida,Tier 1,Tier 3,ISE,B.Tech,8.47,0,Yes,0,1,63,76,31,56,71.13,Full Stack Developer,Placed,0.6544,4.33
STU02919,23,Male,West Bengal,Kolkata,Tier 1,Tier 1,Mechanical,B.Tech,7.91,0,No,1,5,86,69,69,72,87.88,Design Engineer,Placed,0.7124,3.11
STU02920,23,Female,Andhra Pradesh,Visakhapatnam,Tier 2,Tier 2,Data Science,B.Tech,6.15,0,Yes,2,5,46,75,64,67,76.12,Data Scientist,Not Placed,0.5845,0.0
STU02921,23,Male,Uttar Pradesh,Lucknow,Tier 2,Tier 3,EEE,B.E.,7.6,1,No,1,6,72,49,50,64,79.73,Electrical Engineer,Not Placed,0.3998,0.0
STU02922,22,Male,Maharashtra,Nagpur,Tier 3,Tier 2,CSE,B.Tech,7.96,0,Yes,2,1,74,94,87,85,77.48,Software Developer,Placed,0.8391,5.89
STU02923,21,Male,Gujarat,Vadodara,Tier 2,Tier 1,ECE,B.Tech,8.19,1,No,1,2,58,89,50,88,70.03,Embedded Engineer,Placed,0.6223,4.58
STU02924,23,Male,Gujarat,Surat,Tier 1,Tier 2,EEE,B.Tech,8.41,0,No,2,2,80,50,66,92,83.61,Electrical Engineer,Placed,0.6725,2.61
STU02925,24,Male,Telangana,Warangal,Tier 3,Tier 2,ECE,B.E.,8.39,0,No,6,2,86,83,77,79,78.32,Embedded Engineer,Placed,0.8741,4.46
STU02926,24,Male,Andhra Pradesh,Visakhapatnam,Tier 2,Tier 2,ISE,B.Tech,7.36,0,No,2,1,80,84,68,56,73.76,Full Stack Developer,Not Placed,0.617,0.0
STU02927,22,Male,Gujarat,Vadodara,Tier 1,Tier 2,CSE,B.Tech,8.74,2,Yes,1,5,55,100,88,65,96.08,Software Developer,Placed,0.7241,7.73
STU02928,21,Male,Uttar Pradesh,Kanpur,Tier 3,Tier 2,CSE,B.Tech,7.07,1,No,2,1,63,68,51,84,75.15,Software Developer,Not Placed,0.4353,0.0
STU02929,22,Female,Tamil Nadu,Madurai,Tier 2,Tier 2,Civil,B.E.,9.56,0,No,2,2,80,55,49,42,83.03,Civil Engineer,Placed,0.674,2.5
STU02930,23,Male,Tamil Nadu,Coimbatore,Tier 3,Tier 3,CSE,B.Tech,8.85,1,Yes,2,2,80,100,77,70,88.88,Software Developer,Placed,0.8354,4.16
STU02931,22,Female,Kerala,Kochi,Tier 2,Tier 3,ECE,B.Tech,7.22,1,No,4,1,70,82,54,76,84.52,Embedded Engineer,Not Placed,0.5439,0.0
STU02932,24,Female,Karnataka,Bengaluru,Tier 2,Tier 2,ECE,B.Tech,8.24,0,No,1,1,65,67,54,38,81.37,Embedded Engineer,Not Placed,0.4598,0.0
STU02933,20,Male,Tamil Nadu,Madurai,Tier 2,Tier 3,CSE,B.Tech,6.04,0,Yes,1,0,75,74,74,60,85.18,Software Developer,Placed,0.4451,4.69
STU02934,21,Male,Gujarat,Ahmedabad,Tier 3,Tier 2,Mechanical,B.Tech,7.85,0,Yes,1,3,68,35,35,70,65.89,Design Engineer,Placed,0.5398,2.5
STU02935,23,Male,Gujarat,Surat,Tier 1,Tier 2,CSE,B.Tech,9.94,1,No,0,0,67,91,78,66,79.11,Software Developer,Not Placed,0.6935,0.0
STU02936,24,Male,Tamil Nadu,Madurai,Tier 2,Tier 2,EEE,B.Tech,6.68,3,Yes,1,3,59,55,41,85,78.1,Electrical Engineer,Not Placed,0.2165,0.0
STU02937,24,Male,Kerala,Kochi,Tier 2,Tier 1,CSE,B.E.,7.69,0,Yes,2,4,96,83,64,55,84.93,Software Developer,Not Placed,0.8397,0.0
STU02938,22,Male,Delhi,New Delhi,Tier 3,Tier 3,CSE,B.E.,8.17,0,Yes,0,1,52,84,78,73,71.94,Software Developer,Not Placed,0.6727,0.0
STU02939,22,Male,Karnataka,Mangaluru,Tier 2,Tier 2,AI & ML,B.Tech,6.02,3,Yes,3,3,52,54,57,66,77.66,Machine Learning Engineer,Not Placed,0.1973,0.0
STU02940,22,Female,Maharashtra,Pune,Tier 1,Tier 3,AI & ML,B.Tech,8.38,0,No,2,2,61,66,59,71,67.36,Machine Learning Engineer,Placed,0.6413,3.72
STU02941,21,Male,Andhra Pradesh,Vijayawada,Tier 1,Tier 2,CSE,B.Tech,8.54,2,No,0,1,79,89,71,65,73.33,Software Developer,Placed,0.4837,4.87
STU02942,20,Female,Andhra Pradesh,Tirupati,Tier 2,Tier 2,CSE,B.E.,6.76,1,Yes,5,6,58,85,62,49,90.66,Software Developer,Placed,0.714,5.04
STU02943,20,Male,Telangana,Warangal,Tier 2,Tier 3,CSE,B.Tech,8.52,0,Yes,1,6,79,90,43,52,84.1,Software Developer,Placed,0.8499,4.6
STU02944,24,Female,Gujarat,Vadodara,Tier 3,Tier 2,Civil,B.Tech,9.08,3,Yes,5,4,58,84,74,83,94.07,Civil Engineer,Placed,0.7505,6.21
STU02945,24,Male,West Bengal,Kolkata,Tier 3,Tier 3,CSE,B.Tech,6.47,0,Yes,0,2,59,49,39,60,90.29,Software Developer,Placed,0.343,5.04
STU02946,23,Female,Telangana,Warangal,Tier 1,Tier 2,AI & ML,B.Tech,10.0,0,No,2,2,69,89,58,69,87.95,Machine Learning Engineer,Placed,0.8674,8.28
STU02947,23,Male,Uttar Pradesh,Lucknow,Tier 2,Tier 2,ECE,B.E.,7.14,0,No,3,2,27,87,88,57,83.28,Embedded Engineer,Not Placed,0.4846,0.0
STU02948,22,Male,Karnataka,Mysuru,Tier 3,Tier 2,AI & ML,B.Tech,8.59,0,Yes,3,1,61,80,71,79,91.72,Machine Learning Engineer,Placed,0.837,4.16
STU02949,24,Male,Maharashtra,Mumbai,Tier 2,Tier 2,CSE,B.Tech,8.13,0,Yes,3,4,56,96,88,91,88.49,Software Developer,Placed,0.8911,5.1
STU02950,22,Female,Kerala,Kozhikode,Tier 3,Tier 2,ECE,B.Tech,8.43,0,No,2,3,72,84,71,67,82.52,Embedded Engineer,Placed,0.7397,4.0
STU02951,20,Male,Tamil Nadu,Chennai,Tier 2,Tier 2,CSE,B.Tech,7.96,0,Yes,3,2,63,88,92,90,81.49,Software Developer,Placed,0.852,4.96
STU02952,22,Other,Maharashtra,Nagpur,Tier 1,Tier 3,CSE,B.Tech,7.98,1,Yes,3,4,69,59,63,49,74.83,Software Developer,Not Placed,0.6197,0.0
STU02953,23,Female,Delhi,Delhi,Tier 2,Tier 2,Civil,B.Tech,10.0,0,No,2,1,81,60,67,77,72.44,Civil Engineer,Placed,0.7935,3.26
STU02954,22,Male,Kerala,Thiruvananthapuram,Tier 2,Tier 1,CSE,B.Tech,9.18,1,Yes,0,4,77,100,88,63,74.0,Software Developer,Placed,0.8443,6.32
STU02955,21,Female,Maharashtra,Pune,Tier 3,Tier 2,Data Science,B.Tech,9.49,3,Yes,0,1,79,83,61,58,79.17,Data Scientist,Not Placed,0.5417,0.0
STU02956,22,Female,Maharashtra,Nagpur,Tier 3,Tier 3,CSE,B.Tech,6.71,1,No,2,3,41,83,100,62,77.69,Software Developer,Placed,0.3629,2.5
STU02957,22,Male,West Bengal,Kolkata,Tier 1,Tier 2,ECE,B.Tech,7.8,1,Yes,2,1,62,54,58,53,77.75,Embedded Engineer,Placed,0.4338,4.88
STU02958,20,Male,Andhra Pradesh,Vijayawada,Tier 2,Tier 3,Mechanical,B.Tech,7.47,0,Yes,2,2,70,50,64,67,85.58,Design Engineer,Placed,0.5615,2.5
STU02959,21,Male,Uttar Pradesh,Noida,Tier 1,Tier 2,EEE,B.Tech,9.06,1,Yes,2,0,100,77,49,69,90.28,Electrical Engineer,Not Placed,0.7793,0.0
STU02960,24,Male,Telangana,Warangal,Tier 2,Tier 3,AI & ML,B.E.,7.91,1,No,1,2,64,87,81,73,81.02,Machine Learning Engineer,Not Placed,0.5447,0.0
STU02961,24,Male,Tamil Nadu,Coimbatore,Tier 3,Tier 2,ECE,B.E.,7.99,0,Yes,4,1,67,76,72,48,86.85,Embedded Engineer,Placed,0.7358,4.48
STU02962,24,Female,Tamil Nadu,Madurai,Tier 1,Tier 2,Mechanical,B.Tech,8.12,0,Yes,1,1,87,44,76,65,72.21,Design Engineer,Not Placed,0.6007,0.0
STU02963,22,Male,Karnataka,Mysuru,Tier 2,Tier 3,ISE,B.Tech,7.23,3,Yes,2,0,47,73,64,78,91.07,Full Stack Developer,Not Placed,0.27,0.0
STU02964,20,Female,Karnataka,Mangaluru,Tier 1,Tier 2,CSE,B.Tech,8.54,0,Yes,4,2,68,80,77,78,66.67,Software Developer,Placed,0.877,6.1
STU02965,23,Male,Tamil Nadu,Coimbatore,Tier 3,Tier 3,CSE,B.Tech,9.76,0,Yes,0,1,83,78,56,61,69.25,Software Developer,Placed,0.8257,6.36
STU02966,22,Male,Delhi,New Delhi,Tier 1,Tier 1,Mechanical,B.E.,7.01,0,Yes,3,4,58,70,63,57,83.74,Design Engineer,Not Placed,0.6717,0.0
STU02967,20,Male,Telangana,Warangal,Tier 2,Tier 2,CSE,B.Tech,7.0,0,Yes,1,1,70,34,36,82,80.37,Software Developer,Not Placed,0.4691,0.0
STU02968,20,Female,Tamil Nadu,Madurai,Tier 2,Tier 1,ECE,B.Tech,7.82,0,Yes,4,2,49,84,71,73,92.51,Embedded Engineer,Placed,0.8012,5.61
STU02969,23,Female,West Bengal,Durgapur,Tier 3,Tier 3,Data Science,B.E.,7.12,2,Yes,2,0,62,83,76,77,80.18,Data Scientist,Placed,0.4389,2.82
STU02970,21,Female,Delhi,Delhi,Tier 1,Tier 2,CSE,B.Tech,7.63,0,Yes,1,0,65,92,75,68,91.19,Software Developer,Not Placed,0.7055,0.0
STU02971,21,Female,Karnataka,Bengaluru,Tier 1,Tier 1,CSE,B.Tech,7.74,2,Yes,1,1,75,96,87,48,68.54,Software Developer,Not Placed,0.5494,0.0
STU02972,21,Male,Maharashtra,Pune,Tier 1,Tier 1,ECE,B.Tech,7.44,0,Yes,0,3,78,67,86,75,88.07,Embedded Engineer,Placed,0.662,4.0
STU02973,22,Male,Uttar Pradesh,Kanpur,Tier 1,Tier 3,AI & ML,B.Tech,7.32,0,Yes,2,2,65,79,36,69,72.28,Machine Learning Engineer,Placed,0.693,4.28
STU02974,24,Male,Karnataka,Mysuru,Tier 3,Tier 2,CSE,B.E.,9.59,1,No,1,2,80,96,77,67,83.48,Software Developer,Not Placed,0.7852,0.0
STU02975,21,Female,Gujarat,Surat,Tier 2,Tier 2,Mechanical,B.Tech,6.85,0,Yes,1,2,73,46,61,67,94.24,Design Engineer,Not Placed,0.4576,0.0
STU02976,22,Male,Karnataka,Bengaluru,Tier 2,Tier 1,ECE,B.Tech,8.45,1,No,2,0,42,72,79,58,78.66,Embedded Engineer,Not Placed,0.435,0.0
STU02977,23,Female,Kerala,Kozhikode,Tier 3,Tier 2,CSE,B.E.,7.7,0,No,1,0,65,70,84,70,91.51,Software Developer,Not Placed,0.5212,0.0
STU02978,22,Male,Kerala,Thiruvananthapuram,Tier 1,Tier 2,AI & ML,B.Tech,8.56,0,No,3,3,81,95,72,41,67.92,Machine Learning Engineer,Placed,0.8066,5.23
STU02979,21,Male,Karnataka,Bengaluru,Tier 2,Tier 3,ISE,B.Tech,9.33,0,No,1,2,70,100,57,72,82.22,Full Stack Developer,Placed,0.8264,4.54
STU02980,20,Male,Uttar Pradesh,Kanpur,Tier 2,Tier 1,ECE,B.Tech,6.95,0,Yes,3,2,57,47,72,63,67.22,Embedded Engineer,Not Placed,0.5337,0.0
STU02981,21,Female,Telangana,Warangal,Tier 2,Tier 1,Data Science,B.Tech,8.51,0,Yes,3,5,69,77,57,76,79.83,Data Scientist,Placed,0.8935,4.48
STU02982,21,Female,Delhi,New Delhi,Tier 2,Tier 3,ISE,B.E.,6.45,0,No,2,2,62,67,73,56,86.6,Full Stack Developer,Not Placed,0.3931,0.0
STU02983,23,Male,Maharashtra,Pune,Tier 3,Tier 3,CSE,B.Tech,9.56,1,Yes,4,2,72,83,73,68,73.32,Software Developer,Placed,0.867,6.1
STU02984,22,Male,Delhi,New Delhi,Tier 3,Tier 3,AI & ML,B.Tech,7.65,0,Yes,4,2,75,78,48,43,78.68,Machine Learning Engineer,Not Placed,0.7525,0.0
STU02985,21,Female,Gujarat,Ahmedabad,Tier 2,Tier 1,CSE,B.Tech,6.43,1,Yes,1,0,45,47,64,43,94.19,Software Developer,Not Placed,0.2065,0.0
STU02986,20,Female,West Bengal,Durgapur,Tier 3,Tier 2,AI & ML,B.Tech,8.29,2,Yes,3,2,66,73,53,53,72.19,Machine Learning Engineer,Placed,0.5794,6.27
STU02987,20,Male,Andhra Pradesh,Visakhapatnam,Tier 2,Tier 2,CSE,B.E.,6.76,0,No,0,0,47,69,57,67,87.47,Software Developer,Not Placed,0.3126,0.0
STU02988,21,Male,Delhi,Delhi,Tier 2,Tier 1,CSE,B.Tech,8.14,2,Yes,2,2,64,97,56,78,76.39,Software Developer,Not Placed,0.7114,0.0
STU02989,22,Male,Andhra Pradesh,Vijayawada,Tier 1,Tier 2,CSE,B.Tech,10.0,0,Yes,2,1,96,73,43,64,83.22,Software Developer,Placed,0.9006,5.02
STU02990,21,Male,Kerala,Thiruvananthapuram,Tier 3,Tier 1,CSE,B.Tech,6.05,0,Yes,1,2,56,76,75,85,77.59,Software Developer,Placed,0.5726,5.55
STU02991,23,Male,West Bengal,Kolkata,Tier 2,Tier 1,Data Science,B.Tech,6.74,0,No,4,3,60,69,66,83,85.16,Data Scientist,Placed,0.6663,4.18
STU02992,21,Female,Gujarat,Vadodara,Tier 1,Tier 2,CSE,B.Tech,8.92,0,No,4,4,72,64,40,78,78.97,Software Developer,Placed,0.8383,5.43
STU02993,22,Female,Uttar Pradesh,Lucknow,Tier 2,Tier 2,AI & ML,B.Tech,8.09,0,Yes,2,3,58,57,74,62,82.91,Machine Learning Engineer,Placed,0.6846,5.03
STU02994,24,Female,Kerala,Kochi,Tier 2,Tier 3,Data Science,B.E.,8.42,1,Yes,2,2,94,44,28,95,87.88,Data Scientist,Not Placed,0.7091,0.0
STU02995,21,Male,Gujarat,Ahmedabad,Tier 1,Tier 2,ISE,B.Tech,8.1,0,No,6,5,61,64,57,65,80.81,Full Stack Developer,Placed,0.8097,3.45
STU02996,21,Male,Uttar Pradesh,Noida,Tier 2,Tier 2,ECE,B.E.,5.89,0,Yes,5,4,55,75,58,57,81.3,Embedded Engineer,Not Placed,0.6238,0.0
STU02997,23,Female,Tamil Nadu,Madurai,Tier 3,Tier 2,AI & ML,B.Tech,7.62,0,No,1,2,59,86,84,51,87.04,Machine Learning Engineer,Placed,0.5585,4.45
STU02998,21,Male,Delhi,New Delhi,Tier 1,Tier 1,CSE,B.Tech,8.6,0,No,2,4,89,62,54,77,77.83,Software Developer,Not Placed,0.8049,0.0
STU02999,23,Female,Maharashtra,Mumbai,Tier 2,Tier 3,Data Science,B.Tech,8.67,0,No,1,2,71,100,80,53,87.84,Data Scientist,Not Placed,0.7409,0.0
STU03000,22,Male,Karnataka,Bengaluru,Tier 3,Tier 1,EEE,B.E.,8.04,0,Yes,2,4,98,65,50,40,78.77,Electrical Engineer,Placed,0.7653,2.5
STU03001,23,Male,Kerala,Kozhikode,Tier 2,Tier 3,EEE,B.Tech,8.95,2,No,1,0,76,72,94,63,67.51,Electrical Engineer,Placed,0.4013,4.91
STU03002,22,Female,Tamil Nadu,Coimbatore,Tier 3,Tier 3,ECE,B.Tech,8.54,0,No,2,3,79,76,70,78,84.26,Embedded Engineer,Placed,0.7477,4.5
STU03003,24,Male,Telangana,Hyderabad,Tier 2,Tier 3,CSE,B.Tech,7.97,0,No,2,1,70,87,65,69,77.09,Software Developer,Placed,0.6811,5.28
STU03004,23,Male,Andhra Pradesh,Visakhapatnam,Tier 2,Tier 2,ECE,B.Tech,7.76,0,Yes,3,1,85,59,43,57,100.0,Embedded Engineer,Placed,0.6806,3.88
STU03005,21,Male,Andhra Pradesh,Visakhapatnam,Tier 1,Tier 2,ISE,B.Tech,8.28,0,Yes,2,2,63,58,75,64,62.05,Full Stack Developer,Placed,0.7039,3.25
STU03006,23,Male,Andhra Pradesh,Vijayawada,Tier 3,Tier 2,Civil,B.Tech,8.82,0,Yes,2,1,85,59,61,75,70.88,Civil Engineer,Placed,0.7812,6.64
STU03007,23,Male,Gujarat,Surat,Tier 3,Tier 2,CSE,B.Tech,8.39,0,Yes,4,3,80,75,65,64,84.24,Software Developer,Placed,0.868,3.32
STU03008,20,Female,Karnataka,Mysuru,Tier 3,Tier 3,AI & ML,B.Tech,7.48,0,Yes,1,1,43,59,30,71,87.6,Machine Learning Engineer,Not Placed,0.5018,0.0
STU03009,24,Male,Karnataka,Mysuru,Tier 1,Tier 1,CSE,B.E.,8.09,0,Yes,1,1,83,99,88,84,75.49,Software Developer,Placed,0.8624,3.55
STU03010,22,Male,Andhra Pradesh,Vijayawada,Tier 1,Tier 3,AI & ML,B.Tech,6.81,1,Yes,6,1,62,82,51,65,92.46,Machine Learning Engineer,Not Placed,0.6739,0.0
STU03011,20,Male,Tamil Nadu,Coimbatore,Tier 2,Tier 3,ECE,B.Tech,6.29,1,No,2,1,67,51,60,69,71.59,Embedded Engineer,Not Placed,0.2177,0.0
STU03012,20,Female,Gujarat,Ahmedabad,Tier 1,Tier 1,ECE,B.Tech,7.27,0,No,3,0,63,59,42,68,83.91,Embedded Engineer,Placed,0.4936,3.87
STU03013,22,Female,Delhi,New Delhi,Tier 3,Tier 2,EEE,B.Tech,9.38,2,Yes,3,3,77,83,62,60,88.0,Electrical Engineer,Placed,0.7615,4.8
STU03014,22,Male,Maharashtra,Pune,Tier 1,Tier 2,AI & ML,B.Tech,8.88,2,Yes,3,0,74,100,88,77,76.64,Machine Learning Engineer,Placed,0.7788,4.04
STU03015,21,Male,Maharashtra,Pune,Tier 3,Tier 1,EEE,B.Tech,7.16,0,No,0,3,70,68,46,65,74.68,Electrical Engineer,Placed,0.4743,5.36
STU03016,21,Female,Tamil Nadu,Chennai,Tier 3,Tier 3,EEE,B.Tech,8.13,0,No,2,0,56,68,68,78,88.56,Electrical Engineer,Placed,0.5453,5.07
STU03017,20,Female,Tamil Nadu,Madurai,Tier 2,Tier 2,CSE,B.Tech,7.79,1,No,2,2,69,89,68,71,87.49,Software Developer,Placed,0.6124,3.7
STU03018,24,Female,Karnataka,Mysuru,Tier 1,Tier 2,Civil,B.E.,9.54,2,No,1,2,85,57,77,64,87.78,Civil Engineer,Placed,0.4996,4.52
STU03019,24,Male,Delhi,New Delhi,Tier 2,Tier 1,Data Science,B.Tech,7.08,0,Yes,3,1,59,79,93,40,73.72,Data Scientist,Not Placed,0.6379,0.0
STU03020,22,Male,Maharashtra,Mumbai,Tier 1,Tier 3,AI & ML,B.Tech,6.98,1,No,2,1,64,100,98,49,94.87,Machine Learning Engineer,Not Placed,0.4469,0.0
STU03021,24,Female,Gujarat,Surat,Tier 2,Tier 2,CSE,B.Tech,7.2,0,Yes,2,1,65,64,52,76,72.81,Software Developer,Placed,0.6352,3.0
STU03022,24,Male,Telangana,Warangal,Tier 1,Tier 2,ISE,B.Tech,7.11,0,Yes,3,1,75,85,78,70,65.54,Full Stack Developer,Placed,0.7542,4.73
STU03023,24,Female,Kerala,Kochi,Tier 1,Tier 3,EEE,B.Tech,7.66,2,No,3,4,100,65,56,92,84.19,Electrical Engineer,Placed,0.572,4.49
STU03024,24,Female,Delhi,New Delhi,Tier 2,Tier 3,Mechanical,B.Tech,8.25,0,Yes,3,5,85,64,82,29,73.49,Design Engineer,Placed,0.7414,4.21
STU03025,23,Female,Kerala,Thiruvananthapuram,Tier 1,Tier 2,Data Science,B.Tech,7.11,0,No,2,2,83,84,76,85,77.45,Data Scientist,Placed,0.7005,3.34
STU03026,23,Male,Andhra Pradesh,Vijayawada,Tier 2,Tier 3,CSE,B.Tech,8.26,2,No,2,0,65,85,84,71,82.32,Software Developer,Not Placed,0.4554,0.0
STU03027,21,Male,Karnataka,Bengaluru,Tier 3,Tier 2,ISE,B.Tech,6.56,0,No,0,2,68,60,74,51,83.94,Full Stack Developer,Not Placed,0.314,0.0
STU03028,22,Male,Tamil Nadu,Chennai,Tier 1,Tier 1,ECE,B.Tech,7.36,0,No,3,2,66,74,60,60,69.44,Embedded Engineer,Placed,0.6048,4.7
STU03029,23,Male,Delhi,Delhi,Tier 1,Tier 2,Data Science,B.Tech,9.44,0,Yes,2,2,61,96,69,58,86.3,Data Scientist,Placed,0.8781,5.19
STU03030,21,Male,Andhra Pradesh,Visakhapatnam,Tier 3,Tier 3,ECE,B.Tech,8.41,0,Yes,0,1,86,53,60,65,89.53,Embedded Engineer,Placed,0.6058,2.88
STU03031,21,Male,Gujarat,Vadodara,Tier 3,Tier 3,CSE,B.Tech,6.55,0,Yes,2,0,68,77,54,69,97.92,Software Developer,Not Placed,0.5661,0.0
STU03032,21,Female,Maharashtra,Nagpur,Tier 1,Tier 1,AI & ML,B.E.,6.39,0,Yes,1,1,41,75,100,79,76.07,Machine Learning Engineer,Not Placed,0.5184,0.0
STU03033,21,Male,Telangana,Karimnagar,Tier 2,Tier 1,ECE,B.E.,7.73,0,No,3,3,80,75,57,56,88.69,Embedded Engineer,Placed,0.6962,5.04
STU03034,23,Male,West Bengal,Kolkata,Tier 1,Tier 3,CSE,B.E.,8.37,0,Yes,0,1,75,77,62,66,98.27,Software Developer,Placed,0.7061,6.12
STU03035,20,Male,Gujarat,Surat,Tier 1,Tier 2,CSE,B.Tech,7.05,0,Yes,2,1,71,79,51,72,82.28,Software Developer,Placed,0.6855,5.16
STU03036,21,Female,Tamil Nadu,Coimbatore,Tier 2,Tier 2,Mechanical,B.Tech,8.91,0,Yes,3,2,70,79,74,55,87.68,Design Engineer,Placed,0.822,4.14
STU03037,20,Male,Maharashtra,Pune,Tier 1,Tier 2,Data Science,B.Tech,9.19,0,No,0,3,78,80,54,69,85.24,Data Scientist,Not Placed,0.7684,0.0
STU03038,23,Male,Andhra Pradesh,Visakhapatnam,Tier 1,Tier 3,CSE,B.Tech,7.91,0,Yes,3,5,71,75,73,90,89.34,Software Developer,Placed,0.8594,5.03
STU03039,23,Female,Delhi,Delhi,Tier 2,Tier 1,Data Science,B.E.,6.45,1,No,1,1,78,56,68,79,76.79,Data Scientist,Not Placed,0.3331,0.0
STU03040,24,Male,Kerala,Kochi,Tier 1,Tier 2,ISE,B.Tech,5.66,2,Yes,2,0,40,62,51,50,75.83,Full Stack Developer,Placed,0.1436,4.56
STU03041,20,Male,Maharashtra,Pune,Tier 3,Tier 1,Mechanical,B.Tech,5.89,0,No,2,3,64,61,65,55,95.12,Design Engineer,Not Placed,0.3463,0.0
STU03042,21,Male,Andhra Pradesh,Visakhapatnam,Tier 1,Tier 1,AI & ML,B.Tech,6.74,0,No,0,2,76,78,57,63,80.71,Machine Learning Engineer,Not Placed,0.4959,0.0
STU03043,21,Male,Kerala,Kozhikode,Tier 1,Tier 3,CSE,B.Tech,7.64,0,Yes,5,1,82,73,58,66,92.87,Software Developer,Placed,0.8114,5.5
STU03044,20,Male,Maharashtra,Nagpur,Tier 2,Tier 3,Mechanical,B.Tech,7.18,0,No,0,3,63,50,52,37,73.09,Design Engineer,Not Placed,0.2614,0.0
STU03045,24,Male,Telangana,Karimnagar,Tier 1,Tier 1,Mechanical,B.Tech,10.0,0,Yes,0,1,79,91,92,62,83.24,Design Engineer,Placed,0.871,5.41
STU03046,20,Female,Maharashtra,Nagpur,Tier 1,Tier 3,CSE,B.Tech,7.56,1,Yes,4,1,70,74,84,77,91.77,Software Developer,Placed,0.6898,7.06
STU03047,23,Male,Kerala,Kozhikode,Tier 1,Tier 1,CSE,B.E.,8.01,0,Yes,3,2,67,86,79,94,87.08,Software Developer,Placed,0.8759,5.57
STU03048,21,Male,Karnataka,Mysuru,Tier 3,Tier 1,Mechanical,B.Tech,7.71,2,No,2,2,62,98,100,46,79.68,Design Engineer,Not Placed,0.4305,0.0
STU03049,22,Male,Kerala,Kochi,Tier 1,Tier 1,EEE,B.E.,7.75,1,Yes,2,0,82,53,41,66,80.72,Electrical Engineer,Not Placed,0.5273,0.0
STU03050,23,Male,Delhi,Delhi,Tier 1,Tier 2,Data Science,B.E.,7.72,0,Yes,4,1,73,80,69,100,89.32,Data Scientist,Placed,0.8605,6.05
STU03051,22,Male,Tamil Nadu,Coimbatore,Tier 3,Tier 2,CSE,B.Tech,6.88,0,Yes,5,2,64,78,41,59,92.59,Software Developer,Not Placed,0.7475,0.0
STU03052,22,Female,Karnataka,Mysuru,Tier 1,Tier 3,ISE,B.Tech,5.85,0,Yes,4,2,49,75,85,56,73.99,Full Stack Developer,Not Placed,0.5235,0.0
STU03053,23,Male,Andhra Pradesh,Tirupati,Tier 1,Tier 3,Mechanical,B.E.,7.61,1,Yes,6,3,78,57,31,55,75.79,Design Engineer,Placed,0.6808,4.87
STU03054,23,Female,Uttar Pradesh,Noida,Tier 1,Tier 2,AI & ML,B.Tech,8.18,2,No,1,0,77,82,82,58,74.41,Machine Learning Engineer,Not Placed,0.4053,0.0
STU03055,24,Male,Delhi,Delhi,Tier 3,Tier 2,Mechanical,B.Tech,7.79,0,No,3,0,47,57,70,80,85.16,Design Engineer,Placed,0.5012,6.73
STU03056,23,Female,Karnataka,Mangaluru,Tier 2,Tier 2,CSE,B.Tech,6.53,0,Yes,0,3,50,68,66,87,80.87,Software Developer,Not Placed,0.5294,0.0
STU03057,22,Female,Delhi,New Delhi,Tier 1,Tier 1,EEE,B.Tech,8.58,0,Yes,3,5,87,100,78,81,79.74,Electrical Engineer,Placed,0.9368,4.86
STU03058,24,Male,West Bengal,Kolkata,Tier 1,Tier 2,Data Science,B.Tech,9.71,0,Yes,1,2,81,93,55,57,84.47,Data Scientist,Placed,0.89,6.12
STU03059,24,Male,Karnataka,Mangaluru,Tier 3,Tier 3,CSE,B.Tech,8.93,0,No,1,2,64,93,59,65,84.89,Software Developer,Not Placed,0.75,0.0
STU03060,21,Male,Maharashtra,Pune,Tier 1,Tier 2,Mechanical,B.Tech,8.0,0,Yes,2,1,68,77,81,73,84.77,Design Engineer,Placed,0.7309,2.54
STU03061,23,Female,Andhra Pradesh,Visakhapatnam,Tier 1,Tier 1,AI & ML,B.Tech,6.59,0,Yes,1,2,70,86,87,78,75.01,Machine Learning Engineer,Not Placed,0.6894,0.0
STU03062,23,Female,Telangana,Hyderabad,Tier 2,Tier 1,CSE,B.Tech,7.68,0,No,3,5,51,53,70,59,76.26,Software Developer,Not Placed,0.6106,0.0
STU03063,23,Male,Delhi,New Delhi,Tier 3,Tier 3,ECE,B.Tech,8.63,1,No,4,3,81,74,57,79,86.79,Embedded Engineer,Placed,0.738,3.63
STU03064,21,Female,Gujarat,Surat,Tier 3,Tier 3,CSE,B.E.,7.31,0,Yes,3,1,77,81,97,74,75.2,Software Developer,Placed,0.7559,4.68
STU03065,24,Female,Telangana,Karimnagar,Tier 1,Tier 2,AI & ML,B.Tech,8.34,1,Yes,0,5,88,89,26,66,75.71,Machine Learning Engineer,Placed,0.7799,6.69
STU03066,24,Male,Telangana,Karimnagar,Tier 2,Tier 2,CSE,B.Tech,6.66,1,Yes,4,0,77,70,73,48,79.15,Software Developer,Not Placed,0.5096,0.0
STU03067,20,Female,West Bengal,Kolkata,Tier 2,Tier 2,CSE,B.Tech,6.84,0,Yes,3,1,63,80,60,85,74.75,Software Developer,Placed,0.7196,5.76
STU03068,23,Male,Tamil Nadu,Coimbatore,Tier 2,Tier 2,Data Science,B.E.,8.61,2,No,1,2,79,66,62,68,66.44,Data Scientist,Placed,0.4666,5.53
STU03069,23,Female,Delhi,Delhi,Tier 2,Tier 3,AI & ML,B.E.,6.59,1,Yes,1,2,83,70,54,63,71.08,Machine Learning Engineer,Not Placed,0.4594,0.0
STU03070,23,Female,Tamil Nadu,Chennai,Tier 1,Tier 1,Data Science,B.Tech,9.55,0,No,1,2,80,74,67,87,87.06,Data Scientist,Placed,0.8445,3.33
STU03071,23,Male,Andhra Pradesh,Vijayawada,Tier 1,Tier 1,CSE,B.Tech,7.85,0,Yes,2,4,68,75,72,69,75.61,Software Developer,Placed,0.805,4.78
STU03072,23,Male,Delhi,Delhi,Tier 3,Tier 2,EEE,B.Tech,8.55,0,Yes,1,5,81,58,69,84,69.19,Electrical Engineer,Not Placed,0.8043,0.0
STU03073,24,Male,Telangana,Warangal,Tier 1,Tier 1,AI & ML,B.E.,8.93,0,Yes,2,3,71,89,70,59,100.0,Machine Learning Engineer,Not Placed,0.8778,0.0
STU03074,22,Female,Kerala,Thiruvananthapuram,Tier 2,Tier 3,CSE,B.Tech,9.65,0,No,3,1,83,100,65,71,70.01,Software Developer,Placed,0.892,4.65
STU03075,23,Female,Karnataka,Mangaluru,Tier 2,Tier 3,Civil,B.Tech,8.94,0,Yes,3,1,54,57,39,66,85.82,Civil Engineer,Not Placed,0.7129,0.0
STU03076,20,Female,Telangana,Karimnagar,Tier 1,Tier 2,Data Science,B.Tech,9.62,0,No,1,3,57,74,77,70,85.08,Data Scientist,Placed,0.773,5.71
STU03077,22,Male,Gujarat,Ahmedabad,Tier 2,Tier 1,CSE,B.Tech,7.85,0,Yes,1,3,69,76,68,50,80.31,Software Developer,Placed,0.7187,2.64
STU03078,20,Male,Telangana,Hyderabad,Tier 1,Tier 3,CSE,B.Tech,7.6,0,Yes,2,3,54,94,92,58,100.0,Software Developer,Not Placed,0.7396,0.0
STU03079,21,Male,Gujarat,Surat,Tier 3,Tier 2,CSE,B.Tech,8.66,0,Yes,0,2,76,72,52,61,78.87,Software Developer,Placed,0.7404,5.89
STU03080,20,Male,Gujarat,Ahmedabad,Tier 2,Tier 1,Mechanical,B.Tech,7.6,0,No,1,4,81,51,54,65,79.45,Design Engineer,Not Placed,0.5501,0.0
STU03081,21,Male,West Bengal,Kolkata,Tier 1,Tier 3,Civil,B.E.,5.81,1,Yes,2,0,49,44,68,74,90.9,Civil Engineer,Not Placed,0.1938,0.0
STU03082,21,Female,Uttar Pradesh,Lucknow,Tier 1,Tier 3,CSE,B.Tech,8.09,0,Yes,1,1,50,77,87,79,73.13,Software Developer,Placed,0.6868,4.6
STU03083,21,Male,Kerala,Kochi,Tier 2,Tier 3,ECE,B.Tech,7.13,1,Yes,3,2,78,45,27,68,84.6,Embedded Engineer,Placed,0.4608,3.73
STU03084,22,Female,Gujarat,Surat,Tier 2,Tier 3,CSE,B.Tech,9.73,0,No,2,0,69,100,89,69,80.19,Software Developer,Placed,0.8421,4.76
STU03085,21,Male,Telangana,Hyderabad,Tier 2,Tier 2,CSE,B.E.,7.63,0,Yes,2,0,69,96,95,88,70.17,Software Developer,Placed,0.8044,4.9
STU03086,20,Male,Telangana,Karimnagar,Tier 2,Tier 2,CSE,B.Tech,7.22,0,No,3,0,86,66,79,56,79.75,Software Developer,Not Placed,0.5598,0.0
STU03087,24,Male,Tamil Nadu,Coimbatore,Tier 2,Tier 2,ISE,B.Tech,6.98,0,Yes,0,1,61,48,52,82,83.15,Full Stack Developer,Not Placed,0.4579,0.0
STU03088,22,Male,Maharashtra,Pune,Tier 3,Tier 3,CSE,B.Tech,7.93,1,No,0,1,66,54,37,61,89.69,Software Developer,Not Placed,0.3089,0.0
STU03089,20,Male,West Bengal,Kolkata,Tier 2,Tier 2,Mechanical,B.Tech,8.82,0,No,2,0,54,99,60,75,63.47,Design Engineer,Not Placed,0.7444,0.0
STU03090,20,Male,Tamil Nadu,Chennai,Tier 1,Tier 2,ISE,B.Tech,8.18,0,No,1,2,49,80,83,45,100.0,Full Stack Developer,Not Placed,0.5472,0.0
STU03091,23,Male,Uttar Pradesh,Lucknow,Tier 1,Tier 2,AI & ML,B.Tech,7.92,0,Yes,1,3,57,61,45,78,68.43,Machine Learning Engineer,Placed,0.6843,5.08
STU03092,21,Male,Maharashtra,Mumbai,Tier 3,Tier 2,Mechanical,B.Tech,8.19,0,Yes,0,1,72,48,41,76,81.15,Design Engineer,Placed,0.5714,2.64
STU03093,21,Male,Tamil Nadu,Coimbatore,Tier 2,Tier 2,AI & ML,B.Tech,7.87,0,Yes,0,5,83,100,72,77,74.12,Machine Learning Engineer,Placed,0.8548,4.0
STU03094,24,Female,Telangana,Hyderabad,Tier 3,Tier 3,Data Science,B.Tech,8.74,0,No,2,1,73,66,61,46,77.16,Data Scientist,Not Placed,0.6202,0.0
STU03095,24,Male,Telangana,Warangal,Tier 3,Tier 2,Mechanical,B.Tech,5.83,1,No,0,2,45,50,61,67,74.19,Design Engineer,Not Placed,0.1222,0.0
STU03096,22,Male,Maharashtra,Nagpur,Tier 3,Tier 2,ECE,B.E.,8.34,0,No,3,2,92,78,73,55,85.11,Embedded Engineer,Placed,0.7452,2.5
STU03097,22,Male,Tamil Nadu,Madurai,Tier 2,Tier 1,Civil,B.Tech,7.35,3,Yes,4,5,88,77,50,62,87.4,Civil Engineer,Not Placed,0.5854,0.0
STU03098,21,Female,Maharashtra,Mumbai,Tier 3,Tier 2,AI & ML,B.E.,7.9,1,Yes,0,1,80,82,67,58,84.28,Machine Learning Engineer,Not Placed,0.5857,0.0
STU03099,20,Female,Andhra Pradesh,Visakhapatnam,Tier 3,Tier 2,AI & ML,B.Tech,8.61,0,Yes,0,2,92,47,71,71,94.28,Machine Learning Engineer,Not Placed,0.7085,0.0
STU03100,21,Male,Uttar Pradesh,Lucknow,Tier 1,Tier 2,CSE,B.Tech,8.26,0,Yes,2,2,70,71,47,85,68.52,Software Developer,Not Placed,0.806,0.0
STU03101,22,Male,Gujarat,Surat,Tier 2,Tier 3,ISE,B.E.,9.26,0,Yes,3,3,72,81,69,90,79.88,Full Stack Developer,Placed,0.9119,4.98
STU03102,23,Male,Tamil Nadu,Coimbatore,Tier 2,Tier 2,ECE,B.Tech,7.9,2,No,5,2,54,54,56,76,71.81,Embedded Engineer,Not Placed,0.4253,0.0
STU03103,22,Female,Maharashtra,Mumbai,Tier 2,Tier 2,ECE,B.Tech,9.17,0,Yes,1,0,75,85,100,57,89.52,Embedded Engineer,Placed,0.7829,6.02
STU03104,24,Female,Karnataka,Mangaluru,Tier 1,Tier 1,Data Science,B.Tech,8.79,0,No,2,2,96,86,63,61,71.91,Data Scientist,Placed,0.8355,6.54
STU03105,21,Female,Andhra Pradesh,Visakhapatnam,Tier 3,Tier 2,ECE,B.Tech,7.8,0,Yes,3,4,64,61,90,65,91.3,Embedded Engineer,Placed,0.7227,4.68
STU03106,20,Male,Telangana,Hyderabad,Tier 2,Tier 2,EEE,B.Tech,9.54,0,Yes,1,2,50,92,53,76,72.1,Electrical Engineer,Placed,0.8458,5.38
STU03107,22,Male,Maharashtra,Nagpur,Tier 1,Tier 2,CSE,B.Tech,9.33,0,Yes,1,2,75,100,71,95,70.4,Software Developer,Placed,0.9191,5.57
STU03108,24,Female,Gujarat,Ahmedabad,Tier 3,Tier 3,Mechanical,B.Tech,7.4,0,Yes,0,3,65,47,52,98,87.7,Design Engineer,Not Placed,0.5533,0.0
STU03109,20,Male,Karnataka,Bengaluru,Tier 3,Tier 3,Data Science,B.Tech,7.39,0,Yes,3,1,51,69,56,58,85.6,Data Scientist,Not Placed,0.61,0.0
STU03110,20,Female,Kerala,Kochi,Tier 3,Tier 2,Data Science,B.Tech,9.03,0,No,2,2,75,87,93,65,76.02,Data Scientist,Placed,0.8071,3.12
STU03111,21,Male,Gujarat,Vadodara,Tier 1,Tier 3,Data Science,B.Tech,7.97,0,No,3,1,67,74,43,70,79.81,Data Scientist,Not Placed,0.6639,0.0
STU03112,23,Male,Gujarat,Surat,Tier 2,Tier 1,CSE,B.E.,7.07,0,No,3,0,54,100,91,64,79.99,Software Developer,Placed,0.6499,3.93
STU03113,22,Male,West Bengal,Durgapur,Tier 2,Tier 3,Data Science,B.Tech,8.7,0,No,3,2,78,61,62,66,86.72,Data Scientist,Placed,0.7232,4.64
STU03114,20,Male,Delhi,New Delhi,Tier 2,Tier 3,Data Science,B.Tech,6.5,0,No,1,2,69,74,63,89,83.77,Data Scientist,Not Placed,0.5031,0.0
STU03115,24,Male,Kerala,Kozhikode,Tier 3,Tier 2,AI & ML,B.E.,7.76,0,No,1,1,63,87,78,65,87.08,Machine Learning Engineer,Placed,0.6072,4.96
STU03116,23,Male,Telangana,Hyderabad,Tier 2,Tier 2,AI & ML,B.E.,7.54,0,Yes,1,4,69,60,31,65,84.61,Machine Learning Engineer,Not Placed,0.6618,0.0
STU03117,22,Female,Kerala,Kozhikode,Tier 3,Tier 1,Mechanical,B.E.,5.89,0,No,2,3,51,64,73,96,99.71,Design Engineer,Not Placed,0.4398,0.0
STU03118,22,Female,Maharashtra,Nagpur,Tier 1,Tier 3,EEE,B.Tech,7.88,0,Yes,1,3,94,45,63,57,71.58,Electrical Engineer,Placed,0.6057,2.79
STU03119,20,Male,Uttar Pradesh,Lucknow,Tier 3,Tier 1,Mechanical,B.Tech,8.71,0,No,0,2,88,71,56,72,83.39,Design Engineer,Placed,0.7004,4.45
STU03120,21,Male,Uttar Pradesh,Kanpur,Tier 2,Tier 3,ECE,B.Tech,6.7,0,Yes,2,1,50,23,50,62,76.66,Embedded Engineer,Not Placed,0.2714,0.0
STU03121,22,Male,Andhra Pradesh,Tirupati,Tier 2,Tier 3,CSE,B.Tech,6.71,0,Yes,1,3,46,93,64,68,98.54,Software Developer,Placed,0.6155,4.96
STU03122,22,Male,West Bengal,Durgapur,Tier 2,Tier 2,CSE,B.Tech,7.69,1,Yes,1,0,77,73,61,64,70.68,Software Developer,Placed,0.5517,5.33
STU03123,20,Male,Tamil Nadu,Madurai,Tier 2,Tier 1,Mechanical,B.Tech,6.56,3,No,2,2,46,75,79,61,90.5,Design Engineer,Not Placed,0.1578,0.0
STU03124,22,Male,Gujarat,Ahmedabad,Tier 2,Tier 3,CSE,B.E.,8.37,0,Yes,4,3,62,60,55,52,73.71,Software Developer,Placed,0.7621,5.18
STU03125,24,Female,Uttar Pradesh,Kanpur,Tier 3,Tier 2,ECE,B.Tech,5.69,0,Yes,0,1,57,50,74,75,84.66,Embedded Engineer,Placed,0.2699,3.88
STU03126,24,Female,Delhi,New Delhi,Tier 3,Tier 2,CSE,B.Tech,8.34,0,Yes,1,1,64,95,81,59,78.85,Software Developer,Placed,0.7737,6.18
STU03127,20,Female,Maharashtra,Nagpur,Tier 2,Tier 2,CSE,B.Tech,8.74,1,No,0,1,71,72,60,67,85.49,Software Developer,Not Placed,0.5234,0.0
STU03128,22,Male,Delhi,New Delhi,Tier 2,Tier 2,CSE,B.Tech,8.18,1,Yes,2,1,85,86,74,90,76.05,Software Developer,Placed,0.7936,2.5
STU03129,22,Male,Maharashtra,Nagpur,Tier 1,Tier 2,CSE,B.Tech,8.5,0,Yes,3,1,77,72,46,83,84.35,Software Developer,Placed,0.8444,5.81
STU03130,24,Male,Karnataka,Bengaluru,Tier 2,Tier 1,Civil,B.Tech,7.47,1,No,1,0,64,35,71,62,95.29,Civil Engineer,Not Placed,0.2248,0.0
STU03131,23,Male,Delhi,New Delhi,Tier 3,Tier 2,Civil,B.Tech,9.65,0,Yes,4,3,100,73,62,40,87.16,Civil Engineer,Placed,0.9019,4.47
STU03132,24,Female,Uttar Pradesh,Kanpur,Tier 1,Tier 3,AI & ML,B.E.,6.55,0,Yes,4,3,56,76,73,100,73.65,Machine Learning Engineer,Not Placed,0.7569,0.0
STU03133,20,Female,Uttar Pradesh,Kanpur,Tier 2,Tier 2,Mechanical,B.E.,9.04,0,Yes,4,2,72,85,42,56,79.56,Design Engineer,Placed,0.8716,5.91
STU03134,23,Male,Andhra Pradesh,Vijayawada,Tier 3,Tier 3,CSE,B.Tech,8.75,1,Yes,4,1,70,77,71,66,68.91,Software Developer,Not Placed,0.7784,0.0
STU03135,24,Male,Uttar Pradesh,Lucknow,Tier 1,Tier 3,CSE,B.Tech,9.04,3,Yes,3,3,51,83,79,62,65.73,Software Developer,Placed,0.5839,5.27
STU03136,21,Female,Karnataka,Mangaluru,Tier 3,Tier 3,Mechanical,B.Tech,7.03,1,No,2,2,68,69,54,61,83.68,Design Engineer,Placed,0.3529,2.5
STU03137,21,Male,Uttar Pradesh,Lucknow,Tier 1,Tier 2,CSE,B.Tech,5.48,0,No,6,5,57,35,35,58,74.06,Software Developer,Not Placed,0.4049,0.0
STU03138,23,Male,Tamil Nadu,Madurai,Tier 3,Tier 3,ECE,B.Tech,7.41,2,Yes,2,1,51,67,36,86,84.63,Embedded Engineer,Placed,0.3831,4.74
STU03139,24,Female,Telangana,Karimnagar,Tier 1,Tier 2,ECE,B.Tech,6.92,0,No,1,1,67,50,52,43,78.72,Embedded Engineer,Placed,0.2734,4.4
STU03140,22,Male,Delhi,New Delhi,Tier 2,Tier 2,AI & ML,B.Tech,7.28,0,Yes,1,2,100,79,81,42,88.55,Machine Learning Engineer,Placed,0.6882,6.7
STU03141,20,Male,Kerala,Kozhikode,Tier 3,Tier 3,CSE,B.Tech,9.85,0,No,2,1,96,78,67,74,85.93,Software Developer,Placed,0.86,5.96
STU03142,23,Female,Telangana,Warangal,Tier 3,Tier 3,AI & ML,B.Tech,7.69,1,Yes,1,3,40,100,98,72,83.52,Machine Learning Engineer,Placed,0.6374,3.31
STU03143,22,Male,Andhra Pradesh,Tirupati,Tier 3,Tier 3,Mechanical,B.Tech,10.0,0,No,4,1,65,98,94,63,80.91,Design Engineer,Placed,0.8754,6.78
STU03144,22,Male,Telangana,Karimnagar,Tier 2,Tier 3,EEE,B.Tech,7.62,0,Yes,0,4,82,69,79,58,89.0,Electrical Engineer,Placed,0.6301,2.82
STU03145,24,Male,Gujarat,Vadodara,Tier 1,Tier 2,CSE,B.E.,7.22,0,Yes,2,1,64,81,72,67,74.84,Software Developer,Not Placed,0.6792,0.0
STU03146,22,Female,Telangana,Hyderabad,Tier 1,Tier 3,CSE,B.Tech,7.78,1,No,1,1,62,85,66,63,73.55,Software Developer,Not Placed,0.4608,0.0
STU03147,24,Female,Delhi,New Delhi,Tier 2,Tier 1,Data Science,B.Tech,8.03,2,Yes,1,4,86,73,60,63,84.65,Data Scientist,Placed,0.6289,5.54
STU03148,22,Male,Tamil Nadu,Chennai,Tier 3,Tier 2,CSE,B.E.,10.0,0,Yes,3,1,82,76,71,90,90.76,Software Developer,Placed,0.9297,7.3
STU03149,23,Male,Delhi,Delhi,Tier 2,Tier 2,EEE,B.E.,7.83,3,Yes,2,4,81,91,57,84,85.25,Electrical Engineer,Placed,0.6017,5.56
STU03150,24,Female,Maharashtra,Mumbai,Tier 2,Tier 3,Data Science,B.Tech,9.43,1,Yes,3,4,75,76,100,82,80.09,Data Scientist,Placed,0.8717,3.57
STU03151,22,Male,Kerala,Kozhikode,Tier 1,Tier 3,Data Science,B.E.,8.09,2,No,1,2,74,86,46,61,78.76,Data Scientist,Not Placed,0.4429,0.0
STU03152,21,Male,Maharashtra,Pune,Tier 2,Tier 2,ISE,B.Tech,7.48,0,No,3,2,62,52,50,80,76.73,Full Stack Developer,Not Placed,0.5763,0.0
STU03153,24,Male,Tamil Nadu,Madurai,Tier 2,Tier 3,CSE,B.Tech,9.06,2,Yes,1,3,86,71,55,48,74.07,Software Developer,Placed,0.6157,5.0
STU03154,23,Male,Delhi,Delhi,Tier 3,Tier 2,Mechanical,B.Tech,10.0,0,No,1,3,69,77,61,78,74.98,Design Engineer,Placed,0.8235,3.52
STU03155,20,Male,Tamil Nadu,Chennai,Tier 2,Tier 3,CSE,B.Tech,7.62,0,No,5,1,82,76,73,63,70.27,Software Developer,Placed,0.7347,3.26
STU03156,24,Male,Uttar Pradesh,Noida,Tier 3,Tier 3,AI & ML,B.E.,7.19,0,No,4,0,94,47,58,73,77.2,Machine Learning Engineer,Not Placed,0.5713,0.0
STU03157,21,Male,Maharashtra,Pune,Tier 1,Tier 2,Data Science,B.Tech,7.54,0,Yes,0,2,67,78,66,66,76.33,Data Scientist,Placed,0.6463,3.78
STU03158,22,Male,West Bengal,Durgapur,Tier 2,Tier 3,ECE,B.Tech,6.28,0,Yes,1,3,75,52,43,66,80.94,Embedded Engineer,Placed,0.4289,4.8
STU03159,21,Female,Tamil Nadu,Chennai,Tier 3,Tier 2,AI & ML,B.Tech,8.27,2,Yes,2,2,77,48,65,44,75.73,Machine Learning Engineer,Not Placed,0.4279,0.0
STU03160,24,Female,Gujarat,Ahmedabad,Tier 1,Tier 2,AI & ML,B.Tech,8.46,0,No,1,3,47,85,74,69,82.73,Machine Learning Engineer,Placed,0.6834,3.76
STU03161,20,Male,Gujarat,Vadodara,Tier 2,Tier 2,CSE,B.Tech,6.68,0,No,3,0,83,60,78,68,100.0,Software Developer,Placed,0.4996,3.7
STU03162,21,Male,Kerala,Kochi,Tier 2,Tier 2,CSE,B.Tech,7.43,0,Yes,5,0,66,80,59,79,81.09,Software Developer,Placed,0.8077,6.5
STU03163,23,Female,Kerala,Kozhikode,Tier 1,Tier 2,ISE,B.E.,6.97,0,Yes,3,2,73,52,80,77,88.93,Full Stack Developer,Placed,0.6505,3.38
STU03164,21,Female,Andhra Pradesh,Tirupati,Tier 2,Tier 2,EEE,B.Tech,7.73,1,Yes,3,4,64,86,87,83,91.71,Electrical Engineer,Placed,0.7581,3.44
STU03165,22,Male,Andhra Pradesh,Vijayawada,Tier 1,Tier 2,Data Science,B.Tech,9.42,1,Yes,0,0,55,81,74,84,73.01,Data Scientist,Placed,0.7157,4.07
STU03166,20,Female,Maharashtra,Nagpur,Tier 3,Tier 3,ISE,B.Tech,7.91,0,Yes,3,0,69,66,42,73,77.0,Full Stack Developer,Placed,0.7153,4.47
STU03167,21,Female,Maharashtra,Mumbai,Tier 1,Tier 3,ISE,B.Tech,9.08,0,No,2,1,78,96,61,51,89.97,Full Stack Developer,Placed,0.7863,5.87
STU03168,22,Female,Uttar Pradesh,Kanpur,Tier 1,Tier 3,CSE,B.E.,5.26,3,No,1,3,45,54,60,66,73.88,Software Developer,Not Placed,0.0619,0.0
STU03169,23,Male,Delhi,Delhi,Tier 3,Tier 3,Mechanical,B.Tech,7.51,0,Yes,1,1,73,94,60,100,93.86,Design Engineer,Placed,0.7702,7.4
STU03170,20,Male,Uttar Pradesh,Kanpur,Tier 3,Tier 2,ECE,B.Tech,7.52,0,Yes,3,0,78,50,46,71,82.59,Embedded Engineer,Placed,0.616,3.31
STU03171,21,Female,West Bengal,Kolkata,Tier 3,Tier 2,Data Science,B.Tech,6.99,1,Yes,5,0,61,59,64,35,74.0,Data Scientist,Not Placed,0.4546,0.0
STU03172,24,Female,Andhra Pradesh,Tirupati,Tier 2,Tier 3,ECE,B.E.,7.63,0,Yes,2,3,59,54,86,78,90.07,Embedded Engineer,Placed,0.6195,4.47
STU03173,24,Male,Delhi,Delhi,Tier 2,Tier 1,Data Science,B.Tech,10.0,0,Yes,1,2,87,87,71,72,78.74,Data Scientist,Placed,0.923,3.75
STU03174,20,Female,Karnataka,Bengaluru,Tier 2,Tier 2,Mechanical,B.Tech,7.8,1,Yes,3,4,53,73,59,78,78.52,Design Engineer,Placed,0.6783,5.42
STU03175,23,Male,West Bengal,Kolkata,Tier 2,Tier 2,ECE,B.Tech,8.82,0,No,2,1,68,52,34,61,89.64,Embedded Engineer,Placed,0.5801,5.7
STU03176,22,Male,Gujarat,Vadodara,Tier 2,Tier 1,Mechanical,B.Tech,8.55,0,No,3,2,65,68,72,80,88.94,Design Engineer,Placed,0.747,6.38
STU03177,20,Male,Telangana,Hyderabad,Tier 1,Tier 2,ISE,B.E.,6.68,1,Yes,4,0,78,100,82,60,80.52,Full Stack Developer,Placed,0.6772,4.92
STU03178,23,Male,Uttar Pradesh,Noida,Tier 1,Tier 2,CSE,B.Tech,7.7,0,Yes,1,4,78,72,66,30,82.39,Software Developer,Placed,0.6559,5.11
STU03179,20,Male,Gujarat,Surat,Tier 2,Tier 3,CSE,B.Tech,7.27,0,Yes,2,2,83,78,63,53,93.06,Software Developer,Not Placed,0.6892,0.0
STU03180,21,Male,Kerala,Thiruvananthapuram,Tier 2,Tier 2,CSE,B.Tech,7.12,0,Yes,0,4,70,50,49,69,76.82,Software Developer,Placed,0.5451,5.14
STU03181,21,Male,Andhra Pradesh,Visakhapatnam,Tier 2,Tier 3,CSE,B.Tech,7.59,1,Yes,4,5,83,100,55,67,76.79,Software Developer,Placed,0.8477,3.71
STU03182,24,Female,Kerala,Kochi,Tier 3,Tier 2,CSE,B.E.,7.34,0,No,1,1,68,49,60,56,88.85,Software Developer,Not Placed,0.3804,0.0
STU03183,22,Male,West Bengal,Durgapur,Tier 2,Tier 1,Mechanical,B.Tech,8.66,2,Yes,2,1,55,76,77,67,85.7,Design Engineer,Placed,0.5673,2.5
STU03184,23,Female,Maharashtra,Pune,Tier 1,Tier 3,Civil,B.Tech,8.61,0,Yes,6,2,59,90,50,50,90.78,Civil Engineer,Placed,0.8656,8.13
STU03185,23,Female,Tamil Nadu,Coimbatore,Tier 1,Tier 1,CSE,B.E.,7.33,1,Yes,1,3,36,73,57,50,81.26,Software Developer,Placed,0.4511,4.89
STU03186,22,Female,Karnataka,Bengaluru,Tier 2,Tier 1,ISE,B.Tech,9.09,2,Yes,3,3,85,97,76,59,74.16,Full Stack Developer,Placed,0.8368,5.11
STU03187,22,Male,Gujarat,Ahmedabad,Tier 1,Tier 1,CSE,B.Tech,6.42,0,Yes,1,1,57,72,56,63,75.32,Software Developer,Placed,0.5085,4.85
STU03188,23,Female,Maharashtra,Mumbai,Tier 1,Tier 3,CSE,B.Tech,8.17,0,Yes,3,2,61,100,55,79,75.34,Software Developer,Placed,0.8612,4.86
STU03189,21,Female,Delhi,New Delhi,Tier 1,Tier 3,CSE,B.E.,9.13,0,Yes,2,3,70,90,77,92,72.11,Software Developer,Placed,0.9056,4.97
STU03190,23,Male,West Bengal,Durgapur,Tier 3,Tier 2,Mechanical,B.Tech,7.67,0,No,3,1,64,76,77,60,87.9,Design Engineer,Not Placed,0.5883,0.0
STU03191,24,Male,Maharashtra,Nagpur,Tier 1,Tier 3,Data Science,B.Tech,8.99,0,Yes,2,3,71,43,81,56,89.25,Data Scientist,Placed,0.7178,6.47
STU03192,23,Male,Delhi,Delhi,Tier 2,Tier 2,Data Science,B.Tech,8.1,2,No,3,1,77,68,38,53,69.74,Data Scientist,Placed,0.4325,5.52
STU03193,24,Female,Delhi,Delhi,Tier 2,Tier 3,CSE,B.Tech,8.4,0,No,1,2,89,86,77,63,74.09,Software Developer,Placed,0.7332,3.91
STU03194,21,Male,Maharashtra,Pune,Tier 1,Tier 2,ISE,B.Tech,8.23,0,Yes,5,3,85,91,75,77,88.3,Full Stack Developer,Placed,0.9239,5.47
STU03195,24,Female,West Bengal,Kolkata,Tier 1,Tier 3,AI & ML,B.E.,8.5,0,Yes,6,2,64,86,67,69,78.74,Machine Learning Engineer,Placed,0.8983,5.87
STU03196,21,Other,Delhi,New Delhi,Tier 1,Tier 3,CSE,B.Tech,7.62,1,Yes,1,6,68,68,70,75,82.35,Software Developer,Not Placed,0.6519,0.0
STU03197,20,Male,Uttar Pradesh,Noida,Tier 2,Tier 2,ECE,B.E.,6.83,0,No,6,2,63,51,60,81,83.12,Embedded Engineer,Not Placed,0.6014,0.0
STU03198,22,Female,Tamil Nadu,Coimbatore,Tier 3,Tier 3,AI & ML,B.E.,5.0,0,Yes,2,2,77,59,49,67,77.62,Machine Learning Engineer,Not Placed,0.3846,0.0
STU03199,20,Male,Delhi,New Delhi,Tier 2,Tier 1,Civil,B.Tech,7.84,1,No,1,0,59,54,65,61,77.27,Civil Engineer,Not Placed,0.3097,0.0
STU03200,21,Male,Telangana,Karimnagar,Tier 2,Tier 3,ECE,B.Tech,8.86,2,Yes,1,2,93,43,73,73,85.34,Embedded Engineer,Not Placed,0.5029,0.0
STU03201,24,Female,Delhi,Delhi,Tier 3,Tier 3,Mechanical,B.Tech,6.73,0,No,2,1,72,20,15,70,97.12,Design Engineer,Not Placed,0.2463,0.0
STU03202,24,Male,Andhra Pradesh,Visakhapatnam,Tier 2,Tier 3,Data Science,B.E.,7.06,0,Yes,2,2,80,76,71,70,61.06,Data Scientist,Not Placed,0.697,0.0
STU03203,22,Female,Kerala,Kozhikode,Tier 2,Tier 1,ECE,B.Tech,6.48,1,Yes,2,8,82,61,54,65,85.87,Embedded Engineer,Not Placed,0.6145,0.0
STU03204,20,Female,Andhra Pradesh,Visakhapatnam,Tier 2,Tier 2,EEE,B.Tech,8.39,0,No,1,1,71,46,43,42,82.54,Electrical Engineer,Not Placed,0.4136,0.0
STU03205,21,Male,Uttar Pradesh,Lucknow,Tier 2,Tier 3,Data Science,B.Tech,7.63,0,Yes,2,0,64,80,68,38,79.61,Data Scientist,Not Placed,0.5961,0.0
STU03206,20,Male,West Bengal,Kolkata,Tier 3,Tier 2,ECE,B.E.,7.94,1,Yes,2,1,73,77,80,96,96.31,Embedded Engineer,Not Placed,0.7024,0.0
STU03207,21,Male,Tamil Nadu,Madurai,Tier 3,Tier 1,ISE,B.Tech,8.94,1,Yes,4,3,86,82,74,65,76.94,Full Stack Developer,Placed,0.8819,5.92
STU03208,20,Male,Kerala,Kozhikode,Tier 2,Tier 1,EEE,B.Tech,6.49,2,No,2,4,85,60,79,54,80.49,Electrical Engineer,Not Placed,0.2806,0.0
STU03209,22,Female,Gujarat,Vadodara,Tier 1,Tier 2,Mechanical,B.Tech,7.96,1,No,2,2,76,41,66,91,92.14,Design Engineer,Placed,0.4612,5.73
STU03210,24,Male,Delhi,Delhi,Tier 2,Tier 2,Data Science,B.Tech,8.22,0,Yes,1,4,76,61,50,88,78.84,Data Scientist,Placed,0.7947,4.92
STU03211,20,Female,Telangana,Warangal,Tier 1,Tier 2,CSE,B.Tech,7.6,0,Yes,1,5,73,84,87,87,75.77,Software Developer,Not Placed,0.8236,0.0
STU03212,20,Female,Tamil Nadu,Coimbatore,Tier 1,Tier 3,CSE,B.Tech,8.37,1,No,4,3,72,71,84,56,84.2,Software Developer,Not Placed,0.6529,0.0
STU03213,21,Female,Uttar Pradesh,Noida,Tier 1,Tier 3,ISE,B.Tech,7.0,0,Yes,1,2,81,92,65,60,81.59,Full Stack Developer,Placed,0.6917,4.34
STU03214,23,Female,Uttar Pradesh,Kanpur,Tier 2,Tier 2,AI & ML,B.E.,8.43,0,Yes,2,2,85,97,74,70,76.97,Machine Learning Engineer,Placed,0.8776,5.0
STU03215,21,Female,Delhi,Delhi,Tier 1,Tier 3,CSE,B.Tech,8.28,0,Yes,2,1,100,78,54,45,75.52,Software Developer,Placed,0.7787,4.79
STU03216,20,Male,Telangana,Karimnagar,Tier 2,Tier 2,CSE,B.Tech,9.78,0,No,1,4,64,57,43,90,96.48,Software Developer,Placed,0.8044,3.93
STU03217,20,Male,Karnataka,Mysuru,Tier 2,Tier 3,Data Science,B.Tech,8.24,0,No,2,2,76,74,77,61,75.24,Data Scientist,Not Placed,0.6734,0.0
STU03218,20,Male,Karnataka,Mangaluru,Tier 2,Tier 3,ISE,B.Tech,8.49,0,Yes,3,0,59,89,75,57,79.21,Full Stack Developer,Placed,0.7834,5.26
STU03219,20,Female,Karnataka,Bengaluru,Tier 1,Tier 3,ISE,B.Tech,5.93,0,Yes,0,1,65,72,84,60,79.11,Full Stack Developer,Not Placed,0.376,0.0
STU03220,20,Male,Delhi,New Delhi,Tier 2,Tier 3,Mechanical,B.E.,7.01,0,No,2,2,76,60,81,55,83.31,Design Engineer,Not Placed,0.4251,0.0
STU03221,21,Male,Telangana,Hyderabad,Tier 3,Tier 3,EEE,B.Tech,8.01,0,Yes,1,2,79,70,52,81,73.92,Electrical Engineer,Placed,0.72,3.65
STU03222,20,Male,Delhi,Delhi,Tier 1,Tier 2,ISE,B.E.,7.96,2,Yes,2,3,64,72,100,68,97.96,Full Stack Developer,Not Placed,0.5578,0.0
STU03223,24,Male,Telangana,Hyderabad,Tier 3,Tier 2,CSE,B.Tech,8.14,1,No,0,1,55,73,86,62,65.2,Software Developer,Not Placed,0.3986,0.0
STU03224,21,Male,Telangana,Warangal,Tier 3,Tier 1,Data Science,B.E.,6.26,0,Yes,4,1,72,33,51,71,85.61,Data Scientist,Placed,0.5196,2.89
STU03225,24,Male,Maharashtra,Nagpur,Tier 2,Tier 1,CSE,B.Tech,7.47,0,Yes,1,2,83,75,84,75,78.38,Software Developer,Placed,0.7536,5.3
STU03226,20,Female,Andhra Pradesh,Vijayawada,Tier 1,Tier 3,CSE,B.Tech,8.74,2,No,4,4,67,70,39,81,75.15,Software Developer,Placed,0.6612,2.5
STU03227,23,Male,Delhi,New Delhi,Tier 2,Tier 2,Mechanical,B.Tech,8.27,0,Yes,1,1,79,86,90,75,93.51,Design Engineer,Placed,0.7786,5.05
STU03228,20,Male,Telangana,Hyderabad,Tier 1,Tier 2,Data Science,B.E.,8.35,2,Yes,2,1,75,86,70,47,68.89,Data Scientist,Placed,0.5842,6.52
STU03229,20,Male,Delhi,New Delhi,Tier 1,Tier 2,ECE,B.Tech,7.77,0,Yes,2,2,66,58,45,62,66.86,Embedded Engineer,Placed,0.6217,3.57
STU03230,21,Female,Andhra Pradesh,Vijayawada,Tier 1,Tier 2,CSE,B.E.,7.99,0,No,2,1,52,68,59,71,90.19,Software Developer,Not Placed,0.5785,0.0
STU03231,22,Male,Maharashtra,Mumbai,Tier 1,Tier 2,Mechanical,B.E.,9.11,0,No,0,1,59,41,55,69,76.92,Design Engineer,Not Placed,0.4713,0.0
STU03232,20,Male,Telangana,Karimnagar,Tier 2,Tier 3,CSE,B.Tech,8.12,0,Yes,1,1,73,75,76,87,72.74,Software Developer,Placed,0.7569,4.38
STU03233,21,Female,Andhra Pradesh,Visakhapatnam,Tier 1,Tier 1,CSE,B.Tech,8.9,0,No,1,0,67,85,77,84,73.9,Software Developer,Placed,0.7696,5.96
STU03234,24,Male,Delhi,Delhi,Tier 2,Tier 2,Civil,B.Tech,7.73,0,Yes,1,1,54,71,78,80,74.68,Civil Engineer,Placed,0.6231,5.78
STU03235,20,Female,Telangana,Warangal,Tier 2,Tier 3,CSE,B.Tech,9.35,1,No,3,3,68,92,44,63,87.44,Software Developer,Not Placed,0.7868,0.0
STU03236,22,Male,West Bengal,Kolkata,Tier 3,Tier 3,CSE,B.Tech,7.25,2,No,6,0,74,97,89,98,86.49,Software Developer,Placed,0.6757,5.35
STU03237,21,Male,Delhi,New Delhi,Tier 2,Tier 1,ECE,B.Tech,8.94,3,Yes,2,3,79,100,72,80,87.83,Embedded Engineer,Placed,0.7349,7.81
STU03238,22,Male,Tamil Nadu,Madurai,Tier 2,Tier 2,Data Science,B.E.,8.7,0,No,6,5,75,81,68,63,80.3,Data Scientist,Placed,0.8975,5.3
STU03239,24,Male,Tamil Nadu,Chennai,Tier 2,Tier 2,CSE,B.Tech,8.33,0,No,2,1,70,62,87,47,79.62,Software Developer,Not Placed,0.5719,0.0
STU03240,22,Other,Gujarat,Vadodara,Tier 2,Tier 3,AI & ML,B.Tech,8.09,0,No,1,1,82,98,69,52,90.47,Machine Learning Engineer,Not Placed,0.6841,0.0
STU03241,22,Male,Kerala,Thiruvananthapuram,Tier 2,Tier 2,CSE,B.Tech,7.45,0,No,1,0,75,68,61,76,68.36,Software Developer,Not Placed,0.5316,0.0
STU03242,21,Male,Delhi,New Delhi,Tier 3,Tier 2,AI & ML,B.Tech,6.67,0,Yes,2,2,65,74,71,69,77.89,Machine Learning Engineer,Placed,0.6251,4.72
STU03243,24,Male,Tamil Nadu,Madurai,Tier 2,Tier 3,AI & ML,B.Tech,8.7,1,Yes,1,0,73,50,64,34,72.93,Machine Learning Engineer,Placed,0.44,6.82
STU03244,21,Female,Kerala,Kozhikode,Tier 2,Tier 3,CSE,B.Tech,7.51,0,Yes,3,3,47,44,65,45,81.68,Software Developer,Placed,0.5113,2.5
STU03245,21,Male,Telangana,Hyderabad,Tier 3,Tier 2,ISE,B.Tech,8.71,0,Yes,3,5,61,71,33,75,81.04,Full Stack Developer,Placed,0.8677,4.13
STU03246,22,Male,Maharashtra,Pune,Tier 1,Tier 2,Data Science,B.Tech,7.46,0,Yes,2,3,68,66,49,55,87.11,Data Scientist,Placed,0.6663,4.51
STU03247,21,Male,Maharashtra,Pune,Tier 2,Tier 2,CSE,B.E.,6.58,1,Yes,1,2,67,62,54,86,70.82,Software Developer,Placed,0.4636,4.9
STU03248,20,Male,Uttar Pradesh,Lucknow,Tier 3,Tier 1,Mechanical,B.Tech,6.95,0,Yes,5,2,64,41,51,65,87.83,Design Engineer,Not Placed,0.6209,0.0
STU03249,20,Male,Gujarat,Surat,Tier 1,Tier 3,CSE,B.Tech,8.21,0,No,3,1,95,92,82,76,75.22,Software Developer,Placed,0.8209,3.88
STU03250,24,Male,Tamil Nadu,Chennai,Tier 2,Tier 2,Mechanical,B.Tech,8.47,0,Yes,1,2,58,45,55,76,69.09,Design Engineer,Placed,0.6157,2.77
STU03251,20,Female,Karnataka,Bengaluru,Tier 2,Tier 3,Mechanical,B.E.,8.58,0,Yes,2,3,71,68,52,67,86.8,Design Engineer,Placed,0.7652,4.81
STU03252,23,Female,Andhra Pradesh,Visakhapatnam,Tier 1,Tier 2,Data Science,B.Tech,7.62,0,No,0,2,53,89,74,72,70.36,Data Scientist,Not Placed,0.5727,0.0
STU03253,21,Male,West Bengal,Durgapur,Tier 1,Tier 1,ISE,B.Tech,7.45,0,Yes,1,1,85,73,54,69,89.32,Full Stack Developer,Placed,0.7158,3.49
STU03254,21,Female,Tamil Nadu,Coimbatore,Tier 3,Tier 1,CSE,B.Tech,8.37,0,No,1,4,76,60,53,85,88.18,Software Developer,Placed,0.7385,3.16
STU03255,20,Female,Kerala,Kochi,Tier 1,Tier 1,EEE,B.Tech,7.42,0,Yes,2,2,61,84,52,58,89.07,Electrical Engineer,Placed,0.6943,2.5
STU03256,22,Male,Delhi,Delhi,Tier 1,Tier 1,ISE,B.Tech,7.15,0,Yes,0,1,60,61,61,69,85.85,Full Stack Developer,Placed,0.5235,4.49
STU03257,21,Female,Gujarat,Vadodara,Tier 2,Tier 3,CSE,B.Tech,6.5,2,Yes,1,1,52,99,100,55,79.54,Software Developer,Not Placed,0.3317,0.0
STU03258,23,Female,Tamil Nadu,Coimbatore,Tier 3,Tier 2,CSE,B.E.,9.04,1,Yes,2,2,82,100,91,68,96.36,Software Developer,Placed,0.8566,6.48
STU03259,24,Male,Delhi,Delhi,Tier 1,Tier 3,Data Science,B.Tech,6.9,0,Yes,0,2,67,62,51,77,85.39,Data Scientist,Not Placed,0.5195,0.0
STU03260,21,Male,West Bengal,Kolkata,Tier 1,Tier 2,CSE,B.E.,8.84,0,Yes,1,0,55,95,75,74,84.44,Software Developer,Placed,0.806,4.17
STU03261,22,Male,West Bengal,Kolkata,Tier 1,Tier 3,EEE,B.Tech,6.51,0,Yes,2,2,56,57,72,67,87.96,Electrical Engineer,Placed,0.4434,3.72
STU03262,22,Male,Uttar Pradesh,Noida,Tier 2,Tier 2,AI & ML,B.E.,7.31,0,Yes,4,1,58,74,48,71,79.26,Machine Learning Engineer,Placed,0.7312,4.9
STU03263,22,Male,West Bengal,Durgapur,Tier 2,Tier 3,Data Science,B.Tech,7.22,0,Yes,3,1,76,71,58,83,98.57,Data Scientist,Not Placed,0.7319,0.0
STU03264,22,Male,Andhra Pradesh,Tirupati,Tier 3,Tier 1,ECE,B.Tech,9.19,1,Yes,2,5,77,74,68,97,93.74,Embedded Engineer,Placed,0.8751,5.84
STU03265,21,Female,Telangana,Karimnagar,Tier 3,Tier 2,ECE,B.Tech,6.07,0,Yes,3,2,83,47,51,58,92.87,Embedded Engineer,Placed,0.4674,3.1
STU03266,23,Male,Telangana,Warangal,Tier 3,Tier 1,ECE,B.Tech,6.35,0,No,4,4,81,71,91,67,87.83,Embedded Engineer,Placed,0.637,5.12
STU03267,21,Male,Karnataka,Mangaluru,Tier 2,Tier 2,ECE,B.Tech,7.26,0,Yes,5,1,73,67,43,31,80.26,Embedded Engineer,Placed,0.641,3.54
STU03268,20,Male,Kerala,Kochi,Tier 1,Tier 2,Data Science,B.Tech,8.3,1,No,3,2,75,92,62,50,88.8,Data Scientist,Placed,0.6774,5.18
STU03269,24,Male,Delhi,New Delhi,Tier 3,Tier 2,Data Science,B.E.,5.1,0,No,4,1,63,31,49,77,86.96,Data Scientist,Placed,0.2521,3.83
STU03270,20,Female,Telangana,Hyderabad,Tier 1,Tier 3,CSE,B.Tech,8.35,0,Yes,2,1,92,69,65,84,84.66,Software Developer,Not Placed,0.8176,0.0
STU03271,21,Female,West Bengal,Kolkata,Tier 1,Tier 3,EEE,B.Tech,7.79,1,Yes,3,3,62,58,50,64,85.85,Electrical Engineer,Placed,0.5578,6.67
STU03272,22,Male,Karnataka,Mysuru,Tier 1,Tier 3,CSE,B.Tech,7.81,2,No,4,3,77,100,81,50,74.72,Software Developer,Not Placed,0.6077,0.0
STU03273,22,Male,Maharashtra,Mumbai,Tier 1,Tier 2,AI & ML,B.E.,8.02,0,Yes,3,1,61,58,55,65,80.19,Machine Learning Engineer,Placed,0.6932,2.67
STU03274,23,Male,Delhi,Delhi,Tier 2,Tier 3,AI & ML,B.Tech,8.58,0,No,2,1,72,68,58,58,87.12,Machine Learning Engineer,Placed,0.6417,2.5
STU03275,24,Other,Tamil Nadu,Chennai,Tier 1,Tier 3,ISE,B.Tech,8.4,0,Yes,1,1,85,79,74,59,59.9,Full Stack Developer,Placed,0.7573,7.46
STU03276,21,Male,Kerala,Thiruvananthapuram,Tier 2,Tier 2,Data Science,B.Tech,7.65,0,No,2,0,58,89,77,69,92.1,Data Scientist,Placed,0.6193,4.91
STU03277,21,Male,Tamil Nadu,Chennai,Tier 1,Tier 1,Mechanical,B.Tech,7.79,2,Yes,3,3,71,80,71,74,86.32,Design Engineer,Placed,0.6467,4.4
STU03278,20,Female,Gujarat,Surat,Tier 1,Tier 3,ECE,B.E.,7.74,0,Yes,3,2,96,57,57,44,82.04,Embedded Engineer,Not Placed,0.6705,0.0
STU03279,23,Male,Delhi,Delhi,Tier 3,Tier 3,CSE,B.Tech,6.11,1,Yes,3,3,59,57,60,56,80.95,Software Developer,Placed,0.3717,2.5
STU03280,22,Female,Maharashtra,Nagpur,Tier 3,Tier 3,ECE,B.E.,7.93,0,Yes,2,0,87,51,54,64,84.9,Embedded Engineer,Not Placed,0.6084,0.0
STU03281,23,Female,Uttar Pradesh,Kanpur,Tier 2,Tier 2,CSE,B.Tech,7.43,0,No,3,2,71,49,55,65,80.89,Software Developer,Placed,0.539,2.88
STU03282,23,Female,Kerala,Kochi,Tier 1,Tier 2,ECE,B.Tech,6.41,0,No,2,4,78,63,59,72,92.26,Embedded Engineer,Not Placed,0.4972,0.0
STU03283,22,Male,Delhi,Delhi,Tier 1,Tier 2,AI & ML,B.Tech,7.48,1,No,3,3,69,62,100,44,80.72,Machine Learning Engineer,Not Placed,0.4477,0.0
STU03284,21,Female,Telangana,Warangal,Tier 2,Tier 3,ECE,B.Tech,7.51,0,No,2,4,65,77,49,85,78.59,Embedded Engineer,Placed,0.658,2.7
STU03285,22,Male,Gujarat,Ahmedabad,Tier 1,Tier 2,CSE,B.Tech,8.02,0,Yes,1,1,57,82,88,41,70.08,Software Developer,Not Placed,0.6347,0.0
STU03286,24,Female,Andhra Pradesh,Tirupati,Tier 1,Tier 3,EEE,B.Tech,9.09,0,Yes,0,4,100,68,44,77,68.17,Electrical Engineer,Placed,0.8347,4.87
STU03287,21,Female,Kerala,Kozhikode,Tier 3,Tier 2,ECE,B.Tech,6.75,0,Yes,2,1,51,62,44,62,80.34,Embedded Engineer,Not Placed,0.4571,0.0
STU03288,21,Male,Kerala,Kozhikode,Tier 1,Tier 2,Civil,B.Tech,7.4,1,Yes,1,3,82,51,48,57,76.69,Civil Engineer,Placed,0.4517,5.63
STU03289,24,Male,Tamil Nadu,Chennai,Tier 3,Tier 2,EEE,B.Tech,6.57,2,Yes,2,2,50,75,90,65,79.56,Electrical Engineer,Placed,0.3118,2.5
STU03290,20,Female,Karnataka,Mangaluru,Tier 1,Tier 2,Data Science,B.E.,8.2,1,No,2,2,77,99,66,69,86.17,Data Scientist,Placed,0.7102,5.05
STU03291,22,Female,Gujarat,Surat,Tier 1,Tier 2,CSE,B.Tech,8.59,0,Yes,0,2,86,64,71,65,66.73,Software Developer,Not Placed,0.7389,0.0
STU03292,21,Female,Telangana,Karimnagar,Tier 1,Tier 3,AI & ML,B.Tech,7.77,0,Yes,2,3,100,96,68,67,76.83,Machine Learning Engineer,Placed,0.8602,3.95
STU03293,22,Female,West Bengal,Durgapur,Tier 2,Tier 2,Civil,B.Tech,7.78,1,Yes,3,5,70,88,85,69,76.85,Civil Engineer,Placed,0.7692,4.57
STU03294,24,Male,Andhra Pradesh,Vijayawada,Tier 2,Tier 3,EEE,B.Tech,8.76,0,Yes,1,1,76,64,59,66,83.02,Electrical Engineer,Placed,0.7022,3.71
STU03295,23,Male,West Bengal,Kolkata,Tier 2,Tier 3,Data Science,B.Tech,10.0,1,Yes,0,0,98,85,56,65,81.15,Data Scientist,Placed,0.8124,4.91
STU03296,24,Female,Gujarat,Surat,Tier 3,Tier 2,AI & ML,B.E.,6.03,0,Yes,2,2,81,73,52,59,62.49,Machine Learning Engineer,Not Placed,0.5693,0.0
STU03297,20,Male,Maharashtra,Pune,Tier 1,Tier 2,AI & ML,B.Tech,7.95,0,Yes,3,1,99,60,53,79,85.66,Machine Learning Engineer,Placed,0.8087,4.67
STU03298,21,Male,Maharashtra,Pune,Tier 2,Tier 2,Mechanical,B.Tech,7.1,0,Yes,1,3,75,56,53,38,77.11,Design Engineer,Placed,0.4747,4.18
STU03299,22,Male,Gujarat,Ahmedabad,Tier 2,Tier 2,ECE,B.Tech,9.36,0,No,4,3,78,73,68,70,92.45,Embedded Engineer,Placed,0.8498,3.68
STU03300,23,Male,Delhi,Delhi,Tier 3,Tier 2,AI & ML,B.Tech,5.48,0,Yes,3,1,49,39,26,59,81.41,Machine Learning Engineer,Not Placed,0.292,0.0
STU03301,20,Male,Telangana,Hyderabad,Tier 2,Tier 3,Data Science,B.Tech,6.43,0,No,0,2,59,48,72,88,76.0,Data Scientist,Not Placed,0.3103,0.0
STU03302,24,Male,Tamil Nadu,Chennai,Tier 2,Tier 2,ECE,B.E.,6.64,0,Yes,1,2,70,50,75,68,83.1,Embedded Engineer,Placed,0.4462,2.5
STU03303,24,Female,Uttar Pradesh,Lucknow,Tier 3,Tier 3,ISE,B.Tech,7.52,0,Yes,2,2,72,73,46,68,82.0,Full Stack Developer,Placed,0.704,2.5
STU03304,22,Male,Kerala,Thiruvananthapuram,Tier 1,Tier 2,CSE,B.Tech,8.21,1,No,2,0,74,74,91,59,79.45,Software Developer,Placed,0.5229,3.72
STU03305,20,Other,Kerala,Thiruvananthapuram,Tier 3,Tier 2,Civil,B.Tech,6.74,0,No,0,4,72,60,47,66,92.09,Civil Engineer,Placed,0.3965,2.65
STU03306,24,Female,Kerala,Thiruvananthapuram,Tier 3,Tier 2,CSE,B.Tech,7.78,0,Yes,2,4,91,100,86,66,87.89,Software Developer,Placed,0.8762,4.6
STU03307,23,Male,Maharashtra,Mumbai,Tier 1,Tier 3,Mechanical,B.Tech,6.57,0,No,1,2,66,37,37,83,64.37,Design Engineer,Not Placed,0.2933,0.0
STU03308,24,Male,Gujarat,Ahmedabad,Tier 3,Tier 3,CSE,B.Tech,8.39,0,Yes,2,2,72,49,41,59,82.12,Software Developer,Not Placed,0.673,0.0
STU03309,23,Male,Tamil Nadu,Madurai,Tier 1,Tier 2,AI & ML,B.Tech,5.92,3,No,2,4,39,70,59,39,87.36,Machine Learning Engineer,Not Placed,0.1027,0.0
STU03310,22,Male,Uttar Pradesh,Lucknow,Tier 1,Tier 1,CSE,B.Tech,8.21,0,No,4,4,71,98,82,51,87.32,Software Developer,Placed,0.8486,7.38
STU03311,23,Male,Tamil Nadu,Madurai,Tier 3,Tier 1,Civil,B.Tech,7.57,0,No,1,3,55,20,40,42,90.43,Civil Engineer,Not Placed,0.2574,0.0
STU03312,22,Male,Delhi,New Delhi,Tier 2,Tier 2,Data Science,B.Tech,8.59,2,No,2,3,81,65,92,82,80.52,Data Scientist,Placed,0.5771,3.85
STU03313,22,Male,Uttar Pradesh,Kanpur,Tier 1,Tier 3,Data Science,B.Tech,7.33,0,No,3,2,79,35,44,73,89.67,Data Scientist,Not Placed,0.493,0.0
STU03314,24,Female,Maharashtra,Mumbai,Tier 1,Tier 3,Mechanical,B.Tech,7.54,1,Yes,0,1,56,52,99,67,82.91,Design Engineer,Not Placed,0.3175,0.0
STU03315,20,Male,Andhra Pradesh,Visakhapatnam,Tier 2,Tier 1,ECE,B.Tech,7.38,0,No,5,2,49,59,50,64,77.01,Embedded Engineer,Placed,0.5908,4.56
STU03316,20,Male,Gujarat,Ahmedabad,Tier 1,Tier 2,ECE,B.Tech,8.59,2,Yes,2,1,64,57,57,70,85.45,Embedded Engineer,Not Placed,0.4802,0.0
STU03317,20,Female,Karnataka,Mysuru,Tier 1,Tier 2,Mechanical,B.E.,7.35,0,No,3,1,47,70,50,55,93.71,Design Engineer,Placed,0.4602,4.61
STU03318,24,Male,Uttar Pradesh,Noida,Tier 2,Tier 3,EEE,B.Tech,7.26,0,Yes,1,0,70,65,79,65,62.03,Electrical Engineer,Placed,0.5039,5.5
STU03319,21,Male,Tamil Nadu,Madurai,Tier 3,Tier 2,Civil,B.Tech,7.94,0,Yes,0,4,77,56,47,48,82.19,Civil Engineer,Placed,0.5839,3.01
STU03320,21,Female,Kerala,Thiruvananthapuram,Tier 1,Tier 3,ISE,B.Tech,7.38,1,Yes,2,0,72,89,68,66,83.68,Full Stack Developer,Not Placed,0.6033,0.0
STU03321,21,Male,Kerala,Thiruvananthapuram,Tier 3,Tier 1,CSE,B.Tech,8.92,1,No,0,2,81,97,70,36,89.49,Software Developer,Placed,0.6446,6.02
STU03322,21,Female,Karnataka,Mangaluru,Tier 2,Tier 2,CSE,B.Tech,8.7,2,No,2,1,73,77,74,34,76.81,Software Developer,Not Placed,0.4273,0.0
STU03323,22,Female,Karnataka,Mangaluru,Tier 2,Tier 3,ISE,B.Tech,6.46,0,Yes,2,4,58,64,63,62,80.41,Full Stack Developer,Not Placed,0.5475,0.0
STU03324,21,Male,Gujarat,Ahmedabad,Tier 2,Tier 3,AI & ML,B.E.,9.06,0,Yes,2,1,93,84,79,53,61.66,Machine Learning Engineer,Placed,0.8493,7.49
STU03325,22,Male,Gujarat,Surat,Tier 2,Tier 2,Data Science,B.E.,7.78,2,No,1,2,74,71,64,72,84.46,Data Scientist,Not Placed,0.394,0.0
STU03326,24,Female,Tamil Nadu,Chennai,Tier 1,Tier 3,ECE,B.Tech,8.41,0,No,1,0,56,64,85,73,90.14,Embedded Engineer,Placed,0.4987,3.82
STU03327,23,Other,Telangana,Warangal,Tier 1,Tier 3,ECE,B.E.,8.61,0,No,1,3,72,80,59,47,95.17,Embedded Engineer,Placed,0.6343,5.11
STU03328,22,Male,Telangana,Karimnagar,Tier 2,Tier 1,CSE,B.Tech,7.36,0,No,4,4,74,69,68,51,88.51,Software Developer,Placed,0.7014,5.72
STU03329,24,Male,Telangana,Warangal,Tier 3,Tier 3,Data Science,B.Tech,9.48,1,No,4,3,56,97,67,31,95.1,Data Scientist,Placed,0.7513,7.15
STU03330,22,Male,Maharashtra,Pune,Tier 3,Tier 1,Mechanical,B.Tech,7.87,0,Yes,3,2,86,81,70,51,89.45,Design Engineer,Placed,0.7962,5.71
STU03331,23,Male,Andhra Pradesh,Vijayawada,Tier 2,Tier 2,Data Science,B.E.,8.38,0,Yes,1,1,82,76,45,63,73.05,Data Scientist,Placed,0.7632,4.06
STU03332,21,Female,Kerala,Thiruvananthapuram,Tier 1,Tier 2,CSE,B.Tech,8.89,0,Yes,0,1,63,86,76,89,83.77,Software Developer,Placed,0.8147,4.6
STU03333,22,Female,Andhra Pradesh,Vijayawada,Tier 2,Tier 2,ECE,B.Tech,6.6,0,Yes,1,1,77,60,52,47,71.54,Embedded Engineer,Placed,0.42,5.67
STU03334,22,Female,Kerala,Thiruvananthapuram,Tier 2,Tier 2,AI & ML,B.Tech,7.77,0,No,4,2,88,94,70,68,79.83,Machine Learning Engineer,Placed,0.8239,3.83
STU03335,22,Female,Kerala,Thiruvananthapuram,Tier 2,Tier 2,CSE,B.Tech,8.67,2,No,1,0,74,85,57,62,81.77,Software Developer,Not Placed,0.4762,0.0
STU03336,24,Female,Telangana,Hyderabad,Tier 3,Tier 2,CSE,B.E.,9.02,0,No,3,0,60,85,81,39,85.06,Software Developer,Placed,0.7062,3.78
STU03337,20,Male,Telangana,Warangal,Tier 1,Tier 2,CSE,B.Tech,6.9,0,No,2,5,43,74,60,71,92.16,Software Developer,Not Placed,0.5563,0.0
STU03338,23,Female,Andhra Pradesh,Visakhapatnam,Tier 3,Tier 2,CSE,B.E.,6.38,0,Yes,4,2,62,63,38,45,89.94,Software Developer,Not Placed,0.5541,0.0
STU03339,20,Female,West Bengal,Kolkata,Tier 2,Tier 3,AI & ML,B.Tech,8.79,1,No,0,1,66,93,60,82,92.06,Machine Learning Engineer,Not Placed,0.6307,0.0
STU03340,24,Female,Gujarat,Surat,Tier 3,Tier 2,Mechanical,B.Tech,7.1,1,No,1,3,54,66,55,72,80.8,Design Engineer,Placed,0.34,4.74
STU03341,20,Male,Telangana,Karimnagar,Tier 2,Tier 2,Mechanical,B.Tech,7.45,0,No,1,2,73,78,80,55,58.17,Design Engineer,Not Placed,0.5202,0.0
STU03342,23,Male,Maharashtra,Pune,Tier 3,Tier 2,Data Science,B.Tech,9.44,0,No,2,1,69,87,76,78,91.48,Data Scientist,Placed,0.8316,5.74
STU03343,21,Female,Delhi,New Delhi,Tier 2,Tier 3,ISE,B.Tech,7.95,1,Yes,3,0,64,66,56,81,93.07,Full Stack Developer,Placed,0.6279,2.8
STU03344,24,Female,Maharashtra,Nagpur,Tier 2,Tier 3,Mechanical,B.Tech,8.0,0,No,2,5,70,63,65,51,84.7,Design Engineer,Placed,0.5928,2.93
STU03345,22,Male,Maharashtra,Nagpur,Tier 3,Tier 3,ISE,B.E.,6.6,3,Yes,5,0,84,53,81,62,84.72,Full Stack Developer,Placed,0.3004,4.59
STU03346,20,Male,Kerala,Thiruvananthapuram,Tier 1,Tier 3,CSE,B.Tech,7.44,0,Yes,0,1,44,41,28,77,75.62,Software Developer,Not Placed,0.394,0.0
STU03347,23,Male,West Bengal,Durgapur,Tier 3,Tier 2,ECE,B.Tech,7.76,0,Yes,1,2,69,83,84,51,78.68,Embedded Engineer,Not Placed,0.6603,0.0
STU03348,24,Male,Maharashtra,Pune,Tier 1,Tier 1,CSE,B.Tech,8.02,1,No,1,1,69,53,76,59,92.84,Software Developer,Not Placed,0.4034,0.0
STU03349,24,Male,Telangana,Hyderabad,Tier 2,Tier 2,EEE,B.Tech,7.29,1,No,3,3,54,30,85,74,83.54,Electrical Engineer,Not Placed,0.3011,0.0
STU03350,20,Male,West Bengal,Durgapur,Tier 1,Tier 2,ECE,B.E.,6.38,0,Yes,3,4,59,52,74,88,76.97,Embedded Engineer,Not Placed,0.5918,0.0
STU03351,23,Male,Gujarat,Surat,Tier 2,Tier 1,CSE,B.Tech,7.89,0,Yes,3,4,69,86,70,77,86.84,Software Developer,Placed,0.872,3.63
STU03352,22,Male,Gujarat,Surat,Tier 2,Tier 1,CSE,B.Tech,7.28,3,No,1,0,74,67,59,62,96.6,Software Developer,Not Placed,0.202,0.0
STU03353,23,Male,Delhi,New Delhi,Tier 2,Tier 1,ECE,B.E.,8.97,0,Yes,4,1,64,58,57,67,87.95,Embedded Engineer,Placed,0.8104,2.5
STU03354,21,Female,Telangana,Warangal,Tier 3,Tier 2,AI & ML,B.Tech,8.49,0,No,4,0,55,59,49,88,80.61,Machine Learning Engineer,Placed,0.7065,4.75
STU03355,21,Female,Uttar Pradesh,Lucknow,Tier 3,Tier 3,CSE,B.Tech,7.59,0,No,1,1,71,68,87,44,78.56,Software Developer,Placed,0.4451,2.5
STU03356,24,Male,Gujarat,Vadodara,Tier 2,Tier 2,AI & ML,B.Tech,9.09,0,No,0,1,80,77,43,78,85.34,Machine Learning Engineer,Placed,0.7376,5.25
STU03357,20,Female,Karnataka,Mysuru,Tier 2,Tier 3,CSE,B.Tech,9.89,2,Yes,1,3,79,100,69,79,85.68,Software Developer,Placed,0.8399,4.88
STU03358,24,Male,Gujarat,Ahmedabad,Tier 1,Tier 2,Data Science,B.Tech,6.86,0,No,4,1,57,89,68,86,93.69,Data Scientist,Placed,0.687,7.7
STU03359,23,Male,Tamil Nadu,Coimbatore,Tier 1,Tier 2,Data Science,B.Tech,8.96,0,No,0,0,56,68,80,61,93.76,Data Scientist,Placed,0.5549,3.38
STU03360,21,Female,Kerala,Kozhikode,Tier 1,Tier 1,Data Science,B.Tech,6.52,0,Yes,2,3,65,73,73,62,68.09,Data Scientist,Not Placed,0.6367,0.0
STU03361,23,Male,Tamil Nadu,Chennai,Tier 2,Tier 1,ECE,B.Tech,8.47,1,Yes,0,4,87,78,62,74,79.6,Embedded Engineer,Placed,0.7459,4.11
STU03362,21,Other,Gujarat,Vadodara,Tier 1,Tier 1,Civil,B.E.,8.45,0,Yes,2,1,78,64,80,55,65.79,Civil Engineer,Placed,0.7294,2.87
STU03363,20,Female,Uttar Pradesh,Kanpur,Tier 3,Tier 3,CSE,B.Tech,8.16,0,Yes,0,3,80,80,62,52,90.38,Software Developer,Placed,0.716,2.55
STU03364,21,Male,Tamil Nadu,Madurai,Tier 3,Tier 3,AI & ML,B.E.,7.57,3,No,1,1,46,64,67,48,81.82,Machine Learning Engineer,Not Placed,0.1299,0.0
STU03365,24,Male,Kerala,Kochi,Tier 3,Tier 2,Mechanical,B.Tech,7.8,0,Yes,3,2,49,100,61,51,82.27,Design Engineer,Not Placed,0.7522,0.0
STU03366,21,Female,Andhra Pradesh,Vijayawada,Tier 1,Tier 2,Data Science,B.Tech,9.21,0,Yes,0,2,81,95,95,79,74.96,Data Scientist,Placed,0.8789,6.29
STU03367,24,Male,Delhi,New Delhi,Tier 2,Tier 2,Data Science,B.Tech,9.1,0,Yes,2,2,74,100,90,72,79.29,Data Scientist,Not Placed,0.9018,0.0
STU03368,22,Female,Delhi,Delhi,Tier 2,Tier 2,Data Science,B.E.,8.18,0,No,1,0,50,60,84,68,81.07,Data Scientist,Placed,0.479,5.31
STU03369,22,Male,Delhi,New Delhi,Tier 2,Tier 2,AI & ML,B.E.,7.17,0,Yes,0,2,65,68,47,66,81.68,Machine Learning Engineer,Placed,0.5575,4.11
STU03370,23,Female,Telangana,Hyderabad,Tier 1,Tier 2,AI & ML,B.Tech,8.44,0,No,1,2,83,85,67,62,71.94,Machine Learning Engineer,Placed,0.7324,3.42
STU03371,21,Male,Gujarat,Surat,Tier 1,Tier 2,AI & ML,B.Tech,7.59,0,No,4,0,56,84,77,61,77.8,Machine Learning Engineer,Placed,0.6479,5.72
STU03372,23,Female,Gujarat,Vadodara,Tier 3,Tier 3,CSE,B.Tech,8.25,0,No,2,1,82,88,49,70,89.5,Software Developer,Not Placed,0.7427,0.0
STU03373,21,Female,Uttar Pradesh,Lucknow,Tier 2,Tier 1,ECE,B.Tech,8.99,0,No,2,1,87,45,56,74,81.96,Embedded Engineer,Placed,0.6854,3.67
STU03374,22,Female,Delhi,New Delhi,Tier 2,Tier 2,Data Science,B.Tech,7.72,0,Yes,4,1,92,54,59,58,91.03,Data Scientist,Placed,0.7455,3.18
STU03375,23,Male,Maharashtra,Pune,Tier 2,Tier 2,EEE,B.Tech,7.96,0,Yes,6,2,61,53,51,83,88.0,Electrical Engineer,Placed,0.8028,5.38
STU03376,24,Male,Maharashtra,Mumbai,Tier 3,Tier 1,EEE,B.E.,8.87,0,Yes,2,1,85,63,74,61,74.63,Electrical Engineer,Placed,0.7884,4.6
STU03377,24,Male,Delhi,New Delhi,Tier 3,Tier 2,CSE,B.Tech,9.34,0,Yes,1,0,92,81,56,60,76.31,Software Developer,Placed,0.8422,6.43
STU03378,22,Female,West Bengal,Kolkata,Tier 2,Tier 3,EEE,B.E.,8.35,1,Yes,3,2,62,63,74,68,90.39,Electrical Engineer,Placed,0.6277,7.22
STU03379,23,Female,Kerala,Kochi,Tier 2,Tier 2,AI & ML,B.Tech,8.36,3,No,3,2,51,89,36,69,90.98,Machine Learning Engineer,Not Placed,0.4388,0.0
STU03380,23,Female,Tamil Nadu,Coimbatore,Tier 2,Tier 1,ISE,B.Tech,7.98,0,Yes,2,2,54,66,60,65,85.87,Full Stack Developer,Placed,0.7106,2.53
STU03381,23,Female,West Bengal,Kolkata,Tier 2,Tier 3,CSE,B.Tech,8.28,0,Yes,1,4,59,97,65,72,73.28,Software Developer,Not Placed,0.8256,0.0
STU03382,21,Female,Uttar Pradesh,Kanpur,Tier 1,Tier 2,AI & ML,B.Tech,8.88,0,No,3,1,76,60,77,57,86.26,Machine Learning Engineer,Placed,0.7049,4.06
STU03383,20,Male,Maharashtra,Pune,Tier 3,Tier 2,CSE,B.Tech,7.71,0,Yes,1,3,65,87,83,83,85.22,Software Developer,Placed,0.7863,3.78
STU03384,21,Female,Telangana,Warangal,Tier 2,Tier 2,CSE,B.Tech,9.32,0,No,4,3,92,83,60,56,81.12,Software Developer,Placed,0.8852,5.3
STU03385,21,Male,West Bengal,Durgapur,Tier 1,Tier 2,CSE,B.Tech,8.15,0,No,1,0,64,94,76,68,79.3,Software Developer,Not Placed,0.665,0.0
STU03386,24,Male,Delhi,New Delhi,Tier 2,Tier 3,CSE,B.Tech,7.88,0,No,2,1,63,69,51,62,76.64,Software Developer,Not Placed,0.5571,0.0
STU03387,20,Male,Maharashtra,Mumbai,Tier 1,Tier 3,EEE,B.Tech,7.62,0,Yes,2,1,66,87,82,50,71.39,Electrical Engineer,Not Placed,0.652,0.0
STU03388,24,Male,Uttar Pradesh,Kanpur,Tier 1,Tier 3,ISE,B.E.,8.34,1,Yes,3,4,70,81,66,85,67.91,Full Stack Developer,Placed,0.8159,6.39
STU03389,21,Male,Telangana,Warangal,Tier 2,Tier 3,Civil,B.Tech,7.29,0,No,6,3,74,74,74,58,95.55,Civil Engineer,Not Placed,0.7125,0.0
STU03390,21,Male,Karnataka,Mangaluru,Tier 2,Tier 2,CSE,B.Tech,7.37,0,No,5,4,59,97,81,73,99.24,Software Developer,Placed,0.8188,4.5
STU03391,20,Male,Maharashtra,Mumbai,Tier 1,Tier 2,Data Science,B.Tech,7.58,0,No,4,0,71,71,71,70,80.34,Data Scientist,Placed,0.6592,5.03
STU03392,20,Male,Kerala,Kochi,Tier 2,Tier 3,ISE,B.Tech,9.92,0,No,3,1,96,81,76,54,63.94,Full Stack Developer,Placed,0.8631,5.54
STU03393,22,Male,West Bengal,Durgapur,Tier 2,Tier 2,CSE,B.E.,7.65,0,Yes,3,3,73,100,70,81,85.15,Software Developer,Placed,0.8743,5.37
STU03394,23,Male,Maharashtra,Mumbai,Tier 1,Tier 2,Data Science,B.Tech,6.35,0,No,2,2,77,82,59,65,72.59,Data Scientist,Placed,0.5389,3.24
STU03395,22,Male,Maharashtra,Pune,Tier 1,Tier 2,CSE,B.Tech,7.48,0,Yes,0,2,61,81,74,60,87.3,Software Developer,Placed,0.6188,5.29
STU03396,22,Male,West Bengal,Durgapur,Tier 1,Tier 3,EEE,B.Tech,9.24,2,No,0,0,65,63,52,65,76.87,Electrical Engineer,Not Placed,0.3279,0.0
STU03397,21,Other,West Bengal,Durgapur,Tier 2,Tier 2,Data Science,B.E.,7.49,0,Yes,3,1,61,66,53,76,81.59,Data Scientist,Placed,0.7006,4.74
STU03398,23,Male,Telangana,Karimnagar,Tier 1,Tier 2,CSE,B.Tech,7.94,1,No,1,0,69,86,57,58,87.74,Software Developer,Not Placed,0.4838,0.0
STU03399,24,Male,Uttar Pradesh,Kanpur,Tier 3,Tier 2,CSE,B.Tech,6.52,1,No,3,2,49,84,93,98,92.07,Software Developer,Placed,0.5153,5.03
STU03400,21,Male,Andhra Pradesh,Vijayawada,Tier 2,Tier 1,CSE,B.Tech,7.87,0,Yes,1,1,62,95,55,74,67.38,Software Developer,Placed,0.7847,5.63
STU03401,22,Male,Telangana,Karimnagar,Tier 3,Tier 3,ISE,B.E.,8.02,0,Yes,1,2,79,63,61,74,70.42,Full Stack Developer,Placed,0.7086,5.72
STU03402,20,Male,Maharashtra,Nagpur,Tier 2,Tier 2,ISE,B.Tech,5.77,0,Yes,1,4,38,60,62,43,79.57,Full Stack Developer,Not Placed,0.3185,0.0
STU03403,22,Male,Delhi,Delhi,Tier 2,Tier 2,CSE,B.E.,8.62,1,No,4,2,60,76,55,78,83.01,Software Developer,Placed,0.718,5.15
STU03404,23,Female,West Bengal,Durgapur,Tier 2,Tier 2,EEE,B.E.,7.1,0,No,1,6,60,46,46,55,78.26,Electrical Engineer,Not Placed,0.3997,0.0
STU03405,20,Female,Andhra Pradesh,Tirupati,Tier 3,Tier 3,CSE,B.Tech,7.94,1,Yes,2,0,91,84,40,75,67.23,Software Developer,Placed,0.7141,4.24
STU03406,23,Male,Gujarat,Ahmedabad,Tier 2,Tier 3,ECE,B.Tech,6.91,0,Yes,6,0,83,69,61,76,70.79,Embedded Engineer,Placed,0.7542,6.31
STU03407,20,Female,West Bengal,Durgapur,Tier 1,Tier 3,Civil,B.E.,8.03,0,Yes,3,2,68,63,52,32,74.58,Civil Engineer,Not Placed,0.6144,0.0
STU03408,24,Other,Andhra Pradesh,Visakhapatnam,Tier 2,Tier 1,ECE,B.Tech,6.12,0,Yes,2,1,54,65,80,48,78.81,Embedded Engineer,Placed,0.3986,3.89
STU03409,23,Female,Andhra Pradesh,Tirupati,Tier 2,Tier 3,ECE,B.Tech,9.05,0,Yes,3,2,94,67,67,41,79.21,Embedded Engineer,Placed,0.8049,4.45
STU03410,22,Male,Tamil Nadu,Coimbatore,Tier 2,Tier 2,Mechanical,B.E.,6.72,0,No,4,2,45,61,32,58,96.53,Design Engineer,Not Placed,0.4223,0.0
STU03411,20,Other,Kerala,Kozhikode,Tier 3,Tier 2,Data Science,B.Tech,7.87,2,Yes,4,2,78,83,62,66,87.76,Data Scientist,Placed,0.6884,5.06
STU03412,23,Male,Telangana,Hyderabad,Tier 2,Tier 2,EEE,B.Tech,7.89,0,No,0,2,60,82,54,57,70.15,Electrical Engineer,Not Placed,0.5097,0.0
STU03413,20,Male,Karnataka,Mangaluru,Tier 1,Tier 3,ISE,B.Tech,7.03,2,Yes,1,3,61,54,60,74,80.61,Full Stack Developer,Not Placed,0.3239,0.0
STU03414,22,Male,Karnataka,Mangaluru,Tier 3,Tier 1,Mechanical,B.Tech,7.63,0,Yes,1,0,57,55,58,65,93.47,Design Engineer,Placed,0.512,3.52
STU03415,24,Other,Telangana,Karimnagar,Tier 3,Tier 3,AI & ML,B.E.,6.42,1,Yes,4,5,57,58,72,49,65.26,Machine Learning Engineer,Not Placed,0.4766,0.0
STU03416,21,Male,Kerala,Kozhikode,Tier 2,Tier 1,CSE,B.Tech,8.73,1,No,3,0,63,100,67,68,76.96,Software Developer,Placed,0.7448,7.09
STU03417,20,Male,West Bengal,Durgapur,Tier 2,Tier 3,EEE,B.Tech,9.05,1,No,2,3,77,80,39,75,80.64,Electrical Engineer,Placed,0.7059,5.18
STU03418,23,Male,Uttar Pradesh,Lucknow,Tier 2,Tier 1,EEE,B.Tech,8.85,0,No,3,1,75,78,96,70,81.67,Electrical Engineer,Placed,0.7853,5.63
STU03419,21,Male,Tamil Nadu,Coimbatore,Tier 1,Tier 1,EEE,B.E.,8.47,1,No,1,2,58,85,86,43,88.25,Electrical Engineer,Not Placed,0.5033,0.0
STU03420,23,Male,Andhra Pradesh,Visakhapatnam,Tier 1,Tier 3,ISE,B.Tech,7.79,1,No,1,3,93,73,53,77,71.09,Full Stack Developer,Placed,0.5912,4.68
STU03421,20,Male,Gujarat,Vadodara,Tier 2,Tier 2,CSE,B.Tech,6.93,0,No,2,2,62,88,57,72,90.78,Software Developer,Not Placed,0.6062,0.0
STU03422,21,Male,Uttar Pradesh,Kanpur,Tier 1,Tier 2,CSE,B.E.,7.15,3,Yes,1,5,55,62,84,78,91.38,Software Developer,Not Placed,0.325,0.0
STU03423,23,Female,Kerala,Kochi,Tier 2,Tier 3,Data Science,B.E.,6.9,0,Yes,0,2,78,72,65,61,79.54,Data Scientist,Not Placed,0.5494,0.0
STU03424,22,Male,Kerala,Kozhikode,Tier 1,Tier 3,CSE,B.Tech,7.44,0,Yes,4,3,66,51,56,83,81.38,Software Developer,Placed,0.7316,5.43
STU03425,23,Male,Maharashtra,Nagpur,Tier 2,Tier 1,CSE,B.Tech,8.69,0,Yes,1,2,74,92,72,66,74.8,Software Developer,Placed,0.8528,6.31
STU03426,21,Female,Gujarat,Surat,Tier 3,Tier 1,CSE,B.E.,7.62,0,No,0,2,99,75,69,73,88.87,Software Developer,Placed,0.6737,4.92
STU03427,22,Male,West Bengal,Kolkata,Tier 3,Tier 2,CSE,B.Tech,9.06,0,No,1,1,77,63,81,43,83.75,Software Developer,Placed,0.6203,4.46
STU03428,24,Male,Andhra Pradesh,Tirupati,Tier 2,Tier 3,EEE,B.Tech,7.54,0,Yes,2,2,48,83,32,53,87.07,Electrical Engineer,Not Placed,0.608,0.0
STU03429,22,Female,West Bengal,Kolkata,Tier 3,Tier 2,CSE,B.Tech,8.68,0,No,3,4,69,58,56,30,85.51,Software Developer,Placed,0.6541,4.54
STU03430,24,Male,Telangana,Karimnagar,Tier 3,Tier 3,ISE,B.E.,7.89,1,No,2,2,63,83,58,58,90.61,Full Stack Developer,Placed,0.5211,4.47
STU03431,23,Male,West Bengal,Durgapur,Tier 2,Tier 2,AI & ML,B.Tech,7.11,0,No,1,1,71,100,59,61,76.41,Machine Learning Engineer,Not Placed,0.6042,0.0
STU03432,22,Male,Uttar Pradesh,Kanpur,Tier 2,Tier 2,CSE,B.Tech,7.68,0,Yes,1,1,61,96,83,66,85.1,Software Developer,Placed,0.7309,4.74
STU03433,24,Male,Kerala,Thiruvananthapuram,Tier 1,Tier 3,EEE,B.E.,8.99,0,Yes,2,1,64,84,47,65,79.63,Electrical Engineer,Placed,0.7931,5.29
STU03434,24,Male,Maharashtra,Pune,Tier 2,Tier 1,AI & ML,B.E.,9.39,0,Yes,2,5,93,83,100,44,72.51,Machine Learning Engineer,Placed,0.9133,5.63
STU03435,21,Female,Andhra Pradesh,Vijayawada,Tier 3,Tier 2,Data Science,B.E.,7.18,0,No,0,2,81,55,53,72,93.17,Data Scientist,Placed,0.4547,2.5
STU03436,21,Female,Tamil Nadu,Madurai,Tier 1,Tier 3,ECE,B.Tech,7.03,0,Yes,0,0,58,28,56,81,76.13,Embedded Engineer,Not Placed,0.2923,0.0
STU03437,22,Male,Tamil Nadu,Coimbatore,Tier 2,Tier 3,Data Science,B.Tech,7.61,1,No,0,4,79,58,55,61,79.51,Data Scientist,Not Placed,0.3964,0.0
STU03438,22,Female,Maharashtra,Mumbai,Tier 1,Tier 3,CSE,B.E.,6.82,2,Yes,2,2,72,75,54,50,93.5,Software Developer,Not Placed,0.371,0.0
STU03439,23,Male,Uttar Pradesh,Noida,Tier 2,Tier 3,AI & ML,B.E.,7.15,2,Yes,1,5,60,72,53,48,86.05,Machine Learning Engineer,Not Placed,0.3819,0.0
STU03440,24,Male,Kerala,Kochi,Tier 1,Tier 1,Data Science,B.Tech,7.97,1,Yes,3,0,83,73,46,74,75.59,Data Scientist,Not Placed,0.7315,0.0
STU03441,24,Male,West Bengal,Kolkata,Tier 2,Tier 1,Mechanical,B.E.,7.85,1,No,0,2,78,97,81,51,66.1,Design Engineer,Not Placed,0.5266,0.0
STU03442,21,Male,Andhra Pradesh,Visakhapatnam,Tier 2,Tier 2,AI & ML,B.Tech,7.61,0,Yes,1,1,78,75,70,51,85.46,Machine Learning Engineer,Not Placed,0.6487,0.0
STU03443,20,Male,Kerala,Kochi,Tier 2,Tier 1,CSE,B.E.,7.41,0,No,1,1,71,86,100,69,71.28,Software Developer,Not Placed,0.6277,0.0
STU03444,24,Female,Kerala,Kochi,Tier 3,Tier 2,Data Science,B.Tech,8.37,1,No,2,4,80,79,81,45,76.08,Data Scientist,Not Placed,0.6357,0.0
STU03445,24,Female,Delhi,Delhi,Tier 2,Tier 2,ECE,B.Tech,7.13,0,Yes,3,3,74,72,43,45,92.93,Embedded Engineer,Placed,0.6529,4.39
STU03446,23,Female,Kerala,Kozhikode,Tier 3,Tier 1,ECE,B.Tech,8.14,1,Yes,1,0,64,66,100,63,96.07,Embedded Engineer,Placed,0.5214,3.94
STU03447,20,Male,Tamil Nadu,Coimbatore,Tier 2,Tier 2,ISE,B.E.,8.07,1,Yes,2,5,67,83,44,66,78.2,Full Stack Developer,Placed,0.7576,4.61
STU03448,20,Male,Telangana,Warangal,Tier 2,Tier 2,CSE,B.Tech,7.47,0,No,5,2,54,88,66,59,82.49,Software Developer,Placed,0.7234,6.61
STU03449,23,Male,Karnataka,Mysuru,Tier 2,Tier 3,CSE,B.Tech,7.38,3,Yes,2,0,62,86,70,59,79.98,Software Developer,Not Placed,0.323,0.0
STU03450,21,Male,Delhi,Delhi,Tier 1,Tier 3,AI & ML,B.Tech,8.27,1,Yes,1,0,67,74,73,84,94.96,Machine Learning Engineer,Placed,0.6289,5.01
STU03451,21,Male,Tamil Nadu,Chennai,Tier 1,Tier 3,CSE,B.Tech,8.23,0,Yes,1,1,73,85,53,36,83.61,Software Developer,Placed,0.6793,3.52
STU03452,24,Female,Tamil Nadu,Madurai,Tier 1,Tier 2,CSE,B.Tech,7.49,0,No,3,2,61,84,91,62,91.59,Software Developer,Placed,0.6591,5.66
STU03453,24,Female,Gujarat,Surat,Tier 2,Tier 2,CSE,B.Tech,7.36,0,No,4,0,65,76,80,85,78.91,Software Developer,Placed,0.6811,5.0
STU03454,21,Female,Andhra Pradesh,Visakhapatnam,Tier 3,Tier 2,Data Science,B.Tech,6.18,0,No,1,1,77,87,100,66,92.41,Data Scientist,Not Placed,0.4761,0.0
STU03455,21,Male,Delhi,Delhi,Tier 2,Tier 3,Mechanical,B.Tech,8.09,0,No,3,2,93,55,82,61,76.72,Design Engineer,Placed,0.6336,4.11
STU03456,24,Male,Andhra Pradesh,Visakhapatnam,Tier 2,Tier 3,ECE,B.Tech,9.2,0,Yes,2,2,75,72,89,54,75.39,Embedded Engineer,Placed,0.7901,5.17
STU03457,24,Male,Delhi,Delhi,Tier 2,Tier 2,AI & ML,B.Tech,7.85,0,Yes,4,1,38,85,78,75,73.88,Machine Learning Engineer,Placed,0.7769,4.51
STU03458,23,Male,Andhra Pradesh,Visakhapatnam,Tier 1,Tier 2,Data Science,B.Tech,7.56,2,Yes,2,3,58,62,70,47,84.77,Data Scientist,Placed,0.389,3.2
STU03459,21,Male,Telangana,Hyderabad,Tier 1,Tier 1,CSE,B.Tech,6.29,0,No,2,0,78,50,57,66,77.05,Software Developer,Not Placed,0.377,0.0
STU03460,24,Male,Kerala,Kozhikode,Tier 2,Tier 2,AI & ML,B.Tech,6.45,0,Yes,1,1,68,71,62,81,90.6,Machine Learning Engineer,Not Placed,0.5641,0.0
STU03461,23,Female,Delhi,Delhi,Tier 2,Tier 1,EEE,B.Tech,8.16,0,No,5,2,50,60,67,65,84.09,Electrical Engineer,Placed,0.6818,5.71
STU03462,24,Female,Delhi,Delhi,Tier 1,Tier 1,Mechanical,B.Tech,6.24,0,No,2,2,63,68,65,74,94.29,Design Engineer,Not Placed,0.4413,0.0
STU03463,20,Male,West Bengal,Durgapur,Tier 3,Tier 3,ISE,B.Tech,6.74,0,No,1,2,56,48,66,48,99.0,Full Stack Developer,Not Placed,0.2702,0.0
STU03464,22,Male,Karnataka,Mangaluru,Tier 2,Tier 2,CSE,B.Tech,7.27,0,No,1,1,78,85,55,43,91.47,Software Developer,Not Placed,0.5234,0.0
STU03465,20,Female,Karnataka,Mangaluru,Tier 1,Tier 1,CSE,B.E.,7.06,0,Yes,1,3,88,42,51,57,83.87,Software Developer,Not Placed,0.5701,0.0
STU03466,21,Female,Tamil Nadu,Coimbatore,Tier 3,Tier 1,ISE,B.Tech,8.32,0,No,2,2,59,87,69,59,60.99,Full Stack Developer,Placed,0.7245,5.47
STU03467,21,Male,Telangana,Hyderabad,Tier 1,Tier 2,ISE,B.Tech,7.2,0,No,3,1,71,92,72,67,83.94,Full Stack Developer,Placed,0.6801,4.74
STU03468,22,Male,Kerala,Kozhikode,Tier 2,Tier 2,ECE,B.Tech,10.0,1,No,4,1,65,94,66,77,73.43,Embedded Engineer,Placed,0.8424,5.05
STU03469,22,Male,Karnataka,Bengaluru,Tier 2,Tier 3,Data Science,B.Tech,8.14,0,No,1,2,81,94,81,77,67.62,Data Scientist,Not Placed,0.7526,0.0
STU03470,23,Male,Telangana,Karimnagar,Tier 2,Tier 3,CSE,B.Tech,8.88,0,Yes,1,1,42,74,54,76,68.58,Software Developer,Placed,0.7218,2.97
STU03471,21,Male,Andhra Pradesh,Vijayawada,Tier 1,Tier 3,CSE,B.Tech,8.08,0,Yes,1,1,71,79,52,71,83.32,Software Developer,Not Placed,0.7251,0.0
STU03472,21,Male,Uttar Pradesh,Lucknow,Tier 2,Tier 2,ECE,B.Tech,6.44,2,Yes,2,3,61,46,22,81,79.92,Embedded Engineer,Placed,0.2791,3.82
STU03473,21,Male,Kerala,Kozhikode,Tier 2,Tier 1,Data Science,B.Tech,8.54,0,No,1,1,69,83,47,77,73.39,Data Scientist,Not Placed,0.7407,0.0
STU03474,24,Female,Tamil Nadu,Coimbatore,Tier 2,Tier 2,Mechanical,B.Tech,9.14,1,Yes,2,2,67,77,62,65,74.39,Design Engineer,Placed,0.741,5.97
STU03475,22,Male,West Bengal,Durgapur,Tier 2,Tier 3,CSE,B.E.,8.83,0,Yes,0,4,70,55,64,50,89.61,Software Developer,Not Placed,0.6753,0.0
STU03476,21,Male,Tamil Nadu,Madurai,Tier 2,Tier 2,AI & ML,B.E.,7.16,0,Yes,2,1,81,66,73,100,98.91,Machine Learning Engineer,Placed,0.7409,2.5
STU03477,21,Other,Andhra Pradesh,Visakhapatnam,Tier 2,Tier 3,ISE,B.E.,6.52,0,No,2,0,38,69,67,73,74.87,Full Stack Developer,Placed,0.3429,3.8
STU03478,22,Female,Andhra Pradesh,Tirupati,Tier 2,Tier 2,Data Science,B.Tech,7.98,0,No,1,4,75,48,58,60,93.37,Data Scientist,Placed,0.5531,3.06
STU03479,23,Female,Tamil Nadu,Coimbatore,Tier 2,Tier 2,EEE,B.Tech,7.54,2,Yes,0,3,59,82,77,69,78.27,Electrical Engineer,Not Placed,0.4173,0.0
STU03480,20,Female,Andhra Pradesh,Vijayawada,Tier 1,Tier 3,CSE,B.Tech,7.59,0,No,1,1,70,62,45,65,78.6,Software Developer,Not Placed,0.4777,0.0
STU03481,20,Male,Maharashtra,Mumbai,Tier 1,Tier 3,Civil,B.Tech,8.38,0,Yes,1,2,86,71,78,68,90.77,Civil Engineer,Placed,0.7419,2.6
STU03482,21,Male,Andhra Pradesh,Visakhapatnam,Tier 2,Tier 1,Mechanical,B.Tech,8.4,0,Yes,1,2,77,59,57,65,93.49,Design Engineer,Placed,0.7117,6.57
STU03483,24,Male,Tamil Nadu,Coimbatore,Tier 2,Tier 3,ISE,B.Tech,9.49,2,No,4,0,75,100,58,54,84.17,Full Stack Developer,Placed,0.7149,4.52
STU03484,24,Other,Uttar Pradesh,Kanpur,Tier 3,Tier 3,AI & ML,B.Tech,6.31,2,No,1,2,54,64,72,36,85.81,Machine Learning Engineer,Not Placed,0.1225,0.0
STU03485,21,Female,Uttar Pradesh,Kanpur,Tier 2,Tier 1,Data Science,B.Tech,8.12,1,Yes,0,4,51,78,49,61,81.54,Data Scientist,Placed,0.6181,4.88
STU03486,24,Female,Tamil Nadu,Madurai,Tier 3,Tier 2,ECE,B.Tech,8.08,0,No,3,2,78,36,55,89,82.55,Embedded Engineer,Not Placed,0.6078,0.0
STU03487,22,Female,Telangana,Warangal,Tier 2,Tier 3,ECE,B.E.,6.7,3,Yes,4,2,60,52,25,84,74.83,Embedded Engineer,Placed,0.275,5.58
STU03488,20,Male,Gujarat,Ahmedabad,Tier 2,Tier 3,ISE,B.Tech,7.26,0,No,5,0,74,71,100,72,81.64,Full Stack Developer,Placed,0.6627,3.94
STU03489,20,Female,Tamil Nadu,Coimbatore,Tier 2,Tier 2,ECE,B.Tech,8.59,0,Yes,5,5,70,49,67,82,81.52,Embedded Engineer,Placed,0.8618,5.83
STU03490,22,Male,Delhi,New Delhi,Tier 2,Tier 3,Data Science,B.Tech,7.74,0,Yes,3,4,74,62,71,63,76.59,Data Scientist,Placed,0.753,3.58
STU03491,22,Male,Gujarat,Vadodara,Tier 2,Tier 2,CSE,B.Tech,9.58,0,Yes,1,5,58,79,71,57,81.38,Software Developer,Placed,0.8584,4.57
STU03492,22,Male,Delhi,New Delhi,Tier 1,Tier 3,Civil,B.Tech,6.87,0,Yes,4,2,81,71,61,70,100.0,Civil Engineer,Not Placed,0.7068,0.0
STU03493,24,Male,Gujarat,Ahmedabad,Tier 3,Tier 1,Civil,B.Tech,8.81,3,No,1,3,50,64,58,56,88.51,Civil Engineer,Placed,0.2787,6.14
STU03494,22,Male,Karnataka,Bengaluru,Tier 1,Tier 2,CSE,B.Tech,8.23,0,Yes,1,2,76,100,80,75,77.05,Software Developer,Placed,0.8463,6.4
STU03495,23,Female,Kerala,Kozhikode,Tier 2,Tier 2,AI & ML,B.E.,8.42,0,No,2,3,76,90,100,62,86.13,Machine Learning Engineer,Placed,0.7835,6.15
STU03496,24,Male,Delhi,New Delhi,Tier 2,Tier 1,CSE,B.E.,9.18,0,Yes,3,1,84,89,67,62,94.93,Software Developer,Placed,0.9051,6.09
STU03497,21,Male,Delhi,Delhi,Tier 3,Tier 2,CSE,B.Tech,8.44,1,No,3,2,76,83,88,46,69.28,Software Developer,Placed,0.6467,3.82
STU03498,22,Male,Kerala,Kozhikode,Tier 3,Tier 1,AI & ML,B.Tech,7.89,0,Yes,4,3,53,91,60,60,79.32,Machine Learning Engineer,Placed,0.8449,5.94
STU03499,21,Male,Karnataka,Mangaluru,Tier 2,Tier 2,Mechanical,B.Tech,7.99,0,No,2,1,70,59,84,91,84.47,Design Engineer,Not Placed,0.6133,0.0
STU03500,23,Male,Telangana,Hyderabad,Tier 2,Tier 1,EEE,B.Tech,8.08,1,No,1,5,73,75,80,59,75.56,Electrical Engineer,Not Placed,0.5813,0.0
STU03501,21,Male,Tamil Nadu,Madurai,Tier 3,Tier 2,CSE,B.E.,8.86,0,Yes,0,3,76,100,70,54,84.82,Software Developer,Placed,0.8398,5.24
STU03502,21,Female,Delhi,Delhi,Tier 2,Tier 2,CSE,B.Tech,6.76,0,Yes,2,4,68,58,79,91,86.65,Software Developer,Placed,0.6819,4.08
STU03503,24,Male,Andhra Pradesh,Tirupati,Tier 2,Tier 3,ECE,B.E.,8.42,0,Yes,5,1,80,77,71,43,88.53,Embedded Engineer,Placed,0.8068,4.83
STU03504,21,Female,Andhra Pradesh,Visakhapatnam,Tier 3,Tier 2,AI & ML,B.Tech,7.57,0,Yes,3,3,58,61,58,73,80.58,Machine Learning Engineer,Placed,0.7167,5.47
STU03505,23,Female,Maharashtra,Mumbai,Tier 3,Tier 1,EEE,B.E.,8.34,2,No,2,2,79,55,72,58,81.47,Electrical Engineer,Placed,0.3955,2.54
STU03506,20,Male,Gujarat,Ahmedabad,Tier 2,Tier 2,CSE,B.Tech,6.44,1,No,2,1,70,43,43,70,91.23,Software Developer,Not Placed,0.2538,0.0
STU03507,21,Male,Karnataka,Mangaluru,Tier 2,Tier 3,CSE,B.Tech,9.3,2,Yes,3,2,82,98,86,66,81.02,Software Developer,Placed,0.8172,5.69
STU03508,22,Male,Andhra Pradesh,Tirupati,Tier 1,Tier 1,ECE,B.Tech,8.34,0,No,2,1,74,80,68,70,87.7,Embedded Engineer,Placed,0.7127,5.9
STU03509,23,Male,Uttar Pradesh,Lucknow,Tier 2,Tier 2,ECE,B.E.,8.4,1,No,2,3,63,69,64,64,89.69,Embedded Engineer,Not Placed,0.5412,0.0
STU03510,21,Male,Andhra Pradesh,Visakhapatnam,Tier 1,Tier 3,EEE,B.Tech,8.35,0,No,0,2,88,54,50,69,87.43,Electrical Engineer,Not Placed,0.5359,0.0
STU03511,22,Female,West Bengal,Durgapur,Tier 1,Tier 1,Data Science,B.Tech,9.14,0,Yes,2,1,77,59,75,55,89.32,Data Scientist,Placed,0.7939,4.94
STU03512,23,Female,West Bengal,Durgapur,Tier 2,Tier 2,AI & ML,B.Tech,8.5,1,No,0,5,41,78,99,70,77.96,Machine Learning Engineer,Not Placed,0.5423,0.0
STU03513,22,Male,Andhra Pradesh,Visakhapatnam,Tier 2,Tier 3,AI & ML,B.E.,6.55,0,No,4,2,76,60,46,45,89.64,Machine Learning Engineer,Placed,0.4702,3.71
STU03514,22,Male,Tamil Nadu,Coimbatore,Tier 2,Tier 1,ISE,B.Tech,8.56,2,No,5,2,67,71,46,65,77.55,Full Stack Developer,Placed,0.6438,3.66
STU03515,22,Male,Tamil Nadu,Coimbatore,Tier 2,Tier 3,ECE,B.E.,8.37,0,Yes,1,4,71,51,70,57,76.67,Embedded Engineer,Not Placed,0.6414,0.0
STU03516,23,Female,Delhi,Delhi,Tier 3,Tier 2,Data Science,B.E.,7.53,0,Yes,3,4,79,52,74,81,91.79,Data Scientist,Not Placed,0.7679,0.0
STU03517,24,Female,Kerala,Kozhikode,Tier 1,Tier 3,CSE,B.Tech,6.93,0,Yes,4,0,64,83,51,56,90.68,Software Developer,Placed,0.6685,4.35
STU03518,24,Male,Karnataka,Bengaluru,Tier 1,Tier 3,Civil,B.Tech,10.0,2,Yes,0,1,88,83,74,73,83.62,Civil Engineer,Placed,0.7122,4.92
STU03519,23,Male,Delhi,Delhi,Tier 2,Tier 2,EEE,B.Tech,7.09,0,No,3,2,52,70,51,85,75.77,Electrical Engineer,Placed,0.5609,3.36
STU03520,23,Female,Andhra Pradesh,Vijayawada,Tier 3,Tier 2,Data Science,B.Tech,8.1,0,No,2,3,65,96,28,96,81.44,Data Scientist,Placed,0.8212,5.62
STU03521,22,Female,Karnataka,Mysuru,Tier 2,Tier 2,AI & ML,B.Tech,7.99,0,Yes,2,2,68,73,80,81,78.48,Machine Learning Engineer,Not Placed,0.7803,0.0
STU03522,23,Female,Andhra Pradesh,Vijayawada,Tier 2,Tier 3,CSE,B.Tech,7.78,0,Yes,2,1,62,65,65,89,72.04,Software Developer,Placed,0.7052,2.96
STU03523,21,Male,Tamil Nadu,Coimbatore,Tier 1,Tier 2,CSE,B.Tech,6.3,0,Yes,1,3,53,51,52,86,67.75,Software Developer,Placed,0.4779,3.36
STU03524,21,Female,West Bengal,Durgapur,Tier 2,Tier 3,EEE,B.Tech,7.34,0,Yes,1,2,67,92,100,79,82.9,Electrical Engineer,Placed,0.7047,2.75
STU03525,21,Female,Delhi,Delhi,Tier 1,Tier 1,ISE,B.Tech,7.03,1,No,2,3,44,65,40,55,85.14,Full Stack Developer,Not Placed,0.3567,0.0
STU03526,22,Male,Uttar Pradesh,Kanpur,Tier 2,Tier 2,CSE,B.E.,6.67,0,Yes,2,3,67,89,62,66,84.6,Software Developer,Not Placed,0.7042,0.0
STU03527,21,Male,Tamil Nadu,Coimbatore,Tier 3,Tier 2,CSE,B.Tech,8.03,2,Yes,2,1,82,76,61,54,85.71,Software Developer,Not Placed,0.5455,0.0
STU03528,21,Male,Maharashtra,Pune,Tier 2,Tier 3,CSE,B.Tech,6.22,2,Yes,4,3,66,51,57,49,87.45,Software Developer,Placed,0.2988,7.57
STU03529,20,Female,Telangana,Hyderabad,Tier 2,Tier 1,Mechanical,B.Tech,8.05,0,No,2,5,58,60,55,59,79.31,Design Engineer,Placed,0.6219,3.19
STU03530,21,Male,Telangana,Warangal,Tier 1,Tier 1,CSE,B.Tech,9.6,0,No,0,2,76,100,79,100,87.72,Software Developer,Placed,0.8922,7.39
STU03531,24,Male,Kerala,Thiruvananthapuram,Tier 3,Tier 2,EEE,B.Tech,7.02,0,Yes,1,1,49,70,76,62,76.14,Electrical Engineer,Not Placed,0.4725,0.0
STU03532,20,Female,Kerala,Thiruvananthapuram,Tier 3,Tier 3,ECE,B.E.,7.73,0,Yes,2,2,63,44,51,57,73.57,Embedded Engineer,Not Placed,0.5126,0.0
STU03533,21,Female,Kerala,Kochi,Tier 1,Tier 2,ECE,B.E.,8.6,0,Yes,3,1,59,42,44,51,83.63,Embedded Engineer,Placed,0.6099,2.5
STU03534,21,Male,Delhi,Delhi,Tier 1,Tier 2,CSE,B.E.,8.07,0,No,0,4,83,84,60,80,88.57,Software Developer,Placed,0.7426,6.89
STU03535,24,Female,Delhi,Delhi,Tier 2,Tier 2,CSE,B.Tech,8.26,0,No,2,2,82,73,72,56,72.34,Software Developer,Placed,0.6911,5.49
STU03536,20,Female,Telangana,Hyderabad,Tier 2,Tier 2,ISE,B.Tech,8.63,0,Yes,2,1,78,73,68,82,84.16,Full Stack Developer,Not Placed,0.8301,0.0
STU03537,21,Male,Uttar Pradesh,Lucknow,Tier 1,Tier 2,AI & ML,B.Tech,8.13,0,No,1,2,66,86,84,76,84.84,Machine Learning Engineer,Placed,0.7004,4.6
STU03538,23,Male,Telangana,Hyderabad,Tier 2,Tier 1,CSE,B.Tech,7.85,0,Yes,1,3,56,66,77,80,73.3,Software Developer,Placed,0.7234,5.66
STU03539,21,Male,Delhi,New Delhi,Tier 2,Tier 1,Civil,B.E.,8.32,1,No,1,1,62,89,90,67,80.43,Civil Engineer,Placed,0.5635,7.38
STU03540,24,Male,Uttar Pradesh,Lucknow,Tier 3,Tier 2,AI & ML,B.Tech,7.78,0,No,2,5,66,91,71,47,89.72,Machine Learning Engineer,Placed,0.7143,5.21
STU03541,24,Female,Tamil Nadu,Chennai,Tier 2,Tier 1,EEE,B.Tech,8.66,1,Yes,2,0,87,75,29,80,83.72,Electrical Engineer,Placed,0.7579,4.58
STU03542,20,Female,Delhi,Delhi,Tier 1,Tier 3,AI & ML,B.Tech,7.15,0,No,1,0,68,75,44,58,85.92,Machine Learning Engineer,Not Placed,0.4351,0.0
STU03543,21,Female,West Bengal,Kolkata,Tier 2,Tier 3,Data Science,B.Tech,7.3,0,Yes,5,0,75,100,62,81,91.6,Data Scientist,Placed,0.8565,6.47
STU03544,20,Male,Tamil Nadu,Coimbatore,Tier 1,Tier 3,CSE,B.Tech,5.78,1,No,3,3,53,61,71,98,75.06,Software Developer,Not Placed,0.3497,0.0
STU03545,21,Female,Andhra Pradesh,Vijayawada,Tier 2,Tier 2,Civil,B.Tech,7.35,0,Yes,1,0,58,77,61,50,87.11,Civil Engineer,Placed,0.5073,4.97
STU03546,24,Male,West Bengal,Durgapur,Tier 1,Tier 3,Civil,B.E.,6.34,0,No,2,0,57,64,60,58,75.68,Civil Engineer,Not Placed,0.2836,0.0
STU03547,23,Male,Gujarat,Ahmedabad,Tier 2,Tier 1,ISE,B.E.,6.64,0,Yes,1,5,67,56,61,63,85.18,Full Stack Developer,Not Placed,0.5901,0.0
STU03548,22,Female,West Bengal,Durgapur,Tier 3,Tier 2,ISE,B.E.,7.08,1,No,1,2,62,75,78,86,74.55,Full Stack Developer,Not Placed,0.4511,0.0
STU03549,20,Male,Delhi,Delhi,Tier 1,Tier 2,CSE,B.Tech,7.56,0,No,3,3,75,87,79,55,86.6,Software Developer,Placed,0.7165,4.4
STU03550,24,Male,Andhra Pradesh,Tirupati,Tier 3,Tier 3,CSE,B.E.,7.97,2,Yes,1,1,66,98,94,46,83.69,Software Developer,Not Placed,0.5016,0.0
STU03551,22,Female,Andhra Pradesh,Tirupati,Tier 1,Tier 2,Civil,B.E.,8.26,0,Yes,1,3,54,55,52,77,92.79,Civil Engineer,Not Placed,0.65,0.0
STU03552,20,Male,Telangana,Hyderabad,Tier 3,Tier 3,CSE,B.E.,7.41,0,No,3,4,55,100,64,58,91.78,Software Developer,Not Placed,0.7129,0.0
STU03553,21,Male,Karnataka,Mangaluru,Tier 3,Tier 2,ECE,B.Tech,7.9,1,Yes,3,2,57,62,65,64,79.45,Embedded Engineer,Not Placed,0.5681,0.0
STU03554,23,Female,Tamil Nadu,Madurai,Tier 2,Tier 3,Data Science,B.E.,7.31,1,No,1,1,68,49,57,45,86.56,Data Scientist,Not Placed,0.2384,0.0
STU03555,22,Female,Andhra Pradesh,Visakhapatnam,Tier 2,Tier 2,Civil,B.Tech,8.25,1,No,2,4,66,61,37,59,84.0,Civil Engineer,Placed,0.5077,8.52
STU03556,24,Female,Kerala,Kozhikode,Tier 1,Tier 1,CSE,B.Tech,6.98,0,No,3,0,61,73,52,49,79.91,Software Developer,Placed,0.4983,6.4
STU03557,22,Male,Karnataka,Mangaluru,Tier 2,Tier 2,CSE,B.E.,9.54,0,No,2,2,82,96,83,61,86.85,Software Developer,Placed,0.8647,7.09
STU03558,21,Male,Karnataka,Mysuru,Tier 3,Tier 2,Mechanical,B.E.,7.3,1,No,2,0,70,74,65,83,78.09,Design Engineer,Placed,0.4433,3.93
STU03559,20,Female,Delhi,Delhi,Tier 2,Tier 3,Data Science,B.Tech,6.58,0,No,6,3,45,65,61,70,83.87,Data Scientist,Placed,0.5913,2.5
STU03560,22,Male,West Bengal,Durgapur,Tier 2,Tier 3,Mechanical,B.Tech,8.6,0,Yes,2,4,62,79,70,91,100.0,Design Engineer,Placed,0.8413,4.73
STU03561,24,Male,Kerala,Kochi,Tier 1,Tier 2,AI & ML,B.E.,7.57,0,Yes,3,2,87,61,67,58,73.64,Machine Learning Engineer,Placed,0.7299,2.52
STU03562,20,Male,West Bengal,Kolkata,Tier 2,Tier 2,CSE,B.Tech,7.88,0,Yes,4,3,53,65,61,54,88.56,Software Developer,Not Placed,0.7367,0.0
STU03563,20,Male,Tamil Nadu,Coimbatore,Tier 3,Tier 3,Civil,B.Tech,8.92,0,Yes,1,2,62,72,60,78,83.85,Civil Engineer,Placed,0.7594,4.79
STU03564,24,Female,Uttar Pradesh,Lucknow,Tier 2,Tier 2,ECE,B.E.,7.61,0,Yes,4,1,65,29,59,77,86.92,Embedded Engineer,Placed,0.5814,4.58
STU03565,21,Male,Delhi,Delhi,Tier 2,Tier 3,Data Science,B.Tech,8.24,0,Yes,2,1,61,78,55,89,78.57,Data Scientist,Placed,0.7863,4.93
STU03566,20,Male,Maharashtra,Mumbai,Tier 3,Tier 2,CSE,B.Tech,7.55,2,Yes,0,3,72,67,61,43,73.32,Software Developer,Not Placed,0.3532,0.0
STU03567,22,Female,Kerala,Thiruvananthapuram,Tier 2,Tier 3,AI & ML,B.Tech,6.6,1,Yes,3,4,72,80,82,61,81.97,Machine Learning Engineer,Placed,0.6054,5.44
STU03568,21,Male,Delhi,New Delhi,Tier 2,Tier 1,AI & ML,B.E.,7.51,0,Yes,6,0,68,90,30,67,78.6,Machine Learning Engineer,Not Placed,0.8619,0.0
STU03569,22,Female,Karnataka,Bengaluru,Tier 3,Tier 2,AI & ML,B.Tech,6.44,0,Yes,2,1,53,100,83,52,83.23,Machine Learning Engineer,Placed,0.6056,5.05
STU03570,23,Male,Delhi,New Delhi,Tier 2,Tier 2,CSE,B.Tech,7.38,1,Yes,3,2,50,55,64,42,73.89,Software Developer,Placed,0.4288,3.66
STU03571,22,Other,Delhi,New Delhi,Tier 3,Tier 2,CSE,B.E.,6.76,0,Yes,3,2,73,62,70,82,91.91,Software Developer,Placed,0.683,3.52
STU03572,22,Male,Karnataka,Mangaluru,Tier 1,Tier 2,EEE,B.Tech,7.68,0,Yes,3,3,77,83,65,69,92.3,Electrical Engineer,Placed,0.8026,3.51
STU03573,24,Female,West Bengal,Kolkata,Tier 1,Tier 2,ECE,B.E.,7.37,0,Yes,0,0,70,82,100,59,83.77,Embedded Engineer,Placed,0.5504,5.02
STU03574,22,Male,Delhi,Delhi,Tier 1,Tier 3,Data Science,B.Tech,7.46,0,No,4,2,52,81,80,100,92.24,Data Scientist,Not Placed,0.7387,0.0
STU03575,23,Male,Uttar Pradesh,Lucknow,Tier 1,Tier 2,CSE,B.E.,8.88,1,Yes,3,2,70,51,71,64,89.13,Software Developer,Placed,0.6946,2.91
STU03576,24,Male,Uttar Pradesh,Noida,Tier 2,Tier 2,Civil,B.Tech,7.49,0,No,6,1,58,51,48,51,75.03,Civil Engineer,Not Placed,0.547,0.0
STU03577,23,Female,Maharashtra,Nagpur,Tier 1,Tier 3,ECE,B.E.,7.13,0,Yes,3,1,49,58,45,55,67.83,Embedded Engineer,Placed,0.4805,4.28
STU03578,22,Male,Andhra Pradesh,Tirupati,Tier 2,Tier 2,CSE,B.Tech,7.52,0,No,0,5,83,97,71,50,77.85,Software Developer,Placed,0.6872,4.48
STU03579,20,Male,Telangana,Karimnagar,Tier 3,Tier 3,Data Science,B.Tech,8.25,0,Yes,4,1,68,50,71,44,70.16,Data Scientist,Not Placed,0.6691,0.0
STU03580,20,Female,Andhra Pradesh,Vijayawada,Tier 3,Tier 3,CSE,B.Tech,8.78,0,No,2,0,77,84,59,64,84.3,Software Developer,Placed,0.7299,5.04
STU03581,24,Male,Uttar Pradesh,Kanpur,Tier 2,Tier 3,Data Science,B.Tech,7.44,1,No,2,0,73,84,50,72,74.08,Data Scientist,Not Placed,0.4971,0.0
STU03582,23,Male,West Bengal,Kolkata,Tier 2,Tier 3,AI & ML,B.Tech,8.72,0,No,2,5,71,92,92,67,97.95,Machine Learning Engineer,Not Placed,0.8287,0.0
STU03583,22,Male,Gujarat,Ahmedabad,Tier 3,Tier 3,AI & ML,B.Tech,8.3,0,Yes,2,3,67,91,64,72,75.55,Machine Learning Engineer,Placed,0.8362,3.93
STU03584,20,Male,Andhra Pradesh,Vijayawada,Tier 2,Tier 1,Civil,B.Tech,7.99,0,Yes,4,0,74,75,50,68,87.5,Civil Engineer,Placed,0.7938,5.25
STU03585,21,Female,West Bengal,Kolkata,Tier 1,Tier 1,CSE,B.Tech,7.98,3,Yes,2,3,73,63,50,73,87.31,Software Developer,Placed,0.4793,4.14
STU03586,24,Male,Gujarat,Surat,Tier 2,Tier 2,Mechanical,B.Tech,7.75,0,No,1,1,59,79,58,63,81.77,Design Engineer,Not Placed,0.5155,0.0
STU03587,23,Male,Maharashtra,Pune,Tier 1,Tier 2,Civil,B.E.,6.95,0,No,3,2,55,53,58,78,82.26,Civil Engineer,Not Placed,0.4575,0.0
STU03588,21,Male,Gujarat,Vadodara,Tier 3,Tier 2,ECE,B.E.,8.36,0,No,0,0,67,75,65,64,97.72,Embedded Engineer,Placed,0.5232,4.82
STU03589,21,Female,Kerala,Kozhikode,Tier 2,Tier 2,ECE,B.Tech,6.24,0,Yes,4,3,78,59,72,85,79.16,Embedded Engineer,Not Placed,0.6694,0.0
STU03590,20,Female,Andhra Pradesh,Vijayawada,Tier 2,Tier 2,CSE,B.Tech,7.6,0,No,1,5,43,56,67,55,82.33,Software Developer,Not Placed,0.4607,0.0
STU03591,22,Male,Maharashtra,Mumbai,Tier 1,Tier 3,AI & ML,B.E.,9.95,0,Yes,1,0,95,85,76,86,66.64,Machine Learning Engineer,Placed,0.908,3.63
STU03592,20,Male,Andhra Pradesh,Vijayawada,Tier 2,Tier 3,CSE,B.Tech,8.32,0,Yes,3,4,72,48,80,84,66.21,Software Developer,Placed,0.794,5.51
STU03593,20,Male,Gujarat,Ahmedabad,Tier 1,Tier 2,Data Science,B.Tech,9.27,0,Yes,2,2,100,91,76,40,78.39,Data Scientist,Placed,0.887,6.22
STU03594,21,Male,Karnataka,Mangaluru,Tier 2,Tier 2,CSE,B.Tech,7.49,1,Yes,4,7,78,45,64,74,76.22,Software Developer,Not Placed,0.7284,0.0
STU03595,23,Male,Karnataka,Mysuru,Tier 2,Tier 3,Data Science,B.E.,7.76,0,Yes,3,0,82,74,91,67,80.03,Data Scientist,Placed,0.747,2.69
STU03596,23,Male,Kerala,Kozhikode,Tier 1,Tier 2,EEE,B.E.,6.77,0,Yes,3,1,80,66,40,78,86.74,Electrical Engineer,Not Placed,0.6521,0.0
STU03597,21,Female,Gujarat,Vadodara,Tier 1,Tier 3,CSE,B.Tech,8.68,0,No,2,1,82,64,70,85,73.78,Software Developer,Placed,0.7314,2.5
STU03598,22,Female,Karnataka,Bengaluru,Tier 3,Tier 2,Civil,B.Tech,9.0,0,No,2,1,68,84,61,77,67.96,Civil Engineer,Placed,0.7632,3.73
STU03599,20,Male,Andhra Pradesh,Vijayawada,Tier 2,Tier 3,ECE,B.E.,9.84,1,No,5,2,69,79,60,61,100.0,Embedded Engineer,Placed,0.8009,6.37
STU03600,21,Male,Delhi,Delhi,Tier 1,Tier 3,EEE,B.Tech,7.97,0,Yes,5,4,74,60,81,61,75.97,Electrical Engineer,Placed,0.7966,7.55
STU03601,24,Male,Uttar Pradesh,Lucknow,Tier 2,Tier 2,AI & ML,B.Tech,6.9,0,Yes,3,2,54,81,34,68,86.82,Machine Learning Engineer,Placed,0.6846,5.71
STU03602,24,Male,Uttar Pradesh,Noida,Tier 3,Tier 3,Data Science,B.E.,7.92,1,No,3,3,66,71,20,25,80.48,Data Scientist,Placed,0.4509,5.03
STU03603,24,Male,Uttar Pradesh,Lucknow,Tier 3,Tier 2,Mechanical,B.Tech,8.33,0,No,2,3,69,78,46,87,85.49,Design Engineer,Not Placed,0.749,0.0
STU03604,21,Female,West Bengal,Kolkata,Tier 3,Tier 3,ECE,B.Tech,10.0,2,Yes,3,2,87,74,67,70,76.02,Embedded Engineer,Placed,0.7918,4.87
STU03605,20,Female,Gujarat,Vadodara,Tier 1,Tier 2,Civil,B.Tech,7.5,0,No,0,1,63,55,50,57,88.71,Civil Engineer,Placed,0.3356,2.77
STU03606,20,Male,Maharashtra,Nagpur,Tier 1,Tier 1,AI & ML,B.Tech,10.0,2,Yes,1,0,92,91,70,62,82.28,Machine Learning Engineer,Placed,0.8015,8.48
STU03607,23,Male,Delhi,New Delhi,Tier 1,Tier 3,CSE,B.Tech,6.75,0,Yes,2,2,48,56,53,59,86.28,Software Developer,Not Placed,0.455,0.0
STU03608,22,Female,Uttar Pradesh,Lucknow,Tier 2,Tier 3,Civil,B.Tech,6.94,1,No,1,1,78,56,48,73,84.83,Civil Engineer,Placed,0.2894,2.71
STU03609,22,Male,Karnataka,Bengaluru,Tier 2,Tier 2,Data Science,B.Tech,6.74,0,No,1,0,60,67,52,56,95.15,Data Scientist,Placed,0.3477,3.54
STU03610,22,Male,Maharashtra,Mumbai,Tier 2,Tier 3,CSE,B.Tech,6.89,0,Yes,0,0,76,93,71,83,73.27,Software Developer,Placed,0.6484,2.5
STU03611,21,Male,Maharashtra,Pune,Tier 3,Tier 3,AI & ML,B.Tech,6.84,0,Yes,2,4,47,84,60,54,78.7,Machine Learning Engineer,Placed,0.6208,4.14
STU03612,20,Male,Tamil Nadu,Chennai,Tier 2,Tier 2,Data Science,B.Tech,7.49,0,No,2,0,73,64,36,50,77.24,Data Scientist,Not Placed,0.48,0.0
STU03613,21,Male,Andhra Pradesh,Visakhapatnam,Tier 3,Tier 3,CSE,B.E.,8.23,0,Yes,2,2,68,95,99,52,81.38,Software Developer,Placed,0.7932,5.61
STU03614,22,Male,Delhi,Delhi,Tier 2,Tier 3,EEE,B.Tech,7.46,1,Yes,3,3,89,48,95,71,81.57,Electrical Engineer,Placed,0.5774,3.16
STU03615,21,Male,Telangana,Karimnagar,Tier 3,Tier 3,ISE,B.Tech,7.53,0,Yes,2,1,65,85,79,69,80.15,Full Stack Developer,Placed,0.7148,5.47
STU03616,23,Male,Gujarat,Vadodara,Tier 2,Tier 2,ECE,B.Tech,7.86,0,Yes,3,2,63,79,88,89,65.55,Embedded Engineer,Not Placed,0.7997,0.0
STU03617,20,Male,Andhra Pradesh,Visakhapatnam,Tier 2,Tier 2,CSE,B.Tech,9.11,0,Yes,2,1,76,66,68,60,88.96,Software Developer,Placed,0.8007,3.19
STU03618,22,Male,Karnataka,Mangaluru,Tier 1,Tier 1,EEE,B.Tech,9.23,0,Yes,2,1,73,100,94,71,89.72,Electrical Engineer,Placed,0.8932,3.87
STU03619,23,Female,West Bengal,Kolkata,Tier 3,Tier 3,ECE,B.E.,8.83,0,Yes,3,4,61,77,63,66,89.96,Embedded Engineer,Placed,0.8327,4.59
STU03620,21,Female,Tamil Nadu,Madurai,Tier 3,Tier 3,AI & ML,B.Tech,7.41,0,Yes,1,0,37,67,57,45,82.16,Machine Learning Engineer,Not Placed,0.41,0.0
STU03621,22,Male,Telangana,Karimnagar,Tier 1,Tier 2,CSE,B.Tech,6.98,0,Yes,1,3,69,78,66,54,74.67,Software Developer,Not Placed,0.6249,0.0
STU03622,24,Male,Telangana,Karimnagar,Tier 1,Tier 3,CSE,B.Tech,7.76,0,Yes,4,1,88,88,86,69,71.94,Software Developer,Placed,0.8469,6.67
STU03623,23,Male,Kerala,Kozhikode,Tier 1,Tier 3,CSE,B.Tech,8.39,0,Yes,3,0,86,86,71,97,66.41,Software Developer,Placed,0.8797,4.69
STU03624,20,Male,Delhi,Delhi,Tier 1,Tier 2,ECE,B.Tech,7.88,0,Yes,2,0,54,53,64,58,73.16,Embedded Engineer,Not Placed,0.5156,0.0
STU03625,21,Female,Uttar Pradesh,Noida,Tier 2,Tier 3,Civil,B.E.,8.22,0,Yes,2,0,73,92,55,74,86.81,Civil Engineer,Placed,0.7786,5.37
STU03626,22,Male,Andhra Pradesh,Tirupati,Tier 1,Tier 2,ISE,B.Tech,7.96,0,No,0,2,90,79,78,49,74.88,Full Stack Developer,Not Placed,0.6061,0.0
STU03627,20,Male,Gujarat,Ahmedabad,Tier 1,Tier 2,AI & ML,B.Tech,7.99,0,No,4,3,72,81,65,47,81.36,Machine Learning Engineer,Placed,0.7429,5.52
STU03628,21,Male,Andhra Pradesh,Vijayawada,Tier 2,Tier 1,EEE,B.E.,7.16,1,Yes,2,3,58,37,38,71,84.41,Electrical Engineer,Not Placed,0.4077,0.0
STU03629,23,Male,Maharashtra,Pune,Tier 3,Tier 2,CSE,B.E.,7.47,0,Yes,2,3,69,70,76,60,84.05,Software Developer,Placed,0.6982,4.81
STU03630,24,Male,Telangana,Karimnagar,Tier 2,Tier 3,CSE,B.Tech,8.42,1,Yes,2,0,68,65,51,59,76.63,Software Developer,Not Placed,0.5796,0.0
STU03631,21,Female,Gujarat,Ahmedabad,Tier 2,Tier 2,CSE,B.Tech,7.03,0,No,2,3,49,61,36,62,78.53,Software Developer,Placed,0.453,3.17
STU03632,22,Other,Delhi,Delhi,Tier 1,Tier 2,CSE,B.Tech,8.69,1,Yes,1,1,77,92,71,58,85.37,Software Developer,Not Placed,0.7358,0.0
STU03633,24,Female,Maharashtra,Pune,Tier 2,Tier 2,CSE,B.E.,7.02,0,Yes,3,3,64,100,85,60,81.83,Software Developer,Not Placed,0.7855,0.0
STU03634,21,Male,Kerala,Thiruvananthapuram,Tier 3,Tier 3,ISE,B.Tech,8.09,0,Yes,2,1,61,99,65,37,79.81,Full Stack Developer,Not Placed,0.7291,0.0
STU03635,20,Male,Uttar Pradesh,Noida,Tier 2,Tier 3,CSE,B.Tech,9.44,0,Yes,2,4,100,86,68,64,80.79,Software Developer,Placed,0.921,4.32
STU03636,20,Female,Gujarat,Ahmedabad,Tier 1,Tier 3,Data Science,B.E.,7.37,1,No,1,1,94,74,80,88,85.76,Data Scientist,Not Placed,0.536,0.0
STU03637,24,Male,Uttar Pradesh,Lucknow,Tier 1,Tier 3,CSE,B.Tech,8.3,2,Yes,2,2,84,76,53,58,87.91,Software Developer,Not Placed,0.5978,0.0
STU03638,21,Female,Maharashtra,Nagpur,Tier 2,Tier 2,ISE,B.Tech,9.81,0,Yes,2,3,76,68,65,60,72.42,Full Stack Developer,Placed,0.8745,6.97
STU03639,21,Male,Karnataka,Mangaluru,Tier 2,Tier 2,CSE,B.Tech,7.84,0,Yes,2,1,72,59,78,72,78.21,Software Developer,Placed,0.6878,3.57
STU03640,22,Female,Andhra Pradesh,Visakhapatnam,Tier 2,Tier 2,CSE,B.E.,8.89,0,Yes,1,1,71,67,79,54,72.04,Software Developer,Not Placed,0.7302,0.0
STU03641,22,Male,Uttar Pradesh,Lucknow,Tier 3,Tier 2,ECE,B.E.,10.0,2,No,1,4,82,77,83,55,68.88,Embedded Engineer,Placed,0.6502,3.63
STU03642,23,Male,Maharashtra,Nagpur,Tier 2,Tier 1,Mechanical,B.Tech,8.01,1,No,4,1,49,84,63,82,85.46,Design Engineer,Placed,0.6429,5.01
STU03643,22,Female,Uttar Pradesh,Noida,Tier 3,Tier 1,EEE,B.Tech,7.03,0,Yes,1,3,64,51,46,55,85.09,Electrical Engineer,Not Placed,0.4921,0.0
STU03644,23,Male,Delhi,Delhi,Tier 1,Tier 3,EEE,B.Tech,7.74,1,Yes,2,1,82,51,57,58,74.76,Electrical Engineer,Placed,0.4678,7.08
STU03645,24,Female,Maharashtra,Pune,Tier 1,Tier 3,Mechanical,B.E.,7.05,0,No,1,1,57,59,54,76,82.04,Design Engineer,Not Placed,0.3642,0.0
STU03646,21,Male,Tamil Nadu,Coimbatore,Tier 3,Tier 2,CSE,B.Tech,7.75,1,Yes,1,2,52,85,92,72,92.94,Software Developer,Not Placed,0.6094,0.0
STU03647,20,Female,Tamil Nadu,Coimbatore,Tier 1,Tier 2,CSE,B.Tech,7.43,0,No,4,2,57,70,52,49,82.29,Software Developer,Not Placed,0.5883,0.0
STU03648,20,Male,Uttar Pradesh,Lucknow,Tier 2,Tier 1,ISE,B.Tech,7.58,0,No,3,2,71,69,100,69,75.43,Full Stack Developer,Placed,0.6796,6.1
STU03649,20,Male,Maharashtra,Nagpur,Tier 2,Tier 2,AI & ML,B.Tech,7.33,0,No,3,2,56,80,60,69,70.96,Machine Learning Engineer,Placed,0.6314,4.05
STU03650,20,Male,Karnataka,Mysuru,Tier 1,Tier 2,EEE,B.E.,9.4,0,No,1,3,67,62,75,86,79.66,Electrical Engineer,Placed,0.7447,5.48
STU03651,22,Male,Delhi,New Delhi,Tier 3,Tier 2,EEE,B.Tech,8.15,1,Yes,0,6,62,64,37,61,72.03,Electrical Engineer,Not Placed,0.5761,0.0
STU03652,23,Female,Andhra Pradesh,Tirupati,Tier 3,Tier 2,Data Science,B.E.,8.94,0,No,0,3,81,100,74,77,92.1,Data Scientist,Placed,0.829,5.73
STU03653,22,Male,Andhra Pradesh,Vijayawada,Tier 2,Tier 3,Civil,B.Tech,8.03,0,No,1,1,73,98,66,68,78.22,Civil Engineer,Placed,0.6635,4.99
STU03654,24,Female,Maharashtra,Pune,Tier 2,Tier 2,Data Science,B.Tech,7.56,0,Yes,1,5,64,63,40,76,78.42,Data Scientist,Not Placed,0.7126,0.0
STU03655,23,Male,Andhra Pradesh,Visakhapatnam,Tier 1,Tier 2,CSE,B.Tech,7.43,0,Yes,2,6,75,60,61,78,75.54,Software Developer,Not Placed,0.7735,0.0
STU03656,22,Male,Tamil Nadu,Chennai,Tier 2,Tier 2,CSE,B.Tech,7.2,2,Yes,1,3,56,56,53,57,83.57,Software Developer,Not Placed,0.3087,0.0
STU03657,24,Female,Andhra Pradesh,Tirupati,Tier 2,Tier 2,ECE,B.E.,7.2,1,Yes,1,1,75,85,82,78,76.29,Embedded Engineer,Placed,0.5732,3.31
STU03658,20,Female,Uttar Pradesh,Kanpur,Tier 3,Tier 2,Mechanical,B.Tech,7.79,0,No,0,3,68,77,50,52,91.91,Design Engineer,Placed,0.51,5.82
STU03659,22,Male,Kerala,Thiruvananthapuram,Tier 3,Tier 1,ISE,B.Tech,8.17,0,Yes,3,0,74,75,33,72,78.56,Full Stack Developer,Not Placed,0.81,0.0
STU03660,24,Male,Kerala,Kozhikode,Tier 1,Tier 2,Data Science,B.Tech,8.41,0,No,4,3,69,89,70,63,87.21,Data Scientist,Placed,0.8253,8.18
STU03661,24,Female,Telangana,Karimnagar,Tier 2,Tier 3,AI & ML,B.Tech,7.08,3,No,2,4,73,93,60,65,81.49,Machine Learning Engineer,Not Placed,0.3554,0.0
STU03662,22,Male,Andhra Pradesh,Tirupati,Tier 2,Tier 3,ECE,B.E.,8.18,1,No,3,2,75,64,50,74,83.9,Embedded Engineer,Not Placed,0.5596,0.0
STU03663,20,Male,Telangana,Hyderabad,Tier 1,Tier 2,ECE,B.E.,7.48,0,No,1,2,60,78,76,51,75.23,Embedded Engineer,Not Placed,0.4729,0.0
STU03664,20,Male,Tamil Nadu,Madurai,Tier 1,Tier 2,Civil,B.Tech,6.14,0,No,2,0,59,67,65,52,72.03,Civil Engineer,Not Placed,0.2829,0.0
STU03665,24,Female,Andhra Pradesh,Tirupati,Tier 2,Tier 3,CSE,B.Tech,7.73,0,No,0,1,80,49,57,58,85.89,Software Developer,Not Placed,0.4002,0.0
STU03666,24,Female,Kerala,Kochi,Tier 2,Tier 2,Civil,B.Tech,8.39,0,Yes,1,1,92,63,44,61,80.41,Civil Engineer,Not Placed,0.7082,0.0
STU03667,23,Male,Karnataka,Mysuru,Tier 3,Tier 3,CSE,B.Tech,7.17,1,Yes,0,1,63,61,62,64,92.63,Software Developer,Not Placed,0.361,0.0
STU03668,20,Male,Maharashtra,Nagpur,Tier 3,Tier 3,ISE,B.Tech,8.89,0,Yes,3,3,67,73,72,56,78.62,Full Stack Developer,Placed,0.8267,4.64
STU03669,20,Male,West Bengal,Durgapur,Tier 2,Tier 2,Mechanical,B.E.,7.34,0,Yes,3,2,67,61,68,93,87.63,Design Engineer,Placed,0.7156,5.95
STU03670,23,Male,West Bengal,Durgapur,Tier 2,Tier 2,CSE,B.E.,7.15,3,Yes,6,2,75,81,62,68,74.37,Software Developer,Placed,0.582,5.0
STU03671,22,Female,Tamil Nadu,Chennai,Tier 2,Tier 3,EEE,B.E.,8.35,0,Yes,3,0,70,69,80,84,89.74,Electrical Engineer,Placed,0.7624,2.5
STU03672,21,Male,Gujarat,Vadodara,Tier 2,Tier 1,CSE,B.Tech,7.15,0,Yes,4,1,64,100,89,41,75.39,Software Developer,Not Placed,0.773,0.0
STU03673,22,Female,Telangana,Hyderabad,Tier 2,Tier 1,CSE,B.E.,8.56,3,Yes,3,1,56,96,72,81,82.83,Software Developer,Placed,0.6557,4.28
STU03674,20,Male,Andhra Pradesh,Tirupati,Tier 2,Tier 3,Data Science,B.E.,8.83,0,No,1,2,90,90,59,52,86.94,Data Scientist,Placed,0.7605,4.1
STU03675,22,Female,Delhi,Delhi,Tier 3,Tier 1,CSE,B.Tech,9.71,1,No,3,2,67,100,70,58,74.19,Software Developer,Placed,0.8374,5.5
STU03676,24,Female,Uttar Pradesh,Kanpur,Tier 2,Tier 1,ECE,B.Tech,7.76,0,Yes,2,2,92,83,70,75,89.27,Embedded Engineer,Placed,0.8217,5.22
STU03677,21,Male,Karnataka,Bengaluru,Tier 3,Tier 1,ECE,B.E.,6.39,0,No,2,3,77,45,56,71,89.7,Embedded Engineer,Not Placed,0.4136,0.0
STU03678,23,Male,Gujarat,Ahmedabad,Tier 2,Tier 2,Data Science,B.E.,6.76,0,Yes,2,3,66,86,94,69,88.74,Data Scientist,Placed,0.7065,4.73
STU03679,21,Female,Tamil Nadu,Madurai,Tier 2,Tier 2,ISE,B.Tech,6.97,0,No,1,1,76,68,64,68,91.33,Full Stack Developer,Placed,0.4821,2.69
STU03680,24,Male,Telangana,Karimnagar,Tier 2,Tier 3,EEE,B.Tech,8.08,0,Yes,1,3,75,45,17,68,86.63,Electrical Engineer,Placed,0.6036,4.31
STU03681,22,Female,Kerala,Kozhikode,Tier 1,Tier 3,ECE,B.Tech,9.69,1,No,0,0,49,64,35,64,83.99,Embedded Engineer,Not Placed,0.4377,0.0
STU03682,22,Male,Karnataka,Bengaluru,Tier 2,Tier 2,ECE,B.Tech,8.6,3,Yes,0,2,87,87,69,72,90.77,Embedded Engineer,Not Placed,0.513,0.0
STU03683,20,Male,Gujarat,Surat,Tier 2,Tier 2,Civil,B.Tech,8.4,0,Yes,1,2,68,52,63,59,64.58,Civil Engineer,Placed,0.6177,5.91
STU03684,22,Other,Karnataka,Mangaluru,Tier 1,Tier 2,EEE,B.Tech,6.92,0,Yes,3,3,71,65,88,56,80.77,Electrical Engineer,Placed,0.624,4.26
STU03685,20,Female,Karnataka,Bengaluru,Tier 2,Tier 2,AI & ML,B.Tech,7.48,0,No,1,5,80,87,69,49,83.47,Machine Learning Engineer,Not Placed,0.6729,0.0
STU03686,24,Male,Uttar Pradesh,Lucknow,Tier 2,Tier 2,CSE,B.Tech,7.86,1,Yes,2,1,65,74,68,76,89.68,Software Developer,Placed,0.6416,5.22
STU03687,22,Male,Uttar Pradesh,Kanpur,Tier 2,Tier 1,CSE,B.Tech,8.17,0,Yes,1,1,60,83,82,58,88.72,Software Developer,Not Placed,0.7301,0.0
STU03688,22,Male,Andhra Pradesh,Visakhapatnam,Tier 2,Tier 1,CSE,B.Tech,8.69,0,No,3,3,61,85,92,48,87.53,Software Developer,Not Placed,0.7805,0.0
STU03689,22,Male,Uttar Pradesh,Noida,Tier 1,Tier 3,Civil,B.Tech,7.9,0,Yes,2,4,80,63,44,55,97.65,Civil Engineer,Placed,0.7002,5.97
STU03690,20,Female,Delhi,Delhi,Tier 3,Tier 2,EEE,B.E.,7.45,0,No,2,3,43,65,37,65,71.9,Electrical Engineer,Not Placed,0.4723,0.0
STU03691,24,Male,Delhi,New Delhi,Tier 1,Tier 3,AI & ML,B.Tech,7.39,0,Yes,2,1,70,100,88,75,90.72,Machine Learning Engineer,Not Placed,0.7786,0.0
STU03692,22,Male,West Bengal,Kolkata,Tier 2,Tier 2,CSE,B.E.,7.3,0,Yes,0,5,59,69,56,65,66.33,Software Developer,Placed,0.628,4.28
STU03693,21,Male,Delhi,New Delhi,Tier 1,Tier 2,EEE,B.Tech,8.19,0,Yes,2,0,73,64,48,37,90.46,Electrical Engineer,Not Placed,0.5937,0.0
STU03694,23,Male,Uttar Pradesh,Kanpur,Tier 2,Tier 2,Data Science,B.Tech,7.65,0,Yes,2,5,64,56,76,42,94.08,Data Scientist,Placed,0.6443,2.53
STU03695,21,Male,Gujarat,Vadodara,Tier 2,Tier 2,Mechanical,B.E.,9.11,0,Yes,2,3,69,80,43,55,77.38,Design Engineer,Placed,0.8244,6.94
STU03696,21,Male,Tamil Nadu,Coimbatore,Tier 2,Tier 3,EEE,B.Tech,6.48,0,No,3,1,41,55,77,49,82.9,Electrical Engineer,Not Placed,0.2601,0.0
STU03697,20,Female,Tamil Nadu,Madurai,Tier 1,Tier 1,ISE,B.Tech,7.22,0,No,2,3,65,77,87,70,86.08,Full Stack Developer,Placed,0.6442,5.84
STU03698,23,Female,West Bengal,Durgapur,Tier 2,Tier 1,ECE,B.E.,9.29,0,No,1,2,71,63,42,63,70.57,Embedded Engineer,Not Placed,0.6968,0.0
STU03699,24,Male,Tamil Nadu,Chennai,Tier 3,Tier 1,Data Science,B.E.,8.15,0,Yes,2,4,61,72,73,84,73.5,Data Scientist,Not Placed,0.831,0.0
STU03700,22,Female,Telangana,Warangal,Tier 3,Tier 2,AI & ML,B.Tech,8.22,2,Yes,0,1,97,79,62,47,88.25,Machine Learning Engineer,Not Placed,0.5147,0.0
STU03701,20,Male,Maharashtra,Pune,Tier 1,Tier 2,Data Science,B.E.,8.76,2,Yes,2,5,61,88,86,67,82.33,Data Scientist,Placed,0.7376,6.91
STU03702,20,Male,Gujarat,Surat,Tier 1,Tier 2,EEE,B.E.,7.68,0,No,3,2,79,79,84,77,86.15,Electrical Engineer,Placed,0.7105,5.76
STU03703,21,Female,Uttar Pradesh,Kanpur,Tier 2,Tier 2,Civil,B.E.,6.98,1,Yes,2,4,35,81,80,78,86.81,Civil Engineer,Not Placed,0.5313,0.0
STU03704,20,Male,West Bengal,Durgapur,Tier 1,Tier 2,Civil,B.Tech,7.95,0,No,5,1,74,70,51,81,74.56,Civil Engineer,Placed,0.7517,5.75
STU03705,23,Male,Gujarat,Ahmedabad,Tier 1,Tier 1,ECE,B.Tech,7.09,0,Yes,4,1,59,72,60,63,75.12,Embedded Engineer,Placed,0.6794,4.13
STU03706,21,Female,Uttar Pradesh,Noida,Tier 2,Tier 2,AI & ML,B.E.,6.23,0,Yes,3,4,61,72,52,78,68.31,Machine Learning Engineer,Placed,0.6717,6.04
STU03707,24,Male,Uttar Pradesh,Kanpur,Tier 1,Tier 3,CSE,B.E.,8.45,0,Yes,2,1,69,96,60,47,85.61,Software Developer,Placed,0.7881,7.87
STU03708,22,Female,Uttar Pradesh,Kanpur,Tier 3,Tier 2,ISE,B.Tech,7.16,0,Yes,0,3,77,86,100,79,84.63,Full Stack Developer,Not Placed,0.7213,0.0
STU03709,23,Male,Delhi,Delhi,Tier 1,Tier 3,CSE,B.Tech,7.47,0,Yes,4,1,53,100,77,94,77.7,Software Developer,Placed,0.8426,4.53
STU03710,20,Male,Gujarat,Ahmedabad,Tier 1,Tier 2,ECE,B.Tech,8.5,0,Yes,2,4,59,99,79,79,89.51,Embedded Engineer,Placed,0.8678,5.09
STU03711,21,Female,Telangana,Hyderabad,Tier 1,Tier 3,Mechanical,B.Tech,6.74,0,No,3,1,67,33,51,55,81.96,Design Engineer,Placed,0.2811,2.5
STU03712,24,Female,Tamil Nadu,Chennai,Tier 2,Tier 2,Data Science,B.Tech,7.43,0,Yes,1,0,70,80,100,58,86.36,Data Scientist,Placed,0.6247,3.67
STU03713,24,Male,Kerala,Thiruvananthapuram,Tier 1,Tier 2,CSE,B.Tech,7.87,2,No,3,2,71,62,63,80,78.96,Software Developer,Placed,0.4673,4.64
STU03714,22,Male,Delhi,Delhi,Tier 1,Tier 3,CSE,B.Tech,7.45,2,Yes,2,2,84,76,65,42,83.9,Software Developer,Placed,0.4555,4.64
STU03715,20,Male,Andhra Pradesh,Vijayawada,Tier 3,Tier 3,CSE,B.E.,7.44,0,Yes,1,0,64,74,69,57,86.32,Software Developer,Not Placed,0.5597,0.0
STU03716,21,Female,Kerala,Kochi,Tier 1,Tier 2,ISE,B.Tech,8.58,1,No,0,1,85,83,49,48,77.21,Full Stack Developer,Placed,0.5397,4.09
STU03717,21,Male,Uttar Pradesh,Lucknow,Tier 2,Tier 2,CSE,B.Tech,7.42,0,No,5,5,52,65,66,77,94.85,Software Developer,Placed,0.7348,2.93
STU03718,20,Female,Maharashtra,Mumbai,Tier 2,Tier 1,CSE,B.Tech,7.98,0,Yes,3,2,76,79,48,92,84.96,Software Developer,Placed,0.8695,3.16
STU03719,24,Male,Karnataka,Mysuru,Tier 3,Tier 3,Mechanical,B.Tech,8.5,0,Yes,1,1,69,54,56,57,89.36,Design Engineer,Placed,0.5917,5.58
STU03720,20,Male,Maharashtra,Mumbai,Tier 2,Tier 3,AI & ML,B.Tech,5.91,0,Yes,1,1,52,42,62,77,73.98,Machine Learning Engineer,Not Placed,0.3046,0.0
STU03721,23,Male,Delhi,New Delhi,Tier 3,Tier 1,Data Science,B.E.,6.54,0,Yes,2,0,62,81,86,89,88.02,Data Scientist,Placed,0.6685,5.02
STU03722,21,Female,Karnataka,Mysuru,Tier 1,Tier 2,ECE,B.Tech,6.72,0,No,2,0,75,40,63,36,82.22,Embedded Engineer,Placed,0.2397,4.26
STU03723,24,Male,Delhi,Delhi,Tier 1,Tier 3,Data Science,B.Tech,8.21,0,No,2,0,82,64,72,51,73.11,Data Scientist,Placed,0.5704,4.77
STU03724,23,Male,Kerala,Thiruvananthapuram,Tier 2,Tier 2,CSE,B.Tech,7.42,1,Yes,3,2,100,79,93,99,69.56,Software Developer,Placed,0.8097,6.19
STU03725,22,Female,Kerala,Thiruvananthapuram,Tier 2,Tier 2,ECE,B.Tech,7.87,0,No,1,1,70,77,58,52,77.89,Embedded Engineer,Placed,0.5205,3.28
STU03726,22,Female,Uttar Pradesh,Noida,Tier 3,Tier 1,Civil,B.E.,8.54,0,Yes,0,1,40,52,78,57,92.41,Civil Engineer,Placed,0.5052,4.83
STU03727,21,Male,Gujarat,Surat,Tier 2,Tier 2,EEE,B.Tech,7.25,1,Yes,2,1,65,71,65,77,84.09,Electrical Engineer,Placed,0.5281,4.12
STU03728,24,Male,Gujarat,Surat,Tier 1,Tier 2,ECE,B.Tech,7.15,0,No,0,3,67,63,68,48,85.73,Embedded Engineer,Not Placed,0.3639,0.0
STU03729,22,Female,Tamil Nadu,Coimbatore,Tier 1,Tier 1,CSE,B.E.,7.05,0,Yes,2,3,57,75,89,63,69.36,Software Developer,Not Placed,0.6794,0.0
STU03730,21,Female,Maharashtra,Mumbai,Tier 3,Tier 1,ISE,B.Tech,7.11,0,No,4,0,60,53,31,55,67.55,Full Stack Developer,Not Placed,0.4839,0.0
STU03731,20,Male,Karnataka,Mangaluru,Tier 2,Tier 2,AI & ML,B.Tech,7.62,0,No,2,1,39,86,90,79,76.48,Machine Learning Engineer,Not Placed,0.6013,0.0
STU03732,21,Female,Delhi,Delhi,Tier 2,Tier 2,Data Science,B.Tech,7.54,0,Yes,2,1,55,52,17,75,78.24,Data Scientist,Not Placed,0.5888,0.0
STU03733,20,Male,Kerala,Thiruvananthapuram,Tier 2,Tier 3,Mechanical,B.E.,7.07,1,Yes,5,6,85,52,63,49,86.17,Design Engineer,Placed,0.6351,5.63
STU03734,23,Female,Maharashtra,Mumbai,Tier 3,Tier 3,Civil,B.Tech,8.05,0,No,2,2,76,78,50,36,67.48,Civil Engineer,Placed,0.5653,6.17
STU03735,20,Female,Delhi,New Delhi,Tier 1,Tier 2,ECE,B.Tech,7.61,0,No,2,1,56,77,74,90,79.03,Embedded Engineer,Placed,0.6065,5.53
STU03736,22,Male,Gujarat,Surat,Tier 2,Tier 3,ECE,B.E.,7.35,0,Yes,1,2,71,72,71,66,75.49,Embedded Engineer,Placed,0.6007,2.9
STU03737,20,Female,Gujarat,Vadodara,Tier 3,Tier 2,CSE,B.Tech,8.03,0,Yes,3,2,66,63,58,66,81.23,Software Developer,Placed,0.7468,5.15
STU03738,21,Male,Uttar Pradesh,Kanpur,Tier 2,Tier 2,AI & ML,B.E.,6.77,0,No,3,2,53,76,74,61,89.04,Machine Learning Engineer,Not Placed,0.5202,0.0
STU03739,24,Female,Delhi,New Delhi,Tier 2,Tier 2,CSE,B.Tech,6.91,0,Yes,0,1,70,68,67,78,82.18,Software Developer,Not Placed,0.5545,0.0
STU03740,24,Female,Uttar Pradesh,Kanpur,Tier 1,Tier 1,Data Science,B.E.,6.89,0,Yes,3,2,63,64,66,67,84.61,Data Scientist,Placed,0.6643,5.24
STU03741,20,Male,Delhi,Delhi,Tier 1,Tier 3,Data Science,B.Tech,8.39,0,Yes,1,2,72,81,54,83,79.01,Data Scientist,Placed,0.8028,4.26
STU03742,23,Female,Maharashtra,Pune,Tier 1,Tier 3,CSE,B.E.,7.02,0,Yes,2,3,71,97,72,69,91.44,Software Developer,Placed,0.7637,5.38
STU03743,22,Female,Delhi,Delhi,Tier 1,Tier 2,ECE,B.E.,7.78,0,Yes,1,2,56,71,86,79,96.13,Embedded Engineer,Not Placed,0.6549,0.0
STU03744,24,Male,Delhi,Delhi,Tier 2,Tier 1,CSE,B.Tech,6.62,0,Yes,3,1,62,69,75,65,79.85,Software Developer,Not Placed,0.6262,0.0
STU03745,21,Female,Gujarat,Ahmedabad,Tier 2,Tier 2,EEE,B.Tech,6.98,0,Yes,4,1,69,41,58,36,86.55,Electrical Engineer,Not Placed,0.4544,0.0
STU03746,21,Other,Gujarat,Vadodara,Tier 1,Tier 3,ISE,B.Tech,7.57,0,No,1,3,86,74,75,70,74.13,Full Stack Developer,Placed,0.639,3.81
STU03747,22,Male,Maharashtra,Pune,Tier 1,Tier 3,Civil,B.E.,9.07,1,No,0,2,78,96,78,66,86.5,Civil Engineer,Not Placed,0.65,0.0
STU03748,24,Female,Tamil Nadu,Chennai,Tier 3,Tier 2,EEE,B.E.,10.0,0,Yes,0,1,100,82,80,56,89.76,Electrical Engineer,Placed,0.8591,3.96
STU03749,22,Male,Telangana,Hyderabad,Tier 2,Tier 3,Data Science,B.E.,7.41,2,No,3,4,79,95,90,77,80.7,Data Scientist,Not Placed,0.6074,0.0
STU03750,23,Male,Gujarat,Ahmedabad,Tier 1,Tier 2,EEE,B.Tech,7.63,2,Yes,1,1,83,69,46,71,90.75,Electrical Engineer,Placed,0.4409,3.21
STU03751,20,Male,Uttar Pradesh,Kanpur,Tier 2,Tier 2,Data Science,B.Tech,8.18,0,Yes,1,2,49,61,57,64,76.03,Data Scientist,Placed,0.6282,4.69
STU03752,21,Male,Telangana,Karimnagar,Tier 3,Tier 2,Data Science,B.Tech,7.55,0,No,3,1,66,76,63,70,89.29,Data Scientist,Not Placed,0.6448,0.0
STU03753,20,Female,Delhi,Delhi,Tier 1,Tier 1,AI & ML,B.E.,7.88,0,Yes,1,1,96,79,82,65,96.48,Machine Learning Engineer,Placed,0.7875,4.8
STU03754,23,Male,Karnataka,Mysuru,Tier 1,Tier 2,CSE,B.Tech,7.95,0,No,1,2,68,70,68,58,98.95,Software Developer,Placed,0.5717,6.6
STU03755,24,Male,Telangana,Karimnagar,Tier 3,Tier 3,AI & ML,B.Tech,7.47,1,Yes,1,0,83,58,34,52,77.16,Machine Learning Engineer,Not Placed,0.4225,0.0
STU03756,21,Male,Gujarat,Ahmedabad,Tier 2,Tier 2,ECE,B.Tech,7.98,0,Yes,3,5,68,65,81,55,81.64,Embedded Engineer,Not Placed,0.7569,0.0
STU03757,22,Male,Kerala,Thiruvananthapuram,Tier 2,Tier 2,Civil,B.E.,8.08,0,Yes,3,3,75,53,56,40,79.4,Civil Engineer,Placed,0.6615,5.03
STU03758,24,Female,Maharashtra,Mumbai,Tier 2,Tier 3,AI & ML,B.E.,7.63,0,Yes,0,4,79,92,72,52,95.21,Machine Learning Engineer,Placed,0.729,6.07
STU03759,23,Male,Delhi,Delhi,Tier 2,Tier 1,CSE,B.Tech,7.14,0,No,2,1,59,88,57,77,70.68,Software Developer,Not Placed,0.6384,0.0
STU03760,20,Male,Andhra Pradesh,Visakhapatnam,Tier 3,Tier 3,ECE,B.Tech,6.46,0,Yes,3,2,65,61,38,80,79.5,Embedded Engineer,Placed,0.5657,3.16
STU03761,21,Male,Maharashtra,Pune,Tier 3,Tier 2,Mechanical,B.Tech,7.88,1,No,1,3,68,71,65,49,90.58,Design Engineer,Not Placed,0.418,0.0
STU03762,21,Male,Karnataka,Bengaluru,Tier 2,Tier 3,CSE,B.Tech,8.17,1,Yes,3,1,63,93,82,75,85.46,Software Developer,Not Placed,0.7551,0.0
STU03763,21,Female,Uttar Pradesh,Noida,Tier 2,Tier 3,CSE,B.Tech,7.91,0,Yes,3,3,84,100,68,65,84.51,Software Developer,Placed,0.8717,6.36
STU03764,20,Male,Tamil Nadu,Coimbatore,Tier 2,Tier 3,Civil,B.E.,8.46,0,Yes,2,2,63,81,71,69,78.69,Civil Engineer,Placed,0.7669,6.29
STU03765,22,Male,Kerala,Thiruvananthapuram,Tier 3,Tier 3,ECE,B.E.,7.47,3,Yes,1,0,66,63,68,79,100.0,Embedded Engineer,Placed,0.2394,3.0
STU03766,21,Female,Kerala,Thiruvananthapuram,Tier 2,Tier 3,CSE,B.Tech,8.29,0,Yes,2,1,90,95,93,73,72.95,Software Developer,Placed,0.8566,4.07
STU03767,23,Male,Kerala,Kozhikode,Tier 2,Tier 2,CSE,B.E.,7.12,0,Yes,2,1,87,60,37,81,97.76,Software Developer,Placed,0.684,5.09
STU03768,23,Female,Tamil Nadu,Madurai,Tier 1,Tier 3,CSE,B.E.,7.24,1,Yes,2,1,81,77,90,100,79.95,Software Developer,Not Placed,0.6802,0.0
STU03769,20,Male,West Bengal,Durgapur,Tier 3,Tier 2,Data Science,B.E.,8.55,0,Yes,3,3,96,69,72,55,92.2,Data Scientist,Not Placed,0.8522,0.0
STU03770,24,Female,West Bengal,Kolkata,Tier 2,Tier 1,AI & ML,B.Tech,9.53,0,No,5,4,84,100,69,77,95.89,Machine Learning Engineer,Placed,0.9526,5.97
STU03771,20,Male,Andhra Pradesh,Tirupati,Tier 3,Tier 1,ISE,B.Tech,8.17,0,Yes,2,4,74,70,63,53,86.96,Full Stack Developer,Placed,0.7943,5.63
STU03772,23,Male,Tamil Nadu,Coimbatore,Tier 3,Tier 3,CSE,B.Tech,6.23,0,No,2,0,51,100,100,70,65.4,Software Developer,Placed,0.4738,5.03
STU03773,22,Male,Tamil Nadu,Madurai,Tier 1,Tier 2,ISE,B.Tech,8.12,0,Yes,2,1,62,53,50,65,81.61,Full Stack Developer,Placed,0.6462,6.05
STU03774,23,Male,West Bengal,Durgapur,Tier 1,Tier 2,CSE,B.Tech,9.08,0,No,1,2,75,80,61,56,58.76,Software Developer,Placed,0.7383,4.75
STU03775,21,Female,West Bengal,Durgapur,Tier 3,Tier 2,ISE,B.Tech,8.58,0,Yes,1,2,72,69,81,61,82.05,Full Stack Developer,Placed,0.7482,2.5
STU03776,20,Female,Kerala,Kozhikode,Tier 1,Tier 3,CSE,B.Tech,8.26,2,No,0,4,71,61,67,78,80.23,Software Developer,Placed,0.3974,3.9
STU03777,21,Male,Karnataka,Mangaluru,Tier 3,Tier 3,Mechanical,B.Tech,7.37,0,No,2,0,65,60,53,85,89.23,Design Engineer,Placed,0.472,2.86
STU03778,24,Female,Telangana,Warangal,Tier 2,Tier 3,ISE,B.Tech,7.58,0,No,0,2,74,75,66,67,76.57,Full Stack Developer,Placed,0.5333,2.5
STU03779,24,Male,Karnataka,Mysuru,Tier 3,Tier 1,Data Science,B.Tech,8.25,0,No,1,3,56,81,77,75,79.69,Data Scientist,Not Placed,0.7116,0.0
STU03780,20,Male,Tamil Nadu,Madurai,Tier 1,Tier 2,Mechanical,B.Tech,9.03,2,Yes,6,3,81,47,28,45,86.21,Design Engineer,Not Placed,0.6817,0.0
STU03781,22,Male,Telangana,Hyderabad,Tier 2,Tier 2,EEE,B.Tech,6.03,0,Yes,1,3,72,40,86,63,74.63,Electrical Engineer,Not Placed,0.3533,0.0
STU03782,21,Male,Tamil Nadu,Coimbatore,Tier 2,Tier 3,CSE,B.Tech,7.69,0,No,1,1,96,64,82,68,67.23,Software Developer,Not Placed,0.5847,0.0
STU03783,24,Male,Kerala,Thiruvananthapuram,Tier 1,Tier 1,CSE,B.Tech,8.71,0,Yes,3,2,73,100,74,66,91.2,Software Developer,Placed,0.9053,5.69
STU03784,21,Male,Andhra Pradesh,Visakhapatnam,Tier 1,Tier 3,ECE,B.Tech,9.4,0,No,0,2,79,89,61,77,70.88,Embedded Engineer,Placed,0.7745,4.34
STU03785,20,Male,Tamil Nadu,Chennai,Tier 2,Tier 3,CSE,B.Tech,6.34,1,No,2,3,62,63,52,51,86.12,Software Developer,Not Placed,0.2754,0.0
STU03786,20,Male,Karnataka,Bengaluru,Tier 2,Tier 1,ECE,B.Tech,8.89,0,Yes,1,1,57,73,71,66,80.95,Embedded Engineer,Placed,0.7406,5.64
STU03787,22,Female,Karnataka,Mysuru,Tier 3,Tier 2,CSE,B.Tech,8.48,0,Yes,0,2,79,68,56,51,85.06,Software Developer,Placed,0.6922,5.23
STU03788,20,Female,Tamil Nadu,Coimbatore,Tier 3,Tier 1,AI & ML,B.Tech,8.01,0,No,6,4,53,68,87,43,84.09,Machine Learning Engineer,Not Placed,0.7574,0.0
STU03789,22,Male,Gujarat,Ahmedabad,Tier 1,Tier 2,AI & ML,B.Tech,7.09,0,No,4,2,75,58,51,64,93.83,Machine Learning Engineer,Placed,0.5948,2.89
STU03790,20,Other,Telangana,Warangal,Tier 2,Tier 2,CSE,B.E.,9.76,0,Yes,1,4,79,91,96,53,77.44,Software Developer,Not Placed,0.9004,0.0
STU03791,20,Female,Karnataka,Mysuru,Tier 2,Tier 1,Data Science,B.E.,8.66,1,Yes,1,4,93,92,91,56,82.2,Data Scientist,Not Placed,0.8323,0.0
STU03792,24,Male,Kerala,Kochi,Tier 1,Tier 3,AI & ML,B.Tech,7.21,0,No,1,1,43,77,67,85,84.64,Machine Learning Engineer,Placed,0.4813,4.12
STU03793,20,Female,Tamil Nadu,Madurai,Tier 2,Tier 3,CSE,B.Tech,7.61,0,Yes,1,0,66,77,76,72,77.46,Software Developer,Placed,0.6398,4.41
STU03794,22,Male,Andhra Pradesh,Visakhapatnam,Tier 3,Tier 3,ECE,B.Tech,8.45,0,Yes,3,3,67,57,100,71,81.39,Embedded Engineer,Not Placed,0.7508,0.0
STU03795,22,Male,Tamil Nadu,Madurai,Tier 2,Tier 2,Data Science,B.Tech,7.89,0,Yes,0,4,55,93,56,69,72.64,Data Scientist,Not Placed,0.7545,0.0
STU03796,23,Male,Delhi,Delhi,Tier 3,Tier 1,ECE,B.Tech,6.71,0,Yes,1,3,48,83,65,67,82.86,Embedded Engineer,Placed,0.5875,5.38
STU03797,22,Female,Maharashtra,Mumbai,Tier 2,Tier 1,AI & ML,B.Tech,7.52,0,No,3,1,64,71,56,31,77.41,Machine Learning Engineer,Not Placed,0.5304,0.0
STU03798,24,Female,Andhra Pradesh,Vijayawada,Tier 3,Tier 1,Civil,B.E.,7.05,0,Yes,4,1,56,60,49,80,84.77,Civil Engineer,Placed,0.6646,4.41
STU03799,24,Male,Maharashtra,Pune,Tier 2,Tier 1,CSE,B.Tech,7.37,0,No,5,1,59,73,62,85,82.62,Software Developer,Placed,0.7386,3.73
STU03800,20,Male,Telangana,Warangal,Tier 3,Tier 2,Mechanical,B.Tech,7.81,0,Yes,5,0,69,76,68,72,76.87,Design Engineer,Placed,0.7918,5.79
STU03801,20,Male,Tamil Nadu,Madurai,Tier 2,Tier 1,ECE,B.Tech,8.48,0,No,3,1,83,66,67,41,90.41,Embedded Engineer,Not Placed,0.6598,0.0
STU03802,24,Female,Tamil Nadu,Madurai,Tier 2,Tier 3,ECE,B.E.,8.35,2,No,1,3,84,77,47,88,83.32,Embedded Engineer,Not Placed,0.5288,0.0
STU03803,21,Female,Maharashtra,Pune,Tier 1,Tier 1,Civil,B.Tech,8.32,1,Yes,0,1,85,63,82,74,75.89,Civil Engineer,Placed,0.6027,4.15
STU03804,21,Male,Gujarat,Vadodara,Tier 2,Tier 3,AI & ML,B.Tech,7.81,3,Yes,2,1,51,89,71,59,78.52,Machine Learning Engineer,Placed,0.3722,2.8
STU03805,21,Female,Maharashtra,Mumbai,Tier 2,Tier 2,Civil,B.Tech,8.4,0,No,1,2,69,80,65,74,88.5,Civil Engineer,Not Placed,0.6739,0.0
STU03806,24,Female,Karnataka,Mangaluru,Tier 1,Tier 2,CSE,B.E.,9.14,0,Yes,1,1,87,85,66,66,82.76,Software Developer,Placed,0.8541,4.52
STU03807,23,Male,Tamil Nadu,Madurai,Tier 3,Tier 3,ECE,B.Tech,6.89,0,Yes,0,3,70,70,81,68,83.52,Embedded Engineer,Placed,0.5245,4.58
STU03808,20,Male,Andhra Pradesh,Visakhapatnam,Tier 3,Tier 3,CSE,B.Tech,8.83,1,Yes,0,4,85,98,86,52,83.08,Software Developer,Placed,0.779,2.5
STU03809,24,Male,Kerala,Kochi,Tier 1,Tier 2,CSE,B.Tech,7.52,0,Yes,3,1,76,67,56,55,72.9,Software Developer,Not Placed,0.693,0.0
STU03810,24,Male,Tamil Nadu,Coimbatore,Tier 2,Tier 3,Mechanical,B.Tech,8.12,0,No,1,2,85,61,77,66,60.19,Design Engineer,Not Placed,0.5685,0.0
STU03811,23,Female,Uttar Pradesh,Kanpur,Tier 2,Tier 2,Data Science,B.Tech,10.0,1,No,2,0,75,100,46,54,88.16,Data Scientist,Not Placed,0.7888,0.0
STU03812,24,Female,Uttar Pradesh,Noida,Tier 1,Tier 2,EEE,B.Tech,9.69,0,Yes,1,2,56,31,48,30,81.4,Electrical Engineer,Placed,0.5472,4.61
STU03813,21,Male,Karnataka,Mangaluru,Tier 2,Tier 2,EEE,B.Tech,8.94,1,Yes,1,0,67,68,63,73,70.16,Electrical Engineer,Not Placed,0.6267,0.0
STU03814,24,Female,Gujarat,Vadodara,Tier 2,Tier 2,CSE,B.E.,7.13,0,Yes,6,4,80,57,71,58,92.15,Software Developer,Not Placed,0.7994,0.0
STU03815,24,Male,Telangana,Karimnagar,Tier 3,Tier 2,Data Science,B.E.,7.72,3,Yes,3,1,73,85,67,78,91.2,Data Scientist,Not Placed,0.529,0.0
STU03816,22,Male,Kerala,Kozhikode,Tier 3,Tier 3,EEE,B.Tech,5.98,0,Yes,2,0,62,43,58,55,85.24,Electrical Engineer,Placed,0.2706,3.86
STU03817,22,Female,Tamil Nadu,Madurai,Tier 2,Tier 3,EEE,B.Tech,8.34,0,Yes,1,0,67,56,51,88,81.6,Electrical Engineer,Placed,0.6414,5.98
STU03818,24,Male,Andhra Pradesh,Vijayawada,Tier 2,Tier 1,EEE,B.Tech,6.6,0,Yes,1,1,89,73,87,77,72.51,Electrical Engineer,Placed,0.6307,4.12
STU03819,23,Male,West Bengal,Kolkata,Tier 2,Tier 1,Data Science,B.Tech,9.1,1,No,2,1,88,82,57,80,67.9,Data Scientist,Placed,0.7823,6.54
STU03820,21,Male,Andhra Pradesh,Vijayawada,Tier 2,Tier 1,CSE,B.Tech,8.1,0,No,0,4,49,49,52,48,69.53,Software Developer,Placed,0.4425,3.24
STU03821,22,Male,Andhra Pradesh,Visakhapatnam,Tier 2,Tier 3,CSE,B.Tech,6.05,0,No,1,2,62,65,51,83,92.73,Software Developer,Not Placed,0.376,0.0
STU03822,24,Female,West Bengal,Durgapur,Tier 2,Tier 1,ECE,B.Tech,7.83,0,Yes,1,2,58,51,54,60,89.83,Embedded Engineer,Not Placed,0.5539,0.0
STU03823,20,Female,Andhra Pradesh,Vijayawada,Tier 3,Tier 3,Data Science,B.Tech,8.12,1,Yes,1,3,82,100,87,37,77.21,Data Scientist,Placed,0.6993,4.33
STU03824,21,Female,Telangana,Karimnagar,Tier 1,Tier 3,ISE,B.Tech,5.97,0,No,2,3,57,40,43,37,85.43,Full Stack Developer,Not Placed,0.2099,0.0
STU03825,20,Male,Delhi,Delhi,Tier 2,Tier 2,EEE,B.Tech,7.21,0,Yes,4,2,64,81,70,73,75.19,Electrical Engineer,Placed,0.755,3.82
STU03826,23,Male,Delhi,Delhi,Tier 2,Tier 2,ISE,B.Tech,8.28,0,Yes,3,1,70,100,81,82,84.65,Full Stack Developer,Placed,0.8807,5.18
STU03827,20,Female,Tamil Nadu,Madurai,Tier 1,Tier 2,Data Science,B.Tech,5.96,0,No,3,2,68,33,46,87,91.81,Data Scientist,Placed,0.3622,2.99
STU03828,24,Male,Uttar Pradesh,Noida,Tier 2,Tier 1,CSE,B.Tech,7.39,1,No,0,2,81,67,93,81,83.67,Software Developer,Not Placed,0.4764,0.0
STU03829,23,Male,Kerala,Thiruvananthapuram,Tier 2,Tier 1,AI & ML,B.Tech,7.42,0,Yes,0,3,65,88,62,88,90.32,Machine Learning Engineer,Not Placed,0.7668,0.0
STU03830,24,Female,Kerala,Kozhikode,Tier 2,Tier 2,EEE,B.Tech,8.49,0,Yes,4,5,82,73,67,77,94.18,Electrical Engineer,Not Placed,0.8929,0.0
STU03831,20,Female,Uttar Pradesh,Kanpur,Tier 3,Tier 1,CSE,B.Tech,6.76,1,Yes,1,3,69,69,77,63,89.88,Software Developer,Placed,0.5069,6.82
STU03832,24,Female,Kerala,Thiruvananthapuram,Tier 2,Tier 2,Mechanical,B.E.,7.5,0,No,1,1,58,63,59,44,81.84,Design Engineer,Placed,0.36,2.5
STU03833,24,Male,Andhra Pradesh,Visakhapatnam,Tier 2,Tier 2,ECE,B.Tech,8.53,0,Yes,3,2,74,54,55,47,85.59,Embedded Engineer,Placed,0.703,3.96
STU03834,24,Male,Tamil Nadu,Coimbatore,Tier 3,Tier 1,Civil,B.Tech,6.36,0,Yes,3,3,53,81,82,64,75.95,Civil Engineer,Not Placed,0.6332,0.0
STU03835,24,Male,Andhra Pradesh,Vijayawada,Tier 1,Tier 3,AI & ML,B.Tech,5.96,0,No,0,2,50,47,69,66,75.15,Machine Learning Engineer,Not Placed,0.1975,0.0
STU03836,20,Male,Karnataka,Mangaluru,Tier 2,Tier 2,Data Science,B.Tech,8.03,0,Yes,0,2,71,77,68,91,94.04,Data Scientist,Placed,0.76,3.35
STU03837,21,Male,Kerala,Thiruvananthapuram,Tier 1,Tier 1,AI & ML,B.E.,6.98,0,Yes,2,1,58,81,64,100,72.73,Machine Learning Engineer,Placed,0.7473,4.17
STU03838,23,Female,Uttar Pradesh,Noida,Tier 3,Tier 2,Data Science,B.Tech,8.82,0,No,2,1,77,100,89,42,100.0,Data Scientist,Not Placed,0.7715,0.0
STU03839,24,Male,West Bengal,Durgapur,Tier 2,Tier 3,Mechanical,B.Tech,6.5,0,Yes,3,4,50,65,58,84,68.22,Design Engineer,Not Placed,0.6044,0.0
STU03840,23,Female,Uttar Pradesh,Lucknow,Tier 2,Tier 3,ECE,B.Tech,7.54,0,Yes,3,3,85,90,67,62,83.28,Embedded Engineer,Placed,0.802,4.84
STU03841,21,Female,Delhi,New Delhi,Tier 2,Tier 3,CSE,B.Tech,7.33,0,No,1,1,51,76,87,70,86.46,Software Developer,Not Placed,0.4693,0.0
STU03842,22,Male,Maharashtra,Mumbai,Tier 1,Tier 3,CSE,B.E.,7.64,0,Yes,5,0,54,79,58,61,77.77,Software Developer,Placed,0.7445,5.3
STU03843,21,Male,West Bengal,Durgapur,Tier 1,Tier 2,CSE,B.Tech,5.84,0,Yes,1,1,62,62,51,70,79.65,Software Developer,Placed,0.4058,4.61
STU03844,22,Female,Kerala,Kochi,Tier 1,Tier 3,Data Science,B.Tech,6.77,1,Yes,1,2,59,72,52,67,90.87,Data Scientist,Not Placed,0.4293,0.0
STU03845,22,Female,Maharashtra,Pune,Tier 1,Tier 2,Civil,B.E.,7.68,0,Yes,3,3,69,55,76,68,70.27,Civil Engineer,Not Placed,0.688,0.0
STU03846,21,Male,West Bengal,Durgapur,Tier 2,Tier 2,CSE,B.Tech,8.97,0,No,3,0,58,91,74,65,88.87,Software Developer,Placed,0.7772,6.06
STU03847,22,Female,Kerala,Kochi,Tier 3,Tier 3,Data Science,B.E.,6.75,0,No,1,2,59,96,68,73,73.82,Data Scientist,Placed,0.5527,6.8
STU03848,23,Female,Telangana,Hyderabad,Tier 2,Tier 1,Mechanical,B.E.,8.83,3,Yes,3,2,59,68,30,60,76.85,Design Engineer,Placed,0.4986,5.77
STU03849,22,Male,West Bengal,Kolkata,Tier 2,Tier 3,ECE,B.Tech,7.72,0,Yes,0,2,69,48,64,68,73.34,Embedded Engineer,Placed,0.4908,5.18
STU03850,23,Male,Uttar Pradesh,Lucknow,Tier 2,Tier 3,Mechanical,B.E.,7.45,0,No,1,3,68,63,69,79,81.14,Design Engineer,Placed,0.515,2.5
STU03851,22,Female,Andhra Pradesh,Vijayawada,Tier 2,Tier 2,Mechanical,B.Tech,6.94,0,Yes,0,2,61,60,49,47,76.23,Design Engineer,Placed,0.392,3.97
STU03852,23,Male,Telangana,Hyderabad,Tier 3,Tier 3,CSE,B.Tech,7.46,0,No,3,3,70,94,83,50,75.59,Software Developer,Not Placed,0.6917,0.0
STU03853,21,Male,Uttar Pradesh,Noida,Tier 3,Tier 3,CSE,B.Tech,7.17,1,Yes,1,4,58,52,56,63,78.79,Software Developer,Placed,0.4195,4.64
STU03854,23,Male,Kerala,Kozhikode,Tier 2,Tier 1,Data Science,B.E.,8.76,0,Yes,4,1,70,92,100,58,78.88,Data Scientist,Not Placed,0.8893,0.0
STU03855,22,Female,West Bengal,Durgapur,Tier 2,Tier 3,Data Science,B.Tech,7.57,3,Yes,3,1,100,60,56,71,91.34,Data Scientist,Placed,0.44,4.56
STU03856,24,Male,West Bengal,Durgapur,Tier 3,Tier 3,Mechanical,B.E.,6.34,0,Yes,2,1,58,42,35,75,84.37,Design Engineer,Not Placed,0.3648,0.0
STU03857,22,Male,West Bengal,Kolkata,Tier 2,Tier 1,ECE,B.Tech,9.06,0,Yes,2,4,86,80,60,71,82.29,Embedded Engineer,Not Placed,0.8948,0.0
STU03858,23,Male,Uttar Pradesh,Kanpur,Tier 3,Tier 2,EEE,B.Tech,9.15,1,No,3,3,55,62,47,26,70.49,Electrical Engineer,Not Placed,0.5019,0.0
STU03859,23,Female,Maharashtra,Mumbai,Tier 2,Tier 1,ISE,B.Tech,8.17,0,Yes,2,5,58,81,85,52,76.42,Full Stack Developer,Placed,0.8092,6.37
STU03860,23,Male,Uttar Pradesh,Noida,Tier 2,Tier 1,ISE,B.E.,7.35,0,Yes,4,3,66,72,77,97,86.81,Full Stack Developer,Placed,0.8468,4.98
STU03861,21,Male,Kerala,Kochi,Tier 2,Tier 2,CSE,B.Tech,8.03,1,Yes,4,5,85,79,61,75,86.25,Software Developer,Not Placed,0.8499,0.0
STU03862,21,Male,Telangana,Hyderabad,Tier 3,Tier 2,Data Science,B.Tech,8.52,0,Yes,1,0,80,70,79,75,80.99,Data Scientist,Not Placed,0.7585,0.0
STU03863,20,Male,Uttar Pradesh,Kanpur,Tier 2,Tier 3,CSE,B.Tech,7.11,0,Yes,2,1,54,55,79,86,82.0,Software Developer,Not Placed,0.565,0.0
STU03864,22,Male,West Bengal,Kolkata,Tier 2,Tier 1,ISE,B.Tech,7.47,1,Yes,3,3,55,43,61,65,88.72,Full Stack Developer,Not Placed,0.5243,0.0
STU03865,21,Male,Karnataka,Mangaluru,Tier 2,Tier 3,Data Science,B.Tech,8.46,0,No,4,2,79,74,70,70,75.95,Data Scientist,Placed,0.7907,3.59
STU03866,24,Female,Kerala,Kozhikode,Tier 1,Tier 1,CSE,B.Tech,8.48,0,No,3,2,62,80,90,82,89.38,Software Developer,Placed,0.8029,5.34
STU03867,20,Male,Maharashtra,Nagpur,Tier 1,Tier 2,AI & ML,B.Tech,8.22,0,Yes,2,3,74,79,70,63,85.75,Machine Learning Engineer,Placed,0.8079,4.81
STU03868,22,Female,Maharashtra,Pune,Tier 2,Tier 1,Data Science,B.E.,7.21,0,Yes,2,2,49,64,72,71,72.22,Data Scientist,Placed,0.6291,5.23
STU03869,21,Male,Uttar Pradesh,Noida,Tier 1,Tier 2,ECE,B.Tech,8.22,0,No,1,3,64,74,57,67,75.89,Embedded Engineer,Placed,0.6211,3.63
STU03870,21,Male,Maharashtra,Nagpur,Tier 3,Tier 1,AI & ML,B.Tech,8.39,1,Yes,6,3,76,100,84,70,93.96,Machine Learning Engineer,Placed,0.916,7.34
STU03871,23,Male,Karnataka,Mangaluru,Tier 2,Tier 1,EEE,B.E.,8.53,0,Yes,3,1,42,70,89,49,85.84,Electrical Engineer,Placed,0.6923,6.97
STU03872,20,Female,Delhi,Delhi,Tier 3,Tier 3,Data Science,B.Tech,8.98,0,Yes,4,2,86,94,49,72,75.45,Data Scientist,Placed,0.9227,5.79
STU03873,22,Female,Uttar Pradesh,Kanpur,Tier 1,Tier 3,AI & ML,B.Tech,8.61,1,Yes,1,1,83,86,77,66,76.16,Machine Learning Engineer,Placed,0.7251,6.6
STU03874,21,Male,Delhi,New Delhi,Tier 2,Tier 1,ISE,B.Tech,8.62,1,No,4,3,62,85,68,60,79.77,Full Stack Developer,Placed,0.7549,3.47
STU03875,24,Male,Tamil Nadu,Coimbatore,Tier 3,Tier 1,ECE,B.Tech,8.11,2,No,4,1,77,100,52,49,86.4,Embedded Engineer,Not Placed,0.6013,0.0
STU03876,24,Female,Delhi,New Delhi,Tier 3,Tier 1,CSE,B.E.,7.6,0,Yes,2,5,64,67,82,67,89.51,Software Developer,Placed,0.7664,2.92
STU03877,20,Male,Tamil Nadu,Madurai,Tier 2,Tier 3,CSE,B.Tech,9.8,0,No,4,3,95,94,66,69,69.02,Software Developer,Placed,0.9289,3.61
STU03878,21,Male,West Bengal,Durgapur,Tier 1,Tier 1,Mechanical,B.E.,7.72,0,No,0,3,49,71,82,71,78.8,Design Engineer,Placed,0.5052,3.93
STU03879,20,Female,Uttar Pradesh,Noida,Tier 1,Tier 3,ISE,B.Tech,7.61,0,Yes,4,0,71,47,43,81,86.28,Full Stack Developer,Not Placed,0.6779,0.0
STU03880,23,Female,Maharashtra,Nagpur,Tier 1,Tier 3,Mechanical,B.Tech,7.67,0,Yes,1,1,57,64,84,80,82.47,Design Engineer,Not Placed,0.5761,0.0
STU03881,21,Female,Karnataka,Mangaluru,Tier 3,Tier 2,ECE,B.E.,7.11,0,No,4,2,45,73,80,68,72.97,Embedded Engineer,Placed,0.5495,4.67
STU03882,20,Male,Gujarat,Surat,Tier 1,Tier 2,CSE,B.Tech,6.22,0,No,1,0,65,65,57,96,83.67,Software Developer,Placed,0.4109,4.29
STU03883,20,Male,Uttar Pradesh,Noida,Tier 3,Tier 3,AI & ML,B.E.,6.56,0,Yes,3,3,73,46,65,77,79.6,Machine Learning Engineer,Placed,0.5867,4.53
STU03884,23,Male,Delhi,New Delhi,Tier 1,Tier 1,CSE,B.Tech,7.79,0,No,2,7,66,81,59,70,69.12,Software Developer,Placed,0.7914,4.63
STU03885,23,Male,Telangana,Warangal,Tier 1,Tier 3,ISE,B.Tech,7.6,0,Yes,1,2,62,69,30,69,84.96,Full Stack Developer,Placed,0.6329,2.5
STU03886,21,Male,West Bengal,Kolkata,Tier 1,Tier 3,Data Science,B.E.,9.17,0,No,3,1,70,89,77,61,87.84,Data Scientist,Placed,0.8054,3.8
STU03887,21,Male,Delhi,Delhi,Tier 1,Tier 3,Data Science,B.E.,7.66,1,No,1,2,78,86,60,77,82.06,Data Scientist,Placed,0.5662,3.45
STU03888,21,Male,Maharashtra,Mumbai,Tier 3,Tier 2,Data Science,B.Tech,8.33,0,No,0,2,58,100,100,73,66.56,Data Scientist,Placed,0.7068,5.13
STU03889,24,Female,Telangana,Warangal,Tier 2,Tier 3,ISE,B.E.,7.89,0,Yes,2,1,57,82,62,43,92.52,Full Stack Developer,Not Placed,0.6492,0.0
STU03890,20,Male,Karnataka,Bengaluru,Tier 1,Tier 2,Mechanical,B.Tech,9.57,0,Yes,5,1,77,77,70,56,78.92,Design Engineer,Placed,0.8957,5.2
STU03891,22,Male,Delhi,New Delhi,Tier 3,Tier 2,ECE,B.Tech,6.84,0,No,2,2,58,36,41,64,82.28,Embedded Engineer,Not Placed,0.3012,0.0
STU03892,20,Male,Gujarat,Ahmedabad,Tier 2,Tier 2,ECE,B.E.,7.65,0,No,1,2,74,37,41,71,68.53,Embedded Engineer,Not Placed,0.4105,0.0
STU03893,20,Female,Kerala,Kozhikode,Tier 1,Tier 2,EEE,B.Tech,7.92,0,Yes,0,2,55,51,57,56,75.32,Electrical Engineer,Not Placed,0.4681,0.0
STU03894,23,Female,West Bengal,Kolkata,Tier 2,Tier 3,AI & ML,B.Tech,6.44,1,Yes,2,1,73,63,46,67,80.11,Machine Learning Engineer,Placed,0.414,2.5
STU03895,22,Male,Maharashtra,Nagpur,Tier 2,Tier 3,ECE,B.Tech,7.22,1,No,3,1,89,43,42,53,84.05,Embedded Engineer,Placed,0.3201,2.5
STU03896,22,Female,Andhra Pradesh,Vijayawada,Tier 3,Tier 3,CSE,B.E.,8.26,2,Yes,2,2,63,82,49,63,78.92,Software Developer,Placed,0.5731,6.81
STU03897,20,Female,Gujarat,Surat,Tier 3,Tier 2,CSE,B.Tech,7.42,0,No,1,1,42,100,94,62,80.07,Software Developer,Placed,0.5562,5.22
STU03898,20,Male,Delhi,New Delhi,Tier 2,Tier 3,AI & ML,B.E.,7.35,0,No,0,2,64,65,46,69,81.92,Machine Learning Engineer,Not Placed,0.4389,0.0
STU03899,23,Female,Telangana,Warangal,Tier 2,Tier 2,AI & ML,B.Tech,8.48,0,Yes,4,1,70,65,84,45,74.58,Machine Learning Engineer,Placed,0.7681,5.03
STU03900,24,Female,Karnataka,Bengaluru,Tier 1,Tier 2,ISE,B.E.,7.01,0,Yes,5,3,49,88,66,84,66.54,Full Stack Developer,Placed,0.8243,4.1
STU03901,21,Female,Telangana,Karimnagar,Tier 1,Tier 2,AI & ML,B.E.,8.62,0,Yes,1,2,77,68,81,42,86.0,Machine Learning Engineer,Placed,0.7151,5.43
STU03902,24,Male,Uttar Pradesh,Noida,Tier 1,Tier 3,Data Science,B.Tech,7.4,0,Yes,1,3,71,76,60,68,84.13,Data Scientist,Placed,0.6847,3.82
STU03903,24,Female,Gujarat,Surat,Tier 2,Tier 1,Data Science,B.Tech,6.92,0,No,1,2,57,61,56,79,84.71,Data Scientist,Not Placed,0.4765,0.0
STU03904,23,Male,Karnataka,Mysuru,Tier 2,Tier 2,ISE,B.E.,7.48,0,No,1,2,81,85,70,39,91.34,Full Stack Developer,Placed,0.568,4.86
STU03905,22,Female,Delhi,Delhi,Tier 1,Tier 3,ECE,B.Tech,8.21,1,No,0,5,67,68,54,64,84.92,Embedded Engineer,Not Placed,0.4679,0.0
STU03906,20,Female,Delhi,New Delhi,Tier 3,Tier 3,Civil,B.E.,8.64,0,Yes,5,3,82,75,50,65,95.95,Civil Engineer,Placed,0.8788,5.66
STU03907,22,Male,Telangana,Karimnagar,Tier 1,Tier 1,Mechanical,B.E.,8.88,0,No,1,2,62,57,26,93,82.65,Design Engineer,Placed,0.6881,2.95
STU03908,22,Female,Andhra Pradesh,Vijayawada,Tier 2,Tier 2,EEE,B.Tech,7.07,2,Yes,3,3,77,59,47,68,73.53,Electrical Engineer,Not Placed,0.4461,0.0
STU03909,20,Male,Telangana,Hyderabad,Tier 2,Tier 1,CSE,B.Tech,8.5,0,Yes,3,1,68,64,69,84,72.19,Software Developer,Placed,0.8278,5.16
STU03910,20,Male,Maharashtra,Pune,Tier 2,Tier 2,CSE,B.Tech,7.48,0,Yes,2,1,67,59,54,60,85.82,Software Developer,Placed,0.6044,4.7
STU03911,22,Male,Andhra Pradesh,Visakhapatnam,Tier 1,Tier 3,CSE,B.Tech,7.69,1,Yes,2,4,85,89,93,60,83.43,Software Developer,Placed,0.7396,4.12
STU03912,21,Male,Maharashtra,Nagpur,Tier 2,Tier 2,ISE,B.E.,8.47,0,Yes,0,2,61,90,65,75,79.28,Full Stack Developer,Placed,0.7813,5.24
STU03913,24,Female,Kerala,Thiruvananthapuram,Tier 1,Tier 3,ISE,B.Tech,9.31,0,No,3,1,80,63,67,66,77.86,Full Stack Developer,Placed,0.7679,3.29
STU03914,21,Male,Uttar Pradesh,Kanpur,Tier 2,Tier 3,ISE,B.E.,6.66,0,Yes,1,3,55,67,63,66,76.24,Full Stack Developer,Placed,0.5157,2.5
STU03915,22,Female,Maharashtra,Nagpur,Tier 2,Tier 2,CSE,B.Tech,8.55,0,No,2,1,80,85,58,80,82.22,Software Developer,Placed,0.7891,3.78
STU03916,23,Female,Andhra Pradesh,Visakhapatnam,Tier 2,Tier 3,CSE,B.Tech,7.47,0,No,4,3,69,64,51,72,84.97,Software Developer,Placed,0.6692,3.39
STU03917,23,Female,Gujarat,Surat,Tier 2,Tier 2,EEE,B.Tech,6.53,0,Yes,4,3,62,65,74,74,75.94,Electrical Engineer,Placed,0.6504,2.5
STU03918,20,Female,Andhra Pradesh,Visakhapatnam,Tier 2,Tier 2,ISE,B.Tech,7.45,0,Yes,0,1,76,54,32,76,77.44,Full Stack Developer,Not Placed,0.5648,0.0
STU03919,20,Male,Tamil Nadu,Madurai,Tier 2,Tier 3,Data Science,B.E.,6.81,0,Yes,3,1,71,42,61,80,83.2,Data Scientist,Placed,0.5508,3.98
STU03920,23,Other,Gujarat,Vadodara,Tier 1,Tier 1,ECE,B.E.,7.06,3,No,2,1,66,62,59,67,85.74,Embedded Engineer,Placed,0.1871,5.46
STU03921,20,Female,Tamil Nadu,Coimbatore,Tier 3,Tier 1,ECE,B.E.,7.28,2,No,4,3,60,47,63,79,94.64,Embedded Engineer,Not Placed,0.3632,0.0
STU03922,22,Male,Delhi,Delhi,Tier 3,Tier 3,CSE,B.E.,7.6,3,Yes,1,6,70,64,71,77,74.5,Software Developer,Not Placed,0.4245,0.0
STU03923,20,Male,West Bengal,Kolkata,Tier 3,Tier 2,CSE,B.E.,9.94,0,No,2,2,76,59,68,35,79.53,Software Developer,Placed,0.7283,6.66
STU03924,21,Female,Andhra Pradesh,Vijayawada,Tier 2,Tier 1,CSE,B.Tech,7.59,0,Yes,0,1,71,96,66,58,66.9,Software Developer,Placed,0.7152,5.5
STU03925,23,Female,Telangana,Warangal,Tier 1,Tier 2,ISE,B.Tech,8.61,0,Yes,1,2,79,66,56,77,71.44,Full Stack Developer,Placed,0.7897,5.92
STU03926,24,Male,Andhra Pradesh,Tirupati,Tier 2,Tier 3,CSE,B.Tech,6.22,3,Yes,1,1,69,75,59,75,92.48,Software Developer,Not Placed,0.2202,0.0
STU03927,21,Male,Delhi,Delhi,Tier 1,Tier 1,CSE,B.E.,9.76,0,No,3,4,97,85,53,58,83.15,Software Developer,Placed,0.9169,5.66
STU03928,21,Male,Tamil Nadu,Madurai,Tier 2,Tier 2,AI & ML,B.E.,7.65,0,No,0,1,36,62,76,61,74.93,Machine Learning Engineer,Not Placed,0.3506,0.0
STU03929,23,Female,Tamil Nadu,Coimbatore,Tier 1,Tier 3,Mechanical,B.Tech,8.21,0,No,2,1,77,68,93,81,87.38,Design Engineer,Placed,0.6465,4.46
STU03930,23,Male,West Bengal,Durgapur,Tier 2,Tier 1,CSE,B.Tech,6.99,2,No,0,0,82,82,76,68,86.57,Software Developer,Placed,0.3104,4.14
STU03931,24,Female,Maharashtra,Nagpur,Tier 2,Tier 3,Data Science,B.Tech,8.0,0,Yes,2,4,68,78,73,80,85.27,Data Scientist,Placed,0.8133,4.86
STU03932,20,Female,Maharashtra,Mumbai,Tier 3,Tier 3,ECE,B.Tech,7.13,0,Yes,3,0,62,66,82,100,74.78,Embedded Engineer,Not Placed,0.6596,0.0
STU03933,24,Male,Uttar Pradesh,Kanpur,Tier 1,Tier 1,Civil,B.Tech,8.27,1,No,2,4,77,86,35,60,84.49,Civil Engineer,Placed,0.6801,5.98
STU03934,20,Male,West Bengal,Durgapur,Tier 2,Tier 1,Data Science,B.Tech,6.58,0,Yes,2,1,70,55,54,54,88.67,Data Scientist,Not Placed,0.5072,0.0
STU03935,21,Male,Tamil Nadu,Chennai,Tier 2,Tier 1,CSE,B.Tech,8.29,2,No,1,2,77,88,61,56,86.09,Software Developer,Placed,0.5176,3.32
STU03936,21,Male,Andhra Pradesh,Vijayawada,Tier 2,Tier 1,AI & ML,B.Tech,8.27,0,Yes,2,1,85,100,63,84,78.58,Machine Learning Engineer,Placed,0.8946,4.46
STU03937,21,Male,West Bengal,Durgapur,Tier 1,Tier 3,ISE,B.Tech,7.54,0,No,0,0,49,85,71,58,71.15,Full Stack Developer,Placed,0.4226,3.72
STU03938,22,Female,Kerala,Kochi,Tier 2,Tier 2,CSE,B.Tech,7.74,0,Yes,4,2,63,80,51,71,88.2,Software Developer,Placed,0.8114,7.14
STU03939,24,Male,Andhra Pradesh,Tirupati,Tier 3,Tier 2,Civil,B.E.,8.93,0,Yes,2,3,65,82,58,96,86.1,Civil Engineer,Placed,0.8748,7.59
STU03940,23,Male,Kerala,Thiruvananthapuram,Tier 2,Tier 2,ECE,B.E.,7.78,0,Yes,1,2,73,81,59,68,89.55,Embedded Engineer,Placed,0.7092,5.7
STU03941,20,Male,Kerala,Thiruvananthapuram,Tier 3,Tier 3,Civil,B.Tech,7.56,0,No,0,0,76,82,79,27,83.76,Civil Engineer,Not Placed,0.3646,0.0
STU03942,23,Male,Tamil Nadu,Madurai,Tier 2,Tier 2,ISE,B.Tech,8.78,0,Yes,0,1,80,83,61,81,75.72,Full Stack Developer,Not Placed,0.8158,0.0
STU03943,20,Female,Tamil Nadu,Chennai,Tier 2,Tier 2,EEE,B.E.,7.57,0,Yes,1,2,65,73,56,97,89.63,Electrical Engineer,Not Placed,0.7123,0.0
STU03944,20,Male,Delhi,Delhi,Tier 1,Tier 1,Data Science,B.E.,8.02,0,No,2,2,79,93,63,63,87.32,Data Scientist,Placed,0.7735,4.82
STU03945,20,Female,Gujarat,Surat,Tier 2,Tier 2,AI & ML,B.Tech,9.02,0,No,0,0,73,68,44,60,84.09,Machine Learning Engineer,Not Placed,0.6085,0.0
STU03946,21,Male,Delhi,Delhi,Tier 1,Tier 2,CSE,B.Tech,9.36,0,Yes,0,1,95,76,45,48,77.76,Software Developer,Placed,0.8033,5.88
STU03947,21,Male,Kerala,Kozhikode,Tier 1,Tier 3,Mechanical,B.Tech,8.09,0,Yes,2,3,46,76,78,54,86.41,Design Engineer,Not Placed,0.6562,0.0
STU03948,23,Male,Maharashtra,Mumbai,Tier 3,Tier 1,AI & ML,B.Tech,7.23,0,Yes,2,2,59,66,98,76,85.64,Machine Learning Engineer,Placed,0.6798,3.92
STU03949,24,Female,Tamil Nadu,Madurai,Tier 3,Tier 1,CSE,B.Tech,6.46,0,Yes,1,0,62,52,48,80,76.73,Software Developer,Placed,0.4643,2.5
STU03950,24,Female,Gujarat,Ahmedabad,Tier 2,Tier 2,CSE,B.E.,7.08,0,Yes,1,3,65,71,74,47,89.46,Software Developer,Placed,0.5745,4.99
STU03951,23,Female,Tamil Nadu,Madurai,Tier 3,Tier 3,CSE,B.Tech,8.18,1,Yes,2,1,79,42,56,77,85.09,Software Developer,Not Placed,0.5614,0.0
STU03952,22,Male,Andhra Pradesh,Vijayawada,Tier 2,Tier 1,ECE,B.Tech,9.14,1,No,1,1,64,86,57,70,92.55,Embedded Engineer,Placed,0.6523,4.05
STU03953,21,Male,Andhra Pradesh,Visakhapatnam,Tier 2,Tier 2,ISE,B.E.,5.53,0,No,1,0,55,40,67,73,90.31,Full Stack Developer,Not Placed,0.18,0.0
STU03954,20,Male,Gujarat,Surat,Tier 1,Tier 2,CSE,B.Tech,6.21,0,Yes,4,1,66,64,62,50,71.78,Software Developer,Not Placed,0.5422,0.0
STU03955,20,Male,Tamil Nadu,Chennai,Tier 1,Tier 3,CSE,B.Tech,7.23,0,No,3,4,55,56,28,28,86.5,Software Developer,Not Placed,0.4203,0.0
STU03956,22,Female,Andhra Pradesh,Vijayawada,Tier 1,Tier 1,EEE,B.Tech,7.16,0,Yes,2,2,82,50,51,58,81.62,Electrical Engineer,Placed,0.5849,3.62
STU03957,22,Male,Uttar Pradesh,Kanpur,Tier 2,Tier 2,CSE,B.Tech,7.84,0,Yes,3,3,64,60,36,81,63.88,Software Developer,Not Placed,0.7679,0.0
STU03958,21,Male,Karnataka,Bengaluru,Tier 3,Tier 2,Civil,B.Tech,7.77,2,Yes,4,0,68,75,62,55,100.0,Civil Engineer,Placed,0.501,3.09
STU03959,21,Male,Tamil Nadu,Coimbatore,Tier 3,Tier 3,Data Science,B.Tech,8.07,1,No,2,2,64,91,65,80,78.64,Data Scientist,Placed,0.6429,5.01
STU03960,20,Male,Uttar Pradesh,Kanpur,Tier 2,Tier 3,ECE,B.Tech,8.01,0,No,0,2,58,67,56,80,84.75,Embedded Engineer,Placed,0.4994,2.93
STU03961,21,Female,West Bengal,Durgapur,Tier 3,Tier 2,Data Science,B.Tech,6.66,0,Yes,1,1,55,63,48,37,96.78,Data Scientist,Not Placed,0.383,0.0
STU03962,22,Male,Tamil Nadu,Chennai,Tier 2,Tier 2,CSE,B.Tech,10.0,0,Yes,1,2,68,75,44,51,88.11,Software Developer,Placed,0.8413,5.3
STU03963,24,Male,Delhi,New Delhi,Tier 1,Tier 1,CSE,B.Tech,9.67,0,Yes,0,1,92,85,57,89,88.32,Software Developer,Placed,0.9074,7.05
STU03964,24,Male,Telangana,Hyderabad,Tier 1,Tier 2,EEE,B.E.,8.02,0,Yes,1,2,60,87,62,89,73.77,Electrical Engineer,Placed,0.769,4.53
STU03965,20,Male,Gujarat,Ahmedabad,Tier 2,Tier 3,Mechanical,B.Tech,8.71,0,Yes,0,2,71,80,80,85,84.47,Design Engineer,Not Placed,0.7705,0.0
STU03966,24,Female,Kerala,Kochi,Tier 1,Tier 2,AI & ML,B.Tech,8.55,1,Yes,3,6,78,72,76,93,88.24,Machine Learning Engineer,Placed,0.8692,5.45
STU03967,21,Male,Uttar Pradesh,Kanpur,Tier 3,Tier 1,Civil,B.Tech,8.07,0,No,4,1,73,45,42,49,83.24,Civil Engineer,Not Placed,0.5639,0.0
STU03968,20,Female,Karnataka,Bengaluru,Tier 1,Tier 2,Civil,B.Tech,7.5,0,Yes,4,1,73,74,67,53,84.56,Civil Engineer,Placed,0.7109,4.05
STU03969,22,Male,West Bengal,Durgapur,Tier 2,Tier 1,Data Science,B.Tech,6.95,0,No,0,3,82,62,82,64,72.68,Data Scientist,Placed,0.4934,3.58
STU03970,24,Male,Kerala,Kozhikode,Tier 1,Tier 3,CSE,B.E.,9.12,0,Yes,1,1,67,84,65,65,68.74,Software Developer,Placed,0.8037,3.74
STU03971,20,Female,Tamil Nadu,Coimbatore,Tier 2,Tier 2,Civil,B.Tech,7.27,0,Yes,2,1,58,75,20,63,87.57,Civil Engineer,Placed,0.5974,3.08
STU03972,22,Female,Uttar Pradesh,Noida,Tier 2,Tier 2,AI & ML,B.Tech,8.25,0,Yes,2,1,62,98,72,60,89.37,Machine Learning Engineer,Placed,0.8042,4.97
STU03973,24,Female,Telangana,Hyderabad,Tier 2,Tier 3,EEE,B.Tech,6.63,0,Yes,3,2,60,50,55,54,84.4,Electrical Engineer,Placed,0.4429,5.59
STU03974,21,Male,Maharashtra,Nagpur,Tier 2,Tier 2,Data Science,B.Tech,8.36,0,Yes,2,4,77,51,21,57,96.32,Data Scientist,Placed,0.7426,4.74
STU03975,24,Male,West Bengal,Kolkata,Tier 2,Tier 2,Civil,B.E.,8.85,3,Yes,1,0,68,84,89,40,83.38,Civil Engineer,Not Placed,0.3733,0.0
STU03976,21,Male,Delhi,Delhi,Tier 1,Tier 3,Data Science,B.Tech,8.43,1,No,1,0,80,68,57,63,79.48,Data Scientist,Not Placed,0.4854,0.0
STU03977,22,Female,Delhi,New Delhi,Tier 2,Tier 2,ECE,B.Tech,8.93,0,Yes,1,5,84,57,51,62,59.28,Embedded Engineer,Placed,0.7918,4.94
STU03978,23,Other,Karnataka,Bengaluru,Tier 1,Tier 3,EEE,B.E.,6.98,1,Yes,2,0,51,38,59,39,95.07,Electrical Engineer,Placed,0.1973,4.09
STU03979,24,Female,Gujarat,Surat,Tier 1,Tier 3,Data Science,B.Tech,9.43,2,Yes,1,2,88,73,54,68,81.62,Data Scientist,Placed,0.6983,4.67
STU03980,21,Male,Andhra Pradesh,Visakhapatnam,Tier 3,Tier 2,CSE,B.Tech,7.67,0,Yes,0,2,84,42,39,73,66.77,Software Developer,Not Placed,0.5743,0.0
STU03981,22,Male,West Bengal,Kolkata,Tier 3,Tier 3,Data Science,B.E.,6.86,3,Yes,1,2,84,55,77,48,84.68,Data Scientist,Not Placed,0.2009,0.0
STU03982,21,Female,Kerala,Kozhikode,Tier 3,Tier 2,ECE,B.Tech,7.31,0,No,3,3,79,70,79,63,91.73,Embedded Engineer,Not Placed,0.6228,0.0
STU03983,23,Female,Telangana,Hyderabad,Tier 3,Tier 3,EEE,B.Tech,8.29,0,Yes,2,1,63,82,61,47,86.49,Electrical Engineer,Not Placed,0.6832,0.0
STU03984,24,Male,West Bengal,Kolkata,Tier 1,Tier 1,EEE,B.Tech,9.56,0,Yes,4,2,64,77,51,77,86.13,Electrical Engineer,Placed,0.9073,6.65
STU03985,23,Female,West Bengal,Kolkata,Tier 3,Tier 2,Mechanical,B.E.,7.07,1,Yes,2,1,58,87,82,82,69.57,Design Engineer,Not Placed,0.5741,0.0
STU03986,20,Male,Karnataka,Bengaluru,Tier 1,Tier 3,Civil,B.Tech,8.65,0,Yes,1,0,71,57,30,77,82.58,Civil Engineer,Placed,0.6576,3.93
STU03987,20,Male,Telangana,Hyderabad,Tier 2,Tier 2,CSE,B.Tech,7.22,0,No,2,2,47,95,78,56,90.01,Software Developer,Not Placed,0.5781,0.0
STU03988,20,Male,Telangana,Warangal,Tier 3,Tier 2,CSE,B.E.,8.68,0,No,3,2,68,100,73,70,86.63,Software Developer,Placed,0.8405,5.6
STU03989,20,Male,Karnataka,Mangaluru,Tier 1,Tier 2,CSE,B.Tech,8.27,0,No,1,1,58,87,68,63,80.24,Software Developer,Not Placed,0.6405,0.0
STU03990,23,Male,Delhi,Delhi,Tier 1,Tier 2,ISE,B.Tech,6.45,0,No,4,3,61,63,62,56,81.38,Full Stack Developer,Not Placed,0.505,0.0
STU03991,22,Female,Delhi,Delhi,Tier 1,Tier 2,AI & ML,B.E.,7.58,1,Yes,3,1,78,56,62,74,90.22,Machine Learning Engineer,Not Placed,0.6087,0.0
STU03992,21,Male,Karnataka,Mangaluru,Tier 2,Tier 1,CSE,B.Tech,8.45,0,No,2,3,52,68,71,44,68.32,Software Developer,Not Placed,0.627,0.0
STU03993,24,Male,Tamil Nadu,Madurai,Tier 1,Tier 3,CSE,B.E.,8.41,0,Yes,0,2,81,47,41,64,83.38,Software Developer,Placed,0.6225,3.52
STU03994,23,Male,Delhi,New Delhi,Tier 2,Tier 2,Data Science,B.Tech,6.48,0,No,4,0,61,64,67,81,77.4,Data Scientist,Placed,0.513,7.28
STU03995,21,Male,Uttar Pradesh,Kanpur,Tier 2,Tier 2,AI & ML,B.E.,9.35,0,Yes,1,1,68,97,67,65,97.13,Machine Learning Engineer,Placed,0.8631,5.12
STU03996,21,Other,West Bengal,Durgapur,Tier 1,Tier 2,ISE,B.Tech,7.35,0,Yes,1,2,88,84,52,66,86.48,Full Stack Developer,Placed,0.7421,2.58
STU03997,23,Female,Telangana,Karimnagar,Tier 2,Tier 2,Data Science,B.Tech,7.7,0,No,1,2,79,69,59,82,78.51,Data Scientist,Not Placed,0.6404,0.0
STU03998,22,Female,Gujarat,Vadodara,Tier 2,Tier 2,Mechanical,B.Tech,6.87,1,Yes,3,2,65,61,76,67,71.01,Design Engineer,Placed,0.4812,2.97
STU03999,21,Male,Karnataka,Mysuru,Tier 2,Tier 3,CSE,B.E.,6.24,3,Yes,2,4,49,75,58,82,83.32,Software Developer,Not Placed,0.2826,0.0
STU04000,20,Male,Tamil Nadu,Coimbatore,Tier 3,Tier 2,Civil,B.Tech,6.99,0,Yes,1,0,52,26,66,58,78.38,Civil Engineer,Not Placed,0.2636,0.0
STU04001,24,Female,Tamil Nadu,Chennai,Tier 3,Tier 3,AI & ML,B.Tech,8.05,0,Yes,0,2,64,79,60,45,86.2,Machine Learning Engineer,Placed,0.6184,7.18
STU04002,21,Male,Karnataka,Mangaluru,Tier 2,Tier 2,AI & ML,B.E.,8.45,0,Yes,1,4,97,90,54,67,75.71,Machine Learning Engineer,Placed,0.8788,5.73
STU04003,24,Male,Telangana,Warangal,Tier 2,Tier 2,ISE,B.Tech,7.79,1,No,2,4,73,50,25,53,59.23,Full Stack Developer,Placed,0.4472,3.55
STU04004,23,Female,West Bengal,Kolkata,Tier 3,Tier 2,Civil,B.Tech,8.32,0,No,2,2,74,65,55,82,100.0,Civil Engineer,Not Placed,0.6806,0.0
STU04005,24,Female,West Bengal,Kolkata,Tier 1,Tier 3,ISE,B.Tech,7.36,0,Yes,2,2,51,86,48,80,89.3,Full Stack Developer,Placed,0.7151,3.98
STU04006,24,Male,Uttar Pradesh,Noida,Tier 3,Tier 3,CSE,B.Tech,9.29,0,Yes,1,4,100,79,72,69,79.44,Software Developer,Placed,0.8947,5.19
STU04007,23,Male,Kerala,Thiruvananthapuram,Tier 2,Tier 2,Civil,B.Tech,6.65,0,Yes,1,2,74,57,96,82,82.81,Civil Engineer,Not Placed,0.5323,0.0
STU04008,23,Male,Karnataka,Bengaluru,Tier 1,Tier 2,Data Science,B.Tech,7.14,3,No,3,1,85,77,76,55,100.0,Data Scientist,Placed,0.2948,4.7
STU04009,20,Female,Tamil Nadu,Coimbatore,Tier 2,Tier 2,CSE,B.Tech,7.53,0,Yes,3,3,58,69,62,81,89.4,Software Developer,Placed,0.7591,4.49
STU04010,21,Male,Delhi,Delhi,Tier 2,Tier 3,CSE,B.Tech,7.08,1,Yes,2,0,71,63,48,46,70.77,Software Developer,Not Placed,0.3923,0.0
STU04011,24,Male,Uttar Pradesh,Noida,Tier 2,Tier 2,ECE,B.Tech,7.72,0,No,3,1,66,39,67,69,98.32,Embedded Engineer,Not Placed,0.4612,0.0
STU04012,22,Male,Maharashtra,Mumbai,Tier 3,Tier 3,CSE,B.E.,6.65,0,No,1,3,54,59,58,79,90.87,Software Developer,Placed,0.4037,5.01
STU04013,20,Male,West Bengal,Durgapur,Tier 2,Tier 3,EEE,B.Tech,6.87,0,Yes,2,3,76,52,50,47,85.85,Electrical Engineer,Placed,0.4858,3.8
STU04014,24,Female,Uttar Pradesh,Noida,Tier 3,Tier 2,CSE,B.E.,7.55,0,Yes,4,4,77,82,87,69,72.33,Software Developer,Not Placed,0.8528,0.0
STU04015,23,Female,Maharashtra,Nagpur,Tier 3,Tier 2,ECE,B.Tech,9.35,0,Yes,1,2,65,87,100,45,77.1,Embedded Engineer,Placed,0.7912,4.19
STU04016,20,Female,Maharashtra,Pune,Tier 2,Tier 3,CSE,B.Tech,9.42,1,Yes,2,5,42,95,76,78,55.0,Software Developer,Placed,0.8493,5.36
STU04017,23,Female,Karnataka,Bengaluru,Tier 1,Tier 2,CSE,B.Tech,7.76,0,No,2,3,75,71,56,81,84.76,Software Developer,Placed,0.7027,3.88
STU04018,24,Male,Delhi,Delhi,Tier 1,Tier 3,Mechanical,B.E.,6.88,0,No,3,4,61,78,66,60,86.26,Design Engineer,Not Placed,0.5558,0.0
STU04019,21,Male,Gujarat,Vadodara,Tier 2,Tier 1,EEE,B.Tech,7.91,0,Yes,1,1,58,68,66,94,75.42,Electrical Engineer,Placed,0.704,5.24
STU04020,24,Other,West Bengal,Kolkata,Tier 1,Tier 1,AI & ML,B.Tech,7.1,1,Yes,2,2,68,83,71,73,88.55,Machine Learning Engineer,Not Placed,0.6508,0.0
STU04021,20,Male,Uttar Pradesh,Kanpur,Tier 2,Tier 3,Mechanical,B.Tech,7.46,0,No,1,1,63,61,48,57,73.09,Design Engineer,Placed,0.3785,3.69
STU04022,23,Female,Karnataka,Mangaluru,Tier 3,Tier 2,CSE,B.Tech,9.19,0,Yes,3,3,68,88,69,57,87.23,Software Developer,Placed,0.8879,4.52
STU04023,22,Male,Tamil Nadu,Chennai,Tier 3,Tier 2,Mechanical,B.Tech,7.48,0,No,3,1,79,42,60,63,85.51,Design Engineer,Not Placed,0.4692,0.0
STU04024,23,Other,Karnataka,Bengaluru,Tier 2,Tier 2,ISE,B.Tech,9.6,0,Yes,1,4,64,95,89,57,80.81,Full Stack Developer,Placed,0.8882,5.56
STU04025,20,Male,Andhra Pradesh,Tirupati,Tier 2,Tier 2,Civil,B.Tech,6.65,1,Yes,1,2,54,20,61,63,72.58,Civil Engineer,Not Placed,0.1892,0.0
STU04026,22,Male,Maharashtra,Mumbai,Tier 2,Tier 2,Civil,B.Tech,7.25,0,Yes,0,1,94,36,53,37,78.78,Civil Engineer,Not Placed,0.3644,0.0
STU04027,24,Female,Kerala,Kochi,Tier 1,Tier 2,Data Science,B.Tech,6.99,2,No,3,1,54,36,55,53,83.43,Data Scientist,Not Placed,0.1649,0.0
STU04028,21,Male,Andhra Pradesh,Tirupati,Tier 1,Tier 2,ECE,B.Tech,7.89,1,Yes,2,1,70,79,59,63,90.25,Embedded Engineer,Placed,0.6079,5.44
STU04029,21,Male,Andhra Pradesh,Visakhapatnam,Tier 3,Tier 2,AI & ML,B.Tech,6.67,0,Yes,1,2,53,77,53,59,86.67,Machine Learning Engineer,Not Placed,0.5307,0.0
STU04030,21,Male,Delhi,Delhi,Tier 1,Tier 1,ECE,B.Tech,7.79,3,Yes,0,3,64,75,47,67,92.25,Embedded Engineer,Not Placed,0.3442,0.0
STU04031,23,Male,Delhi,New Delhi,Tier 2,Tier 2,AI & ML,B.Tech,8.71,0,No,5,2,88,83,64,74,92.41,Machine Learning Engineer,Placed,0.8828,4.91
STU04032,24,Male,Karnataka,Mysuru,Tier 1,Tier 1,Mechanical,B.Tech,7.59,0,Yes,4,1,77,69,66,75,96.17,Design Engineer,Placed,0.7831,2.56
STU04033,20,Male,Karnataka,Mangaluru,Tier 2,Tier 1,CSE,B.Tech,7.93,2,Yes,0,4,63,73,79,51,78.32,Software Developer,Not Placed,0.4699,0.0
STU04034,23,Male,Telangana,Warangal,Tier 1,Tier 1,CSE,B.Tech,6.71,1,No,1,1,54,80,52,62,91.63,Software Developer,Placed,0.346,5.72
STU04035,21,Male,Gujarat,Vadodara,Tier 1,Tier 3,EEE,B.Tech,6.13,0,Yes,1,3,58,76,68,68,75.33,Electrical Engineer,Not Placed,0.4746,0.0
STU04036,21,Male,Delhi,New Delhi,Tier 3,Tier 2,Civil,B.Tech,9.15,1,Yes,0,4,85,69,54,67,100.0,Civil Engineer,Not Placed,0.7302,0.0
STU04037,23,Male,Gujarat,Vadodara,Tier 2,Tier 3,ECE,B.Tech,6.95,0,No,2,0,63,37,51,51,66.95,Embedded Engineer,Not Placed,0.2412,0.0
STU04038,23,Male,Andhra Pradesh,Vijayawada,Tier 1,Tier 2,ECE,B.Tech,6.2,0,Yes,1,1,62,47,62,44,77.05,Embedded Engineer,Placed,0.2786,5.24
STU04039,22,Female,Telangana,Warangal,Tier 3,Tier 1,CSE,B.Tech,8.19,0,Yes,1,2,58,65,60,60,72.65,Software Developer,Not Placed,0.6856,0.0
STU04040,24,Male,West Bengal,Durgapur,Tier 2,Tier 3,AI & ML,B.Tech,9.44,2,No,4,2,64,71,54,60,79.96,Machine Learning Engineer,Placed,0.6253,5.57
STU04041,21,Male,Uttar Pradesh,Lucknow,Tier 2,Tier 1,AI & ML,B.Tech,6.41,1,No,0,2,57,81,64,46,84.15,Machine Learning Engineer,Not Placed,0.2705,0.0
STU04042,23,Male,Maharashtra,Mumbai,Tier 2,Tier 2,CSE,B.Tech,8.41,0,Yes,1,2,77,74,33,82,77.94,Software Developer,Placed,0.8045,4.62
STU04043,21,Male,Tamil Nadu,Chennai,Tier 2,Tier 2,AI & ML,B.Tech,8.72,0,Yes,3,2,79,45,44,83,84.57,Machine Learning Engineer,Placed,0.8064,4.81
STU04044,24,Female,Delhi,Delhi,Tier 3,Tier 2,Data Science,B.Tech,6.9,0,Yes,5,1,54,58,64,77,91.73,Data Scientist,Placed,0.6748,3.97
STU04045,24,Male,Kerala,Kochi,Tier 2,Tier 3,CSE,B.Tech,7.85,0,Yes,1,0,71,79,62,57,79.96,Software Developer,Not Placed,0.6454,0.0
STU04046,23,Male,Kerala,Thiruvananthapuram,Tier 1,Tier 1,ISE,B.E.,6.82,0,No,2,2,70,62,50,59,80.74,Full Stack Developer,Placed,0.4929,3.53
STU04047,20,Female,Tamil Nadu,Coimbatore,Tier 2,Tier 2,CSE,B.Tech,6.2,0,Yes,4,2,51,72,67,65,81.22,Software Developer,Placed,0.6005,6.08
STU04048,21,Male,Maharashtra,Nagpur,Tier 3,Tier 1,Data Science,B.Tech,8.63,0,Yes,1,3,59,67,66,47,81.23,Data Scientist,Placed,0.7256,7.12
STU04049,20,Male,Maharashtra,Pune,Tier 1,Tier 2,EEE,B.Tech,7.26,0,Yes,1,5,73,66,53,76,76.6,Electrical Engineer,Placed,0.6864,4.44
STU04050,23,Male,Kerala,Kochi,Tier 1,Tier 2,CSE,B.Tech,9.1,0,No,0,0,99,100,85,66,62.81,Software Developer,Placed,0.8077,3.98
STU04051,21,Female,Delhi,New Delhi,Tier 3,Tier 3,Mechanical,B.Tech,5.61,0,No,0,3,66,50,52,64,97.52,Design Engineer,Placed,0.1999,2.5
STU04052,21,Female,Andhra Pradesh,Visakhapatnam,Tier 2,Tier 2,CSE,B.Tech,7.74,0,Yes,4,3,77,57,77,97,91.42,Software Developer,Placed,0.8355,6.06
STU04053,22,Male,Kerala,Thiruvananthapuram,Tier 2,Tier 2,ISE,B.E.,6.53,0,Yes,3,1,46,68,83,67,79.51,Full Stack Developer,Not Placed,0.5416,0.0
STU04054,22,Male,Gujarat,Vadodara,Tier 3,Tier 3,ECE,B.Tech,9.47,0,No,2,2,75,66,68,57,79.77,Embedded Engineer,Placed,0.7162,3.76
STU04055,20,Male,Gujarat,Surat,Tier 3,Tier 2,AI & ML,B.E.,8.74,1,No,0,2,79,72,64,75,85.56,Machine Learning Engineer,Not Placed,0.5951,0.0
STU04056,24,Female,Gujarat,Surat,Tier 3,Tier 3,Data Science,B.Tech,9.18,0,Yes,2,1,84,98,76,65,69.63,Data Scientist,Placed,0.8883,3.45
STU04057,20,Male,Gujarat,Surat,Tier 1,Tier 2,CSE,B.E.,10.0,0,No,3,1,67,63,60,56,82.71,Software Developer,Not Placed,0.7875,0.0
STU04058,21,Male,Tamil Nadu,Madurai,Tier 1,Tier 2,AI & ML,B.E.,8.22,0,Yes,0,5,95,82,57,57,74.98,Machine Learning Engineer,Placed,0.8192,4.31
STU04059,22,Female,Andhra Pradesh,Tirupati,Tier 3,Tier 1,AI & ML,B.E.,8.05,0,Yes,0,5,67,86,51,64,91.23,Machine Learning Engineer,Placed,0.798,5.98
STU04060,22,Male,Delhi,Delhi,Tier 2,Tier 3,Data Science,B.Tech,8.03,2,No,1,0,72,96,85,64,82.65,Data Scientist,Not Placed,0.4343,0.0
STU04061,20,Male,Telangana,Hyderabad,Tier 2,Tier 2,CSE,B.Tech,8.11,3,Yes,0,4,63,100,59,55,77.62,Software Developer,Not Placed,0.4813,0.0
STU04062,23,Female,West Bengal,Durgapur,Tier 2,Tier 2,Civil,B.E.,8.25,1,No,4,2,80,84,86,82,81.79,Civil Engineer,Not Placed,0.7401,0.0
STU04063,21,Male,Gujarat,Ahmedabad,Tier 2,Tier 1,EEE,B.Tech,8.04,1,No,3,3,66,51,74,59,99.19,Electrical Engineer,Not Placed,0.4892,0.0
STU04064,22,Male,Delhi,New Delhi,Tier 2,Tier 3,Civil,B.Tech,7.71,0,Yes,0,1,73,61,69,57,72.97,Civil Engineer,Not Placed,0.5024,0.0
STU04065,23,Male,Andhra Pradesh,Visakhapatnam,Tier 2,Tier 2,CSE,B.Tech,5.56,0,Yes,1,2,74,55,61,62,71.89,Software Developer,Not Placed,0.3804,0.0
STU04066,23,Female,Andhra Pradesh,Visakhapatnam,Tier 2,Tier 3,ECE,B.Tech,7.76,1,Yes,1,3,60,47,58,65,74.83,Embedded Engineer,Not Placed,0.4134,0.0
STU04067,22,Male,Uttar Pradesh,Noida,Tier 2,Tier 1,Data Science,B.Tech,8.61,0,Yes,2,2,58,81,68,66,82.1,Data Scientist,Placed,0.8192,4.96
STU04068,23,Male,Andhra Pradesh,Visakhapatnam,Tier 2,Tier 2,CSE,B.Tech,6.95,0,No,0,4,55,87,74,61,96.98,Software Developer,Placed,0.5109,4.47
STU04069,22,Male,Maharashtra,Mumbai,Tier 2,Tier 2,CSE,B.Tech,9.63,0,No,1,3,96,92,80,82,74.01,Software Developer,Placed,0.8969,5.62
STU04070,21,Female,West Bengal,Kolkata,Tier 1,Tier 3,AI & ML,B.E.,7.4,1,Yes,1,4,74,80,63,71,82.7,Machine Learning Engineer,Not Placed,0.6383,0.0
STU04071,24,Male,Uttar Pradesh,Lucknow,Tier 2,Tier 2,CSE,B.Tech,8.73,0,Yes,1,1,79,100,64,97,89.08,Software Developer,Placed,0.894,5.12
STU04072,23,Male,Delhi,New Delhi,Tier 1,Tier 2,ISE,B.Tech,7.99,0,Yes,1,3,40,68,61,53,87.59,Full Stack Developer,Placed,0.6053,4.83
STU04073,24,Male,Maharashtra,Mumbai,Tier 3,Tier 2,EEE,B.Tech,7.28,0,Yes,0,3,84,93,84,57,75.83,Electrical Engineer,Not Placed,0.6903,0.0
STU04074,20,Male,Kerala,Kozhikode,Tier 3,Tier 3,ISE,B.Tech,8.22,1,No,2,3,57,74,88,71,70.2,Full Stack Developer,Not Placed,0.5641,0.0
STU04075,24,Male,Andhra Pradesh,Tirupati,Tier 1,Tier 3,CSE,B.Tech,8.25,0,Yes,2,0,85,75,95,92,88.43,Software Developer,Placed,0.8141,4.3
STU04076,21,Female,Kerala,Thiruvananthapuram,Tier 2,Tier 3,EEE,B.Tech,7.46,2,Yes,1,5,54,54,64,73,77.37,Electrical Engineer,Not Placed,0.3578,0.0
STU04077,21,Male,West Bengal,Kolkata,Tier 1,Tier 2,Civil,B.E.,6.61,0,Yes,1,2,73,68,65,68,88.0,Civil Engineer,Placed,0.5323,3.9
STU04078,23,Male,Gujarat,Ahmedabad,Tier 2,Tier 3,CSE,B.E.,8.85,0,Yes,3,2,81,95,100,62,83.28,Software Developer,Placed,0.8886,6.62
STU04079,21,Male,Gujarat,Ahmedabad,Tier 1,Tier 1,Data Science,B.E.,9.04,2,No,2,0,80,100,40,65,90.71,Data Scientist,Not Placed,0.6786,0.0
STU04080,20,Female,Maharashtra,Nagpur,Tier 3,Tier 1,EEE,B.E.,7.54,0,Yes,3,2,75,60,56,82,88.25,Electrical Engineer,Placed,0.7457,6.18
STU04081,20,Female,Kerala,Kozhikode,Tier 2,Tier 1,ECE,B.Tech,6.12,2,No,3,4,68,62,28,75,85.67,Embedded Engineer,Placed,0.3008,2.72
STU04082,20,Male,Delhi,Delhi,Tier 2,Tier 2,ECE,B.Tech,8.36,0,Yes,4,1,72,43,34,87,80.82,Embedded Engineer,Not Placed,0.755,0.0
STU04083,24,Female,Karnataka,Mysuru,Tier 2,Tier 3,CSE,B.Tech,7.62,0,Yes,2,1,47,86,60,79,72.78,Software Developer,Not Placed,0.7068,0.0
STU04084,24,Male,Delhi,Delhi,Tier 2,Tier 3,ISE,B.Tech,7.2,0,Yes,0,1,61,68,75,77,80.9,Full Stack Developer,Not Placed,0.5378,0.0
STU04085,20,Male,Uttar Pradesh,Lucknow,Tier 2,Tier 3,EEE,B.Tech,8.35,0,Yes,1,2,51,76,41,65,86.99,Electrical Engineer,Placed,0.6632,3.81
STU04086,24,Female,Maharashtra,Mumbai,Tier 2,Tier 2,AI & ML,B.Tech,6.87,1,No,1,1,63,74,89,74,84.59,Machine Learning Engineer,Not Placed,0.3675,0.0
STU04087,20,Male,Telangana,Warangal,Tier 3,Tier 2,EEE,B.E.,6.66,0,Yes,1,2,60,79,82,56,76.55,Electrical Engineer,Placed,0.5129,4.59
STU04088,21,Male,Maharashtra,Nagpur,Tier 2,Tier 2,CSE,B.E.,6.66,0,No,0,3,82,41,49,69,87.05,Software Developer,Not Placed,0.3563,0.0
STU04089,24,Female,Uttar Pradesh,Lucknow,Tier 2,Tier 3,AI & ML,B.E.,8.78,0,Yes,3,1,71,84,69,69,80.14,Machine Learning Engineer,Placed,0.847,4.79
STU04090,20,Male,Karnataka,Bengaluru,Tier 3,Tier 3,AI & ML,B.E.,6.96,2,Yes,2,1,62,30,43,67,93.03,Machine Learning Engineer,Placed,0.2159,3.55
STU04091,24,Male,Andhra Pradesh,Tirupati,Tier 2,Tier 1,CSE,B.E.,7.31,0,No,2,1,71,73,64,73,91.04,Software Developer,Placed,0.616,5.25
STU04092,24,Male,Maharashtra,Nagpur,Tier 2,Tier 1,Civil,B.Tech,7.98,1,No,1,1,79,55,58,67,77.85,Civil Engineer,Placed,0.4235,5.75
STU04093,22,Male,Telangana,Hyderabad,Tier 2,Tier 1,ISE,B.Tech,8.19,3,Yes,5,3,69,91,69,68,85.5,Full Stack Developer,Placed,0.7202,4.3
STU04094,20,Male,Tamil Nadu,Chennai,Tier 1,Tier 2,CSE,B.Tech,6.65,2,No,1,3,54,52,66,62,88.75,Software Developer,Not Placed,0.1767,0.0
STU04095,24,Male,West Bengal,Durgapur,Tier 3,Tier 3,CSE,B.E.,8.3,1,No,2,1,74,59,47,74,93.8,Software Developer,Not Placed,0.5152,0.0
STU04096,22,Female,Karnataka,Bengaluru,Tier 2,Tier 2,Data Science,B.E.,6.84,0,Yes,0,2,68,68,83,67,73.77,Data Scientist,Placed,0.5329,2.75
STU04097,21,Female,Telangana,Hyderabad,Tier 2,Tier 2,Data Science,B.Tech,8.42,0,No,4,0,69,78,84,65,82.75,Data Scientist,Not Placed,0.747,0.0
STU04098,21,Female,Andhra Pradesh,Vijayawada,Tier 2,Tier 3,Mechanical,B.E.,7.9,0,Yes,1,3,68,85,81,67,79.38,Design Engineer,Not Placed,0.7244,0.0
STU04099,24,Male,Karnataka,Bengaluru,Tier 3,Tier 2,CSE,B.Tech,6.71,0,Yes,1,0,81,35,61,93,84.97,Software Developer,Not Placed,0.4823,0.0
STU04100,22,Male,Karnataka,Mysuru,Tier 2,Tier 2,EEE,B.Tech,8.26,0,No,3,2,91,70,63,69,79.99,Electrical Engineer,Placed,0.7398,4.78
STU04101,20,Male,Gujarat,Vadodara,Tier 2,Tier 2,CSE,B.E.,9.43,1,No,1,3,79,89,64,73,80.38,Software Developer,Placed,0.7789,5.56
STU04102,20,Female,Uttar Pradesh,Noida,Tier 2,Tier 2,CSE,B.Tech,8.4,1,Yes,2,0,38,83,76,83,89.17,Software Developer,Not Placed,0.6565,0.0
STU04103,23,Male,Andhra Pradesh,Vijayawada,Tier 1,Tier 3,Civil,B.Tech,7.12,0,No,5,4,47,58,73,42,75.09,Civil Engineer,Placed,0.487,6.13
STU04104,22,Male,Kerala,Kozhikode,Tier 1,Tier 3,AI & ML,B.E.,8.1,0,Yes,1,4,87,80,68,53,86.89,Machine Learning Engineer,Placed,0.7818,5.11
STU04105,23,Male,Telangana,Warangal,Tier 1,Tier 2,CSE,B.Tech,8.11,0,Yes,1,0,64,74,75,80,80.06,Software Developer,Placed,0.7106,3.36
STU04106,24,Female,Maharashtra,Pune,Tier 2,Tier 2,CSE,B.Tech,8.95,3,No,1,3,83,87,53,65,71.72,Software Developer,Not Placed,0.5146,0.0
STU04107,23,Female,Karnataka,Mangaluru,Tier 3,Tier 2,CSE,B.Tech,8.69,1,No,2,0,52,59,35,85,64.65,Software Developer,Placed,0.5214,6.61
STU04108,24,Female,Maharashtra,Pune,Tier 2,Tier 3,Data Science,B.Tech,7.37,2,Yes,4,3,97,86,70,64,81.49,Data Scientist,Placed,0.7,4.53
STU04109,24,Female,Tamil Nadu,Chennai,Tier 2,Tier 2,ECE,B.Tech,6.83,0,Yes,1,1,71,79,51,70,77.14,Embedded Engineer,Not Placed,0.5815,0.0
STU04110,24,Male,Maharashtra,Nagpur,Tier 2,Tier 2,EEE,B.E.,7.75,0,Yes,4,2,85,70,73,52,67.43,Electrical Engineer,Not Placed,0.7633,0.0
STU04111,22,Male,Tamil Nadu,Coimbatore,Tier 3,Tier 2,ECE,B.Tech,8.46,0,Yes,1,1,93,63,74,86,81.23,Embedded Engineer,Placed,0.7738,3.49
STU04112,23,Female,Andhra Pradesh,Vijayawada,Tier 2,Tier 3,Data Science,B.Tech,8.47,0,No,3,0,67,78,69,57,90.7,Data Scientist,Placed,0.6737,4.13
STU04113,21,Female,Uttar Pradesh,Noida,Tier 2,Tier 1,Data Science,B.Tech,7.56,0,Yes,0,3,72,68,72,89,75.61,Data Scientist,Not Placed,0.7288,0.0
STU04114,24,Male,Uttar Pradesh,Lucknow,Tier 3,Tier 1,CSE,B.Tech,7.6,0,No,3,3,75,79,92,72,76.71,Software Developer,Placed,0.7551,3.35
STU04115,22,Male,Maharashtra,Pune,Tier 2,Tier 2,ECE,B.Tech,8.29,0,No,2,1,89,76,71,69,79.39,Embedded Engineer,Placed,0.7039,4.03
STU04116,24,Male,Delhi,Delhi,Tier 3,Tier 2,EEE,B.Tech,7.62,0,No,4,1,88,69,40,59,83.07,Electrical Engineer,Placed,0.6605,4.12
STU04117,24,Female,Kerala,Kozhikode,Tier 2,Tier 3,Data Science,B.E.,6.69,0,Yes,3,3,50,53,30,79,71.33,Data Scientist,Not Placed,0.57,0.0
STU04118,22,Male,Gujarat,Vadodara,Tier 1,Tier 1,AI & ML,B.Tech,7.28,0,No,3,3,74,91,59,72,84.63,Machine Learning Engineer,Placed,0.7657,3.73
STU04119,22,Female,Gujarat,Surat,Tier 2,Tier 2,ISE,B.E.,8.69,0,No,0,2,86,76,78,87,83.35,Full Stack Developer,Placed,0.7533,3.55
STU04120,20,Male,Gujarat,Ahmedabad,Tier 1,Tier 3,ECE,B.Tech,8.23,1,Yes,4,1,63,68,68,59,93.42,Embedded Engineer,Placed,0.6324,6.09
STU04121,23,Male,Gujarat,Ahmedabad,Tier 1,Tier 2,Data Science,B.Tech,7.81,2,No,2,1,33,100,60,56,88.48,Data Scientist,Not Placed,0.3779,0.0
STU04122,20,Other,Karnataka,Bengaluru,Tier 1,Tier 2,ISE,B.Tech,6.18,0,Yes,1,1,68,51,64,73,68.34,Full Stack Developer,Placed,0.4205,3.11
STU04123,21,Male,Telangana,Warangal,Tier 1,Tier 3,EEE,B.Tech,7.77,1,No,4,0,83,56,82,59,85.39,Electrical Engineer,Not Placed,0.4523,0.0
STU04124,23,Female,West Bengal,Durgapur,Tier 3,Tier 2,CSE,B.E.,8.08,0,Yes,4,0,65,64,93,72,73.62,Software Developer,Not Placed,0.7616,0.0
STU04125,22,Male,Tamil Nadu,Coimbatore,Tier 1,Tier 2,ECE,B.Tech,6.53,0,No,1,3,65,72,90,51,88.86,Embedded Engineer,Not Placed,0.3817,0.0
STU04126,23,Female,Karnataka,Bengaluru,Tier 1,Tier 2,CSE,B.Tech,6.4,0,Yes,1,1,81,63,53,72,85.5,Software Developer,Placed,0.5348,4.23
STU04127,20,Male,Andhra Pradesh,Visakhapatnam,Tier 2,Tier 2,Data Science,B.Tech,7.35,0,Yes,3,1,68,81,57,65,72.63,Data Scientist,Placed,0.7329,3.02
STU04128,24,Female,West Bengal,Durgapur,Tier 3,Tier 1,ECE,B.Tech,8.0,1,No,6,3,75,66,48,93,65.79,Embedded Engineer,Placed,0.78,4.91
STU04129,22,Male,Gujarat,Vadodara,Tier 2,Tier 2,Data Science,B.E.,6.51,0,No,1,3,65,79,70,53,95.45,Data Scientist,Placed,0.4519,3.38
STU04130,23,Other,Gujarat,Surat,Tier 3,Tier 1,AI & ML,B.E.,7.41,0,Yes,2,1,69,52,64,76,76.17,Machine Learning Engineer,Placed,0.6458,4.76
STU04131,20,Female,Kerala,Thiruvananthapuram,Tier 1,Tier 2,CSE,B.E.,5.92,0,No,1,1,49,77,58,71,88.79,Software Developer,Not Placed,0.3385,0.0
STU04132,23,Male,Tamil Nadu,Madurai,Tier 2,Tier 2,EEE,B.Tech,8.93,0,No,4,2,79,53,55,58,77.88,Electrical Engineer,Not Placed,0.7207,0.0
STU04133,22,Female,Maharashtra,Nagpur,Tier 3,Tier 2,CSE,B.Tech,6.59,0,No,1,1,91,66,75,67,94.72,Software Developer,Placed,0.4728,3.91
STU04134,21,Female,West Bengal,Kolkata,Tier 2,Tier 3,CSE,B.E.,6.52,0,No,2,2,60,71,47,94,81.75,Software Developer,Placed,0.5246,2.5
STU04135,24,Female,Kerala,Thiruvananthapuram,Tier 2,Tier 3,CSE,B.Tech,6.94,0,No,2,0,61,75,90,71,89.11,Software Developer,Not Placed,0.4739,0.0
STU04136,23,Female,Gujarat,Ahmedabad,Tier 2,Tier 3,ECE,B.Tech,7.35,1,No,2,2,57,79,63,74,74.97,Embedded Engineer,Placed,0.4356,3.83
STU04137,20,Male,Andhra Pradesh,Tirupati,Tier 2,Tier 2,AI & ML,B.E.,8.64,0,Yes,1,3,92,80,56,66,79.93,Machine Learning Engineer,Placed,0.8474,3.26
STU04138,20,Female,Gujarat,Surat,Tier 3,Tier 3,ISE,B.Tech,8.21,0,No,2,6,72,64,70,80,88.18,Full Stack Developer,Placed,0.7526,4.55
STU04139,23,Male,Telangana,Warangal,Tier 1,Tier 1,AI & ML,B.E.,7.05,0,Yes,2,2,74,43,40,92,84.0,Machine Learning Engineer,Not Placed,0.6519,0.0
STU04140,23,Female,Tamil Nadu,Madurai,Tier 1,Tier 1,EEE,B.Tech,6.36,0,Yes,1,1,63,50,76,68,84.29,Electrical Engineer,Placed,0.4,3.32
STU04141,24,Male,West Bengal,Durgapur,Tier 2,Tier 2,ECE,B.Tech,6.52,0,Yes,2,1,61,54,69,56,81.5,Embedded Engineer,Not Placed,0.4088,0.0
STU04142,23,Male,Kerala,Kozhikode,Tier 1,Tier 2,AI & ML,B.Tech,7.18,0,Yes,3,3,51,66,62,79,77.71,Machine Learning Engineer,Not Placed,0.696,0.0
STU04143,22,Male,Kerala,Thiruvananthapuram,Tier 3,Tier 3,Data Science,B.Tech,7.08,0,Yes,2,1,99,80,70,90,77.1,Data Scientist,Placed,0.7828,4.32
STU04144,20,Male,Uttar Pradesh,Kanpur,Tier 1,Tier 3,ISE,B.Tech,7.06,0,No,2,2,61,79,83,75,88.87,Full Stack Developer,Placed,0.5675,3.54
STU04145,20,Male,Telangana,Karimnagar,Tier 3,Tier 1,CSE,B.E.,8.21,0,Yes,0,3,53,72,68,60,65.43,Software Developer,Not Placed,0.6847,0.0
STU04146,23,Female,Telangana,Warangal,Tier 2,Tier 2,AI & ML,B.Tech,7.67,0,No,2,5,72,76,89,77,82.22,Machine Learning Engineer,Placed,0.7364,3.46
STU04147,23,Male,Karnataka,Bengaluru,Tier 3,Tier 1,Mechanical,B.Tech,8.29,2,Yes,1,3,73,68,70,64,74.09,Design Engineer,Placed,0.5391,4.81
STU04148,24,Male,Telangana,Warangal,Tier 1,Tier 3,Data Science,B.Tech,8.58,0,No,4,5,71,73,56,86,69.7,Data Scientist,Placed,0.8532,5.5
STU04149,24,Male,Andhra Pradesh,Visakhapatnam,Tier 2,Tier 2,Data Science,B.E.,8.43,0,No,2,3,83,77,49,71,73.56,Data Scientist,Not Placed,0.777,0.0
STU04150,20,Female,Tamil Nadu,Chennai,Tier 1,Tier 1,ECE,B.Tech,6.4,0,Yes,2,0,47,70,71,93,93.93,Embedded Engineer,Not Placed,0.5396,0.0
STU04151,23,Male,Andhra Pradesh,Visakhapatnam,Tier 3,Tier 3,ECE,B.Tech,8.57,0,Yes,1,1,72,46,67,95,75.26,Embedded Engineer,Placed,0.6786,6.88
STU04152,24,Male,Uttar Pradesh,Lucknow,Tier 2,Tier 1,ISE,B.Tech,7.51,0,Yes,1,3,50,74,67,88,69.45,Full Stack Developer,Placed,0.7265,4.78
STU04153,22,Female,Gujarat,Vadodara,Tier 2,Tier 2,CSE,B.Tech,6.58,0,Yes,3,2,66,74,83,59,82.49,Software Developer,Placed,0.633,3.19
STU04154,22,Male,West Bengal,Durgapur,Tier 2,Tier 2,CSE,B.Tech,7.22,1,No,2,3,78,43,39,44,73.46,Software Developer,Not Placed,0.3224,0.0
STU04155,22,Female,Andhra Pradesh,Tirupati,Tier 1,Tier 3,AI & ML,B.Tech,6.99,0,Yes,0,6,70,59,83,84,88.19,Machine Learning Engineer,Not Placed,0.642,0.0
STU04156,24,Male,Uttar Pradesh,Noida,Tier 3,Tier 2,EEE,B.Tech,5.86,1,Yes,0,1,69,31,40,71,92.87,Electrical Engineer,Not Placed,0.1661,0.0
STU04157,20,Male,Andhra Pradesh,Vijayawada,Tier 1,Tier 1,ISE,B.Tech,7.36,0,Yes,3,1,53,54,40,56,84.59,Full Stack Developer,Placed,0.5893,5.96
STU04158,23,Male,Tamil Nadu,Coimbatore,Tier 3,Tier 3,AI & ML,B.Tech,7.34,0,Yes,3,3,62,72,68,74,81.64,Machine Learning Engineer,Not Placed,0.7312,0.0
STU04159,23,Female,Delhi,Delhi,Tier 1,Tier 2,EEE,B.Tech,5.7,0,Yes,3,2,54,32,54,78,79.68,Electrical Engineer,Not Placed,0.3377,0.0
STU04160,21,Male,Gujarat,Ahmedabad,Tier 3,Tier 2,ISE,B.Tech,8.49,3,Yes,3,1,82,68,51,75,80.69,Full Stack Developer,Placed,0.557,5.24
STU04161,22,Male,Karnataka,Mangaluru,Tier 2,Tier 3,ISE,B.Tech,7.45,1,Yes,3,2,71,73,41,97,81.9,Full Stack Developer,Placed,0.7113,5.52
STU04162,22,Male,West Bengal,Kolkata,Tier 1,Tier 2,Data Science,B.E.,8.3,1,No,1,2,59,48,62,58,79.0,Data Scientist,Not Placed,0.3761,0.0
STU04163,22,Male,Maharashtra,Mumbai,Tier 2,Tier 2,Data Science,B.Tech,7.33,0,No,3,2,60,83,62,80,70.4,Data Scientist,Placed,0.6845,7.4
STU04164,22,Female,Maharashtra,Mumbai,Tier 3,Tier 2,Civil,B.Tech,8.41,0,Yes,5,2,58,64,80,65,86.36,Civil Engineer,Placed,0.7978,4.41
STU04165,22,Female,Telangana,Karimnagar,Tier 1,Tier 2,CSE,B.Tech,7.76,0,Yes,1,1,64,67,55,73,59.13,Software Developer,Placed,0.6526,5.52
STU04166,23,Male,Gujarat,Surat,Tier 2,Tier 3,Mechanical,B.E.,7.57,0,Yes,2,1,74,86,58,65,78.95,Design Engineer,Placed,0.7032,5.7
STU04167,24,Male,Telangana,Warangal,Tier 1,Tier 3,Mechanical,B.Tech,6.54,1,Yes,2,1,44,49,23,50,84.88,Design Engineer,Not Placed,0.2212,0.0
STU04168,20,Male,West Bengal,Kolkata,Tier 2,Tier 2,ISE,B.E.,7.24,0,Yes,4,2,78,68,53,68,87.62,Full Stack Developer,Placed,0.762,4.58
STU04169,20,Female,Delhi,Delhi,Tier 3,Tier 2,CSE,B.Tech,8.23,1,No,3,1,90,91,73,47,71.23,Software Developer,Not Placed,0.6764,0.0
STU04170,20,Female,Uttar Pradesh,Noida,Tier 1,Tier 2,ECE,B.Tech,7.39,2,Yes,4,5,68,61,53,47,98.22,Embedded Engineer,Not Placed,0.4958,0.0
STU04171,23,Male,Delhi,Delhi,Tier 2,Tier 3,Mechanical,B.Tech,8.6,0,Yes,2,1,95,81,72,71,81.02,Design Engineer,Not Placed,0.8264,0.0
STU04172,21,Male,Karnataka,Bengaluru,Tier 1,Tier 3,AI & ML,B.Tech,6.9,1,Yes,1,1,84,39,74,79,87.66,Machine Learning Engineer,Not Placed,0.3828,0.0
STU04173,24,Female,Telangana,Karimnagar,Tier 3,Tier 1,Data Science,B.E.,8.98,0,Yes,2,2,80,45,76,56,75.34,Data Scientist,Placed,0.7635,4.33
STU04174,24,Male,Tamil Nadu,Coimbatore,Tier 1,Tier 3,AI & ML,B.Tech,7.85,3,Yes,1,1,65,71,77,80,67.3,Machine Learning Engineer,Not Placed,0.3572,0.0
STU04175,24,Male,Karnataka,Mysuru,Tier 3,Tier 2,Civil,B.E.,7.92,3,Yes,1,0,70,64,56,51,69.94,Civil Engineer,Not Placed,0.2417,0.0
STU04176,21,Female,Maharashtra,Nagpur,Tier 3,Tier 2,ISE,B.Tech,7.81,0,Yes,3,1,45,70,45,72,78.11,Full Stack Developer,Placed,0.6958,4.77
STU04177,22,Female,Maharashtra,Mumbai,Tier 2,Tier 3,ISE,B.E.,6.88,0,Yes,0,3,72,47,44,91,75.87,Full Stack Developer,Placed,0.5315,4.34
STU04178,24,Male,West Bengal,Durgapur,Tier 2,Tier 3,AI & ML,B.Tech,6.7,0,Yes,2,3,52,75,74,70,87.37,Machine Learning Engineer,Not Placed,0.6032,0.0
STU04179,20,Female,Andhra Pradesh,Visakhapatnam,Tier 2,Tier 2,CSE,B.Tech,6.82,0,No,2,3,64,74,70,61,78.59,Software Developer,Placed,0.5299,4.32
STU04180,20,Male,Kerala,Kozhikode,Tier 2,Tier 1,EEE,B.Tech,7.06,0,Yes,1,3,65,37,35,58,76.01,Electrical Engineer,Not Placed,0.4451,0.0
STU04181,23,Female,Gujarat,Ahmedabad,Tier 3,Tier 3,Data Science,B.Tech,5.8,0,Yes,0,1,56,20,72,47,88.25,Data Scientist,Not Placed,0.1465,0.0
STU04182,24,Male,Uttar Pradesh,Noida,Tier 1,Tier 1,AI & ML,B.E.,6.93,0,No,0,3,54,54,57,51,77.41,Machine Learning Engineer,Placed,0.3385,2.5
STU04183,24,Male,Uttar Pradesh,Kanpur,Tier 1,Tier 1,Mechanical,B.Tech,6.44,1,Yes,6,4,78,71,43,72,84.69,Design Engineer,Placed,0.7287,3.12
STU04184,21,Female,Kerala,Thiruvananthapuram,Tier 2,Tier 3,CSE,B.Tech,8.31,0,Yes,1,4,96,62,61,89,77.71,Software Developer,Not Placed,0.8298,0.0
STU04185,23,Male,Tamil Nadu,Chennai,Tier 1,Tier 2,CSE,B.Tech,6.95,0,No,1,1,79,58,52,39,81.31,Software Developer,Not Placed,0.361,0.0
STU04186,20,Male,Andhra Pradesh,Tirupati,Tier 1,Tier 2,Data Science,B.Tech,8.55,0,No,2,5,62,100,84,57,88.67,Data Scientist,Placed,0.8166,5.33
STU04187,22,Male,Maharashtra,Mumbai,Tier 1,Tier 2,Civil,B.Tech,8.6,0,No,0,3,79,100,76,59,83.81,Civil Engineer,Placed,0.738,2.5
STU04188,20,Male,Maharashtra,Nagpur,Tier 3,Tier 3,ISE,B.Tech,8.69,0,Yes,2,1,77,63,71,40,72.29,Full Stack Developer,Not Placed,0.6977,0.0
STU04189,21,Female,Tamil Nadu,Chennai,Tier 1,Tier 2,EEE,B.Tech,8.04,0,No,4,5,96,50,50,58,75.19,Electrical Engineer,Placed,0.7306,6.68
STU04190,24,Male,Delhi,Delhi,Tier 1,Tier 3,ECE,B.Tech,8.19,0,Yes,0,1,81,57,80,70,87.07,Embedded Engineer,Not Placed,0.5991,0.0
STU04191,24,Female,Maharashtra,Nagpur,Tier 3,Tier 2,Mechanical,B.Tech,7.46,0,Yes,0,4,74,69,71,77,74.28,Design Engineer,Placed,0.6618,3.72
STU04192,24,Male,Andhra Pradesh,Vijayawada,Tier 3,Tier 3,CSE,B.Tech,8.62,0,Yes,4,1,74,82,42,59,100.0,Software Developer,Placed,0.8454,5.7
STU04193,20,Male,Gujarat,Surat,Tier 2,Tier 2,ISE,B.Tech,7.39,0,Yes,1,1,61,85,47,71,81.13,Full Stack Developer,Placed,0.6751,5.03
STU04194,22,Male,West Bengal,Durgapur,Tier 1,Tier 1,CSE,B.Tech,8.51,0,Yes,3,2,60,92,67,48,76.95,Software Developer,Placed,0.8393,7.02
STU04195,23,Male,Tamil Nadu,Chennai,Tier 3,Tier 2,CSE,B.Tech,7.38,0,No,5,5,50,80,66,70,100.0,Software Developer,Placed,0.7616,4.59
STU04196,23,Male,Andhra Pradesh,Tirupati,Tier 3,Tier 3,EEE,B.E.,7.64,0,Yes,6,3,85,77,57,46,78.06,Electrical Engineer,Placed,0.8257,4.21
STU04197,21,Male,Maharashtra,Mumbai,Tier 2,Tier 1,Data Science,B.Tech,7.58,0,Yes,2,3,69,85,58,53,92.69,Data Scientist,Placed,0.7675,3.61
STU04198,22,Female,Karnataka,Mangaluru,Tier 2,Tier 2,AI & ML,B.Tech,7.94,0,Yes,3,3,82,72,85,76,77.94,Machine Learning Engineer,Placed,0.8338,5.71
STU04199,21,Female,Delhi,Delhi,Tier 1,Tier 1,EEE,B.Tech,8.57,0,Yes,1,0,51,50,74,80,81.8,Electrical Engineer,Placed,0.6201,5.0
STU04200,21,Male,Kerala,Thiruvananthapuram,Tier 1,Tier 2,ISE,B.Tech,7.56,0,Yes,1,2,71,69,86,49,100.0,Full Stack Developer,Placed,0.6166,3.69
STU04201,20,Female,West Bengal,Kolkata,Tier 1,Tier 2,Data Science,B.Tech,6.48,0,No,0,2,59,68,39,49,89.44,Data Scientist,Not Placed,0.3091,0.0
STU04202,23,Male,Maharashtra,Mumbai,Tier 1,Tier 2,AI & ML,B.E.,7.53,0,No,3,1,67,76,89,73,97.92,Machine Learning Engineer,Placed,0.6537,3.16
STU04203,21,Male,Gujarat,Vadodara,Tier 1,Tier 3,AI & ML,B.Tech,10.0,0,No,3,3,81,100,81,58,74.47,Machine Learning Engineer,Placed,0.9079,4.97
STU04204,21,Male,West Bengal,Kolkata,Tier 1,Tier 2,ECE,B.Tech,7.89,0,Yes,3,2,64,72,77,95,81.21,Embedded Engineer,Placed,0.7952,6.49
STU04205,24,Male,Maharashtra,Pune,Tier 3,Tier 3,AI & ML,B.Tech,7.51,0,Yes,4,3,82,75,67,63,76.67,Machine Learning Engineer,Not Placed,0.8052,0.0
STU04206,23,Male,Andhra Pradesh,Visakhapatnam,Tier 1,Tier 2,Civil,B.Tech,8.96,0,No,2,4,64,81,72,63,89.67,Civil Engineer,Not Placed,0.7656,0.0
STU04207,20,Male,Tamil Nadu,Coimbatore,Tier 2,Tier 3,AI & ML,B.Tech,6.67,0,Yes,1,2,53,73,48,83,75.09,Machine Learning Engineer,Placed,0.5643,5.06
STU04208,23,Male,Gujarat,Ahmedabad,Tier 2,Tier 3,ECE,B.Tech,8.29,2,No,0,0,68,65,60,72,88.99,Embedded Engineer,Not Placed,0.271,0.0
STU04209,23,Female,West Bengal,Kolkata,Tier 2,Tier 3,ECE,B.Tech,7.99,0,Yes,4,3,66,71,57,53,91.81,Embedded Engineer,Placed,0.7509,3.98
STU04210,21,Female,Uttar Pradesh,Lucknow,Tier 2,Tier 2,AI & ML,B.Tech,8.41,0,No,0,3,98,62,55,65,67.99,Machine Learning Engineer,Placed,0.6722,3.45
STU04211,23,Male,Kerala,Kozhikode,Tier 2,Tier 2,Mechanical,B.E.,6.99,0,Yes,2,0,76,76,59,71,72.06,Design Engineer,Placed,0.6218,3.38
STU04212,24,Male,West Bengal,Durgapur,Tier 1,Tier 1,CSE,B.Tech,7.23,2,No,0,2,57,70,69,84,75.12,Software Developer,Placed,0.3065,2.7
STU04213,20,Female,Tamil Nadu,Madurai,Tier 1,Tier 2,ISE,B.Tech,6.63,0,Yes,1,2,72,76,53,62,75.13,Full Stack Developer,Placed,0.5864,3.84
STU04214,20,Female,West Bengal,Kolkata,Tier 1,Tier 2,CSE,B.E.,7.71,0,No,1,2,65,100,90,75,85.25,Software Developer,Placed,0.7092,6.0
STU04215,22,Male,Telangana,Warangal,Tier 2,Tier 3,Data Science,B.E.,7.65,0,Yes,2,2,84,78,61,39,83.46,Data Scientist,Not Placed,0.6927,0.0
STU04216,22,Female,Maharashtra,Nagpur,Tier 3,Tier 2,CSE,B.Tech,9.41,1,Yes,2,1,86,92,67,57,76.48,Software Developer,Placed,0.8356,5.35
STU04217,21,Male,Kerala,Kochi,Tier 1,Tier 1,ECE,B.Tech,9.13,0,Yes,3,0,99,100,98,51,79.84,Embedded Engineer,Placed,0.9028,5.94
STU04218,23,Female,Gujarat,Surat,Tier 3,Tier 2,CSE,B.Tech,7.07,0,No,2,1,73,86,62,76,92.88,Software Developer,Not Placed,0.6315,0.0
STU04219,21,Male,Uttar Pradesh,Noida,Tier 2,Tier 1,EEE,B.Tech,7.2,0,Yes,4,2,59,58,88,41,74.69,Electrical Engineer,Placed,0.5947,2.5
STU04220,24,Male,Gujarat,Ahmedabad,Tier 1,Tier 3,CSE,B.Tech,7.55,2,Yes,1,2,60,72,60,60,78.46,Software Developer,Not Placed,0.3874,0.0
STU04221,24,Female,Kerala,Kozhikode,Tier 2,Tier 2,CSE,B.Tech,7.06,0,Yes,3,3,64,80,52,63,98.31,Software Developer,Placed,0.7296,3.27
STU04222,20,Male,Tamil Nadu,Chennai,Tier 1,Tier 2,Mechanical,B.Tech,6.95,0,No,0,1,71,72,49,49,90.95,Design Engineer,Placed,0.3479,3.07
STU04223,24,Female,Telangana,Hyderabad,Tier 1,Tier 3,CSE,B.Tech,8.48,0,Yes,1,2,69,71,81,67,80.3,Software Developer,Placed,0.7377,2.5
STU04224,22,Male,Kerala,Thiruvananthapuram,Tier 1,Tier 3,AI & ML,B.Tech,8.39,0,Yes,2,2,57,94,62,73,87.43,Machine Learning Engineer,Not Placed,0.82,0.0
STU04225,21,Female,West Bengal,Durgapur,Tier 2,Tier 2,EEE,B.Tech,8.19,0,No,0,2,68,100,65,63,75.69,Electrical Engineer,Placed,0.6606,5.45
STU04226,22,Female,Andhra Pradesh,Vijayawada,Tier 3,Tier 2,AI & ML,B.E.,8.62,1,No,0,2,79,74,91,65,84.72,Machine Learning Engineer,Not Placed,0.5622,0.0
STU04227,22,Female,Andhra Pradesh,Visakhapatnam,Tier 1,Tier 1,Mechanical,B.Tech,8.1,0,No,3,3,65,61,63,58,83.8,Design Engineer,Placed,0.6429,4.67
STU04228,20,Female,Maharashtra,Mumbai,Tier 2,Tier 2,ECE,B.Tech,7.52,0,Yes,0,2,83,73,67,64,88.32,Embedded Engineer,Placed,0.628,2.93
STU04229,23,Male,Maharashtra,Mumbai,Tier 1,Tier 3,Civil,B.Tech,7.93,0,Yes,2,1,66,62,77,91,94.73,Civil Engineer,Placed,0.6918,5.1
STU04230,23,Male,Uttar Pradesh,Kanpur,Tier 1,Tier 3,Data Science,B.E.,6.85,2,Yes,4,4,67,79,99,52,89.4,Data Scientist,Not Placed,0.5201,0.0
STU04231,21,Male,Andhra Pradesh,Vijayawada,Tier 3,Tier 2,CSE,B.Tech,8.41,0,No,3,2,81,73,60,48,74.21,Software Developer,Placed,0.7205,6.53
STU04232,23,Male,Telangana,Warangal,Tier 2,Tier 3,Civil,B.E.,6.47,1,No,2,3,59,55,39,80,71.1,Civil Engineer,Not Placed,0.2908,0.0
STU04233,24,Male,Maharashtra,Nagpur,Tier 1,Tier 2,Civil,B.E.,8.03,1,No,0,2,95,70,46,87,80.72,Civil Engineer,Placed,0.5547,4.88
STU04234,23,Female,West Bengal,Kolkata,Tier 3,Tier 2,CSE,B.E.,7.1,0,Yes,2,2,68,80,88,69,90.54,Software Developer,Placed,0.7003,3.43
STU04235,21,Male,Karnataka,Bengaluru,Tier 3,Tier 1,CSE,B.E.,7.91,0,No,2,2,62,82,43,79,75.14,Software Developer,Placed,0.7248,6.21
STU04236,24,Female,Telangana,Warangal,Tier 2,Tier 3,AI & ML,B.Tech,7.44,0,Yes,4,2,62,62,71,71,76.65,Machine Learning Engineer,Placed,0.7128,3.24
STU04237,21,Female,Tamil Nadu,Chennai,Tier 1,Tier 2,CSE,B.E.,8.97,0,No,1,0,61,71,96,79,87.44,Software Developer,Placed,0.6762,4.15
STU04238,22,Male,Kerala,Kozhikode,Tier 2,Tier 2,Data Science,B.Tech,8.42,1,Yes,1,2,81,90,59,68,82.31,Data Scientist,Not Placed,0.7571,0.0
STU04239,21,Other,Tamil Nadu,Coimbatore,Tier 1,Tier 3,CSE,B.E.,8.38,0,No,1,1,85,68,40,69,81.71,Software Developer,Not Placed,0.6466,0.0
STU04240,23,Male,Uttar Pradesh,Lucknow,Tier 1,Tier 3,ISE,B.E.,8.27,2,Yes,4,2,64,56,81,47,82.93,Full Stack Developer,Placed,0.5027,6.88
STU04241,21,Female,Telangana,Hyderabad,Tier 1,Tier 3,ECE,B.E.,9.26,1,Yes,6,3,84,71,72,83,92.2,Embedded Engineer,Placed,0.8967,6.19
STU04242,21,Male,Uttar Pradesh,Noida,Tier 2,Tier 2,CSE,B.Tech,7.88,0,Yes,0,6,93,58,70,53,80.12,Software Developer,Placed,0.7213,5.27
STU04243,24,Male,Karnataka,Bengaluru,Tier 1,Tier 3,Data Science,B.Tech,6.31,1,Yes,1,2,47,66,53,78,73.5,Data Scientist,Not Placed,0.3512,0.0
STU04244,21,Male,Delhi,New Delhi,Tier 2,Tier 2,Data Science,B.E.,6.39,0,Yes,1,3,61,64,47,53,91.79,Data Scientist,Not Placed,0.4709,0.0
STU04245,24,Male,Karnataka,Mangaluru,Tier 1,Tier 2,ECE,B.Tech,7.02,0,No,1,3,62,57,59,80,79.5,Embedded Engineer,Not Placed,0.4446,0.0
STU04246,21,Female,Maharashtra,Pune,Tier 1,Tier 2,ISE,B.Tech,8.5,0,Yes,0,2,57,76,84,57,87.47,Full Stack Developer,Placed,0.6841,4.98
STU04247,23,Female,Maharashtra,Mumbai,Tier 2,Tier 2,CSE,B.Tech,7.35,0,Yes,3,2,68,88,40,76,87.61,Software Developer,Placed,0.7973,4.6
STU04248,22,Male,West Bengal,Kolkata,Tier 1,Tier 3,CSE,B.Tech,9.82,0,Yes,3,3,79,86,76,75,87.99,Software Developer,Placed,0.9298,5.63
STU04249,20,Male,Karnataka,Mangaluru,Tier 3,Tier 1,EEE,B.Tech,6.2,0,Yes,0,1,56,47,65,69,74.98,Electrical Engineer,Placed,0.3132,2.5
STU04250,24,Male,Tamil Nadu,Coimbatore,Tier 2,Tier 3,CSE,B.Tech,7.48,2,Yes,2,2,58,94,40,64,71.79,Software Developer,Not Placed,0.5284,0.0
STU04251,24,Female,Gujarat,Ahmedabad,Tier 2,Tier 2,ISE,B.Tech,9.09,0,Yes,2,3,78,77,52,52,72.21,Full Stack Developer,Placed,0.8462,3.48
STU04252,22,Male,West Bengal,Durgapur,Tier 2,Tier 2,Mechanical,B.E.,6.28,0,Yes,3,0,77,85,87,57,65.14,Design Engineer,Placed,0.5897,5.51
STU04253,20,Female,Andhra Pradesh,Tirupati,Tier 2,Tier 2,AI & ML,B.Tech,7.6,2,No,0,1,70,68,53,75,89.32,Machine Learning Engineer,Placed,0.2982,3.82
STU04254,21,Male,West Bengal,Kolkata,Tier 1,Tier 1,Data Science,B.Tech,8.03,0,Yes,2,0,69,95,52,60,83.4,Data Scientist,Placed,0.7961,6.11
STU04255,23,Female,Maharashtra,Nagpur,Tier 2,Tier 3,ISE,B.Tech,9.12,0,No,2,6,70,100,44,59,70.21,Full Stack Developer,Placed,0.8692,6.77
STU04256,21,Male,Uttar Pradesh,Lucknow,Tier 2,Tier 2,ECE,B.Tech,7.57,0,Yes,0,1,73,55,47,70,70.58,Embedded Engineer,Placed,0.5179,2.8
STU04257,20,Male,Maharashtra,Mumbai,Tier 1,Tier 3,Civil,B.E.,8.17,0,Yes,1,4,76,64,51,83,82.92,Civil Engineer,Placed,0.7497,4.5
STU04258,21,Female,Karnataka,Bengaluru,Tier 3,Tier 2,AI & ML,B.Tech,7.74,0,Yes,1,1,61,94,50,78,84.11,Machine Learning Engineer,Not Placed,0.7565,0.0
STU04259,24,Male,Maharashtra,Mumbai,Tier 2,Tier 3,Data Science,B.E.,7.98,1,Yes,1,1,80,67,69,69,69.85,Data Scientist,Not Placed,0.5859,0.0
STU04260,23,Other,Uttar Pradesh,Noida,Tier 1,Tier 2,EEE,B.Tech,7.24,1,Yes,1,1,80,76,55,81,86.09,Electrical Engineer,Placed,0.5619,3.0
STU04261,23,Female,Uttar Pradesh,Kanpur,Tier 1,Tier 2,ISE,B.Tech,8.3,0,Yes,1,2,57,90,100,66,76.13,Full Stack Developer,Placed,0.7724,6.47
STU04262,24,Male,Andhra Pradesh,Tirupati,Tier 2,Tier 1,Data Science,B.Tech,9.92,1,Yes,1,0,76,92,78,67,81.88,Data Scientist,Placed,0.8448,6.23
STU04263,21,Female,Maharashtra,Mumbai,Tier 2,Tier 2,Mechanical,B.E.,9.02,1,No,3,1,78,83,81,53,87.03,Design Engineer,Placed,0.6733,4.59
STU04264,23,Female,Telangana,Warangal,Tier 3,Tier 1,Civil,B.Tech,6.65,1,Yes,2,2,70,53,50,49,73.57,Civil Engineer,Not Placed,0.369,0.0
STU04265,21,Male,Tamil Nadu,Madurai,Tier 2,Tier 2,Mechanical,B.Tech,8.11,1,Yes,3,4,69,41,65,87,71.85,Design Engineer,Placed,0.648,2.5
STU04266,23,Female,Karnataka,Mysuru,Tier 2,Tier 1,CSE,B.Tech,8.02,0,Yes,1,2,51,75,84,56,75.47,Software Developer,Placed,0.6798,4.14
STU04267,24,Female,Telangana,Hyderabad,Tier 3,Tier 2,ECE,B.Tech,7.39,0,No,3,2,51,70,53,57,75.01,Embedded Engineer,Placed,0.5082,2.79
STU04268,23,Female,Tamil Nadu,Coimbatore,Tier 2,Tier 2,Data Science,B.Tech,7.45,0,No,3,0,58,59,52,37,72.65,Data Scientist,Not Placed,0.4149,0.0
STU04269,24,Male,Karnataka,Mysuru,Tier 3,Tier 2,EEE,B.Tech,8.1,0,No,1,1,92,71,56,55,95.42,Electrical Engineer,Placed,0.5932,6.27
STU04270,22,Female,Kerala,Kochi,Tier 1,Tier 3,Data Science,B.Tech,7.11,0,Yes,1,1,62,56,74,80,95.62,Data Scientist,Placed,0.5308,3.23
STU04271,23,Male,Karnataka,Bengaluru,Tier 1,Tier 2,AI & ML,B.Tech,7.91,1,Yes,3,4,57,92,70,96,82.68,Machine Learning Engineer,Placed,0.825,3.9
STU04272,22,Female,Andhra Pradesh,Tirupati,Tier 3,Tier 1,Data Science,B.Tech,7.42,0,Yes,1,1,89,71,56,40,80.76,Data Scientist,Not Placed,0.6396,0.0
STU04273,20,Male,Gujarat,Vadodara,Tier 1,Tier 3,CSE,B.E.,7.35,1,Yes,2,3,52,65,71,72,81.86,Software Developer,Placed,0.5265,3.99
STU04274,22,Male,Maharashtra,Nagpur,Tier 2,Tier 1,CSE,B.Tech,8.78,0,No,0,1,68,83,78,57,85.6,Software Developer,Not Placed,0.6733,0.0
STU04275,23,Male,Tamil Nadu,Madurai,Tier 1,Tier 2,Civil,B.Tech,8.1,1,Yes,1,1,68,68,66,55,67.5,Civil Engineer,Not Placed,0.5085,0.0
STU04276,22,Male,Tamil Nadu,Coimbatore,Tier 2,Tier 3,Data Science,B.Tech,7.12,1,Yes,2,2,45,77,55,58,72.71,Data Scientist,Placed,0.4668,5.32
STU04277,22,Male,Maharashtra,Mumbai,Tier 2,Tier 2,EEE,B.E.,7.49,0,Yes,2,3,65,79,87,77,76.77,Electrical Engineer,Not Placed,0.734,0.0
STU04278,24,Female,Karnataka,Mysuru,Tier 2,Tier 1,CSE,B.E.,7.31,0,No,3,2,51,61,56,55,84.23,Software Developer,Placed,0.5204,5.16
STU04279,21,Female,Gujarat,Surat,Tier 1,Tier 2,EEE,B.Tech,6.92,0,No,1,1,85,52,85,82,82.92,Electrical Engineer,Not Placed,0.4363,0.0
STU04280,24,Female,Andhra Pradesh,Tirupati,Tier 2,Tier 1,Data Science,B.E.,9.17,0,Yes,2,1,85,67,88,52,77.88,Data Scientist,Placed,0.8273,4.56
STU04281,24,Male,Andhra Pradesh,Vijayawada,Tier 2,Tier 2,CSE,B.Tech,7.79,0,Yes,1,1,50,77,82,68,67.92,Software Developer,Placed,0.6454,3.71
STU04282,24,Female,Gujarat,Vadodara,Tier 1,Tier 3,Civil,B.Tech,7.77,0,Yes,4,2,60,52,51,34,75.74,Civil Engineer,Not Placed,0.5642,0.0
STU04283,22,Female,Tamil Nadu,Chennai,Tier 3,Tier 2,Data Science,B.Tech,8.35,1,Yes,3,1,80,88,86,52,78.07,Data Scientist,Placed,0.7547,5.42
STU04284,23,Male,Delhi,Delhi,Tier 3,Tier 3,ISE,B.Tech,8.31,0,Yes,3,0,75,69,86,75,89.5,Full Stack Developer,Placed,0.7779,4.74
STU04285,21,Male,West Bengal,Durgapur,Tier 2,Tier 3,ECE,B.Tech,6.49,0,Yes,5,1,51,45,48,61,85.08,Embedded Engineer,Placed,0.4633,4.14
STU04286,20,Male,Telangana,Hyderabad,Tier 3,Tier 3,Data Science,B.Tech,9.72,0,Yes,1,2,100,73,71,66,75.7,Data Scientist,Placed,0.8795,2.5
STU04287,23,Female,Karnataka,Mangaluru,Tier 1,Tier 1,Data Science,B.Tech,9.21,1,Yes,1,2,76,100,78,72,83.61,Data Scientist,Placed,0.8559,4.93
STU04288,20,Female,Maharashtra,Mumbai,Tier 3,Tier 3,ECE,B.Tech,6.58,0,No,0,1,45,85,60,96,76.48,Embedded Engineer,Placed,0.4045,2.5
STU04289,24,Female,Telangana,Hyderabad,Tier 3,Tier 1,Data Science,B.E.,6.89,0,Yes,1,3,75,45,70,59,78.73,Data Scientist,Placed,0.5316,4.68
STU04290,23,Male,Kerala,Kozhikode,Tier 1,Tier 2,CSE,B.Tech,7.89,0,Yes,1,0,96,79,69,58,83.47,Software Developer,Placed,0.7328,4.2
STU04291,24,Female,Gujarat,Vadodara,Tier 3,Tier 1,CSE,B.Tech,7.96,0,Yes,1,3,74,92,100,63,82.37,Software Developer,Placed,0.8167,5.56
STU04292,22,Female,Andhra Pradesh,Vijayawada,Tier 2,Tier 3,CSE,B.Tech,7.65,0,No,2,2,64,95,75,65,89.3,Software Developer,Not Placed,0.6776,0.0
STU04293,22,Male,Telangana,Hyderabad,Tier 2,Tier 2,Data Science,B.Tech,7.7,2,Yes,6,0,87,77,60,80,85.14,Data Scientist,Placed,0.74,4.33
STU04294,22,Female,Telangana,Warangal,Tier 3,Tier 3,AI & ML,B.Tech,7.79,0,Yes,3,0,52,56,75,76,79.21,Machine Learning Engineer,Not Placed,0.6266,0.0
STU04295,21,Male,Karnataka,Mysuru,Tier 3,Tier 2,Data Science,B.E.,7.1,0,No,2,4,68,52,20,75,86.82,Data Scientist,Not Placed,0.5414,0.0
STU04296,21,Male,Uttar Pradesh,Kanpur,Tier 1,Tier 1,ISE,B.Tech,7.69,0,No,0,4,65,96,51,50,81.0,Full Stack Developer,Placed,0.6566,5.26
STU04297,23,Male,Maharashtra,Mumbai,Tier 2,Tier 2,Mechanical,B.E.,9.17,0,Yes,1,1,70,72,42,79,80.9,Design Engineer,Placed,0.7941,4.44
STU04298,22,Male,Kerala,Kozhikode,Tier 1,Tier 2,Data Science,B.Tech,7.26,0,No,1,1,84,87,65,62,81.71,Data Scientist,Placed,0.6043,4.83
STU04299,24,Male,Karnataka,Mangaluru,Tier 3,Tier 1,ECE,B.Tech,7.14,0,Yes,2,0,57,52,56,87,78.63,Embedded Engineer,Placed,0.5536,4.18
STU04300,22,Female,Gujarat,Ahmedabad,Tier 2,Tier 3,ISE,B.E.,6.4,0,No,2,5,73,50,43,81,79.08,Full Stack Developer,Not Placed,0.4923,0.0
STU04301,22,Male,Telangana,Warangal,Tier 1,Tier 1,CSE,B.Tech,8.96,0,No,1,1,91,78,52,71,75.07,Software Developer,Placed,0.7927,4.41
STU04302,23,Female,Gujarat,Vadodara,Tier 3,Tier 2,Mechanical,B.Tech,7.63,1,No,2,1,68,62,78,79,87.56,Design Engineer,Not Placed,0.4336,0.0
STU04303,22,Female,Karnataka,Bengaluru,Tier 3,Tier 2,AI & ML,B.Tech,7.27,1,Yes,1,4,87,76,78,57,97.3,Machine Learning Engineer,Placed,0.6238,3.34
STU04304,20,Female,Telangana,Karimnagar,Tier 2,Tier 1,AI & ML,B.Tech,5.99,1,No,3,1,81,57,74,70,79.77,Machine Learning Engineer,Not Placed,0.3549,0.0
STU04305,22,Female,Kerala,Thiruvananthapuram,Tier 2,Tier 1,ISE,B.E.,8.77,1,No,0,6,76,58,48,94,86.49,Full Stack Developer,Placed,0.7024,5.55
STU04306,23,Male,Telangana,Hyderabad,Tier 3,Tier 3,AI & ML,B.Tech,7.76,0,Yes,3,2,68,77,66,44,62.83,Machine Learning Engineer,Placed,0.7089,5.32
STU04307,23,Male,Maharashtra,Nagpur,Tier 2,Tier 3,Data Science,B.Tech,8.09,1,Yes,0,3,54,83,62,64,80.13,Data Scientist,Placed,0.5816,6.17
STU04308,20,Other,Kerala,Thiruvananthapuram,Tier 1,Tier 3,Data Science,B.E.,6.6,1,No,2,1,62,81,68,88,80.68,Data Scientist,Placed,0.4305,3.55
STU04309,23,Female,Gujarat,Surat,Tier 2,Tier 2,CSE,B.Tech,7.65,0,Yes,0,2,80,84,92,75,67.1,Software Developer,Not Placed,0.736,0.0
STU04310,21,Female,Kerala,Thiruvananthapuram,Tier 1,Tier 1,Mechanical,B.Tech,7.63,0,No,2,1,76,60,90,66,83.07,Design Engineer,Placed,0.5521,2.5
STU04311,24,Female,Uttar Pradesh,Lucknow,Tier 2,Tier 2,CSE,B.Tech,7.64,3,No,4,2,73,73,57,59,95.62,Software Developer,Not Placed,0.3691,0.0
STU04312,24,Male,Karnataka,Bengaluru,Tier 1,Tier 2,Data Science,B.Tech,6.74,0,No,4,2,85,65,47,65,83.29,Data Scientist,Placed,0.6183,3.68
STU04313,24,Male,Telangana,Karimnagar,Tier 2,Tier 2,EEE,B.E.,7.86,0,No,2,1,64,56,53,59,82.44,Electrical Engineer,Not Placed,0.473,0.0
STU04314,20,Female,Gujarat,Vadodara,Tier 2,Tier 2,CSE,B.Tech,6.66,0,No,1,1,75,56,73,71,84.76,Software Developer,Placed,0.4008,5.13
STU04315,22,Other,Kerala,Kozhikode,Tier 1,Tier 3,Civil,B.Tech,7.83,1,Yes,2,4,52,53,60,43,85.63,Civil Engineer,Not Placed,0.4279,0.0
STU04316,20,Male,Kerala,Kochi,Tier 3,Tier 3,ISE,B.E.,6.07,0,Yes,1,1,47,81,84,81,91.32,Full Stack Developer,Not Placed,0.4841,0.0
STU04317,20,Female,Karnataka,Mangaluru,Tier 1,Tier 3,AI & ML,B.E.,7.2,1,No,1,1,54,73,84,77,69.72,Machine Learning Engineer,Placed,0.3623,4.05
STU04318,20,Male,Maharashtra,Nagpur,Tier 3,Tier 1,AI & ML,B.Tech,8.64,0,Yes,5,1,80,82,66,75,82.62,Machine Learning Engineer,Placed,0.9132,6.23
STU04319,22,Female,Telangana,Warangal,Tier 2,Tier 2,AI & ML,B.E.,7.28,0,No,0,2,50,73,75,83,75.92,Machine Learning Engineer,Not Placed,0.4866,0.0
STU04320,21,Female,Gujarat,Vadodara,Tier 1,Tier 3,CSE,B.Tech,7.17,0,No,1,2,60,50,55,74,81.74,Software Developer,Placed,0.4,3.88
STU04321,21,Female,Maharashtra,Nagpur,Tier 2,Tier 1,CSE,B.E.,7.44,1,Yes,3,1,51,73,65,61,74.78,Software Developer,Placed,0.5812,5.04
STU04322,24,Male,Maharashtra,Pune,Tier 2,Tier 3,Mechanical,B.Tech,8.94,1,Yes,2,2,97,79,86,78,76.67,Design Engineer,Placed,0.8074,5.97
STU04323,22,Female,Kerala,Kochi,Tier 2,Tier 1,AI & ML,B.Tech,6.26,0,No,3,3,48,76,79,63,70.91,Machine Learning Engineer,Placed,0.509,5.53
STU04324,23,Male,Karnataka,Mysuru,Tier 2,Tier 3,Mechanical,B.Tech,8.69,0,Yes,3,2,52,93,76,85,89.11,Design Engineer,Placed,0.8518,4.23
STU04325,24,Female,Tamil Nadu,Coimbatore,Tier 3,Tier 1,ECE,B.Tech,8.39,0,Yes,6,1,55,63,61,87,71.5,Embedded Engineer,Placed,0.8548,8.31
STU04326,21,Female,Delhi,New Delhi,Tier 3,Tier 3,CSE,B.Tech,8.69,0,Yes,3,0,69,59,66,61,86.04,Software Developer,Placed,0.7318,6.65
STU04327,24,Male,Karnataka,Mysuru,Tier 2,Tier 2,CSE,B.E.,7.89,0,Yes,0,0,47,65,52,70,69.36,Software Developer,Placed,0.534,2.8
STU04328,21,Male,Maharashtra,Pune,Tier 2,Tier 2,AI & ML,B.E.,7.15,1,No,1,2,60,79,65,37,78.24,Machine Learning Engineer,Placed,0.3303,3.91
STU04329,22,Male,Karnataka,Bengaluru,Tier 2,Tier 1,ECE,B.E.,7.2,1,Yes,1,1,62,62,48,63,72.7,Embedded Engineer,Not Placed,0.4178,0.0
STU04330,22,Female,Kerala,Thiruvananthapuram,Tier 3,Tier 3,CSE,B.Tech,9.24,0,No,0,1,62,80,83,71,76.69,Software Developer,Not Placed,0.6848,0.0
STU04331,21,Male,Kerala,Kozhikode,Tier 3,Tier 3,Civil,B.E.,7.07,0,No,1,1,89,54,80,63,78.09,Civil Engineer,Placed,0.3978,2.76
STU04332,20,Male,Maharashtra,Nagpur,Tier 1,Tier 3,ISE,B.Tech,6.91,0,Yes,2,1,52,55,34,68,86.11,Full Stack Developer,Placed,0.4827,2.87
STU04333,22,Male,Karnataka,Mangaluru,Tier 2,Tier 3,AI & ML,B.Tech,7.04,0,Yes,3,3,61,76,84,58,81.3,Machine Learning Engineer,Placed,0.6762,5.21
STU04334,20,Male,Maharashtra,Mumbai,Tier 1,Tier 2,ISE,B.E.,7.54,0,Yes,1,2,82,58,63,59,90.16,Full Stack Developer,Placed,0.6267,5.18
STU04335,20,Male,Karnataka,Mysuru,Tier 2,Tier 3,ISE,B.E.,6.54,0,No,2,1,57,72,80,61,75.13,Full Stack Developer,Not Placed,0.4005,0.0
STU04336,24,Female,Gujarat,Ahmedabad,Tier 2,Tier 2,CSE,B.Tech,6.89,0,Yes,3,1,78,38,66,83,79.93,Software Developer,Not Placed,0.591,0.0
STU04337,23,Female,Gujarat,Vadodara,Tier 2,Tier 3,Mechanical,B.Tech,6.32,0,No,1,3,63,92,54,65,63.16,Design Engineer,Not Placed,0.4616,0.0
STU04338,24,Male,Uttar Pradesh,Noida,Tier 1,Tier 1,AI & ML,B.Tech,6.84,0,No,2,3,52,48,45,62,78.73,Machine Learning Engineer,Placed,0.4132,5.81
STU04339,20,Male,Uttar Pradesh,Noida,Tier 2,Tier 3,CSE,B.Tech,7.53,0,No,2,4,83,73,59,59,84.81,Software Developer,Placed,0.6563,4.34
STU04340,20,Male,Tamil Nadu,Chennai,Tier 3,Tier 3,AI & ML,B.Tech,7.58,0,Yes,6,2,69,73,54,67,79.38,Machine Learning Engineer,Placed,0.8272,4.82
STU04341,24,Female,Delhi,New Delhi,Tier 1,Tier 2,AI & ML,B.E.,6.69,0,Yes,2,2,40,70,64,52,100.0,Machine Learning Engineer,Not Placed,0.4857,0.0
STU04342,21,Female,Tamil Nadu,Madurai,Tier 3,Tier 2,ISE,B.Tech,8.37,0,No,5,1,64,81,72,84,72.94,Full Stack Developer,Placed,0.8264,3.05
STU04343,23,Male,Telangana,Karimnagar,Tier 3,Tier 2,CSE,B.E.,8.11,1,No,0,3,75,77,75,89,83.21,Software Developer,Placed,0.6022,5.14
STU04344,22,Female,Andhra Pradesh,Tirupati,Tier 2,Tier 2,CSE,B.Tech,7.89,0,Yes,1,0,82,60,65,67,70.21,Software Developer,Not Placed,0.6478,0.0
STU04345,20,Female,Telangana,Karimnagar,Tier 2,Tier 3,Mechanical,B.Tech,7.19,0,Yes,3,1,65,76,96,66,77.76,Design Engineer,Placed,0.6449,3.47
STU04346,20,Male,Uttar Pradesh,Kanpur,Tier 2,Tier 2,CSE,B.Tech,8.73,0,No,3,0,95,100,80,68,74.79,Software Developer,Placed,0.8564,5.7
STU04347,21,Male,Delhi,Delhi,Tier 2,Tier 2,EEE,B.E.,8.46,1,No,4,3,91,73,52,45,88.73,Electrical Engineer,Placed,0.6754,4.21
STU04348,23,Male,Delhi,New Delhi,Tier 1,Tier 1,ECE,B.Tech,5.88,1,No,1,1,70,73,82,83,76.55,Embedded Engineer,Placed,0.3011,2.5
STU04349,22,Male,Tamil Nadu,Chennai,Tier 2,Tier 2,Data Science,B.E.,7.66,0,Yes,1,4,90,89,68,55,84.69,Data Scientist,Not Placed,0.799,0.0
STU04350,22,Male,West Bengal,Durgapur,Tier 3,Tier 1,Mechanical,B.Tech,7.18,0,No,2,1,41,72,66,83,89.07,Design Engineer,Placed,0.5007,4.08
STU04351,21,Female,Gujarat,Surat,Tier 3,Tier 3,AI & ML,B.E.,7.86,0,No,1,1,61,99,100,63,88.45,Machine Learning Engineer,Not Placed,0.6385,0.0
STU04352,24,Female,Andhra Pradesh,Vijayawada,Tier 3,Tier 3,Mechanical,B.Tech,7.05,0,Yes,3,3,64,40,40,87,69.99,Design Engineer,Not Placed,0.5799,0.0
STU04353,24,Female,Maharashtra,Nagpur,Tier 3,Tier 2,AI & ML,B.Tech,8.76,0,No,1,2,80,86,64,49,90.65,Machine Learning Engineer,Placed,0.727,3.27
STU04354,22,Female,Telangana,Karimnagar,Tier 2,Tier 3,Mechanical,B.Tech,7.77,0,No,3,3,75,63,57,28,78.47,Design Engineer,Not Placed,0.5087,0.0
STU04355,21,Male,Gujarat,Vadodara,Tier 3,Tier 1,AI & ML,B.Tech,8.25,0,Yes,4,1,73,55,51,72,82.79,Machine Learning Engineer,Not Placed,0.8011,0.0
STU04356,22,Male,Uttar Pradesh,Lucknow,Tier 3,Tier 1,CSE,B.Tech,9.9,0,No,2,2,98,76,71,88,88.66,Software Developer,Placed,0.9086,4.51
STU04357,21,Female,Telangana,Warangal,Tier 2,Tier 2,Mechanical,B.Tech,9.3,0,Yes,2,2,63,76,38,84,94.72,Design Engineer,Placed,0.8501,5.54
STU04358,22,Male,Delhi,Delhi,Tier 2,Tier 3,CSE,B.Tech,6.82,0,Yes,3,2,91,81,90,69,72.96,Software Developer,Placed,0.753,2.77
STU04359,20,Female,Gujarat,Surat,Tier 1,Tier 2,CSE,B.Tech,8.01,1,Yes,2,1,58,100,90,38,83.26,Software Developer,Placed,0.64,5.14
STU04360,23,Male,Delhi,Delhi,Tier 1,Tier 3,Data Science,B.Tech,8.96,0,Yes,3,3,56,90,78,59,82.34,Data Scientist,Placed,0.8583,4.83
STU04361,24,Male,Uttar Pradesh,Kanpur,Tier 2,Tier 2,ECE,B.Tech,9.48,0,No,3,0,72,68,64,85,87.35,Embedded Engineer,Placed,0.79,6.71
STU04362,20,Male,Karnataka,Bengaluru,Tier 1,Tier 2,ISE,B.E.,7.31,0,Yes,3,1,61,46,39,71,82.4,Full Stack Developer,Not Placed,0.5866,0.0
STU04363,20,Male,Telangana,Karimnagar,Tier 3,Tier 2,CSE,B.Tech,7.35,1,Yes,0,2,62,72,85,60,87.63,Software Developer,Not Placed,0.4569,0.0
STU04364,21,Female,Andhra Pradesh,Visakhapatnam,Tier 2,Tier 2,ECE,B.Tech,7.61,0,No,1,3,80,45,55,48,86.71,Embedded Engineer,Placed,0.4161,3.71
STU04365,21,Male,Andhra Pradesh,Visakhapatnam,Tier 3,Tier 3,EEE,B.Tech,8.43,2,Yes,2,3,71,83,63,76,96.22,Electrical Engineer,Placed,0.6434,4.47
STU04366,20,Male,Kerala,Kochi,Tier 2,Tier 1,Civil,B.Tech,8.49,0,No,1,0,71,70,48,87,90.58,Civil Engineer,Not Placed,0.6654,0.0
STU04367,22,Male,Uttar Pradesh,Kanpur,Tier 1,Tier 2,Civil,B.Tech,7.69,0,No,2,2,53,82,58,32,89.83,Civil Engineer,Placed,0.4812,5.53
STU04368,23,Female,Delhi,New Delhi,Tier 1,Tier 3,CSE,B.Tech,7.59,2,No,2,4,63,90,39,62,79.39,Software Developer,Placed,0.4687,3.23
STU04369,21,Male,West Bengal,Kolkata,Tier 2,Tier 2,AI & ML,B.Tech,7.48,1,Yes,3,2,65,60,61,77,64.62,Machine Learning Engineer,Placed,0.6111,5.03
STU04370,21,Female,Delhi,Delhi,Tier 1,Tier 2,CSE,B.Tech,7.41,0,No,4,4,70,79,78,75,78.85,Software Developer,Placed,0.764,3.52
STU04371,20,Male,Delhi,New Delhi,Tier 2,Tier 3,CSE,B.Tech,6.95,1,No,0,0,71,61,30,96,77.09,Software Developer,Not Placed,0.3224,0.0
STU04372,24,Male,Gujarat,Vadodara,Tier 2,Tier 3,ECE,B.Tech,8.59,0,Yes,1,3,60,77,74,69,71.92,Embedded Engineer,Not Placed,0.7423,0.0
STU04373,24,Male,Karnataka,Mangaluru,Tier 1,Tier 3,ECE,B.Tech,7.68,2,No,3,0,77,64,67,60,84.6,Embedded Engineer,Not Placed,0.315,0.0
STU04374,24,Female,Maharashtra,Mumbai,Tier 2,Tier 2,CSE,B.Tech,8.58,1,Yes,0,0,87,96,81,53,78.14,Software Developer,Placed,0.6958,4.49
STU04375,20,Male,Maharashtra,Mumbai,Tier 1,Tier 2,CSE,B.E.,8.97,0,No,1,0,81,81,68,87,88.3,Software Developer,Placed,0.7774,5.86
STU04376,23,Female,Tamil Nadu,Coimbatore,Tier 3,Tier 1,Mechanical,B.Tech,8.2,0,Yes,2,1,68,66,75,66,78.02,Design Engineer,Not Placed,0.7164,0.0
STU04377,24,Male,Kerala,Kozhikode,Tier 2,Tier 3,CSE,B.Tech,9.15,0,No,1,6,91,100,86,63,87.87,Software Developer,Placed,0.8833,4.89
STU04378,24,Male,Karnataka,Bengaluru,Tier 2,Tier 3,ISE,B.Tech,7.14,0,No,3,3,76,63,49,70,83.07,Full Stack Developer,Not Placed,0.6028,0.0
STU04379,22,Female,Uttar Pradesh,Kanpur,Tier 1,Tier 2,AI & ML,B.E.,8.13,0,Yes,2,0,81,93,83,40,82.21,Machine Learning Engineer,Placed,0.7607,5.21
STU04380,20,Other,Maharashtra,Mumbai,Tier 2,Tier 1,CSE,B.E.,6.06,0,Yes,2,0,50,44,54,56,89.79,Software Developer,Not Placed,0.3276,0.0
STU04381,20,Male,Karnataka,Mysuru,Tier 1,Tier 1,Data Science,B.Tech,6.57,0,Yes,4,1,71,53,35,40,85.91,Data Scientist,Not Placed,0.548,0.0
STU04382,22,Male,Uttar Pradesh,Noida,Tier 2,Tier 1,CSE,B.E.,7.19,1,Yes,2,2,70,89,60,82,81.87,Software Developer,Placed,0.711,4.18
STU04383,22,Female,Andhra Pradesh,Visakhapatnam,Tier 2,Tier 2,AI & ML,B.Tech,6.61,0,Yes,2,2,58,72,54,84,84.63,Machine Learning Engineer,Placed,0.6332,5.76
STU04384,22,Other,Telangana,Hyderabad,Tier 2,Tier 3,CSE,B.Tech,8.68,1,Yes,3,3,74,100,66,100,85.83,Software Developer,Placed,0.8922,6.04
STU04385,22,Male,Delhi,Delhi,Tier 1,Tier 3,EEE,B.Tech,7.63,0,No,2,1,52,84,84,67,83.13,Electrical Engineer,Not Placed,0.5406,0.0
STU04386,22,Male,Tamil Nadu,Chennai,Tier 2,Tier 3,EEE,B.E.,7.63,0,No,2,0,98,75,80,53,69.18,Electrical Engineer,Not Placed,0.571,0.0
STU04387,21,Male,Andhra Pradesh,Tirupati,Tier 1,Tier 2,ECE,B.Tech,9.04,1,Yes,2,3,91,79,84,49,82.18,Embedded Engineer,Placed,0.7752,4.01
STU04388,23,Male,Kerala,Kozhikode,Tier 1,Tier 2,Data Science,B.Tech,7.99,0,Yes,3,4,79,95,87,68,80.94,Data Scientist,Placed,0.8829,5.81
STU04389,22,Female,Gujarat,Vadodara,Tier 2,Tier 3,Data Science,B.E.,7.04,0,No,3,2,93,62,70,59,72.33,Data Scientist,Placed,0.5808,4.07
STU04390,21,Male,Delhi,New Delhi,Tier 2,Tier 2,ISE,B.E.,8.75,0,No,1,3,86,56,55,67,72.73,Full Stack Developer,Placed,0.6942,2.5
STU04391,20,Male,Delhi,Delhi,Tier 1,Tier 3,AI & ML,B.Tech,8.53,1,No,3,1,69,79,64,62,85.04,Machine Learning Engineer,Placed,0.6229,5.39
STU04392,20,Male,Maharashtra,Nagpur,Tier 1,Tier 3,AI & ML,B.Tech,8.3,0,No,1,4,72,77,66,72,70.57,Machine Learning Engineer,Placed,0.7132,2.5
STU04393,21,Other,Telangana,Warangal,Tier 3,Tier 2,Data Science,B.Tech,7.82,0,Yes,1,0,69,25,59,95,84.62,Data Scientist,Not Placed,0.532,0.0
STU04394,21,Male,West Bengal,Kolkata,Tier 3,Tier 1,EEE,B.Tech,6.15,1,Yes,2,0,55,53,46,89,79.73,Electrical Engineer,Not Placed,0.3402,0.0
STU04395,23,Male,Telangana,Warangal,Tier 2,Tier 2,AI & ML,B.Tech,8.71,0,Yes,2,3,69,80,43,74,90.6,Machine Learning Engineer,Placed,0.8516,6.31
STU04396,24,Male,Telangana,Karimnagar,Tier 3,Tier 2,ISE,B.E.,8.55,0,No,2,1,75,100,77,66,72.54,Full Stack Developer,Placed,0.7957,4.69
STU04397,24,Male,Delhi,Delhi,Tier 2,Tier 1,Mechanical,B.Tech,6.79,0,No,2,4,55,24,69,44,74.75,Design Engineer,Not Placed,0.2623,0.0
STU04398,23,Female,Andhra Pradesh,Tirupati,Tier 1,Tier 2,CSE,B.Tech,7.56,0,Yes,2,2,47,67,96,77,74.47,Software Developer,Placed,0.6607,6.5
STU04399,20,Male,Tamil Nadu,Madurai,Tier 1,Tier 3,ECE,B.Tech,8.56,1,No,0,4,96,80,47,90,74.16,Embedded Engineer,Not Placed,0.6911,0.0
STU04400,23,Male,Andhra Pradesh,Visakhapatnam,Tier 3,Tier 3,Mechanical,B.Tech,6.95,0,Yes,1,1,74,79,85,54,85.34,Design Engineer,Placed,0.5358,2.72
STU04401,20,Male,Gujarat,Surat,Tier 1,Tier 1,CSE,B.Tech,8.25,2,No,1,2,62,90,67,68,89.1,Software Developer,Placed,0.5134,5.45
STU04402,21,Female,Gujarat,Ahmedabad,Tier 3,Tier 2,CSE,B.Tech,7.16,2,Yes,3,0,67,62,63,77,81.52,Software Developer,Placed,0.4294,4.63
STU04403,24,Female,Telangana,Hyderabad,Tier 3,Tier 1,Data Science,B.Tech,7.71,0,Yes,1,2,95,100,82,96,73.06,Data Scientist,Placed,0.8882,4.01
STU04404,21,Male,Kerala,Kochi,Tier 3,Tier 1,CSE,B.E.,8.59,0,No,6,3,62,78,55,66,83.99,Software Developer,Placed,0.866,5.07
STU04405,23,Female,Telangana,Warangal,Tier 2,Tier 1,Mechanical,B.Tech,7.36,0,Yes,2,2,74,89,86,94,87.32,Design Engineer,Placed,0.8132,4.17
STU04406,20,Male,Karnataka,Mysuru,Tier 2,Tier 2,CSE,B.Tech,5.86,0,No,1,2,49,70,64,72,76.0,Software Developer,Not Placed,0.3289,0.0
STU04407,21,Female,Telangana,Hyderabad,Tier 2,Tier 2,AI & ML,B.E.,6.87,0,Yes,4,1,42,77,55,48,88.1,Machine Learning Engineer,Not Placed,0.5958,0.0
STU04408,21,Male,Karnataka,Mangaluru,Tier 1,Tier 3,ECE,B.Tech,7.35,1,No,2,3,79,65,78,69,97.62,Embedded Engineer,Placed,0.4486,3.92
STU04409,21,Male,Tamil Nadu,Coimbatore,Tier 3,Tier 2,CSE,B.Tech,8.07,0,Yes,2,1,89,88,75,58,85.97,Software Developer,Not Placed,0.8096,0.0
STU04410,22,Female,Kerala,Thiruvananthapuram,Tier 1,Tier 1,Civil,B.Tech,8.18,0,Yes,4,0,82,83,50,68,77.64,Civil Engineer,Placed,0.8422,4.08
STU04411,22,Female,Karnataka,Mangaluru,Tier 2,Tier 2,CSE,B.Tech,7.16,1,Yes,1,4,56,40,66,60,85.29,Software Developer,Placed,0.3714,2.71
STU04412,20,Male,Uttar Pradesh,Noida,Tier 3,Tier 3,Civil,B.E.,7.87,0,No,2,3,43,78,58,45,71.67,Civil Engineer,Placed,0.4981,4.6
STU04413,24,Male,West Bengal,Kolkata,Tier 2,Tier 3,EEE,B.E.,7.48,0,No,0,2,57,71,56,72,100.0,Electrical Engineer,Not Placed,0.4305,0.0
STU04414,22,Male,Karnataka,Mysuru,Tier 1,Tier 2,Data Science,B.Tech,6.48,1,Yes,2,1,60,98,56,78,84.04,Data Scientist,Placed,0.5882,4.15
STU04415,20,Female,Karnataka,Mysuru,Tier 1,Tier 3,CSE,B.Tech,6.22,0,Yes,3,2,78,86,71,78,85.0,Software Developer,Not Placed,0.7085,0.0
STU04416,22,Female,Kerala,Kozhikode,Tier 1,Tier 3,AI & ML,B.E.,8.23,1,Yes,0,1,64,76,36,73,80.89,Machine Learning Engineer,Not Placed,0.5738,0.0
STU04417,21,Male,Kerala,Kochi,Tier 3,Tier 1,ISE,B.Tech,7.19,0,No,3,0,47,55,69,62,73.27,Full Stack Developer,Placed,0.4388,5.16
STU04418,24,Female,Uttar Pradesh,Noida,Tier 1,Tier 3,ISE,B.E.,7.15,0,Yes,2,1,71,84,39,68,88.38,Full Stack Developer,Not Placed,0.6876,0.0
STU04419,23,Female,Gujarat,Surat,Tier 1,Tier 1,CSE,B.Tech,7.88,0,No,1,2,54,89,50,53,76.99,Software Developer,Not Placed,0.6201,0.0
STU04420,22,Female,Karnataka,Bengaluru,Tier 2,Tier 2,CSE,B.Tech,6.16,0,No,3,2,44,61,22,65,69.95,Software Developer,Not Placed,0.3725,0.0
STU04421,22,Female,Uttar Pradesh,Noida,Tier 1,Tier 2,CSE,B.Tech,8.4,0,Yes,1,1,82,91,69,46,97.24,Software Developer,Placed,0.7763,5.12
STU04422,21,Female,Andhra Pradesh,Visakhapatnam,Tier 1,Tier 2,CSE,B.Tech,7.88,0,No,1,2,87,67,66,52,75.47,Software Developer,Placed,0.5896,6.25
STU04423,20,Male,Karnataka,Mangaluru,Tier 1,Tier 3,CSE,B.Tech,8.19,0,Yes,1,1,62,83,73,71,69.92,Software Developer,Not Placed,0.7278,0.0
STU04424,22,Male,Telangana,Karimnagar,Tier 3,Tier 2,Mechanical,B.Tech,8.16,0,Yes,4,1,87,51,57,67,78.44,Design Engineer,Placed,0.7535,5.02
STU04425,21,Male,Tamil Nadu,Coimbatore,Tier 2,Tier 2,EEE,B.E.,8.75,0,No,3,3,95,55,62,86,78.13,Electrical Engineer,Placed,0.7943,5.6
STU04426,23,Male,Karnataka,Bengaluru,Tier 2,Tier 3,AI & ML,B.Tech,7.38,1,Yes,2,2,68,81,86,86,91.33,Machine Learning Engineer,Placed,0.661,6.69
STU04427,24,Female,Delhi,Delhi,Tier 1,Tier 1,Data Science,B.Tech,7.88,1,Yes,1,2,64,72,83,61,87.65,Data Scientist,Not Placed,0.5994,0.0
STU04428,22,Male,Uttar Pradesh,Lucknow,Tier 1,Tier 3,Data Science,B.E.,7.19,0,No,0,5,65,85,60,80,83.71,Data Scientist,Placed,0.6186,2.5
STU04429,20,Male,Andhra Pradesh,Vijayawada,Tier 2,Tier 2,ISE,B.E.,5.37,1,Yes,1,2,47,63,45,81,95.62,Full Stack Developer,Not Placed,0.2745,0.0
STU04430,21,Female,Kerala,Kozhikode,Tier 2,Tier 3,ECE,B.E.,7.98,0,Yes,1,3,65,73,76,68,78.1,Embedded Engineer,Placed,0.6811,5.12
STU04431,24,Female,Uttar Pradesh,Lucknow,Tier 3,Tier 2,ECE,B.Tech,7.05,0,Yes,2,1,64,100,58,75,76.07,Embedded Engineer,Placed,0.7231,4.15
STU04432,23,Male,Telangana,Karimnagar,Tier 1,Tier 2,Civil,B.Tech,6.56,0,No,2,1,68,81,100,78,92.35,Civil Engineer,Not Placed,0.5076,0.0
STU04433,21,Female,Delhi,Delhi,Tier 1,Tier 1,Data Science,B.E.,6.92,0,Yes,2,2,77,52,42,60,84.65,Data Scientist,Not Placed,0.5952,0.0
STU04434,21,Male,Delhi,New Delhi,Tier 1,Tier 2,CSE,B.E.,6.28,0,No,1,3,66,95,55,83,78.89,Software Developer,Not Placed,0.5898,0.0
STU04435,22,Male,Telangana,Hyderabad,Tier 2,Tier 1,ECE,B.E.,6.9,0,Yes,2,3,57,94,66,67,81.9,Embedded Engineer,Placed,0.7157,4.29
STU04436,24,Male,Gujarat,Surat,Tier 1,Tier 1,Data Science,B.Tech,7.12,2,Yes,1,1,56,43,59,63,75.0,Data Scientist,Placed,0.2531,4.73
STU04437,20,Male,Andhra Pradesh,Vijayawada,Tier 2,Tier 2,ECE,B.Tech,7.77,0,No,3,2,55,36,52,73,80.17,Embedded Engineer,Placed,0.4579,2.5
STU04438,22,Female,Telangana,Hyderabad,Tier 2,Tier 3,CSE,B.E.,7.7,0,Yes,2,3,71,77,61,50,99.82,Software Developer,Not Placed,0.71,0.0
STU04439,20,Female,Telangana,Hyderabad,Tier 2,Tier 2,AI & ML,B.E.,8.18,1,No,3,4,94,98,87,73,84.45,Machine Learning Engineer,Placed,0.8173,2.78
STU04440,21,Female,Tamil Nadu,Coimbatore,Tier 2,Tier 2,Data Science,B.Tech,7.58,0,Yes,1,2,61,91,87,66,74.56,Data Scientist,Placed,0.7236,3.55
STU04441,20,Female,Tamil Nadu,Madurai,Tier 2,Tier 2,Data Science,B.E.,8.64,0,No,2,2,76,69,60,47,95.89,Data Scientist,Not Placed,0.6741,0.0
STU04442,22,Male,Uttar Pradesh,Lucknow,Tier 2,Tier 3,CSE,B.E.,7.73,1,Yes,4,2,74,81,86,73,85.4,Software Developer,Not Placed,0.75,0.0
STU04443,21,Female,Maharashtra,Pune,Tier 2,Tier 3,Mechanical,B.E.,7.13,0,No,0,3,71,55,45,70,76.37,Design Engineer,Placed,0.3827,3.19
STU04444,23,Male,Uttar Pradesh,Noida,Tier 1,Tier 3,CSE,B.Tech,8.41,0,No,2,2,63,95,81,93,89.86,Software Developer,Placed,0.8033,4.89
STU04445,22,Male,Karnataka,Mangaluru,Tier 2,Tier 2,CSE,B.E.,8.65,0,No,5,3,56,74,72,44,89.65,Software Developer,Not Placed,0.7661,0.0
STU04446,23,Female,Uttar Pradesh,Kanpur,Tier 1,Tier 2,CSE,B.E.,6.38,0,Yes,0,0,78,74,52,70,73.9,Software Developer,Not Placed,0.4973,0.0
STU04447,21,Male,Gujarat,Surat,Tier 2,Tier 2,ISE,B.Tech,8.62,0,Yes,1,3,76,61,73,38,87.85,Full Stack Developer,Placed,0.6972,4.66
STU04448,22,Female,Maharashtra,Mumbai,Tier 1,Tier 1,Mechanical,B.Tech,7.54,3,No,2,2,62,77,74,64,73.68,Design Engineer,Not Placed,0.2749,0.0
STU04449,24,Male,Karnataka,Mysuru,Tier 2,Tier 2,ECE,B.Tech,7.54,0,Yes,4,7,74,67,57,77,75.2,Embedded Engineer,Placed,0.8443,2.61
STU04450,21,Male,Andhra Pradesh,Tirupati,Tier 2,Tier 1,Data Science,B.Tech,6.96,0,Yes,2,2,61,77,57,87,88.37,Data Scientist,Placed,0.7276,3.59
STU04451,21,Male,Gujarat,Ahmedabad,Tier 1,Tier 3,AI & ML,B.Tech,8.03,1,No,5,0,52,87,65,58,86.89,Machine Learning Engineer,Placed,0.6056,5.32
STU04452,23,Male,Delhi,New Delhi,Tier 1,Tier 3,Data Science,B.E.,8.81,0,No,2,2,78,73,82,86,85.91,Data Scientist,Placed,0.7836,2.63
STU04453,22,Male,Delhi,New Delhi,Tier 1,Tier 1,AI & ML,B.Tech,6.0,2,No,1,1,48,63,55,70,89.28,Machine Learning Engineer,Not Placed,0.1555,0.0
STU04454,23,Female,Karnataka,Mysuru,Tier 3,Tier 1,Data Science,B.Tech,8.76,1,No,1,1,90,82,79,46,73.1,Data Scientist,Placed,0.6359,4.48
STU04455,24,Male,Maharashtra,Mumbai,Tier 1,Tier 3,CSE,B.Tech,6.77,0,No,5,0,56,68,76,76,66.85,Software Developer,Not Placed,0.5586,0.0
STU04456,20,Male,Maharashtra,Mumbai,Tier 1,Tier 3,ISE,B.Tech,7.3,0,No,2,0,63,80,79,62,78.79,Full Stack Developer,Not Placed,0.516,0.0
STU04457,22,Female,Karnataka,Mysuru,Tier 2,Tier 2,ECE,B.Tech,7.92,0,No,4,1,89,72,65,89,77.02,Embedded Engineer,Placed,0.7735,3.75
STU04458,20,Male,Tamil Nadu,Madurai,Tier 3,Tier 2,Mechanical,B.E.,7.6,0,No,3,0,56,79,73,54,73.53,Design Engineer,Placed,0.5277,4.01
STU04459,24,Male,Delhi,Delhi,Tier 2,Tier 2,AI & ML,B.Tech,8.35,0,No,0,1,71,54,79,57,93.67,Machine Learning Engineer,Not Placed,0.4812,0.0
STU04460,21,Female,Andhra Pradesh,Vijayawada,Tier 2,Tier 3,CSE,B.E.,8.51,0,No,2,2,93,55,62,65,70.72,Software Developer,Not Placed,0.6805,0.0
STU04461,21,Male,Maharashtra,Nagpur,Tier 2,Tier 3,Mechanical,B.Tech,7.96,0,No,0,1,80,45,47,58,77.9,Design Engineer,Placed,0.3719,3.82
STU04462,23,Male,Maharashtra,Mumbai,Tier 1,Tier 2,Data Science,B.Tech,8.9,0,No,3,1,67,61,54,63,95.01,Data Scientist,Not Placed,0.7033,0.0
STU04463,22,Female,Gujarat,Ahmedabad,Tier 2,Tier 3,Data Science,B.Tech,6.99,0,No,1,3,25,72,69,75,70.31,Data Scientist,Not Placed,0.4018,0.0
STU04464,21,Male,Kerala,Kozhikode,Tier 2,Tier 3,Civil,B.E.,6.01,0,Yes,0,0,54,60,70,64,69.13,Civil Engineer,Not Placed,0.2655,0.0
STU04465,24,Female,Andhra Pradesh,Tirupati,Tier 3,Tier 3,CSE,B.Tech,8.45,0,Yes,0,3,64,64,57,55,80.5,Software Developer,Placed,0.6489,4.61
STU04466,24,Female,Tamil Nadu,Chennai,Tier 2,Tier 3,Data Science,B.Tech,7.61,0,No,2,1,85,88,65,63,78.22,Data Scientist,Not Placed,0.6735,0.0
STU04467,24,Female,Karnataka,Mangaluru,Tier 2,Tier 3,CSE,B.Tech,6.96,0,No,3,0,74,83,80,44,81.29,Software Developer,Placed,0.5151,2.5
STU04468,22,Male,Karnataka,Bengaluru,Tier 2,Tier 2,CSE,B.Tech,8.18,0,Yes,3,4,51,60,66,61,100.0,Software Developer,Placed,0.7416,4.46
STU04469,22,Male,Telangana,Karimnagar,Tier 1,Tier 2,Civil,B.Tech,8.15,0,No,6,2,84,48,72,78,87.38,Civil Engineer,Not Placed,0.7619,0.0
STU04470,21,Female,Gujarat,Surat,Tier 1,Tier 3,ISE,B.E.,6.23,1,No,6,4,46,58,86,78,84.21,Full Stack Developer,Not Placed,0.461,0.0
STU04471,23,Male,Tamil Nadu,Coimbatore,Tier 3,Tier 2,CSE,B.Tech,6.93,0,Yes,1,4,48,86,56,77,86.54,Software Developer,Placed,0.6803,4.43
STU04472,21,Female,Telangana,Hyderabad,Tier 1,Tier 2,EEE,B.Tech,7.6,1,Yes,6,4,77,47,61,90,84.94,Electrical Engineer,Placed,0.7611,3.84
STU04473,23,Male,Maharashtra,Pune,Tier 3,Tier 3,Mechanical,B.Tech,7.11,0,No,2,4,60,62,59,77,72.69,Design Engineer,Placed,0.5122,4.61
STU04474,22,Male,Uttar Pradesh,Kanpur,Tier 2,Tier 1,ECE,B.E.,5.38,1,No,1,1,63,48,70,51,83.5,Embedded Engineer,Not Placed,0.1205,0.0
STU04475,20,Male,Karnataka,Mysuru,Tier 2,Tier 3,Data Science,B.Tech,5.95,0,Yes,0,4,72,91,86,71,87.79,Data Scientist,Placed,0.5892,2.5
STU04476,23,Female,Delhi,Delhi,Tier 1,Tier 3,CSE,B.Tech,8.61,0,Yes,0,6,83,84,53,80,87.26,Software Developer,Placed,0.8666,5.42
STU04477,24,Male,Telangana,Hyderabad,Tier 2,Tier 3,AI & ML,B.Tech,7.3,0,No,1,0,47,64,89,58,72.11,Machine Learning Engineer,Not Placed,0.3447,0.0
STU04478,22,Female,Gujarat,Ahmedabad,Tier 3,Tier 1,Data Science,B.Tech,7.67,3,No,3,3,94,66,62,62,83.16,Data Scientist,Not Placed,0.4213,0.0
STU04479,22,Male,West Bengal,Kolkata,Tier 2,Tier 1,CSE,B.Tech,8.23,0,Yes,4,5,78,57,41,73,72.78,Software Developer,Placed,0.8689,4.25
STU04480,24,Female,West Bengal,Kolkata,Tier 2,Tier 2,ISE,B.E.,8.21,0,No,3,1,61,75,67,79,85.78,Full Stack Developer,Placed,0.7163,5.2
STU04481,20,Male,Delhi,New Delhi,Tier 2,Tier 1,ISE,B.Tech,8.37,1,Yes,0,1,72,81,50,61,80.9,Full Stack Developer,Not Placed,0.6461,0.0
STU04482,24,Male,Andhra Pradesh,Tirupati,Tier 2,Tier 2,ECE,B.Tech,6.34,1,Yes,1,2,65,40,69,85,78.15,Embedded Engineer,Placed,0.3024,2.5
STU04483,23,Male,West Bengal,Kolkata,Tier 2,Tier 3,CSE,B.Tech,7.3,1,Yes,2,3,78,72,81,56,83.08,Software Developer,Not Placed,0.5812,0.0
STU04484,24,Male,West Bengal,Durgapur,Tier 2,Tier 2,Data Science,B.Tech,7.87,0,Yes,0,4,40,76,53,75,84.4,Data Scientist,Placed,0.6676,4.27
STU04485,21,Male,Delhi,New Delhi,Tier 1,Tier 2,ECE,B.E.,7.57,0,Yes,2,1,82,69,41,83,83.49,Embedded Engineer,Placed,0.7209,4.21
STU04486,22,Female,Andhra Pradesh,Tirupati,Tier 3,Tier 3,ISE,B.Tech,6.15,0,Yes,4,4,68,65,48,91,79.97,Full Stack Developer,Placed,0.71,5.13
STU04487,20,Male,Uttar Pradesh,Noida,Tier 2,Tier 3,Civil,B.Tech,7.81,0,No,0,1,75,60,60,61,86.09,Civil Engineer,Not Placed,0.4146,0.0
STU04488,24,Male,West Bengal,Durgapur,Tier 2,Tier 3,CSE,B.Tech,7.85,1,No,0,4,65,55,49,64,69.67,Software Developer,Not Placed,0.3777,0.0
STU04489,20,Female,Maharashtra,Mumbai,Tier 2,Tier 1,EEE,B.E.,6.74,3,Yes,5,0,85,50,78,71,90.13,Electrical Engineer,Not Placed,0.3397,0.0
STU04490,22,Male,Andhra Pradesh,Visakhapatnam,Tier 2,Tier 2,AI & ML,B.Tech,8.12,0,Yes,3,1,64,91,55,70,93.93,Machine Learning Engineer,Placed,0.8246,4.86
STU04491,23,Male,Uttar Pradesh,Kanpur,Tier 3,Tier 3,ECE,B.Tech,6.86,0,No,5,5,75,54,81,71,93.11,Embedded Engineer,Placed,0.632,5.49
STU04492,23,Female,Uttar Pradesh,Lucknow,Tier 3,Tier 2,CSE,B.E.,7.46,0,Yes,3,1,74,79,100,79,84.87,Software Developer,Placed,0.7798,4.12
STU04493,22,Female,Tamil Nadu,Coimbatore,Tier 3,Tier 3,ISE,B.Tech,6.92,0,No,3,1,61,57,79,32,75.86,Full Stack Developer,Not Placed,0.3491,0.0
STU04494,24,Male,Andhra Pradesh,Visakhapatnam,Tier 2,Tier 2,CSE,B.E.,7.48,0,Yes,2,1,65,72,88,72,79.68,Software Developer,Not Placed,0.6845,0.0
STU04495,22,Female,Delhi,Delhi,Tier 1,Tier 3,CSE,B.Tech,7.07,0,No,5,2,62,68,66,71,96.02,Software Developer,Not Placed,0.6412,0.0
STU04496,20,Male,Kerala,Kochi,Tier 1,Tier 2,Data Science,B.Tech,7.8,0,No,0,4,43,74,70,77,81.91,Data Scientist,Placed,0.56,4.79
STU04497,24,Male,Andhra Pradesh,Visakhapatnam,Tier 3,Tier 3,Mechanical,B.Tech,8.79,0,Yes,1,6,83,83,64,64,73.83,Design Engineer,Placed,0.8547,3.24
STU04498,23,Male,Uttar Pradesh,Lucknow,Tier 2,Tier 2,AI & ML,B.E.,8.16,1,Yes,3,5,65,78,95,32,87.84,Machine Learning Engineer,Placed,0.6983,2.5
STU04499,21,Female,Gujarat,Surat,Tier 2,Tier 3,AI & ML,B.Tech,8.74,0,Yes,1,1,67,48,61,73,97.61,Machine Learning Engineer,Placed,0.6656,3.36
STU04500,21,Male,Gujarat,Ahmedabad,Tier 3,Tier 1,CSE,B.Tech,7.3,0,No,0,4,84,52,36,53,84.06,Software Developer,Not Placed,0.4859,0.0
STU04501,24,Female,West Bengal,Durgapur,Tier 2,Tier 2,CSE,B.Tech,8.96,3,No,2,3,91,82,72,34,79.2,Software Developer,Not Placed,0.469,0.0
STU04502,21,Male,Delhi,New Delhi,Tier 1,Tier 3,CSE,B.Tech,7.44,0,No,3,1,65,83,56,62,86.1,Software Developer,Placed,0.6194,5.7
STU04503,22,Male,Delhi,Delhi,Tier 3,Tier 2,ECE,B.Tech,8.05,0,No,2,1,71,91,77,67,80.08,Embedded Engineer,Not Placed,0.6868,0.0
STU04504,24,Male,Gujarat,Vadodara,Tier 3,Tier 2,ECE,B.Tech,7.76,1,No,1,4,76,72,79,72,86.0,Embedded Engineer,Not Placed,0.526,0.0
STU04505,23,Male,Tamil Nadu,Madurai,Tier 2,Tier 2,CSE,B.Tech,9.08,0,Yes,3,1,76,93,100,87,83.11,Software Developer,Placed,0.9142,5.15
STU04506,24,Female,West Bengal,Durgapur,Tier 1,Tier 1,AI & ML,B.E.,6.43,1,No,6,2,56,86,60,70,86.04,Machine Learning Engineer,Placed,0.6142,5.39
STU04507,21,Male,Gujarat,Vadodara,Tier 2,Tier 2,ECE,B.Tech,7.52,0,No,2,4,62,71,63,76,89.83,Embedded Engineer,Not Placed,0.6194,0.0
STU04508,20,Female,Maharashtra,Mumbai,Tier 3,Tier 1,CSE,B.E.,7.95,0,No,4,2,67,63,82,71,88.38,Software Developer,Placed,0.7248,3.46
STU04509,20,Male,Delhi,New Delhi,Tier 2,Tier 2,AI & ML,B.Tech,6.6,1,No,1,2,60,82,50,81,92.36,Machine Learning Engineer,Not Placed,0.4078,0.0
STU04510,24,Female,Karnataka,Mysuru,Tier 1,Tier 3,CSE,B.Tech,7.95,0,No,2,1,74,86,70,60,88.72,Software Developer,Placed,0.6622,4.33
STU04511,20,Male,Telangana,Hyderabad,Tier 2,Tier 3,AI & ML,B.Tech,7.36,0,Yes,3,2,75,78,66,66,86.14,Machine Learning Engineer,Placed,0.7462,5.44
STU04512,22,Male,Delhi,Delhi,Tier 2,Tier 3,Data Science,B.Tech,9.46,0,Yes,3,4,76,80,52,59,84.85,Data Scientist,Placed,0.8991,6.48
STU04513,21,Male,Maharashtra,Mumbai,Tier 2,Tier 2,Mechanical,B.Tech,8.62,0,No,0,2,60,90,61,64,87.03,Design Engineer,Not Placed,0.6445,0.0
STU04514,21,Male,Delhi,Delhi,Tier 3,Tier 3,CSE,B.Tech,7.07,0,No,2,2,68,46,44,81,78.87,Software Developer,Not Placed,0.4599,0.0
STU04515,24,Male,Uttar Pradesh,Noida,Tier 1,Tier 3,EEE,B.E.,7.54,0,Yes,6,1,64,78,43,62,68.03,Electrical Engineer,Placed,0.7806,5.22
STU04516,22,Male,Delhi,New Delhi,Tier 2,Tier 3,ECE,B.Tech,7.08,1,No,3,1,73,42,44,62,81.6,Embedded Engineer,Placed,0.2852,4.18
STU04517,23,Male,Uttar Pradesh,Noida,Tier 3,Tier 3,CSE,B.Tech,7.4,0,Yes,3,0,75,59,54,66,81.31,Software Developer,Not Placed,0.6347,0.0
STU04518,21,Male,Tamil Nadu,Chennai,Tier 1,Tier 1,AI & ML,B.Tech,6.24,0,Yes,3,2,38,48,39,43,86.59,Machine Learning Engineer,Placed,0.3807,5.42
STU04519,24,Male,Delhi,Delhi,Tier 3,Tier 2,Data Science,B.E.,9.61,1,Yes,4,0,78,81,66,61,70.86,Data Scientist,Placed,0.8492,5.58
STU04520,24,Male,Uttar Pradesh,Noida,Tier 1,Tier 3,ISE,B.Tech,7.45,0,No,1,3,49,58,39,54,88.35,Full Stack Developer,Placed,0.3994,2.5
STU04521,22,Female,Delhi,New Delhi,Tier 2,Tier 2,AI & ML,B.E.,6.62,1,No,1,2,46,44,42,63,84.58,Machine Learning Engineer,Not Placed,0.1932,0.0
STU04522,22,Female,Andhra Pradesh,Visakhapatnam,Tier 2,Tier 2,ECE,B.Tech,8.44,2,Yes,0,2,86,53,66,75,87.61,Embedded Engineer,Not Placed,0.4609,0.0
STU04523,20,Female,Karnataka,Mysuru,Tier 2,Tier 3,EEE,B.E.,7.91,0,No,0,2,64,97,92,47,94.12,Electrical Engineer,Placed,0.5418,3.3
STU04524,23,Female,West Bengal,Durgapur,Tier 1,Tier 3,Data Science,B.Tech,9.4,0,No,0,1,86,90,62,80,78.35,Data Scientist,Placed,0.8055,5.86
STU04525,20,Male,Telangana,Warangal,Tier 3,Tier 2,ISE,B.Tech,7.28,0,Yes,5,1,67,85,77,68,79.84,Full Stack Developer,Placed,0.8081,5.7
STU04526,22,Male,West Bengal,Kolkata,Tier 2,Tier 3,EEE,B.Tech,7.43,1,Yes,3,1,64,52,48,72,78.74,Electrical Engineer,Not Placed,0.47,0.0
STU04527,20,Male,Uttar Pradesh,Kanpur,Tier 3,Tier 3,CSE,B.Tech,8.92,1,Yes,1,1,69,43,57,67,84.12,Software Developer,Placed,0.5446,3.79
STU04528,20,Female,Delhi,New Delhi,Tier 2,Tier 3,CSE,B.E.,8.4,0,Yes,3,2,53,53,26,90,83.24,Software Developer,Placed,0.7543,2.88
STU04529,20,Male,Tamil Nadu,Coimbatore,Tier 2,Tier 3,Mechanical,B.E.,8.0,0,Yes,3,6,73,61,47,58,86.43,Design Engineer,Placed,0.7667,6.34
STU04530,21,Female,Kerala,Kochi,Tier 1,Tier 1,CSE,B.E.,6.92,0,Yes,3,4,70,53,56,57,92.29,Software Developer,Not Placed,0.6596,0.0
STU04531,24,Female,Delhi,New Delhi,Tier 1,Tier 2,ISE,B.E.,6.69,0,Yes,5,2,73,80,78,38,80.26,Full Stack Developer,Placed,0.7096,6.42
STU04532,23,Male,Uttar Pradesh,Kanpur,Tier 2,Tier 3,CSE,B.E.,7.07,0,Yes,2,1,38,78,68,46,71.06,Software Developer,Not Placed,0.4962,0.0
STU04533,22,Male,Delhi,New Delhi,Tier 1,Tier 3,CSE,B.Tech,7.57,0,No,3,3,81,61,63,50,80.76,Software Developer,Not Placed,0.5977,0.0
STU04534,24,Male,Kerala,Kozhikode,Tier 1,Tier 2,Data Science,B.Tech,7.51,1,No,3,5,77,94,58,55,90.63,Data Scientist,Not Placed,0.6916,0.0
STU04535,21,Male,Telangana,Warangal,Tier 2,Tier 3,EEE,B.Tech,9.2,2,Yes,0,1,89,67,74,51,88.23,Electrical Engineer,Not Placed,0.501,0.0
STU04536,21,Male,West Bengal,Kolkata,Tier 2,Tier 1,Data Science,B.Tech,7.36,2,Yes,2,2,94,62,66,64,82.75,Data Scientist,Not Placed,0.5283,0.0
STU04537,22,Male,Kerala,Kochi,Tier 3,Tier 2,Data Science,B.Tech,6.78,3,No,2,3,59,72,59,55,88.04,Data Scientist,Not Placed,0.1957,0.0
STU04538,20,Female,Karnataka,Mysuru,Tier 3,Tier 2,CSE,B.E.,8.11,0,No,1,3,71,82,43,100,90.28,Software Developer,Placed,0.7715,4.13
STU04539,24,Female,Kerala,Kozhikode,Tier 2,Tier 1,EEE,B.Tech,7.4,1,No,2,2,80,51,88,69,91.99,Electrical Engineer,Placed,0.4196,4.18
STU04540,22,Male,Delhi,New Delhi,Tier 2,Tier 3,Data Science,B.Tech,7.94,0,Yes,3,0,68,52,48,89,82.61,Data Scientist,Placed,0.7037,3.58
STU04541,24,Male,Tamil Nadu,Madurai,Tier 3,Tier 1,EEE,B.E.,7.52,0,Yes,2,3,62,75,44,47,83.59,Electrical Engineer,Placed,0.6642,4.73
STU04542,23,Female,Kerala,Thiruvananthapuram,Tier 2,Tier 3,AI & ML,B.Tech,6.79,0,No,5,1,72,84,74,57,86.59,Machine Learning Engineer,Placed,0.6444,6.48
STU04543,24,Male,West Bengal,Durgapur,Tier 1,Tier 2,EEE,B.Tech,7.71,0,Yes,3,0,63,67,51,75,95.23,Electrical Engineer,Not Placed,0.6748,0.0
STU04544,20,Male,Gujarat,Surat,Tier 3,Tier 2,CSE,B.Tech,7.32,2,No,1,3,61,71,74,70,77.43,Software Developer,Not Placed,0.3282,0.0
STU04545,21,Male,Kerala,Thiruvananthapuram,Tier 1,Tier 1,CSE,B.Tech,7.38,1,No,1,1,86,50,49,74,80.05,Software Developer,Not Placed,0.4137,0.0
STU04546,23,Female,Telangana,Warangal,Tier 1,Tier 3,CSE,B.E.,8.95,0,Yes,1,2,63,65,58,73,83.55,Software Developer,Placed,0.7577,4.12
STU04547,22,Male,Uttar Pradesh,Lucknow,Tier 1,Tier 2,CSE,B.Tech,7.98,0,Yes,6,0,78,70,72,50,72.07,Software Developer,Placed,0.8142,6.19
STU04548,23,Male,Kerala,Kozhikode,Tier 3,Tier 2,CSE,B.Tech,7.97,0,Yes,0,1,43,71,27,69,82.31,Software Developer,Placed,0.5785,4.04
STU04549,20,Female,Uttar Pradesh,Noida,Tier 3,Tier 3,EEE,B.E.,6.97,0,Yes,2,1,66,62,65,43,84.78,Electrical Engineer,Placed,0.45,5.11
STU04550,22,Male,Uttar Pradesh,Lucknow,Tier 2,Tier 3,Mechanical,B.E.,8.03,0,No,2,2,55,84,63,78,84.19,Design Engineer,Placed,0.6481,4.75
STU04551,22,Male,Telangana,Warangal,Tier 1,Tier 2,Data Science,B.Tech,8.47,0,Yes,2,5,91,89,62,57,84.59,Data Scientist,Placed,0.8867,4.72
STU04552,22,Male,West Bengal,Durgapur,Tier 2,Tier 1,ISE,B.Tech,7.5,3,No,1,0,65,75,59,82,84.35,Full Stack Developer,Not Placed,0.2686,0.0
STU04553,21,Female,Delhi,Delhi,Tier 1,Tier 2,ISE,B.E.,7.51,0,Yes,2,3,72,100,55,67,78.42,Full Stack Developer,Placed,0.8204,7.22
STU04554,22,Female,Uttar Pradesh,Lucknow,Tier 1,Tier 2,CSE,B.Tech,6.41,0,No,4,3,57,50,42,62,89.76,Software Developer,Not Placed,0.4486,0.0
STU04555,20,Male,Maharashtra,Mumbai,Tier 3,Tier 2,ECE,B.Tech,6.77,0,Yes,2,3,66,58,55,47,80.42,Embedded Engineer,Placed,0.4921,4.85
STU04556,21,Male,Telangana,Karimnagar,Tier 3,Tier 1,CSE,B.Tech,8.34,0,Yes,0,2,89,83,100,63,90.82,Software Developer,Placed,0.8026,4.84
STU04557,20,Male,Tamil Nadu,Madurai,Tier 2,Tier 2,ISE,B.E.,7.57,0,Yes,1,2,66,89,97,85,98.45,Full Stack Developer,Placed,0.7701,5.12
STU04558,23,Male,Andhra Pradesh,Visakhapatnam,Tier 2,Tier 2,EEE,B.Tech,7.19,0,No,2,6,74,51,49,56,84.09,Electrical Engineer,Placed,0.5204,3.91
STU04559,24,Male,Delhi,Delhi,Tier 1,Tier 2,Data Science,B.Tech,7.9,1,Yes,2,2,58,73,38,49,69.97,Data Scientist,Not Placed,0.5681,0.0
STU04560,20,Female,Karnataka,Mangaluru,Tier 1,Tier 2,CSE,B.Tech,7.73,2,Yes,2,2,71,57,64,71,94.95,Software Developer,Not Placed,0.4691,0.0
STU04561,22,Male,Gujarat,Vadodara,Tier 1,Tier 3,ECE,B.E.,9.3,0,Yes,1,5,100,61,70,54,73.93,Embedded Engineer,Placed,0.8308,5.94
STU04562,22,Female,Karnataka,Bengaluru,Tier 3,Tier 2,ISE,B.Tech,8.51,0,No,0,2,72,84,90,79,84.53,Full Stack Developer,Placed,0.7134,3.65
STU04563,24,Female,Delhi,Delhi,Tier 2,Tier 3,ISE,B.Tech,8.34,1,No,0,3,89,88,57,64,65.84,Full Stack Developer,Placed,0.6228,4.33
STU04564,20,Male,Tamil Nadu,Chennai,Tier 2,Tier 1,AI & ML,B.E.,8.63,1,No,5,1,88,64,34,47,87.97,Machine Learning Engineer,Placed,0.7081,5.79
STU04565,23,Female,Maharashtra,Mumbai,Tier 2,Tier 3,Mechanical,B.Tech,8.92,0,Yes,4,5,66,48,35,55,80.54,Design Engineer,Placed,0.7911,5.59
STU04566,20,Female,Andhra Pradesh,Tirupati,Tier 3,Tier 3,ISE,B.Tech,7.76,0,Yes,6,3,54,93,75,28,73.58,Full Stack Developer,Placed,0.8113,4.81
STU04567,23,Male,Kerala,Kochi,Tier 3,Tier 3,CSE,B.Tech,8.31,0,Yes,1,2,83,100,53,84,79.13,Software Developer,Placed,0.8647,6.72
STU04568,23,Male,Maharashtra,Mumbai,Tier 2,Tier 3,ECE,B.Tech,8.06,0,Yes,1,3,61,85,65,61,79.15,Embedded Engineer,Placed,0.7075,6.99
STU04569,22,Female,Telangana,Hyderabad,Tier 1,Tier 1,Mechanical,B.Tech,7.26,0,Yes,1,2,90,52,59,70,89.86,Design Engineer,Not Placed,0.6182,0.0
STU04570,21,Male,Karnataka,Bengaluru,Tier 2,Tier 3,EEE,B.Tech,7.11,0,No,2,2,59,60,43,86,75.13,Electrical Engineer,Not Placed,0.4774,0.0
STU04571,23,Male,Kerala,Kozhikode,Tier 2,Tier 2,CSE,B.E.,7.7,0,No,1,3,64,62,64,75,83.92,Software Developer,Placed,0.5713,2.83
STU04572,22,Male,Tamil Nadu,Coimbatore,Tier 3,Tier 2,Data Science,B.Tech,7.12,1,No,3,0,63,64,87,100,70.87,Data Scientist,Placed,0.4904,3.99
STU04573,24,Male,West Bengal,Kolkata,Tier 2,Tier 3,CSE,B.Tech,7.77,0,Yes,6,0,67,93,70,44,74.77,Software Developer,Placed,0.8193,5.41
STU04574,24,Female,Delhi,New Delhi,Tier 2,Tier 3,AI & ML,B.Tech,7.57,0,Yes,3,2,61,58,99,76,100.0,Machine Learning Engineer,Placed,0.6824,3.5
STU04575,24,Male,West Bengal,Kolkata,Tier 2,Tier 1,ISE,B.E.,8.49,0,No,1,1,70,66,33,47,69.74,Full Stack Developer,Placed,0.5916,2.94
STU04576,24,Male,Tamil Nadu,Coimbatore,Tier 1,Tier 1,AI & ML,B.Tech,8.13,0,No,0,5,55,66,80,57,93.63,Machine Learning Engineer,Placed,0.5918,4.7
STU04577,20,Female,Maharashtra,Mumbai,Tier 3,Tier 1,CSE,B.E.,7.56,2,Yes,3,3,64,92,76,42,86.11,Software Developer,Placed,0.5985,4.1
STU04578,21,Female,West Bengal,Durgapur,Tier 2,Tier 2,Civil,B.E.,9.15,0,Yes,2,2,73,68,49,56,81.74,Civil Engineer,Placed,0.7874,5.0
STU04579,23,Female,Andhra Pradesh,Tirupati,Tier 2,Tier 2,CSE,B.Tech,6.56,0,Yes,5,2,40,64,85,64,79.86,Software Developer,Not Placed,0.6138,0.0
STU04580,23,Male,Kerala,Thiruvananthapuram,Tier 2,Tier 1,CSE,B.Tech,7.18,0,No,2,3,58,64,72,68,72.73,Software Developer,Placed,0.5586,4.54
STU04581,24,Male,Karnataka,Mysuru,Tier 3,Tier 1,ISE,B.Tech,8.17,2,No,6,4,82,83,98,65,84.29,Full Stack Developer,Not Placed,0.7674,0.0
STU04582,22,Male,West Bengal,Durgapur,Tier 3,Tier 1,Data Science,B.E.,6.81,0,Yes,5,1,62,56,67,66,86.89,Data Scientist,Placed,0.677,5.8
STU04583,22,Male,Tamil Nadu,Madurai,Tier 2,Tier 2,Data Science,B.Tech,7.35,0,No,6,2,85,70,67,76,74.08,Data Scientist,Not Placed,0.7922,0.0
STU04584,23,Female,Gujarat,Surat,Tier 3,Tier 2,ECE,B.Tech,7.93,1,No,1,0,78,51,77,63,75.79,Embedded Engineer,Placed,0.3356,3.54
STU04585,21,Female,Kerala,Thiruvananthapuram,Tier 3,Tier 1,Data Science,B.Tech,7.81,0,Yes,2,2,59,100,91,42,78.34,Data Scientist,Placed,0.7718,3.92
STU04586,22,Male,Gujarat,Surat,Tier 1,Tier 2,CSE,B.Tech,7.31,0,No,1,1,78,73,77,60,69.26,Software Developer,Not Placed,0.5245,0.0
STU04587,21,Male,West Bengal,Kolkata,Tier 2,Tier 2,AI & ML,B.Tech,8.5,0,No,1,4,65,97,76,45,70.44,Machine Learning Engineer,Placed,0.737,4.02
STU04588,23,Female,Gujarat,Surat,Tier 1,Tier 2,Data Science,B.Tech,6.82,0,Yes,3,1,61,57,60,53,91.37,Data Scientist,Placed,0.5282,2.92
STU04589,24,Male,Uttar Pradesh,Kanpur,Tier 3,Tier 1,Data Science,B.Tech,9.37,0,No,2,3,67,85,67,68,81.82,Data Scientist,Placed,0.8461,5.81
STU04590,21,Female,Andhra Pradesh,Visakhapatnam,Tier 2,Tier 2,AI & ML,B.E.,8.0,0,No,4,1,81,61,69,56,83.1,Machine Learning Engineer,Placed,0.6726,4.26
STU04591,23,Male,Tamil Nadu,Coimbatore,Tier 1,Tier 2,EEE,B.Tech,7.18,0,No,3,2,64,42,56,59,86.0,Electrical Engineer,Not Placed,0.4048,0.0
STU04592,20,Female,Telangana,Karimnagar,Tier 2,Tier 3,Data Science,B.Tech,8.37,0,Yes,1,5,41,91,72,81,77.29,Data Scientist,Placed,0.8146,3.19
STU04593,23,Male,Tamil Nadu,Coimbatore,Tier 1,Tier 3,CSE,B.Tech,8.6,1,No,1,2,82,90,72,93,75.51,Software Developer,Not Placed,0.7308,0.0
STU04594,20,Female,Telangana,Warangal,Tier 2,Tier 2,Civil,B.Tech,8.06,0,Yes,2,1,72,74,56,79,67.76,Civil Engineer,Placed,0.7484,5.23
STU04595,24,Male,Maharashtra,Pune,Tier 2,Tier 2,Data Science,B.Tech,9.49,0,Yes,1,2,94,54,59,74,89.65,Data Scientist,Not Placed,0.8389,0.0
STU04596,22,Male,Tamil Nadu,Chennai,Tier 2,Tier 1,CSE,B.E.,6.17,3,Yes,0,2,57,64,55,52,74.67,Software Developer,Not Placed,0.1438,0.0
STU04597,23,Male,Gujarat,Surat,Tier 2,Tier 3,CSE,B.Tech,6.31,1,Yes,6,4,56,91,87,61,69.83,Software Developer,Not Placed,0.6986,0.0
STU04598,20,Female,Uttar Pradesh,Lucknow,Tier 1,Tier 2,CSE,B.E.,7.93,0,No,0,4,70,82,63,55,83.43,Software Developer,Placed,0.624,4.81
STU04599,21,Male,Telangana,Warangal,Tier 1,Tier 1,AI & ML,B.Tech,6.79,0,No,4,0,62,63,33,68,77.97,Machine Learning Engineer,Placed,0.5371,4.28
STU04600,22,Female,Andhra Pradesh,Tirupati,Tier 1,Tier 1,EEE,B.Tech,9.6,0,No,0,1,89,86,58,63,89.2,Electrical Engineer,Not Placed,0.7893,0.0
STU04601,23,Male,Maharashtra,Nagpur,Tier 1,Tier 3,AI & ML,B.Tech,6.48,1,No,4,3,79,80,77,85,78.06,Machine Learning Engineer,Placed,0.5928,4.81
STU04602,24,Male,Telangana,Karimnagar,Tier 2,Tier 2,Mechanical,B.Tech,7.52,0,Yes,3,6,62,47,52,69,71.68,Design Engineer,Placed,0.6906,4.53
STU04603,20,Female,Maharashtra,Mumbai,Tier 2,Tier 2,ISE,B.Tech,6.68,0,Yes,1,1,62,73,67,63,81.38,Full Stack Developer,Not Placed,0.5269,0.0
STU04604,21,Female,Telangana,Warangal,Tier 1,Tier 1,CSE,B.Tech,6.08,0,No,3,3,63,63,76,64,78.59,Software Developer,Not Placed,0.4784,0.0
STU04605,24,Male,Tamil Nadu,Chennai,Tier 3,Tier 3,ISE,B.E.,7.34,1,Yes,1,4,76,71,76,43,86.05,Full Stack Developer,Not Placed,0.5178,0.0
STU04606,21,Female,Telangana,Karimnagar,Tier 3,Tier 1,Mechanical,B.Tech,7.42,3,No,0,1,58,95,75,63,88.15,Design Engineer,Placed,0.2279,4.79
STU04607,23,Male,Telangana,Karimnagar,Tier 1,Tier 2,CSE,B.Tech,8.32,0,Yes,1,3,68,72,70,68,80.05,Software Developer,Placed,0.7621,6.64
STU04608,21,Male,Telangana,Warangal,Tier 2,Tier 3,AI & ML,B.Tech,7.27,2,No,2,0,69,72,71,57,90.72,Machine Learning Engineer,Placed,0.2726,3.42
STU04609,20,Male,Delhi,New Delhi,Tier 2,Tier 3,ECE,B.Tech,7.71,0,No,3,2,74,69,68,66,82.65,Embedded Engineer,Not Placed,0.6134,0.0
STU04610,22,Male,Gujarat,Ahmedabad,Tier 2,Tier 2,CSE,B.Tech,6.86,1,No,2,4,82,52,57,53,77.21,Software Developer,Placed,0.3811,2.59
STU04611,23,Male,Telangana,Warangal,Tier 2,Tier 3,CSE,B.E.,7.79,0,Yes,3,1,69,87,60,62,94.82,Software Developer,Placed,0.7712,4.03
STU04612,20,Female,Delhi,New Delhi,Tier 2,Tier 2,CSE,B.Tech,7.27,0,Yes,2,3,71,90,82,74,79.92,Software Developer,Not Placed,0.7862,0.0
STU04613,24,Male,Maharashtra,Nagpur,Tier 2,Tier 2,AI & ML,B.E.,6.82,0,No,1,2,85,66,76,79,82.38,Machine Learning Engineer,Not Placed,0.5411,0.0
STU04614,22,Male,Gujarat,Surat,Tier 1,Tier 3,CSE,B.Tech,7.54,2,No,5,1,94,70,61,72,92.49,Software Developer,Not Placed,0.5555,0.0
STU04615,22,Male,West Bengal,Durgapur,Tier 2,Tier 2,CSE,B.E.,9.03,0,Yes,0,1,74,100,76,59,61.54,Software Developer,Placed,0.8275,4.79
STU04616,23,Female,Tamil Nadu,Chennai,Tier 2,Tier 1,Data Science,B.Tech,7.94,1,Yes,2,2,62,64,58,85,75.48,Data Scientist,Not Placed,0.6744,0.0
STU04617,24,Male,Karnataka,Mysuru,Tier 2,Tier 2,ECE,B.E.,7.61,0,Yes,4,1,63,71,81,81,77.37,Embedded Engineer,Placed,0.7525,5.91
STU04618,23,Female,Tamil Nadu,Madurai,Tier 2,Tier 2,CSE,B.E.,7.1,0,No,1,6,40,47,74,83,77.41,Software Developer,Placed,0.4646,2.5
STU04619,20,Female,Gujarat,Surat,Tier 2,Tier 3,CSE,B.E.,8.01,0,Yes,0,2,66,54,50,58,79.83,Software Developer,Placed,0.5487,4.54
STU04620,21,Male,Uttar Pradesh,Noida,Tier 2,Tier 2,EEE,B.Tech,7.98,2,No,5,3,78,63,66,71,83.91,Electrical Engineer,Placed,0.5555,3.31
STU04621,22,Male,West Bengal,Kolkata,Tier 2,Tier 2,ISE,B.E.,8.43,1,Yes,2,2,69,52,81,78,76.98,Full Stack Developer,Not Placed,0.6488,0.0
STU04622,20,Female,Telangana,Karimnagar,Tier 2,Tier 2,EEE,B.Tech,7.49,0,No,1,1,64,33,40,64,95.61,Electrical Engineer,Not Placed,0.3078,0.0
STU04623,24,Male,Kerala,Kozhikode,Tier 3,Tier 1,EEE,B.E.,8.22,0,Yes,1,2,82,60,34,77,73.36,Electrical Engineer,Placed,0.7404,2.5
STU04624,24,Male,West Bengal,Durgapur,Tier 2,Tier 2,Data Science,B.Tech,6.52,0,Yes,2,2,67,64,36,79,88.88,Data Scientist,Placed,0.6008,2.5
STU04625,20,Female,West Bengal,Kolkata,Tier 2,Tier 3,CSE,B.Tech,7.8,2,No,4,0,67,69,73,70,71.31,Software Developer,Placed,0.4245,3.39
STU04626,20,Male,Maharashtra,Pune,Tier 2,Tier 1,CSE,B.Tech,7.37,0,No,3,3,78,70,60,62,80.91,Software Developer,Placed,0.6848,5.92
STU04627,22,Male,Delhi,New Delhi,Tier 3,Tier 2,AI & ML,B.Tech,9.63,0,No,1,0,73,100,76,84,82.05,Machine Learning Engineer,Not Placed,0.8528,0.0
STU04628,23,Male,Kerala,Kozhikode,Tier 2,Tier 3,Mechanical,B.Tech,8.26,0,Yes,2,3,58,78,99,58,83.68,Design Engineer,Placed,0.7219,2.5
STU04629,23,Male,Uttar Pradesh,Kanpur,Tier 3,Tier 1,CSE,B.Tech,7.72,0,No,0,0,59,76,41,75,74.36,Software Developer,Placed,0.5327,4.97
STU04630,22,Male,Uttar Pradesh,Lucknow,Tier 1,Tier 3,ECE,B.E.,6.86,0,Yes,3,1,33,66,78,74,84.77,Embedded Engineer,Placed,0.4946,5.76
STU04631,21,Male,Karnataka,Mysuru,Tier 2,Tier 2,Civil,B.Tech,7.38,2,Yes,3,0,82,76,67,86,81.61,Civil Engineer,Placed,0.5515,3.66
STU04632,23,Male,Delhi,Delhi,Tier 2,Tier 2,CSE,B.Tech,6.88,0,Yes,2,3,57,45,91,73,91.33,Software Developer,Not Placed,0.5344,0.0
STU04633,22,Male,West Bengal,Durgapur,Tier 1,Tier 3,CSE,B.Tech,8.64,1,Yes,1,1,86,100,30,74,79.17,Software Developer,Placed,0.7973,6.27
STU04634,23,Male,Uttar Pradesh,Kanpur,Tier 1,Tier 1,ISE,B.Tech,8.13,0,Yes,2,2,63,71,85,60,99.71,Full Stack Developer,Not Placed,0.7509,0.0
STU04635,21,Female,Karnataka,Mysuru,Tier 2,Tier 2,ECE,B.Tech,7.24,0,Yes,2,2,76,82,53,72,89.75,Embedded Engineer,Placed,0.7173,4.11
STU04636,21,Female,Andhra Pradesh,Vijayawada,Tier 1,Tier 3,ECE,B.Tech,8.92,0,Yes,2,1,84,88,47,76,68.79,Embedded Engineer,Placed,0.8528,5.45
STU04637,22,Male,Andhra Pradesh,Vijayawada,Tier 2,Tier 1,CSE,B.Tech,7.06,1,No,5,5,82,84,32,64,75.91,Software Developer,Placed,0.7448,5.04
STU04638,24,Female,Delhi,Delhi,Tier 2,Tier 3,CSE,B.Tech,7.92,0,No,1,2,74,70,58,67,67.59,Software Developer,Placed,0.5926,4.93
STU04639,22,Male,Karnataka,Mysuru,Tier 3,Tier 2,CSE,B.Tech,5.92,1,Yes,3,1,55,63,42,70,77.55,Software Developer,Not Placed,0.3768,0.0
STU04640,23,Male,Maharashtra,Nagpur,Tier 2,Tier 3,CSE,B.Tech,7.4,0,Yes,2,3,65,100,53,57,69.73,Software Developer,Placed,0.7655,5.51
STU04641,20,Male,West Bengal,Kolkata,Tier 2,Tier 1,EEE,B.Tech,7.67,0,Yes,2,2,70,62,45,86,88.84,Electrical Engineer,Placed,0.7268,5.33
STU04642,22,Female,Maharashtra,Nagpur,Tier 1,Tier 3,Mechanical,B.E.,8.96,0,No,2,1,68,37,49,39,87.32,Design Engineer,Placed,0.4434,3.81
STU04643,21,Male,Telangana,Hyderabad,Tier 2,Tier 2,ISE,B.Tech,6.2,0,Yes,3,2,67,52,40,53,76.69,Full Stack Developer,Not Placed,0.4791,0.0
STU04644,21,Male,Uttar Pradesh,Noida,Tier 3,Tier 3,CSE,B.Tech,7.04,2,Yes,2,2,79,93,81,52,71.59,Software Developer,Placed,0.501,5.34
STU04645,20,Male,Telangana,Warangal,Tier 2,Tier 3,CSE,B.E.,10.0,0,Yes,2,2,72,88,73,51,76.35,Software Developer,Not Placed,0.8859,0.0
STU04646,21,Female,Uttar Pradesh,Lucknow,Tier 1,Tier 3,Data Science,B.Tech,8.12,1,Yes,1,1,73,75,81,68,70.66,Data Scientist,Not Placed,0.6117,0.0
STU04647,22,Other,Tamil Nadu,Coimbatore,Tier 3,Tier 2,Data Science,B.Tech,7.8,0,Yes,5,2,67,67,62,85,93.84,Data Scientist,Placed,0.8387,2.99
STU04648,20,Female,Kerala,Kozhikode,Tier 2,Tier 1,CSE,B.Tech,7.68,0,No,0,4,56,70,61,88,74.21,Software Developer,Not Placed,0.6276,0.0
STU04649,23,Female,Uttar Pradesh,Lucknow,Tier 1,Tier 3,Data Science,B.Tech,7.97,0,Yes,1,2,66,66,47,68,73.74,Data Scientist,Not Placed,0.667,0.0
STU04650,22,Male,West Bengal,Kolkata,Tier 1,Tier 3,Data Science,B.Tech,7.86,0,No,3,1,72,98,79,84,100.0,Data Scientist,Placed,0.785,4.86
STU04651,22,Female,West Bengal,Durgapur,Tier 1,Tier 2,CSE,B.E.,7.62,0,No,3,5,55,78,57,44,73.1,Software Developer,Placed,0.6505,4.69
STU04652,21,Female,Maharashtra,Mumbai,Tier 2,Tier 3,Mechanical,B.E.,8.62,2,Yes,4,2,92,65,68,75,89.06,Design Engineer,Placed,0.7014,6.33
STU04653,23,Male,Tamil Nadu,Madurai,Tier 2,Tier 3,Mechanical,B.Tech,8.11,0,Yes,3,1,66,59,24,42,82.18,Design Engineer,Not Placed,0.6054,0.0
STU04654,20,Male,Andhra Pradesh,Tirupati,Tier 1,Tier 3,AI & ML,B.Tech,6.76,2,Yes,2,1,81,53,49,65,80.67,Machine Learning Engineer,Placed,0.3184,2.5
STU04655,23,Male,West Bengal,Kolkata,Tier 2,Tier 1,CSE,B.E.,6.23,0,No,3,4,67,93,65,58,86.89,Software Developer,Not Placed,0.6449,0.0
STU04656,20,Male,Uttar Pradesh,Kanpur,Tier 2,Tier 1,Mechanical,B.Tech,8.5,0,Yes,1,0,65,78,84,63,77.31,Design Engineer,Placed,0.7157,4.0
STU04657,20,Male,Kerala,Thiruvananthapuram,Tier 3,Tier 1,CSE,B.Tech,8.1,0,No,4,1,61,96,74,50,90.21,Software Developer,Placed,0.7693,4.98
STU04658,24,Female,Tamil Nadu,Coimbatore,Tier 1,Tier 2,Data Science,B.Tech,9.04,0,Yes,0,1,75,88,75,44,74.4,Data Scientist,Placed,0.767,2.5
STU04659,20,Male,Maharashtra,Nagpur,Tier 2,Tier 2,EEE,B.Tech,8.07,0,Yes,2,1,64,93,63,48,86.41,Electrical Engineer,Placed,0.725,6.72
STU04660,24,Female,Delhi,Delhi,Tier 2,Tier 3,AI & ML,B.Tech,6.74,0,Yes,1,2,61,57,48,51,69.53,Machine Learning Engineer,Not Placed,0.429,0.0
STU04661,23,Male,Delhi,Delhi,Tier 1,Tier 1,AI & ML,B.E.,8.56,0,Yes,5,3,95,86,78,58,93.02,Machine Learning Engineer,Placed,0.9286,7.71
STU04662,23,Female,Maharashtra,Pune,Tier 2,Tier 3,ECE,B.Tech,7.36,0,Yes,2,3,67,57,64,71,78.68,Embedded Engineer,Not Placed,0.6067,0.0
STU04663,23,Female,Maharashtra,Nagpur,Tier 1,Tier 1,Data Science,B.Tech,8.18,0,Yes,0,2,71,90,64,80,67.57,Data Scientist,Not Placed,0.8086,0.0
STU04664,21,Female,Karnataka,Bengaluru,Tier 2,Tier 1,AI & ML,B.E.,6.38,0,Yes,2,4,58,53,33,79,73.91,Machine Learning Engineer,Placed,0.5892,2.5
STU04665,23,Female,Delhi,Delhi,Tier 3,Tier 2,EEE,B.Tech,8.05,0,Yes,1,0,78,77,71,81,89.97,Electrical Engineer,Placed,0.722,4.06
STU04666,20,Male,Andhra Pradesh,Visakhapatnam,Tier 2,Tier 2,Data Science,B.Tech,7.67,0,Yes,2,4,71,84,71,82,73.79,Data Scientist,Placed,0.8277,4.88
STU04667,23,Female,Karnataka,Mysuru,Tier 2,Tier 2,ECE,B.Tech,7.81,0,Yes,2,4,85,82,74,95,83.56,Embedded Engineer,Not Placed,0.8546,0.0
STU04668,20,Female,Andhra Pradesh,Tirupati,Tier 2,Tier 3,ECE,B.E.,7.88,0,Yes,2,3,61,50,58,70,98.75,Embedded Engineer,Placed,0.612,4.78
STU04669,20,Male,West Bengal,Kolkata,Tier 2,Tier 2,CSE,B.Tech,7.46,1,Yes,0,2,51,70,36,65,66.62,Software Developer,Placed,0.4424,3.28
STU04670,20,Male,Maharashtra,Mumbai,Tier 2,Tier 2,Mechanical,B.E.,7.52,0,No,1,0,82,45,35,64,84.13,Design Engineer,Not Placed,0.3856,0.0
STU04671,22,Male,Gujarat,Vadodara,Tier 2,Tier 3,ISE,B.Tech,7.09,1,Yes,0,1,52,72,71,49,75.85,Full Stack Developer,Not Placed,0.3273,0.0
STU04672,22,Male,West Bengal,Durgapur,Tier 3,Tier 1,ECE,B.Tech,8.59,0,Yes,2,4,79,75,78,80,86.23,Embedded Engineer,Placed,0.8658,6.71
STU04673,20,Female,Gujarat,Ahmedabad,Tier 2,Tier 1,Data Science,B.Tech,8.66,0,Yes,2,1,73,100,47,61,83.31,Data Scientist,Placed,0.8692,5.22
STU04674,24,Male,Telangana,Warangal,Tier 1,Tier 3,ECE,B.Tech,7.23,0,No,0,3,69,69,74,63,81.56,Embedded Engineer,Not Placed,0.4273,0.0
STU04675,22,Male,Uttar Pradesh,Kanpur,Tier 2,Tier 1,ISE,B.Tech,6.69,0,Yes,1,6,71,94,100,76,82.06,Full Stack Developer,Placed,0.7985,3.8
STU04676,21,Male,West Bengal,Durgapur,Tier 2,Tier 3,Civil,B.Tech,6.77,1,Yes,1,4,72,74,67,61,75.96,Civil Engineer,Not Placed,0.4717,0.0
STU04677,24,Female,Telangana,Warangal,Tier 2,Tier 2,Data Science,B.E.,7.28,1,No,4,1,57,90,79,83,83.7,Data Scientist,Placed,0.6235,4.37
STU04678,20,Female,Andhra Pradesh,Vijayawada,Tier 1,Tier 3,ECE,B.Tech,6.54,0,Yes,4,2,65,62,40,70,93.78,Embedded Engineer,Placed,0.5934,4.63
STU04679,24,Male,Delhi,New Delhi,Tier 2,Tier 2,CSE,B.Tech,8.53,0,Yes,1,1,94,100,75,34,92.78,Software Developer,Placed,0.8122,5.71
STU04680,22,Male,Maharashtra,Mumbai,Tier 3,Tier 3,AI & ML,B.Tech,9.38,1,No,6,4,59,100,73,42,90.3,Machine Learning Engineer,Placed,0.8508,5.31
STU04681,24,Male,Maharashtra,Nagpur,Tier 2,Tier 1,ECE,B.Tech,7.71,2,No,2,3,77,75,72,54,65.92,Embedded Engineer,Placed,0.4207,2.5
STU04682,23,Male,West Bengal,Kolkata,Tier 1,Tier 2,AI & ML,B.E.,7.4,0,No,0,2,65,99,61,78,78.34,Machine Learning Engineer,Placed,0.6432,4.57
STU04683,23,Female,Andhra Pradesh,Vijayawada,Tier 2,Tier 1,ISE,B.Tech,9.16,0,Yes,5,1,64,81,69,83,87.56,Full Stack Developer,Placed,0.9223,5.85
STU04684,24,Male,Uttar Pradesh,Kanpur,Tier 3,Tier 3,CSE,B.Tech,7.96,1,Yes,3,2,69,97,39,64,86.6,Software Developer,Placed,0.7583,4.6
STU04685,22,Female,Telangana,Warangal,Tier 1,Tier 3,Civil,B.Tech,7.6,2,Yes,1,1,70,41,58,74,76.87,Civil Engineer,Not Placed,0.2781,0.0
STU04686,23,Male,West Bengal,Durgapur,Tier 1,Tier 2,AI & ML,B.Tech,8.45,0,Yes,2,0,55,72,60,59,88.43,Machine Learning Engineer,Not Placed,0.6979,0.0
STU04687,24,Male,Karnataka,Mysuru,Tier 3,Tier 3,Data Science,B.Tech,6.32,0,Yes,2,3,48,85,91,64,76.12,Data Scientist,Placed,0.5764,6.22
STU04688,23,Male,West Bengal,Durgapur,Tier 2,Tier 1,AI & ML,B.Tech,6.49,0,No,0,1,54,61,31,59,86.76,Machine Learning Engineer,Not Placed,0.3,0.0
STU04689,24,Male,Andhra Pradesh,Tirupati,Tier 1,Tier 1,Data Science,B.Tech,7.13,1,Yes,4,1,86,67,30,87,79.72,Data Scientist,Placed,0.7292,3.84
STU04690,20,Female,Kerala,Kochi,Tier 2,Tier 3,AI & ML,B.Tech,7.23,0,No,1,0,78,80,52,41,78.23,Machine Learning Engineer,Placed,0.4453,4.59
STU04691,21,Male,Kerala,Kozhikode,Tier 1,Tier 3,Mechanical,B.E.,7.06,0,Yes,2,1,55,38,56,64,86.85,Design Engineer,Not Placed,0.3847,0.0
STU04692,23,Male,Telangana,Karimnagar,Tier 1,Tier 3,EEE,B.E.,9.06,0,Yes,3,4,99,77,72,70,88.71,Electrical Engineer,Placed,0.9013,4.5
STU04693,21,Male,Maharashtra,Pune,Tier 1,Tier 1,ISE,B.Tech,7.05,0,Yes,1,3,69,88,98,65,90.41,Full Stack Developer,Not Placed,0.7258,0.0
STU04694,22,Male,West Bengal,Kolkata,Tier 2,Tier 1,ECE,B.Tech,9.09,0,No,2,1,57,76,82,42,79.01,Embedded Engineer,Not Placed,0.6541,0.0
STU04695,21,Male,West Bengal,Kolkata,Tier 2,Tier 3,ISE,B.E.,6.29,0,Yes,1,3,73,90,71,58,77.79,Full Stack Developer,Placed,0.6067,3.65
STU04696,20,Female,Delhi,New Delhi,Tier 2,Tier 1,ECE,B.Tech,7.82,0,Yes,2,1,78,41,40,57,94.31,Embedded Engineer,Placed,0.5784,4.51
STU04697,23,Female,Uttar Pradesh,Kanpur,Tier 2,Tier 3,CSE,B.Tech,8.46,3,Yes,2,2,79,90,91,71,73.47,Software Developer,Not Placed,0.591,0.0
STU04698,20,Male,Delhi,New Delhi,Tier 2,Tier 3,CSE,B.Tech,6.14,0,No,0,4,41,60,65,58,70.88,Software Developer,Placed,0.2515,3.0
STU04699,24,Male,Maharashtra,Pune,Tier 2,Tier 2,CSE,B.Tech,8.31,0,Yes,2,5,61,96,100,32,75.34,Software Developer,Placed,0.8104,7.22
STU04700,23,Female,Tamil Nadu,Coimbatore,Tier 2,Tier 2,CSE,B.E.,7.77,0,No,3,3,59,81,80,57,81.91,Software Developer,Placed,0.6789,3.95
STU04701,22,Male,Karnataka,Bengaluru,Tier 2,Tier 3,EEE,B.Tech,8.85,0,No,2,3,73,89,90,65,71.74,Electrical Engineer,Not Placed,0.7739,0.0
STU04702,22,Male,Andhra Pradesh,Vijayawada,Tier 2,Tier 2,ECE,B.Tech,7.78,0,No,2,1,54,55,54,61,79.77,Embedded Engineer,Not Placed,0.4352,0.0
STU04703,20,Male,Kerala,Kozhikode,Tier 3,Tier 1,CSE,B.E.,7.07,0,Yes,4,3,60,54,64,58,98.95,Software Developer,Placed,0.6721,4.5
STU04704,24,Male,Kerala,Kozhikode,Tier 3,Tier 2,Data Science,B.Tech,6.63,3,No,3,3,52,69,58,65,89.27,Data Scientist,Not Placed,0.2109,0.0
STU04705,21,Male,Karnataka,Bengaluru,Tier 2,Tier 3,ISE,B.Tech,7.24,0,Yes,3,1,77,50,67,72,86.85,Full Stack Developer,Not Placed,0.6263,0.0
STU04706,22,Male,Gujarat,Vadodara,Tier 2,Tier 3,CSE,B.E.,8.24,0,Yes,1,2,79,88,59,78,88.74,Software Developer,Not Placed,0.8153,0.0
STU04707,21,Female,Tamil Nadu,Coimbatore,Tier 2,Tier 1,AI & ML,B.Tech,8.94,1,No,1,1,68,97,54,51,95.56,Machine Learning Engineer,Not Placed,0.67,0.0
STU04708,23,Male,Tamil Nadu,Chennai,Tier 2,Tier 2,CSE,B.Tech,8.09,0,Yes,3,0,84,66,44,47,90.86,Software Developer,Placed,0.7213,5.53
STU04709,24,Female,Telangana,Karimnagar,Tier 3,Tier 1,ISE,B.Tech,5.55,3,Yes,0,3,57,46,46,81,77.82,Full Stack Developer,Not Placed,0.126,0.0
STU04710,24,Male,Kerala,Kochi,Tier 2,Tier 3,ISE,B.E.,7.64,1,Yes,3,0,82,83,76,86,84.84,Full Stack Developer,Placed,0.7247,5.14
STU04711,22,Male,Andhra Pradesh,Visakhapatnam,Tier 3,Tier 3,CSE,B.Tech,7.02,2,Yes,4,1,82,44,45,55,83.88,Software Developer,Placed,0.3651,4.13
STU04712,20,Male,Gujarat,Surat,Tier 3,Tier 2,Civil,B.Tech,7.31,0,Yes,1,2,59,47,58,88,79.09,Civil Engineer,Not Placed,0.5352,0.0
STU04713,22,Male,Kerala,Kochi,Tier 2,Tier 2,Data Science,B.Tech,8.14,0,Yes,1,2,70,81,82,43,71.84,Data Scientist,Placed,0.7044,7.4
STU04714,24,Female,Uttar Pradesh,Lucknow,Tier 1,Tier 2,Data Science,B.Tech,8.81,0,Yes,3,2,75,69,58,64,97.59,Data Scientist,Placed,0.8357,5.59
STU04715,21,Female,Telangana,Karimnagar,Tier 1,Tier 3,Data Science,B.E.,7.43,0,Yes,2,3,60,84,59,97,71.6,Data Scientist,Not Placed,0.7904,0.0
STU04716,22,Male,Karnataka,Mangaluru,Tier 2,Tier 1,AI & ML,B.E.,7.13,0,Yes,3,1,70,83,49,72,73.65,Machine Learning Engineer,Placed,0.7642,3.61
STU04717,24,Male,Delhi,Delhi,Tier 2,Tier 2,EEE,B.Tech,8.43,0,Yes,3,3,69,87,72,88,86.02,Electrical Engineer,Placed,0.8746,6.81
STU04718,20,Male,Telangana,Karimnagar,Tier 2,Tier 3,CSE,B.Tech,6.56,0,Yes,3,1,50,80,48,38,90.4,Software Developer,Not Placed,0.5043,0.0
STU04719,20,Female,Kerala,Kozhikode,Tier 2,Tier 1,AI & ML,B.Tech,9.96,0,No,0,2,83,89,74,59,86.45,Machine Learning Engineer,Placed,0.8414,4.87
STU04720,20,Female,Andhra Pradesh,Visakhapatnam,Tier 3,Tier 1,EEE,B.Tech,8.45,1,Yes,2,3,58,84,81,52,98.42,Electrical Engineer,Placed,0.6952,3.49
STU04721,22,Female,Delhi,Delhi,Tier 1,Tier 1,Mechanical,B.Tech,7.24,3,Yes,2,1,76,64,45,52,84.13,Design Engineer,Placed,0.2756,3.93
STU04722,24,Male,Karnataka,Bengaluru,Tier 3,Tier 2,ISE,B.Tech,9.41,0,Yes,2,1,65,65,52,57,79.93,Full Stack Developer,Placed,0.7922,6.17
STU04723,23,Female,Gujarat,Ahmedabad,Tier 2,Tier 2,Mechanical,B.Tech,8.23,3,No,3,0,67,66,70,64,76.4,Design Engineer,Placed,0.2816,5.88
STU04724,20,Male,Telangana,Hyderabad,Tier 2,Tier 3,CSE,B.Tech,8.11,0,No,1,4,66,83,70,58,78.1,Software Developer,Not Placed,0.6661,0.0
STU04725,20,Male,West Bengal,Kolkata,Tier 2,Tier 1,Data Science,B.Tech,8.44,0,Yes,3,3,80,77,52,51,92.89,Data Scientist,Placed,0.8488,5.23
STU04726,23,Male,Tamil Nadu,Madurai,Tier 1,Tier 2,CSE,B.Tech,8.01,0,No,3,0,85,53,65,47,80.74,Software Developer,Not Placed,0.5603,0.0
STU04727,23,Female,Telangana,Karimnagar,Tier 1,Tier 3,Data Science,B.Tech,7.37,0,No,0,3,75,59,47,22,84.91,Data Scientist,Not Placed,0.3369,0.0
STU04728,22,Female,Tamil Nadu,Chennai,Tier 2,Tier 2,ISE,B.E.,8.21,2,Yes,4,4,79,68,61,76,86.42,Full Stack Developer,Placed,0.7325,6.2
STU04729,21,Male,Andhra Pradesh,Visakhapatnam,Tier 1,Tier 1,Mechanical,B.Tech,8.37,1,Yes,3,1,76,99,74,70,74.98,Design Engineer,Placed,0.8128,6.93
STU04730,24,Male,Maharashtra,Nagpur,Tier 2,Tier 3,AI & ML,B.Tech,7.05,0,No,2,2,65,53,65,52,74.81,Machine Learning Engineer,Placed,0.3941,3.91
STU04731,23,Female,Delhi,New Delhi,Tier 3,Tier 1,ECE,B.E.,7.41,0,Yes,1,4,49,71,81,56,63.26,Embedded Engineer,Not Placed,0.6068,0.0
STU04732,21,Male,Tamil Nadu,Chennai,Tier 3,Tier 2,ECE,B.Tech,8.29,0,No,4,3,63,56,39,68,96.17,Embedded Engineer,Placed,0.6774,4.21
STU04733,24,Male,Kerala,Kochi,Tier 3,Tier 2,CSE,B.E.,7.76,0,Yes,2,1,93,90,83,72,91.71,Software Developer,Placed,0.8268,5.07
STU04734,23,Male,Andhra Pradesh,Tirupati,Tier 3,Tier 2,CSE,B.E.,6.48,1,Yes,2,3,77,56,71,78,82.67,Software Developer,Placed,0.5009,2.69
STU04735,21,Female,West Bengal,Durgapur,Tier 2,Tier 2,EEE,B.E.,8.22,0,Yes,3,3,71,82,64,64,78.5,Electrical Engineer,Placed,0.817,4.77
STU04736,20,Male,Uttar Pradesh,Noida,Tier 1,Tier 1,Data Science,B.Tech,7.97,0,Yes,2,3,69,94,75,79,70.18,Data Scientist,Not Placed,0.8633,0.0
STU04737,24,Female,Uttar Pradesh,Noida,Tier 3,Tier 3,Data Science,B.Tech,8.78,0,Yes,0,2,81,89,68,74,95.21,Data Scientist,Placed,0.8237,3.94
STU04738,20,Male,Tamil Nadu,Coimbatore,Tier 2,Tier 2,ISE,B.E.,6.58,0,No,4,0,50,43,49,67,81.78,Full Stack Developer,Not Placed,0.3582,0.0
STU04739,20,Male,Uttar Pradesh,Lucknow,Tier 2,Tier 3,EEE,B.Tech,7.81,2,No,0,2,61,69,86,57,80.9,Electrical Engineer,Not Placed,0.2319,0.0
STU04740,21,Male,Uttar Pradesh,Lucknow,Tier 3,Tier 2,Mechanical,B.Tech,8.85,0,No,1,1,69,80,79,40,99.58,Design Engineer,Placed,0.6032,7.32
STU04741,24,Female,Telangana,Karimnagar,Tier 2,Tier 2,ECE,B.Tech,9.23,0,Yes,3,1,54,93,77,66,77.3,Embedded Engineer,Placed,0.8539,7.4
STU04742,20,Female,Tamil Nadu,Madurai,Tier 3,Tier 2,EEE,B.Tech,8.23,0,No,1,3,70,81,99,57,86.97,Electrical Engineer,Not Placed,0.6396,0.0
STU04743,21,Other,West Bengal,Durgapur,Tier 1,Tier 2,CSE,B.Tech,8.95,0,No,1,1,86,66,54,56,85.58,Software Developer,Not Placed,0.681,0.0
STU04744,20,Female,Uttar Pradesh,Kanpur,Tier 2,Tier 3,AI & ML,B.Tech,8.44,0,No,2,0,76,66,84,58,86.78,Machine Learning Engineer,Not Placed,0.6072,0.0
STU04745,23,Male,Uttar Pradesh,Kanpur,Tier 3,Tier 3,Data Science,B.E.,7.9,2,Yes,1,2,78,51,55,69,90.0,Data Scientist,Not Placed,0.4123,0.0
STU04746,20,Female,Andhra Pradesh,Vijayawada,Tier 1,Tier 2,CSE,B.Tech,8.55,2,No,3,0,65,67,84,47,85.89,Software Developer,Placed,0.4004,3.83
STU04747,23,Male,Karnataka,Mangaluru,Tier 2,Tier 1,CSE,B.Tech,8.12,0,Yes,1,3,63,84,63,55,71.65,Software Developer,Placed,0.7668,4.07
STU04748,22,Male,Delhi,New Delhi,Tier 2,Tier 2,ECE,B.E.,7.29,0,Yes,3,2,79,59,57,100,76.97,Embedded Engineer,Placed,0.7484,3.63
STU04749,23,Male,Delhi,New Delhi,Tier 1,Tier 2,AI & ML,B.Tech,8.94,0,Yes,4,3,68,100,57,48,85.46,Machine Learning Engineer,Placed,0.9042,5.06
STU04750,24,Male,Kerala,Kozhikode,Tier 2,Tier 2,ECE,B.Tech,8.19,1,Yes,2,2,68,89,81,69,68.3,Embedded Engineer,Placed,0.711,4.14
STU04751,23,Female,West Bengal,Kolkata,Tier 2,Tier 2,ISE,B.E.,7.47,0,No,2,2,77,64,34,65,81.27,Full Stack Developer,Not Placed,0.5831,0.0
STU04752,21,Male,Delhi,New Delhi,Tier 3,Tier 2,Mechanical,B.Tech,6.26,0,Yes,3,4,54,29,75,80,65.69,Design Engineer,Placed,0.4376,2.5
STU04753,21,Male,Karnataka,Bengaluru,Tier 2,Tier 1,ECE,B.Tech,8.8,0,Yes,3,3,66,64,86,56,81.14,Embedded Engineer,Placed,0.8019,4.89
STU04754,23,Male,Gujarat,Ahmedabad,Tier 3,Tier 1,AI & ML,B.Tech,8.02,3,Yes,4,2,63,55,66,60,87.62,Machine Learning Engineer,Placed,0.4442,2.5
STU04755,23,Female,Uttar Pradesh,Lucknow,Tier 2,Tier 3,Data Science,B.E.,8.15,0,No,0,4,54,58,79,60,87.76,Data Scientist,Not Placed,0.4903,0.0
STU04756,21,Female,Tamil Nadu,Chennai,Tier 2,Tier 3,ISE,B.E.,7.52,0,Yes,2,3,66,91,100,64,83.11,Full Stack Developer,Placed,0.7632,5.2
STU04757,20,Male,Karnataka,Mysuru,Tier 3,Tier 2,Mechanical,B.Tech,8.05,0,No,3,4,76,52,47,47,84.42,Design Engineer,Placed,0.5949,3.21
STU04758,21,Female,West Bengal,Kolkata,Tier 2,Tier 3,CSE,B.Tech,7.96,0,Yes,2,1,75,62,91,65,76.62,Software Developer,Not Placed,0.6833,0.0
STU04759,21,Male,West Bengal,Kolkata,Tier 1,Tier 3,CSE,B.E.,7.74,1,No,2,1,77,64,54,49,88.16,Software Developer,Placed,0.4107,6.12
STU04760,23,Male,Andhra Pradesh,Visakhapatnam,Tier 1,Tier 2,ISE,B.Tech,8.97,0,Yes,1,3,96,65,74,70,88.19,Full Stack Developer,Placed,0.8442,6.54
STU04761,24,Male,Maharashtra,Mumbai,Tier 1,Tier 3,CSE,B.Tech,7.81,0,No,2,2,55,84,55,100,91.47,Software Developer,Placed,0.7159,4.4
STU04762,23,Male,Andhra Pradesh,Visakhapatnam,Tier 2,Tier 3,Data Science,B.E.,8.31,0,No,0,2,80,58,69,69,71.09,Data Scientist,Placed,0.5625,4.98
STU04763,24,Male,West Bengal,Durgapur,Tier 1,Tier 2,Data Science,B.Tech,6.85,0,No,0,1,60,71,70,61,82.54,Data Scientist,Placed,0.3712,3.76
STU04764,22,Female,Tamil Nadu,Madurai,Tier 2,Tier 2,CSE,B.E.,7.68,0,No,2,3,69,47,29,55,83.74,Software Developer,Placed,0.5026,6.33
STU04765,24,Female,Uttar Pradesh,Noida,Tier 2,Tier 2,ISE,B.Tech,7.87,0,No,4,2,64,71,67,68,77.59,Full Stack Developer,Placed,0.7074,6.12
STU04766,23,Female,Maharashtra,Pune,Tier 3,Tier 2,AI & ML,B.Tech,9.32,0,Yes,1,1,78,83,74,76,83.88,Machine Learning Engineer,Placed,0.8611,5.05
STU04767,20,Female,Telangana,Hyderabad,Tier 1,Tier 3,CSE,B.Tech,6.74,0,Yes,6,6,54,49,31,57,88.29,Software Developer,Placed,0.7019,4.82
STU04768,24,Female,Maharashtra,Pune,Tier 2,Tier 2,CSE,B.Tech,8.23,2,No,1,0,93,78,63,41,79.28,Software Developer,Placed,0.391,5.83
STU04769,21,Female,Uttar Pradesh,Lucknow,Tier 1,Tier 1,Data Science,B.E.,7.91,0,Yes,1,3,70,64,76,95,90.03,Data Scientist,Not Placed,0.7862,0.0
STU04770,22,Female,Karnataka,Bengaluru,Tier 2,Tier 1,ECE,B.Tech,8.5,0,Yes,2,3,69,45,79,61,90.92,Embedded Engineer,Not Placed,0.6971,0.0
STU04771,22,Female,Delhi,Delhi,Tier 3,Tier 3,ISE,B.Tech,7.97,1,No,1,2,92,34,40,72,80.7,Full Stack Developer,Not Placed,0.3958,0.0
STU04772,23,Male,Karnataka,Mysuru,Tier 2,Tier 2,CSE,B.Tech,8.18,0,Yes,2,0,78,59,82,57,82.74,Software Developer,Placed,0.6751,2.5
STU04773,24,Female,Maharashtra,Nagpur,Tier 2,Tier 3,Data Science,B.Tech,7.74,2,Yes,1,6,68,80,83,59,78.02,Data Scientist,Placed,0.5634,4.2
STU04774,24,Female,Telangana,Hyderabad,Tier 2,Tier 2,AI & ML,B.Tech,7.53,0,No,1,3,60,67,71,100,80.73,Machine Learning Engineer,Placed,0.6351,2.5
STU04775,24,Female,Delhi,New Delhi,Tier 3,Tier 3,Mechanical,B.Tech,7.72,0,Yes,1,2,68,57,44,84,78.43,Design Engineer,Not Placed,0.6185,0.0
STU04776,23,Male,Uttar Pradesh,Kanpur,Tier 1,Tier 1,ISE,B.E.,8.77,0,Yes,0,1,71,89,50,59,87.55,Full Stack Developer,Not Placed,0.7925,0.0
STU04777,20,Female,Karnataka,Mysuru,Tier 3,Tier 3,CSE,B.E.,7.37,0,Yes,2,1,78,74,49,78,73.64,Software Developer,Not Placed,0.7135,0.0
STU04778,20,Male,Uttar Pradesh,Kanpur,Tier 2,Tier 1,ECE,B.Tech,6.37,0,No,1,2,50,34,63,62,82.05,Embedded Engineer,Not Placed,0.2197,0.0
STU04779,21,Male,Karnataka,Mysuru,Tier 2,Tier 3,AI & ML,B.Tech,8.55,0,Yes,1,2,91,81,55,80,93.71,Machine Learning Engineer,Placed,0.841,5.28
STU04780,21,Female,Tamil Nadu,Madurai,Tier 3,Tier 2,ISE,B.E.,7.14,0,Yes,1,1,77,73,85,66,88.49,Full Stack Developer,Placed,0.6303,6.05
STU04781,22,Female,Maharashtra,Nagpur,Tier 1,Tier 1,CSE,B.E.,7.31,0,No,2,1,55,67,41,74,80.63,Software Developer,Placed,0.5452,2.92
STU04782,24,Male,West Bengal,Durgapur,Tier 3,Tier 2,ISE,B.Tech,7.08,0,No,1,2,62,74,56,64,79.34,Full Stack Developer,Placed,0.4924,3.29
STU04783,22,Female,Karnataka,Bengaluru,Tier 3,Tier 3,ISE,B.Tech,8.01,0,Yes,2,0,61,55,47,60,78.16,Full Stack Developer,Placed,0.5829,4.28
STU04784,24,Other,West Bengal,Kolkata,Tier 2,Tier 2,ISE,B.Tech,9.06,0,No,0,3,63,100,97,91,84.37,Full Stack Developer,Placed,0.8299,6.16
STU04785,22,Male,Karnataka,Mangaluru,Tier 3,Tier 3,CSE,B.E.,7.33,0,Yes,2,3,75,55,56,63,83.68,Software Developer,Not Placed,0.6309,0.0
STU04786,23,Male,Tamil Nadu,Madurai,Tier 2,Tier 3,ECE,B.E.,7.23,0,Yes,1,1,76,51,55,63,90.58,Embedded Engineer,Placed,0.4744,4.14
STU04787,23,Male,Karnataka,Bengaluru,Tier 3,Tier 3,AI & ML,B.E.,7.22,0,No,2,2,70,70,80,78,82.25,Machine Learning Engineer,Not Placed,0.5807,0.0
STU04788,24,Male,Tamil Nadu,Madurai,Tier 1,Tier 3,CSE,B.Tech,9.5,0,Yes,2,2,92,81,76,68,80.66,Software Developer,Placed,0.8952,5.86
STU04789,21,Female,Karnataka,Mysuru,Tier 3,Tier 1,AI & ML,B.E.,7.0,0,No,0,2,51,51,80,46,67.05,Machine Learning Engineer,Not Placed,0.2914,0.0
STU04790,23,Female,West Bengal,Kolkata,Tier 2,Tier 2,Data Science,B.E.,8.02,0,No,4,3,93,60,74,73,87.34,Data Scientist,Placed,0.7789,5.94
STU04791,22,Male,Gujarat,Ahmedabad,Tier 2,Tier 3,ECE,B.Tech,7.03,1,No,2,4,57,70,41,58,84.49,Embedded Engineer,Not Placed,0.3641,0.0
STU04792,23,Male,Telangana,Hyderabad,Tier 2,Tier 2,Data Science,B.Tech,7.82,1,No,2,3,73,93,84,74,73.52,Data Scientist,Not Placed,0.6742,0.0
STU04793,23,Female,Tamil Nadu,Chennai,Tier 2,Tier 3,EEE,B.Tech,6.06,0,Yes,1,3,52,66,73,88,82.53,Electrical Engineer,Placed,0.4639,4.82
STU04794,21,Female,Telangana,Karimnagar,Tier 2,Tier 2,CSE,B.Tech,7.41,0,Yes,2,4,59,65,83,58,81.3,Software Developer,Placed,0.6639,5.58
STU04795,24,Female,Kerala,Thiruvananthapuram,Tier 2,Tier 2,CSE,B.E.,9.14,1,Yes,1,1,59,100,82,87,75.91,Software Developer,Not Placed,0.8186,0.0
STU04796,24,Female,West Bengal,Kolkata,Tier 3,Tier 3,CSE,B.Tech,7.79,0,Yes,1,1,47,62,57,66,74.62,Software Developer,Not Placed,0.5466,0.0
STU04797,23,Female,Karnataka,Bengaluru,Tier 3,Tier 2,EEE,B.Tech,8.37,1,Yes,2,2,69,58,56,67,74.34,Electrical Engineer,Placed,0.6014,6.23
STU04798,20,Male,Andhra Pradesh,Vijayawada,Tier 2,Tier 1,CSE,B.Tech,7.66,0,Yes,1,1,62,57,94,100,83.61,Software Developer,Not Placed,0.6955,0.0
STU04799,20,Male,Maharashtra,Pune,Tier 2,Tier 1,AI & ML,B.Tech,8.16,0,Yes,2,2,55,87,58,82,84.73,Machine Learning Engineer,Placed,0.8278,5.63
STU04800,20,Female,Tamil Nadu,Madurai,Tier 3,Tier 1,CSE,B.Tech,6.97,1,Yes,1,1,75,67,74,81,89.65,Software Developer,Not Placed,0.5431,0.0
STU04801,24,Male,West Bengal,Kolkata,Tier 3,Tier 3,Mechanical,B.E.,8.68,0,Yes,1,3,68,59,45,47,73.29,Design Engineer,Placed,0.6476,4.65
STU04802,20,Female,Kerala,Thiruvananthapuram,Tier 1,Tier 2,EEE,B.E.,8.66,0,Yes,3,0,69,59,61,70,88.27,Electrical Engineer,Placed,0.7362,4.66
STU04803,20,Male,Andhra Pradesh,Tirupati,Tier 3,Tier 2,Data Science,B.E.,10.0,0,Yes,3,1,90,98,77,63,98.57,Data Scientist,Placed,0.9399,5.23
STU04804,24,Male,Kerala,Kozhikode,Tier 3,Tier 3,CSE,B.Tech,8.8,0,Yes,2,3,65,68,58,58,93.13,Software Developer,Placed,0.7772,5.91
STU04805,23,Female,Uttar Pradesh,Kanpur,Tier 2,Tier 2,EEE,B.Tech,6.51,0,Yes,1,3,66,69,61,59,66.83,Electrical Engineer,Not Placed,0.5023,0.0
STU04806,21,Female,West Bengal,Kolkata,Tier 2,Tier 1,ISE,B.E.,8.74,0,Yes,3,1,73,74,56,49,78.57,Full Stack Developer,Placed,0.8176,5.09
STU04807,22,Male,Telangana,Warangal,Tier 2,Tier 3,EEE,B.Tech,8.8,1,No,1,2,82,97,75,69,83.25,Electrical Engineer,Not Placed,0.6853,0.0
STU04808,23,Male,Gujarat,Vadodara,Tier 2,Tier 3,CSE,B.Tech,8.95,0,Yes,2,2,83,69,67,60,92.3,Software Developer,Placed,0.8138,5.56
STU04809,22,Female,Delhi,Delhi,Tier 3,Tier 2,CSE,B.Tech,7.19,2,Yes,2,2,46,35,35,45,66.35,Software Developer,Not Placed,0.2025,0.0
STU04810,23,Female,Tamil Nadu,Chennai,Tier 1,Tier 2,ISE,B.E.,7.58,0,Yes,0,1,70,92,91,100,76.03,Full Stack Developer,Placed,0.7712,6.71
STU04811,24,Male,Andhra Pradesh,Tirupati,Tier 1,Tier 2,AI & ML,B.E.,6.98,0,Yes,1,1,75,71,40,58,79.8,Machine Learning Engineer,Placed,0.5755,4.76
STU04812,21,Female,Kerala,Kozhikode,Tier 3,Tier 1,AI & ML,B.Tech,8.87,0,Yes,4,7,73,75,87,75,79.76,Machine Learning Engineer,Placed,0.935,2.98
STU04813,24,Male,Andhra Pradesh,Tirupati,Tier 2,Tier 2,CSE,B.Tech,8.56,0,No,4,3,55,63,67,68,67.98,Software Developer,Placed,0.7395,5.34
STU04814,21,Female,Karnataka,Mangaluru,Tier 3,Tier 2,Mechanical,B.Tech,6.65,0,No,1,2,48,76,81,84,80.39,Design Engineer,Placed,0.4337,4.53
STU04815,20,Female,Kerala,Kozhikode,Tier 2,Tier 3,CSE,B.Tech,6.33,0,No,6,2,64,76,87,75,77.06,Software Developer,Placed,0.656,4.42
STU04816,24,Male,Kerala,Thiruvananthapuram,Tier 2,Tier 1,CSE,B.E.,7.25,1,Yes,4,2,74,77,81,42,91.52,Software Developer,Not Placed,0.6553,0.0
STU04817,22,Female,Delhi,Delhi,Tier 1,Tier 3,AI & ML,B.Tech,5.69,1,Yes,5,2,64,63,50,67,79.66,Machine Learning Engineer,Placed,0.4616,4.0
STU04818,21,Female,Gujarat,Ahmedabad,Tier 2,Tier 2,CSE,B.Tech,7.68,0,No,0,2,79,55,44,71,83.92,Software Developer,Placed,0.5018,4.47
STU04819,24,Male,Andhra Pradesh,Vijayawada,Tier 2,Tier 2,AI & ML,B.Tech,8.92,0,Yes,2,0,85,73,58,45,76.38,Machine Learning Engineer,Placed,0.7789,3.75
STU04820,24,Male,Tamil Nadu,Madurai,Tier 2,Tier 1,Civil,B.Tech,8.19,0,No,1,4,55,56,79,99,84.95,Civil Engineer,Placed,0.6571,3.98
STU04821,21,Male,Gujarat,Ahmedabad,Tier 3,Tier 1,AI & ML,B.Tech,5.35,0,Yes,0,3,53,58,58,81,89.53,Machine Learning Engineer,Not Placed,0.3749,0.0
STU04822,20,Female,Karnataka,Bengaluru,Tier 2,Tier 2,Mechanical,B.Tech,7.96,0,Yes,1,2,69,42,29,81,81.7,Design Engineer,Not Placed,0.5932,0.0
STU04823,24,Female,Karnataka,Mysuru,Tier 1,Tier 1,Data Science,B.E.,7.2,1,No,1,1,82,53,85,70,83.48,Data Scientist,Placed,0.3845,4.11
STU04824,24,Female,West Bengal,Kolkata,Tier 3,Tier 3,ISE,B.Tech,8.01,0,Yes,4,0,67,76,32,61,71.68,Full Stack Developer,Placed,0.7614,5.02
STU04825,21,Female,Delhi,Delhi,Tier 1,Tier 2,Mechanical,B.Tech,9.2,0,Yes,2,2,69,52,23,48,71.53,Design Engineer,Not Placed,0.7113,0.0
STU04826,21,Male,Karnataka,Mysuru,Tier 1,Tier 3,CSE,B.Tech,7.85,0,No,1,4,59,80,83,60,87.56,Software Developer,Not Placed,0.613,0.0
STU04827,20,Male,Gujarat,Surat,Tier 3,Tier 2,ISE,B.Tech,7.34,1,Yes,1,1,47,67,65,78,87.56,Full Stack Developer,Placed,0.4627,3.62
STU04828,24,Male,Telangana,Karimnagar,Tier 2,Tier 1,CSE,B.Tech,8.12,0,Yes,1,2,89,72,58,49,63.2,Software Developer,Placed,0.7531,3.33
STU04829,20,Female,Gujarat,Vadodara,Tier 2,Tier 3,ISE,B.Tech,8.08,0,No,1,1,73,100,100,87,73.36,Full Stack Developer,Not Placed,0.7534,0.0
STU04830,22,Male,Gujarat,Ahmedabad,Tier 1,Tier 2,AI & ML,B.Tech,6.77,1,No,5,2,74,43,50,74,100.0,Machine Learning Engineer,Not Placed,0.4521,0.0
STU04831,24,Male,Uttar Pradesh,Noida,Tier 1,Tier 2,Mechanical,B.Tech,7.04,0,No,3,6,87,74,74,63,65.28,Design Engineer,Placed,0.7009,5.07
STU04832,21,Male,Telangana,Karimnagar,Tier 2,Tier 2,ECE,B.Tech,7.91,0,No,4,1,62,42,30,62,74.51,Embedded Engineer,Not Placed,0.5082,0.0
STU04833,20,Male,Karnataka,Bengaluru,Tier 2,Tier 3,CSE,B.Tech,6.92,0,Yes,3,4,50,71,74,64,78.11,Software Developer,Placed,0.6527,3.1
STU04834,23,Female,Kerala,Kochi,Tier 2,Tier 2,AI & ML,B.Tech,7.62,0,Yes,1,2,63,74,48,63,85.18,Machine Learning Engineer,Placed,0.6603,4.28
STU04835,21,Female,Karnataka,Mangaluru,Tier 2,Tier 2,ISE,B.Tech,8.51,0,No,1,2,68,81,66,56,75.37,Full Stack Developer,Placed,0.6719,3.89
STU04836,20,Male,Tamil Nadu,Madurai,Tier 2,Tier 1,CSE,B.Tech,7.06,0,Yes,1,3,65,68,89,61,78.81,Software Developer,Placed,0.6277,4.39
STU04837,23,Female,West Bengal,Kolkata,Tier 1,Tier 2,ECE,B.E.,8.28,0,Yes,0,1,75,93,77,85,92.63,Embedded Engineer,Placed,0.7824,4.95
STU04838,21,Male,Karnataka,Bengaluru,Tier 3,Tier 2,EEE,B.Tech,8.16,1,Yes,4,1,77,69,74,38,69.41,Electrical Engineer,Placed,0.6282,3.37
STU04839,21,Male,Gujarat,Surat,Tier 1,Tier 2,Data Science,B.Tech,8.06,0,Yes,2,2,71,87,59,80,93.84,Data Scientist,Placed,0.8287,6.09
STU04840,20,Male,Tamil Nadu,Coimbatore,Tier 2,Tier 1,ISE,B.Tech,7.14,0,Yes,5,3,50,54,54,80,90.67,Full Stack Developer,Not Placed,0.7458,0.0
STU04841,21,Male,Maharashtra,Pune,Tier 1,Tier 2,Data Science,B.Tech,8.81,0,No,3,1,75,78,56,100,78.79,Data Scientist,Placed,0.8415,6.22
STU04842,21,Male,Kerala,Kozhikode,Tier 2,Tier 1,AI & ML,B.Tech,8.49,0,Yes,4,2,78,96,35,85,85.72,Machine Learning Engineer,Placed,0.928,5.21
STU04843,22,Male,Telangana,Hyderabad,Tier 1,Tier 2,EEE,B.Tech,9.19,0,No,1,1,54,62,58,80,79.75,Electrical Engineer,Not Placed,0.6344,0.0
STU04844,23,Male,Tamil Nadu,Madurai,Tier 3,Tier 2,AI & ML,B.E.,6.78,0,No,0,1,50,77,67,76,77.84,Machine Learning Engineer,Placed,0.4033,2.5
STU04845,21,Male,West Bengal,Durgapur,Tier 2,Tier 2,CSE,B.Tech,7.64,0,Yes,2,0,64,82,55,48,77.43,Software Developer,Placed,0.6519,6.83
STU04846,20,Female,Kerala,Kozhikode,Tier 3,Tier 3,CSE,B.Tech,7.37,1,Yes,1,3,65,100,67,100,86.28,Software Developer,Placed,0.742,4.57
STU04847,21,Female,Maharashtra,Pune,Tier 3,Tier 3,CSE,B.Tech,9.8,1,Yes,1,3,73,70,48,69,81.75,Software Developer,Not Placed,0.7914,0.0
STU04848,23,Male,Gujarat,Ahmedabad,Tier 2,Tier 2,CSE,B.E.,6.9,0,Yes,2,0,78,61,57,55,81.97,Software Developer,Placed,0.5426,4.02
STU04849,21,Male,Delhi,Delhi,Tier 1,Tier 2,CSE,B.E.,6.31,0,No,1,5,73,62,57,93,95.5,Software Developer,Not Placed,0.5464,0.0
STU04850,21,Female,Delhi,New Delhi,Tier 2,Tier 2,CSE,B.Tech,7.7,0,Yes,1,2,74,56,78,63,74.14,Software Developer,Placed,0.6243,5.44
STU04851,24,Male,Telangana,Hyderabad,Tier 3,Tier 3,Data Science,B.Tech,7.5,0,Yes,3,1,79,62,46,57,82.09,Data Scientist,Placed,0.6668,4.1
STU04852,22,Male,Tamil Nadu,Chennai,Tier 1,Tier 2,Data Science,B.E.,8.44,0,Yes,0,0,70,68,64,69,86.36,Data Scientist,Placed,0.6684,3.29
STU04853,22,Male,Maharashtra,Nagpur,Tier 3,Tier 1,ISE,B.Tech,8.03,1,Yes,2,3,78,65,73,48,81.99,Full Stack Developer,Placed,0.6533,4.4
STU04854,23,Male,Uttar Pradesh,Lucknow,Tier 2,Tier 1,EEE,B.E.,7.71,1,Yes,0,2,72,69,56,67,87.46,Electrical Engineer,Placed,0.5271,5.01
STU04855,21,Male,Kerala,Kozhikode,Tier 2,Tier 2,AI & ML,B.Tech,7.2,0,Yes,1,0,69,54,60,77,96.99,Machine Learning Engineer,Not Placed,0.538,0.0
STU04856,23,Female,West Bengal,Durgapur,Tier 3,Tier 1,ISE,B.Tech,6.64,0,No,1,0,67,53,63,84,79.62,Full Stack Developer,Not Placed,0.4043,0.0
STU04857,22,Male,Karnataka,Mangaluru,Tier 3,Tier 1,ISE,B.Tech,7.2,0,Yes,3,3,65,72,58,76,85.26,Full Stack Developer,Placed,0.7678,2.79
STU04858,21,Female,Tamil Nadu,Madurai,Tier 2,Tier 3,Data Science,B.Tech,8.56,3,Yes,4,1,76,70,63,75,75.49,Data Scientist,Not Placed,0.5803,0.0
STU04859,22,Female,Delhi,Delhi,Tier 1,Tier 3,ISE,B.E.,8.2,0,Yes,2,4,57,81,24,54,84.43,Full Stack Developer,Not Placed,0.7631,0.0
STU04860,24,Male,Tamil Nadu,Madurai,Tier 2,Tier 1,ECE,B.Tech,7.91,0,Yes,1,2,78,61,75,68,69.91,Embedded Engineer,Placed,0.6832,2.5
STU04861,23,Male,Telangana,Warangal,Tier 1,Tier 1,ISE,B.Tech,8.9,3,No,1,3,83,71,45,57,81.32,Full Stack Developer,Placed,0.443,4.41
STU04862,22,Male,Uttar Pradesh,Noida,Tier 2,Tier 2,CSE,B.Tech,8.75,2,Yes,3,4,79,96,78,37,90.47,Software Developer,Placed,0.7515,4.84
STU04863,21,Male,Gujarat,Ahmedabad,Tier 2,Tier 2,Data Science,B.Tech,8.46,1,Yes,1,1,74,99,73,69,76.64,Data Scientist,Placed,0.7583,5.02
STU04864,23,Female,West Bengal,Kolkata,Tier 1,Tier 3,ISE,B.Tech,8.68,0,Yes,1,0,74,99,85,53,64.67,Full Stack Developer,Placed,0.7896,5.54
STU04865,23,Male,Andhra Pradesh,Vijayawada,Tier 2,Tier 2,EEE,B.E.,7.36,0,Yes,1,2,83,81,60,85,81.12,Electrical Engineer,Not Placed,0.7357,0.0
STU04866,22,Male,Tamil Nadu,Chennai,Tier 3,Tier 2,CSE,B.E.,6.74,2,Yes,2,2,44,64,47,42,86.8,Software Developer,Not Placed,0.2474,0.0
STU04867,23,Male,Kerala,Thiruvananthapuram,Tier 3,Tier 1,CSE,B.E.,7.01,0,Yes,2,1,71,85,44,83,77.8,Software Developer,Placed,0.7542,4.74
STU04868,24,Male,Andhra Pradesh,Tirupati,Tier 2,Tier 2,Data Science,B.Tech,8.49,0,Yes,3,0,52,83,86,45,75.87,Data Scientist,Placed,0.7363,3.92
STU04869,23,Male,Andhra Pradesh,Visakhapatnam,Tier 1,Tier 3,CSE,B.Tech,8.52,0,No,2,0,73,77,78,66,81.93,Software Developer,Placed,0.6742,4.36
STU04870,24,Male,Uttar Pradesh,Lucknow,Tier 3,Tier 3,AI & ML,B.Tech,7.99,0,Yes,3,2,77,67,69,57,85.85,Machine Learning Engineer,Placed,0.7468,5.95
STU04871,24,Female,Kerala,Kochi,Tier 3,Tier 2,Mechanical,B.Tech,9.29,0,Yes,1,2,70,90,75,48,70.35,Design Engineer,Placed,0.8113,3.45
STU04872,22,Male,Karnataka,Mysuru,Tier 2,Tier 1,Data Science,B.Tech,9.08,0,Yes,3,1,79,89,50,83,85.71,Data Scientist,Placed,0.917,5.93
STU04873,24,Female,Delhi,Delhi,Tier 1,Tier 3,Data Science,B.Tech,7.46,1,Yes,2,3,83,33,43,60,84.26,Data Scientist,Not Placed,0.4524,0.0
STU04874,23,Male,Tamil Nadu,Chennai,Tier 1,Tier 2,EEE,B.E.,7.87,2,Yes,2,3,77,75,63,50,80.03,Electrical Engineer,Placed,0.5093,4.8
STU04875,22,Female,Andhra Pradesh,Visakhapatnam,Tier 3,Tier 3,AI & ML,B.Tech,10.0,0,No,3,1,95,74,69,78,88.68,Machine Learning Engineer,Placed,0.8837,4.5
STU04876,21,Male,West Bengal,Kolkata,Tier 3,Tier 3,EEE,B.Tech,7.48,0,Yes,5,2,91,82,48,73,87.16,Electrical Engineer,Placed,0.8441,7.19
STU04877,22,Male,Delhi,New Delhi,Tier 2,Tier 2,AI & ML,B.E.,6.42,1,Yes,2,0,70,73,77,77,99.36,Machine Learning Engineer,Not Placed,0.4718,0.0
STU04878,20,Male,Delhi,Delhi,Tier 1,Tier 3,AI & ML,B.E.,8.54,2,Yes,0,0,73,95,68,78,87.02,Machine Learning Engineer,Placed,0.597,3.92
STU04879,24,Female,Gujarat,Vadodara,Tier 1,Tier 3,CSE,B.Tech,6.97,1,Yes,1,0,55,100,89,72,80.77,Software Developer,Placed,0.5306,5.15
STU04880,21,Female,Kerala,Kozhikode,Tier 1,Tier 3,CSE,B.Tech,9.21,1,No,1,2,81,84,67,69,76.53,Software Developer,Not Placed,0.7044,0.0
STU04881,24,Female,Delhi,Delhi,Tier 2,Tier 2,Mechanical,B.Tech,7.56,0,Yes,0,2,75,73,83,92,85.57,Design Engineer,Not Placed,0.6856,0.0
STU04882,23,Male,Karnataka,Bengaluru,Tier 3,Tier 2,ISE,B.E.,9.51,2,No,1,0,59,66,50,54,88.46,Full Stack Developer,Not Placed,0.4165,0.0
STU04883,24,Female,Delhi,Delhi,Tier 2,Tier 1,Mechanical,B.E.,7.58,0,No,4,1,81,58,68,45,79.68,Design Engineer,Placed,0.5785,5.35
STU04884,22,Male,Karnataka,Mangaluru,Tier 1,Tier 2,Civil,B.Tech,7.69,0,Yes,0,4,81,80,98,53,79.24,Civil Engineer,Placed,0.6836,3.81
STU04885,20,Male,Andhra Pradesh,Vijayawada,Tier 3,Tier 2,AI & ML,B.Tech,7.63,1,Yes,3,2,77,86,72,68,71.54,Machine Learning Engineer,Placed,0.7351,4.54
STU04886,21,Male,Gujarat,Surat,Tier 2,Tier 2,ISE,B.Tech,6.81,0,Yes,3,3,48,69,63,46,68.57,Full Stack Developer,Not Placed,0.5712,0.0
STU04887,20,Female,Tamil Nadu,Madurai,Tier 2,Tier 1,ECE,B.Tech,8.11,0,Yes,2,3,72,55,40,65,75.65,Embedded Engineer,Not Placed,0.716,0.0
STU04888,21,Female,Karnataka,Bengaluru,Tier 1,Tier 2,ECE,B.Tech,8.59,1,No,3,1,69,63,56,88,82.02,Embedded Engineer,Not Placed,0.6186,0.0
STU04889,24,Male,Uttar Pradesh,Noida,Tier 1,Tier 3,Data Science,B.Tech,6.43,0,No,0,2,71,65,75,67,84.42,Data Scientist,Placed,0.3541,3.4
STU04890,21,Male,Uttar Pradesh,Kanpur,Tier 2,Tier 1,CSE,B.E.,8.16,0,Yes,2,2,77,90,74,87,76.67,Software Developer,Placed,0.8756,8.98
STU04891,20,Male,Andhra Pradesh,Vijayawada,Tier 2,Tier 2,CSE,B.Tech,6.5,0,No,2,1,48,46,46,87,88.04,Software Developer,Not Placed,0.3529,0.0
STU04892,24,Female,Tamil Nadu,Chennai,Tier 2,Tier 2,CSE,B.Tech,7.41,0,No,1,3,92,65,65,63,74.36,Software Developer,Placed,0.6001,4.08
STU04893,21,Female,Maharashtra,Nagpur,Tier 2,Tier 1,EEE,B.E.,8.64,0,No,3,2,64,63,68,80,84.79,Electrical Engineer,Placed,0.7352,3.13
STU04894,22,Male,Uttar Pradesh,Noida,Tier 2,Tier 2,CSE,B.E.,6.86,0,No,1,5,57,75,51,66,77.72,Software Developer,Placed,0.538,4.37
STU04895,22,Male,Gujarat,Ahmedabad,Tier 2,Tier 3,EEE,B.E.,7.41,0,No,1,4,54,59,72,84,88.54,Electrical Engineer,Placed,0.4902,4.71
STU04896,20,Male,Tamil Nadu,Madurai,Tier 3,Tier 2,CSE,B.E.,7.24,0,Yes,1,0,87,98,72,70,86.85,Software Developer,Not Placed,0.7496,0.0
STU04897,23,Male,Delhi,Delhi,Tier 1,Tier 2,AI & ML,B.Tech,8.62,0,Yes,4,0,65,73,73,87,100.0,Machine Learning Engineer,Placed,0.8516,5.3
STU04898,24,Female,Gujarat,Ahmedabad,Tier 1,Tier 2,CSE,B.Tech,7.31,0,Yes,2,1,66,73,67,78,87.67,Software Developer,Not Placed,0.6907,0.0
STU04899,24,Male,Delhi,New Delhi,Tier 1,Tier 2,ISE,B.Tech,6.81,1,Yes,2,2,49,60,54,66,78.81,Full Stack Developer,Not Placed,0.4115,0.0
STU04900,23,Female,Uttar Pradesh,Lucknow,Tier 1,Tier 3,Data Science,B.E.,8.15,0,No,0,3,67,81,76,59,85.81,Data Scientist,Placed,0.6024,4.34
STU04901,24,Other,Uttar Pradesh,Lucknow,Tier 2,Tier 2,ECE,B.Tech,7.3,0,No,0,3,55,81,83,94,78.27,Embedded Engineer,Placed,0.5603,4.54
STU04902,23,Female,Andhra Pradesh,Tirupati,Tier 1,Tier 2,ISE,B.Tech,8.52,0,Yes,2,4,100,56,54,79,83.75,Full Stack Developer,Placed,0.8532,5.71
STU04903,22,Male,Delhi,New Delhi,Tier 3,Tier 3,Civil,B.Tech,6.31,0,No,5,3,46,68,72,66,93.44,Civil Engineer,Placed,0.4849,5.39
STU04904,24,Male,Tamil Nadu,Chennai,Tier 3,Tier 2,ISE,B.Tech,8.18,1,Yes,0,4,71,100,84,61,73.02,Full Stack Developer,Placed,0.7362,3.48
STU04905,23,Female,Maharashtra,Mumbai,Tier 2,Tier 3,AI & ML,B.E.,7.49,0,Yes,0,1,77,63,71,78,73.55,Machine Learning Engineer,Placed,0.5974,6.31
STU04906,23,Male,Uttar Pradesh,Lucknow,Tier 2,Tier 3,Mechanical,B.Tech,9.25,0,Yes,1,2,70,77,64,61,80.69,Design Engineer,Not Placed,0.7825,0.0
STU04907,22,Male,Kerala,Kozhikode,Tier 3,Tier 3,CSE,B.Tech,7.88,0,Yes,4,3,72,81,83,34,79.27,Software Developer,Placed,0.7731,4.5
STU04908,20,Female,Maharashtra,Mumbai,Tier 2,Tier 3,ISE,B.Tech,8.75,3,Yes,2,1,69,89,68,69,72.29,Full Stack Developer,Placed,0.5589,5.64
STU04909,20,Female,Gujarat,Vadodara,Tier 1,Tier 2,ECE,B.Tech,7.69,0,No,3,1,61,47,31,76,71.62,Embedded Engineer,Placed,0.5003,3.87
STU04910,22,Male,Delhi,New Delhi,Tier 1,Tier 1,EEE,B.Tech,6.01,0,No,3,3,32,64,43,84,89.2,Electrical Engineer,Placed,0.4053,3.02
STU04911,24,Male,Telangana,Warangal,Tier 2,Tier 2,Civil,B.E.,7.69,1,Yes,3,0,54,77,73,84,71.07,Civil Engineer,Placed,0.6109,4.44
STU04912,23,Male,West Bengal,Kolkata,Tier 2,Tier 2,Civil,B.Tech,7.14,0,No,3,6,49,29,53,55,82.88,Civil Engineer,Not Placed,0.385,0.0
STU04913,24,Female,West Bengal,Kolkata,Tier 1,Tier 2,ISE,B.Tech,8.5,0,No,6,5,63,59,49,83,76.93,Full Stack Developer,Placed,0.8557,6.47
STU04914,24,Female,Delhi,Delhi,Tier 2,Tier 3,ECE,B.Tech,8.88,0,No,2,2,58,45,34,80,88.2,Embedded Engineer,Not Placed,0.5875,0.0
STU04915,20,Male,Tamil Nadu,Madurai,Tier 3,Tier 1,EEE,B.E.,8.86,0,No,0,5,43,91,68,90,89.41,Electrical Engineer,Placed,0.7773,4.67
STU04916,24,Female,Karnataka,Mysuru,Tier 2,Tier 3,ECE,B.E.,7.95,0,No,2,4,73,51,61,74,100.0,Embedded Engineer,Placed,0.5868,3.36
STU04917,24,Male,Delhi,New Delhi,Tier 2,Tier 2,ISE,B.Tech,6.81,3,Yes,1,3,65,87,61,55,81.31,Full Stack Developer,Not Placed,0.3125,0.0
STU04918,21,Other,West Bengal,Durgapur,Tier 3,Tier 1,ECE,B.Tech,6.73,3,Yes,4,3,54,54,68,69,81.22,Embedded Engineer,Placed,0.2949,5.13
STU04919,24,Male,Kerala,Kozhikode,Tier 2,Tier 3,Data Science,B.Tech,7.07,0,Yes,1,0,66,80,57,64,89.19,Data Scientist,Placed,0.5723,4.76
STU04920,24,Male,Gujarat,Vadodara,Tier 1,Tier 2,EEE,B.Tech,8.31,1,Yes,2,3,78,89,69,75,79.78,Electrical Engineer,Placed,0.7772,2.5
STU04921,24,Other,Karnataka,Bengaluru,Tier 2,Tier 2,CSE,B.Tech,6.16,0,Yes,2,1,33,57,26,80,91.13,Software Developer,Placed,0.4069,3.03
STU04922,20,Male,Delhi,Delhi,Tier 3,Tier 2,ECE,B.Tech,6.37,0,No,4,3,65,49,67,62,89.39,Embedded Engineer,Not Placed,0.4257,0.0
STU04923,21,Female,West Bengal,Durgapur,Tier 2,Tier 3,AI & ML,B.E.,8.06,0,Yes,2,0,71,100,66,64,90.86,Machine Learning Engineer,Placed,0.7921,3.77
STU04924,20,Male,Uttar Pradesh,Lucknow,Tier 2,Tier 3,CSE,B.Tech,6.57,0,Yes,1,2,55,56,36,89,72.13,Software Developer,Not Placed,0.5009,0.0
STU04925,20,Male,Uttar Pradesh,Kanpur,Tier 3,Tier 1,CSE,B.Tech,8.32,3,No,1,3,78,70,34,76,87.5,Software Developer,Not Placed,0.4165,0.0
STU04926,23,Male,Telangana,Warangal,Tier 3,Tier 2,CSE,B.Tech,8.62,0,No,4,0,55,69,59,62,97.38,Software Developer,Placed,0.6908,6.94
STU04927,22,Male,Tamil Nadu,Coimbatore,Tier 1,Tier 3,AI & ML,B.Tech,8.47,0,No,3,2,61,100,71,77,87.55,Machine Learning Engineer,Placed,0.8154,3.99
STU04928,20,Female,Andhra Pradesh,Vijayawada,Tier 1,Tier 1,CSE,B.Tech,7.55,0,Yes,1,1,58,65,47,69,68.82,Software Developer,Placed,0.6231,6.41
STU04929,22,Female,Karnataka,Mysuru,Tier 2,Tier 3,ISE,B.Tech,7.57,0,Yes,2,3,84,100,82,73,79.2,Full Stack Developer,Not Placed,0.8433,0.0
STU04930,23,Male,Telangana,Hyderabad,Tier 2,Tier 1,Data Science,B.E.,8.38,0,No,1,3,72,74,66,49,72.51,Data Scientist,Not Placed,0.6718,0.0
STU04931,20,Female,Karnataka,Bengaluru,Tier 1,Tier 3,Mechanical,B.Tech,6.56,1,Yes,6,1,32,64,44,61,92.19,Design Engineer,Placed,0.4328,4.08
STU04932,24,Female,Gujarat,Vadodara,Tier 3,Tier 3,CSE,B.Tech,8.59,0,Yes,1,1,96,68,75,70,81.7,Software Developer,Not Placed,0.7847,0.0
STU04933,22,Female,Gujarat,Surat,Tier 1,Tier 3,CSE,B.Tech,6.7,0,Yes,2,3,60,67,78,84,75.3,Software Developer,Not Placed,0.6313,0.0
STU04934,20,Male,Karnataka,Mysuru,Tier 3,Tier 1,CSE,B.Tech,8.39,0,Yes,2,1,73,91,93,70,86.39,Software Developer,Placed,0.8483,5.97
STU04935,21,Male,Kerala,Kochi,Tier 2,Tier 2,ISE,B.Tech,6.64,0,Yes,0,3,53,71,59,58,89.25,Full Stack Developer,Not Placed,0.4768,0.0
STU04936,23,Female,Gujarat,Ahmedabad,Tier 2,Tier 2,Civil,B.Tech,8.32,2,Yes,5,2,76,70,68,55,74.01,Civil Engineer,Placed,0.6538,3.68
STU04937,24,Male,West Bengal,Kolkata,Tier 3,Tier 2,AI & ML,B.E.,8.35,0,No,3,4,62,60,79,69,95.34,Machine Learning Engineer,Placed,0.7131,5.36
STU04938,24,Male,Delhi,Delhi,Tier 2,Tier 2,Data Science,B.Tech,8.88,0,Yes,2,1,71,87,93,74,90.18,Data Scientist,Placed,0.8545,6.07
STU04939,23,Male,West Bengal,Durgapur,Tier 1,Tier 2,Mechanical,B.E.,7.01,0,Yes,5,2,96,63,46,89,78.13,Design Engineer,Placed,0.8126,5.45
STU04940,20,Male,Kerala,Thiruvananthapuram,Tier 1,Tier 1,CSE,B.Tech,7.44,0,No,2,2,66,60,66,76,80.84,Software Developer,Placed,0.5923,4.12
STU04941,22,Male,Karnataka,Mysuru,Tier 3,Tier 2,CSE,B.E.,7.3,0,Yes,4,1,62,64,90,64,83.3,Software Developer,Not Placed,0.6856,0.0
STU04942,24,Male,Gujarat,Surat,Tier 2,Tier 1,CSE,B.Tech,6.84,0,Yes,5,1,52,65,85,61,79.09,Software Developer,Not Placed,0.676,0.0
STU04943,22,Female,West Bengal,Durgapur,Tier 1,Tier 3,CSE,B.Tech,6.8,1,Yes,2,2,58,85,37,67,83.27,Software Developer,Not Placed,0.5324,0.0
STU04944,20,Female,Telangana,Karimnagar,Tier 3,Tier 3,Data Science,B.Tech,7.53,1,Yes,2,5,75,64,26,63,75.59,Data Scientist,Placed,0.6314,4.48
STU04945,22,Female,Maharashtra,Mumbai,Tier 3,Tier 1,Data Science,B.Tech,7.93,1,Yes,1,2,79,96,57,66,82.45,Data Scientist,Not Placed,0.7499,0.0
STU04946,23,Male,Delhi,New Delhi,Tier 2,Tier 2,ECE,B.Tech,9.48,0,Yes,3,2,69,69,61,57,89.63,Embedded Engineer,Placed,0.8351,5.96
STU04947,22,Male,Karnataka,Mysuru,Tier 1,Tier 3,Data Science,B.Tech,7.23,1,Yes,4,0,85,60,52,67,85.7,Data Scientist,Not Placed,0.5888,0.0
STU04948,23,Female,Tamil Nadu,Chennai,Tier 1,Tier 3,Data Science,B.Tech,7.84,3,No,4,4,70,98,81,55,77.8,Data Scientist,Not Placed,0.5108,0.0
STU04949,22,Female,Tamil Nadu,Chennai,Tier 3,Tier 3,EEE,B.Tech,6.88,0,Yes,3,2,74,73,79,69,77.59,Electrical Engineer,Placed,0.6566,4.15
STU04950,20,Male,Uttar Pradesh,Lucknow,Tier 3,Tier 1,Data Science,B.E.,8.05,0,No,2,4,81,84,86,75,88.59,Data Scientist,Placed,0.8098,4.16
STU04951,20,Male,Kerala,Kozhikode,Tier 3,Tier 2,AI & ML,B.Tech,8.53,0,Yes,4,1,91,78,69,82,80.89,Machine Learning Engineer,Placed,0.8957,6.98
STU04952,23,Female,Maharashtra,Mumbai,Tier 2,Tier 2,Mechanical,B.Tech,6.38,0,No,0,2,67,67,57,77,73.99,Design Engineer,Placed,0.3573,2.5
STU04953,23,Male,Karnataka,Mangaluru,Tier 3,Tier 2,EEE,B.E.,8.64,1,No,2,1,65,77,54,63,88.51,Electrical Engineer,Not Placed,0.5568,0.0
STU04954,24,Female,Maharashtra,Pune,Tier 1,Tier 2,Mechanical,B.E.,8.62,0,Yes,3,2,56,58,72,60,100.0,Design Engineer,Not Placed,0.7141,0.0
STU04955,21,Male,Tamil Nadu,Coimbatore,Tier 2,Tier 2,Data Science,B.Tech,8.69,0,Yes,2,3,63,73,51,93,81.52,Data Scientist,Placed,0.854,4.76
STU04956,20,Male,West Bengal,Kolkata,Tier 3,Tier 2,CSE,B.E.,6.5,1,Yes,4,5,58,98,72,40,72.73,Software Developer,Placed,0.6558,3.62
STU04957,24,Female,Kerala,Thiruvananthapuram,Tier 1,Tier 2,Data Science,B.Tech,7.12,0,Yes,1,1,64,86,79,77,86.15,Data Scientist,Placed,0.6758,2.5
STU04958,23,Male,Delhi,New Delhi,Tier 2,Tier 2,Civil,B.Tech,6.87,1,Yes,2,3,61,59,54,73,94.48,Civil Engineer,Placed,0.4578,6.96
STU04959,21,Male,Maharashtra,Mumbai,Tier 2,Tier 1,Civil,B.E.,8.28,2,Yes,3,5,90,83,65,82,75.72,Civil Engineer,Placed,0.8032,5.6
STU04960,20,Male,Tamil Nadu,Coimbatore,Tier 1,Tier 3,CSE,B.Tech,8.01,0,Yes,1,2,76,72,94,85,87.09,Software Developer,Placed,0.7582,4.86
STU04961,24,Male,Andhra Pradesh,Vijayawada,Tier 2,Tier 2,CSE,B.E.,6.96,0,No,0,0,62,60,72,75,90.63,Software Developer,Placed,0.3578,2.7
STU04962,21,Male,Delhi,Delhi,Tier 2,Tier 3,ISE,B.Tech,8.5,0,Yes,1,2,74,82,72,64,85.26,Full Stack Developer,Placed,0.7801,5.2
STU04963,21,Female,Telangana,Hyderabad,Tier 3,Tier 2,EEE,B.Tech,8.53,0,No,2,1,100,90,71,81,82.05,Electrical Engineer,Placed,0.8176,3.45
STU04964,22,Male,Maharashtra,Mumbai,Tier 2,Tier 2,ECE,B.Tech,6.79,0,Yes,1,3,51,57,51,77,88.82,Embedded Engineer,Placed,0.4894,5.05
STU04965,20,Female,Gujarat,Vadodara,Tier 2,Tier 2,ISE,B.Tech,8.48,0,No,3,3,92,84,68,46,90.8,Full Stack Developer,Placed,0.7996,3.41
STU04966,20,Male,Andhra Pradesh,Vijayawada,Tier 1,Tier 1,Mechanical,B.E.,7.57,0,No,2,0,68,67,72,74,61.96,Design Engineer,Placed,0.5516,2.74
STU04967,23,Male,Delhi,Delhi,Tier 2,Tier 3,Civil,B.Tech,7.23,2,Yes,2,3,98,81,56,70,91.43,Civil Engineer,Placed,0.5661,3.93
STU04968,20,Male,Andhra Pradesh,Tirupati,Tier 3,Tier 2,Data Science,B.Tech,7.39,0,Yes,2,3,58,75,87,66,83.12,Data Scientist,Placed,0.6967,6.81
STU04969,21,Male,Gujarat,Vadodara,Tier 2,Tier 2,Data Science,B.E.,7.75,3,No,2,2,60,73,66,72,83.46,Data Scientist,Not Placed,0.3005,0.0
STU04970,23,Female,Telangana,Karimnagar,Tier 2,Tier 3,CSE,B.E.,8.3,0,Yes,5,2,83,62,87,72,86.83,Software Developer,Placed,0.8507,3.89
STU04971,24,Male,West Bengal,Durgapur,Tier 2,Tier 1,CSE,B.Tech,7.13,1,No,1,0,60,63,83,68,94.41,Software Developer,Not Placed,0.3297,0.0
STU04972,24,Male,Andhra Pradesh,Vijayawada,Tier 1,Tier 2,CSE,B.E.,8.79,0,No,4,1,69,68,65,81,84.26,Software Developer,Not Placed,0.7955,0.0
STU04973,20,Male,Kerala,Thiruvananthapuram,Tier 1,Tier 3,ECE,B.Tech,9.53,0,Yes,2,2,77,87,71,62,85.07,Embedded Engineer,Placed,0.8657,5.23
STU04974,20,Female,Delhi,New Delhi,Tier 3,Tier 2,ISE,B.Tech,7.49,0,No,3,0,82,100,65,87,76.96,Full Stack Developer,Not Placed,0.7858,0.0
STU04975,20,Male,Karnataka,Mangaluru,Tier 3,Tier 3,CSE,B.Tech,6.19,1,Yes,2,2,49,45,61,43,70.32,Software Developer,Not Placed,0.2211,0.0
STU04976,21,Female,Delhi,New Delhi,Tier 2,Tier 3,AI & ML,B.Tech,8.94,1,Yes,0,2,87,82,87,64,86.19,Machine Learning Engineer,Placed,0.7289,4.53
STU04977,23,Female,Maharashtra,Nagpur,Tier 1,Tier 2,Data Science,B.Tech,8.95,2,Yes,4,2,77,79,80,81,79.83,Data Scientist,Placed,0.7986,5.96
STU04978,24,Male,Delhi,Delhi,Tier 1,Tier 3,ECE,B.Tech,5.0,1,Yes,2,2,40,53,52,82,92.7,Embedded Engineer,Not Placed,0.1912,0.0
STU04979,21,Female,Telangana,Karimnagar,Tier 2,Tier 3,CSE,B.Tech,7.85,0,No,1,5,49,79,45,81,78.19,Software Developer,Not Placed,0.6622,0.0
STU04980,21,Male,Kerala,Thiruvananthapuram,Tier 3,Tier 2,CSE,B.Tech,7.38,0,Yes,2,5,72,39,71,68,72.93,Software Developer,Placed,0.6398,2.5
STU04981,21,Male,Andhra Pradesh,Tirupati,Tier 3,Tier 2,EEE,B.Tech,8.21,2,Yes,0,4,92,67,76,90,96.23,Electrical Engineer,Placed,0.6094,2.57
STU04982,20,Male,Uttar Pradesh,Noida,Tier 2,Tier 1,ISE,B.Tech,7.76,0,No,0,1,86,59,56,65,76.34,Full Stack Developer,Not Placed,0.5366,0.0
STU04983,23,Female,Andhra Pradesh,Visakhapatnam,Tier 1,Tier 2,ISE,B.Tech,8.4,0,Yes,0,2,59,69,62,46,84.04,Full Stack Developer,Placed,0.621,5.22
STU04984,23,Male,Tamil Nadu,Coimbatore,Tier 3,Tier 3,ISE,B.E.,9.47,3,No,1,0,61,93,70,61,99.92,Full Stack Developer,Not Placed,0.4282,0.0
STU04985,21,Male,Uttar Pradesh,Noida,Tier 3,Tier 1,Data Science,B.Tech,8.83,0,No,1,2,82,60,74,82,79.35,Data Scientist,Placed,0.7464,3.57
STU04986,22,Female,Karnataka,Bengaluru,Tier 2,Tier 2,CSE,B.Tech,8.31,0,Yes,1,2,59,66,59,69,100.0,Software Developer,Placed,0.7009,3.89
STU04987,24,Female,Maharashtra,Mumbai,Tier 3,Tier 1,Civil,B.Tech,10.0,0,Yes,1,1,46,89,74,86,86.79,Civil Engineer,Placed,0.875,6.67
STU04988,20,Male,Maharashtra,Nagpur,Tier 2,Tier 2,ISE,B.E.,7.78,0,No,5,2,81,68,35,55,100.0,Full Stack Developer,Placed,0.7344,3.93
STU04989,24,Female,West Bengal,Kolkata,Tier 1,Tier 1,Data Science,B.E.,8.83,1,Yes,3,0,82,84,91,77,79.73,Data Scientist,Placed,0.8342,6.96
STU04990,21,Male,Delhi,New Delhi,Tier 2,Tier 3,ISE,B.Tech,6.82,0,Yes,2,2,68,76,62,58,72.74,Full Stack Developer,Placed,0.608,5.28
STU04991,21,Male,Tamil Nadu,Coimbatore,Tier 2,Tier 1,CSE,B.Tech,7.45,0,No,1,1,57,62,67,80,100.0,Software Developer,Placed,0.5176,3.45
STU04992,21,Male,Uttar Pradesh,Kanpur,Tier 2,Tier 2,ISE,B.Tech,6.78,2,Yes,1,0,66,100,41,67,91.72,Full Stack Developer,Not Placed,0.4351,0.0
STU04993,22,Male,Delhi,New Delhi,Tier 3,Tier 2,Mechanical,B.Tech,7.97,0,No,2,1,83,81,51,67,84.72,Design Engineer,Placed,0.6713,2.5
STU04994,24,Male,Uttar Pradesh,Noida,Tier 1,Tier 3,ECE,B.Tech,6.68,0,No,0,0,73,56,74,73,82.99,Embedded Engineer,Not Placed,0.2878,0.0
STU04995,20,Male,Kerala,Kochi,Tier 2,Tier 3,ISE,B.Tech,7.5,0,No,3,3,73,47,53,52,77.7,Full Stack Developer,Not Placed,0.5103,0.0
STU04996,20,Female,Tamil Nadu,Madurai,Tier 1,Tier 3,CSE,B.E.,6.35,0,Yes,1,4,54,67,70,61,72.98,Software Developer,Not Placed,0.4881,0.0
STU04997,20,Male,Karnataka,Mysuru,Tier 1,Tier 3,EEE,B.E.,6.79,1,No,0,4,70,36,38,78,84.09,Electrical Engineer,Not Placed,0.2247,0.0
STU04998,21,Female,Maharashtra,Mumbai,Tier 2,Tier 2,ECE,B.Tech,6.44,0,Yes,1,2,64,57,71,69,87.85,Embedded Engineer,Placed,0.44,4.44
STU04999,21,Male,Kerala,Thiruvananthapuram,Tier 2,Tier 1,Data Science,B.Tech,7.04,0,No,0,1,41,64,65,66,81.11,Data Scientist,Not Placed,0.3508,0.0
STU05000,21,Female,Gujarat,Ahmedabad,Tier 3,Tier 1,Data Science,B.Tech,7.79,0,No,1,2,66,71,62,39,69.12,Data Scientist,Placed,0.5258,5.81
