job_id,job_title,industry,required_education,required_degree_field,years_of_experience,hard_skills,soft_skills,hard_skills_normalized,soft_skills_normalized,all_skills,company,location,employment_type,experience_level,skills_required,salary_min_usd,salary_max_usd,remote_allowed,posted_date,salary_avg_usd,salary_min_inr,salary_max_inr,salary_avg_inr,salary_min_lpa,salary_max_lpa,salary_avg_lpa,skills_list
1,Software Engineer,Technology,Bachelor,Computing,2.0,"['Python', 'Java', 'C++', 'Git', 'Version Control', 'Algorithms', 'Data Structures', 'System Design', 'Unit Testing', 'CI/CD', 'Agile', 'REST APIs', 'OOP']","['Problem-Solving', 'Teamwork']","['python', 'java', 'c++', 'git', 'version control', 'algorithms', 'data structures', 'system design', 'unit testing', 'ci/cd', 'agile', 'rest apis', 'oop']","['problem-solving', 'teamwork']","['python', 'java', 'c++', 'git', 'version control', 'algorithms', 'data structures', 'system design', 'unit testing', 'ci/cd', 'agile', 'rest apis', 'oop', 'problem-solving', 'teamwork']",,,,,,,,,,,,,,,,,
2,Frontend Developer,Technology,Bachelor,Computing,1.0,"['HTML', 'CSS', 'JavaScript', 'React', 'TypeScript', 'Responsive Design', 'Figma', 'UI/UX', 'Web Performance Optimization', 'Redux']","['Creativity', 'Attention to Detail']","['html', 'css', 'javascript', 'react', 'typescript', 'responsive design', 'figma', 'ui/ux', 'web performance optimization', 'redux']","['creativity', 'attention to detail']","['html', 'css', 'javascript', 'react', 'typescript', 'responsive design', 'figma', 'ui/ux', 'web performance optimization', 'redux', 'creativity', 'attention to detail']",,,,,,,,,,,,,,,,,
3,Backend Developer,Technology,Bachelor,Computing,2.0,"['Java', 'Python', 'Node.js', 'Spring Boot', 'REST APIs', 'Databases', 'SQL', 'Authentication', 'Microservices', 'Docker', 'CI/CD']","['Logical Thinking', 'Collaboration']","['java', 'python', 'node.js', 'spring boot', 'rest apis', 'databases', 'sql', 'authentication', 'microservices', 'docker', 'ci/cd']","['logical thinking', 'collaboration']","['java', 'python', 'node.js', 'spring boot', 'rest apis', 'databases', 'sql', 'authentication', 'microservices', 'docker', 'ci/cd', 'logical thinking', 'collaboration']",,,,,,,,,,,,,,,,,
4,Full Stack Developer,Technology,Bachelor,Computing,3.0,"['JavaScript', 'React', 'Node.js', 'MongoDB', 'Express.js', 'HTML', 'CSS', 'REST APIs', 'CI/CD', 'Git', 'Agile']","['Adaptability', 'Communication']","['javascript', 'react', 'node.js', 'mongodb', 'express.js', 'html', 'css', 'rest apis', 'ci/cd', 'git', 'agile']","['adaptability', 'communication']","['javascript', 'react', 'node.js', 'mongodb', 'express.js', 'html', 'css', 'rest apis', 'ci/cd', 'git', 'agile', 'adaptability', 'communication']",,,,,,,,,,,,,,,,,
5,DevOps Engineer,Technology,Bachelor,Computing,3.0,"['Docker', 'Kubernetes', 'CI/CD', 'AWS', 'Terraform', 'Jenkins', 'Monitoring Tools', 'Bash Scripting', 'Linux', 'Infrastructure as Code']","['Problem-Solving', 'Teamwork']","['docker', 'kubernetes', 'ci/cd', 'aws', 'terraform', 'jenkins', 'monitoring tools', 'bash scripting', 'linux', 'infrastructure as code']","['problem-solving', 'teamwork']","['docker', 'kubernetes', 'ci/cd', 'aws', 'terraform', 'jenkins', 'monitoring tools', 'bash scripting', 'linux', 'infrastructure as code', 'problem-solving', 'teamwork']",,,,,,,,,,,,,,,,,
6,Machine Learning Engineer,Technology,Master,Computing,2.0,"['Python', 'TensorFlow', 'Data Modeling', 'PyTorch', 'Keras', 'Scikit-learn', 'Pandas', 'NumPy', 'SQL', 'Cloud Platforms (AWS, Azure, GCP)', 'MLOps tools (Kubeflow, MLflow)', 'Distributed computing (Spark, Hadoop)', 'Algorithm optimization', 'A/B testing frameworks', 'Docker', 'Kubernetes']","['Analytical Thinking', 'Creativity']","['python', 'tensorflow', 'data modeling', 'pytorch', 'keras', 'scikit-learn', 'pandas', 'numpy', 'sql', 'cloud platforms (aws, azure, gcp)', 'mlops tools (kubeflow, mlflow)', 'distributed computing (spark, hadoop)', 'algorithm optimization', 'a/b testing frameworks', 'docker', 'kubernetes']","['analytical thinking', 'creativity']","['python', 'tensorflow', 'data modeling', 'pytorch', 'keras', 'scikit-learn', 'pandas', 'numpy', 'sql', 'cloud platforms (aws, azure, gcp)', 'mlops tools (kubeflow, mlflow)', 'distributed computing (spark, hadoop)', 'algorithm optimization', 'a/b testing frameworks', 'docker', 'kubernetes', 'analytical thinking', 'creativity']",,,,,,,,,,,,,,,,,
7,Data Scientist,Technology,Master,Computing,2.0,"['Python', 'Machine Learning', 'Data Visualization', 'R', 'SQL', 'Tableau/Power BI', 'Apache Spark', 'Hadoop', 'A/B Testing', 'Statistical modeling', 'Predictive analytics', 'Natural Language Processing (NLP)', 'Computer Vision', 'Big Data technologies', 'ETL processes', 'Git']","['Critical Thinking', 'Communication']","['python', 'machine learning', 'data visualization', 'r', 'sql', 'tableau/power bi', 'apache spark', 'hadoop', 'a/b testing', 'statistical modeling', 'predictive analytics', 'natural language processing (nlp)', 'computer vision', 'big data technologies', 'etl processes', 'git']","['critical thinking', 'communication']","['python', 'machine learning', 'data visualization', 'r', 'sql', 'tableau/power bi', 'apache spark', 'hadoop', 'a/b testing', 'statistical modeling', 'predictive analytics', 'natural language processing (nlp)', 'computer vision', 'big data technologies', 'etl processes', 'git', 'critical thinking', 'communication']",,,,,,,,,,,,,,,,,
8,Data Analyst,Technology,Bachelor,Computing,1.0,"['SQL', 'Excel', 'Tableau', 'Python (Pandas, NumPy, Matplotlib, Seaborn)', 'R', 'Power BI', 'Google Analytics', 'A/B Testing', 'Data cleaning and transformation', 'Statistical analysis', 'Database management', 'ETL processes', 'Version control (Git)']","['Attention to Detail', 'Problem-Solving']","['sql', 'excel', 'tableau', 'python (pandas, numpy, matplotlib, seaborn)', 'r', 'power bi', 'google analytics', 'a/b testing', 'data cleaning and transformation', 'statistical analysis', 'database management', 'etl processes', 'version control (git)']","['attention to detail', 'problem-solving']","['sql', 'excel', 'tableau', 'python (pandas, numpy, matplotlib, seaborn)', 'r', 'power bi', 'google analytics', 'a/b testing', 'data cleaning and transformation', 'statistical analysis', 'database management', 'etl processes', 'version control (git)', 'attention to detail', 'problem-solving']",,,,,,,,,,,,,,,,,
9,Data Engineer,Technology,Bachelor,Computing,2.0,"['SQL', 'ETL', 'BigData', 'Python/Java/Scala', 'Apache Spark', 'Hadoop', 'Kafka', 'Airflow', 'Data Warehousing (Snowflake, Redshift, BigQuery)', 'Cloud Platforms (AWS, Azure, GCP)', 'NoSQL databases (MongoDB, Cassandra)', 'Data governance', 'Data pipelines', 'Data modeling']","['Collaboration', 'Logical Thinking']","['sql', 'etl', 'bigdata', 'python/java/scala', 'apache spark', 'hadoop', 'kafka', 'airflow', 'data warehousing (snowflake, redshift, bigquery)', 'cloud platforms (aws, azure, gcp)', 'nosql databases (mongodb, cassandra)', 'data governance', 'data pipelines', 'data modeling']","['collaboration', 'logical thinking']","['sql', 'etl', 'bigdata', 'python/java/scala', 'apache spark', 'hadoop', 'kafka', 'airflow', 'data warehousing (snowflake, redshift, bigquery)', 'cloud platforms (aws, azure, gcp)', 'nosql databases (mongodb, cassandra)', 'data governance', 'data pipelines', 'data modeling', 'collaboration', 'logical thinking']",,,,,,,,,,,,,,,,,
10,Cloud Architect,Technology,Master,Computing,4.0,"['AWS', 'Azure', 'Cloud Security', 'GCP', 'Kubernetes', 'Docker', 'Infrastructure as Code (Terraform, CloudFormation, ARM templates)', 'Networking (VPC, VPN, Load Balancing)', 'Serverless computing (Lambda, Azure Functions)', 'Database solutions (Relational and NoSQL in cloud)', 'Disaster Recovery', 'Microservices architecture']","['Strategic Thinking', 'Leadership']","['aws', 'azure', 'cloud security', 'gcp', 'kubernetes', 'docker', 'infrastructure as code (terraform, cloudformation, arm templates)', 'networking (vpc, vpn, load balancing)', 'serverless computing (lambda, azure functions)', 'database solutions (relational and nosql in cloud)', 'disaster recovery', 'microservices architecture']","['strategic thinking', 'leadership']","['aws', 'azure', 'cloud security', 'gcp', 'kubernetes', 'docker', 'infrastructure as code (terraform, cloudformation, arm templates)', 'networking (vpc, vpn, load balancing)', 'serverless computing (lambda, azure functions)', 'database solutions (relational and nosql in cloud)', 'disaster recovery', 'microservices architecture', 'strategic thinking', 'leadership']",,,,,,,,,,,,,,,,,
11,Cybersecurity Analyst,Technology,Bachelor,Computing,2.0,"['Network Security', 'Ethical Hacking', 'SIEM', 'Incident Response', 'Vulnerability Assessment and Penetration Testing (VAPT)', 'Digital Forensics', 'Malware Analysis', 'Cryptography', 'Firewall configuration', 'Intrusion Detection/Prevention Systems (IDS/IPS)', 'Security Information and Event Management (Splunk, ArcSight)', 'Cloud Security tools', 'Compliance frameworks (NIST, ISO 27001)', 'Scripting (Python, PowerShell)']","['Attention to Detail', 'Problem-Solving']","['network security', 'ethical hacking', 'siem', 'incident response', 'vulnerability assessment and penetration testing (vapt)', 'digital forensics', 'malware analysis', 'cryptography', 'firewall configuration', 'intrusion detection/prevention systems (ids/ips)', 'security information and event management (splunk, arcsight)', 'cloud security tools', 'compliance frameworks (nist, iso 27001)', 'scripting (python, powershell)']","['attention to detail', 'problem-solving']","['network security', 'ethical hacking', 'siem', 'incident response', 'vulnerability assessment and penetration testing (vapt)', 'digital forensics', 'malware analysis', 'cryptography', 'firewall configuration', 'intrusion detection/prevention systems (ids/ips)', 'security information and event management (splunk, arcsight)', 'cloud security tools', 'compliance frameworks (nist, iso 27001)', 'scripting (python, powershell)', 'attention to detail', 'problem-solving']",,,,,,,,,,,,,,,,,
12,AI Researcher,Science and Research,Master,Computing,3.0,"['Python', 'Deep Learning', 'Natural Language Processing', 'PyTorch', 'TensorFlow', 'Keras', 'Reinforcement Learning', 'Computer Vision', 'Speech Recognition', 'Generative Models', 'Statistical modeling', 'Mathematical optimization', 'Research methodologies', 'C++/Java (for performance-critical implementations)']","['Innovation', 'Critical Thinking']","['python', 'deep learning', 'natural language processing', 'pytorch', 'tensorflow', 'keras', 'reinforcement learning', 'computer vision', 'speech recognition', 'generative models', 'statistical modeling', 'mathematical optimization', 'research methodologies', 'c++/java (for performance-critical implementations)']","['innovation', 'critical thinking']","['python', 'deep learning', 'natural language processing', 'pytorch', 'tensorflow', 'keras', 'reinforcement learning', 'computer vision', 'speech recognition', 'generative models', 'statistical modeling', 'mathematical optimization', 'research methodologies', 'c++/java (for performance-critical implementations)', 'innovation', 'critical thinking']",,,,,,,,,,,,,,,,,
13,Blockchain Developer,Emerging Technologies,Bachelor,Computing,2.0,"['Solidity', 'Smart Contracts', 'Ethereum', 'Web3.js', 'Ethers.js', 'Truffle', 'Hardhat', 'IPFS', 'Dapp development', 'Cryptography', 'Decentralized finance (DeFi) protocols', 'Node.js', 'Go/Rust (for some blockchain platforms)', 'Consensus mechanisms', 'Security auditing of smart contracts']","['Problem-Solving', 'Collaboration']","['solidity', 'smart contracts', 'ethereum', 'web3.js', 'ethers.js', 'truffle', 'hardhat', 'ipfs', 'dapp development', 'cryptography', 'decentralized finance (defi) protocols', 'node.js', 'go/rust (for some blockchain platforms)', 'consensus mechanisms', 'security auditing of smart contracts']","['problem-solving', 'collaboration']","['solidity', 'smart contracts', 'ethereum', 'web3.js', 'ethers.js', 'truffle', 'hardhat', 'ipfs', 'dapp development', 'cryptography', 'decentralized finance (defi) protocols', 'node.js', 'go/rust (for some blockchain platforms)', 'consensus mechanisms', 'security auditing of smart contracts', 'problem-solving', 'collaboration']",,,,,,,,,,,,,,,,,
14,Web Developer,Technology,Bachelor,Computing,1.0,"['HTML/CSS', 'JavaScript', 'PHP', 'React/Angular/Vue.js (for frontend)', 'Node.js/Python (Django/Flask)/Ruby on Rails (for backend)', 'RESTful APIs', 'Database management (SQL/NoSQL)', 'Version control (Git)', 'Responsive Design', 'Webpack/Babel', 'Testing frameworks (Jest, React Testing Library)', 'Cloud deployment (Netlify, Vercel, Heroku)']","['Creativity', 'Adaptability']","['html/css', 'javascript', 'php', 'react/angular/vue.js (for frontend)', 'node.js/python (django/flask)/ruby on rails (for backend)', 'restful apis', 'database management (sql/nosql)', 'version control (git)', 'responsive design', 'webpack/babel', 'testing frameworks (jest, react testing library)', 'cloud deployment (netlify, vercel, heroku)']","['creativity', 'adaptability']","['html/css', 'javascript', 'php', 'react/angular/vue.js (for frontend)', 'node.js/python (django/flask)/ruby on rails (for backend)', 'restful apis', 'database management (sql/nosql)', 'version control (git)', 'responsive design', 'webpack/babel', 'testing frameworks (jest, react testing library)', 'cloud deployment (netlify, vercel, heroku)', 'creativity', 'adaptability']",,,,,,,,,,,,,,,,,
15,Game Developer,Arts and Media,Bachelor,Computing,2.0,"['Unity', 'C#', '3D Modeling', 'Unreal Engine (C++)', 'Game Physics', 'AI for games', 'Shaders', 'Animation', 'Level Design', 'Version Control (Perforce, Git)', 'Networking for multiplayer games', 'Optimization techniques', 'Asset pipeline management', 'Mobile game development']","['Creativity', 'Teamwork']","['unity', 'c#', '3d modeling', 'unreal engine (c++)', 'game physics', 'ai for games', 'shaders', 'animation', 'level design', 'version control (perforce, git)', 'networking for multiplayer games', 'optimization techniques', 'asset pipeline management', 'mobile game development']","['creativity', 'teamwork']","['unity', 'c#', '3d modeling', 'unreal engine (c++)', 'game physics', 'ai for games', 'shaders', 'animation', 'level design', 'version control (perforce, git)', 'networking for multiplayer games', 'optimization techniques', 'asset pipeline management', 'mobile game development', 'creativity', 'teamwork']",,,,,,,,,,,,,,,,,
16,UX Designer,Technology,Bachelor,Design,2.0,"['Figma', 'User Research', 'Wireframing', 'Sketch', 'Adobe XD', 'InVision', 'Prototyping tools', 'Usability Testing', 'Information Architecture', 'Interaction Design', 'A/B testing', 'Heatmap analysis', 'Accessibility standards (WCAG)', 'Design Systems']","['Empathy', 'Communication']","['figma', 'user research', 'wireframing', 'sketch', 'adobe xd', 'invision', 'prototyping tools', 'usability testing', 'information architecture', 'interaction design', 'a/b testing', 'heatmap analysis', 'accessibility standards (wcag)', 'design systems']","['empathy', 'communication']","['figma', 'user research', 'wireframing', 'sketch', 'adobe xd', 'invision', 'prototyping tools', 'usability testing', 'information architecture', 'interaction design', 'a/b testing', 'heatmap analysis', 'accessibility standards (wcag)', 'design systems', 'empathy', 'communication']",,,,,,,,,,,,,,,,,
17,UI Designer,Technology,Bachelor,Design,1.0,"['Adobe XD', 'Typography', 'Color Theory', 'Figma', 'Sketch', 'Photoshop', 'Illustrator', 'Zeplin', 'InVision', 'Prototyping', 'Iconography', 'Layout principles', 'Responsive design', 'Micro-interactions', 'Design systems', 'Front-end development understanding (HTML/CSS)']","['Creativity', 'Attention to Detail']","['adobe xd', 'typography', 'color theory', 'figma', 'sketch', 'photoshop', 'illustrator', 'zeplin', 'invision', 'prototyping', 'iconography', 'layout principles', 'responsive design', 'micro-interactions', 'design systems', 'front-end development understanding (html/css)']","['creativity', 'attention to detail']","['adobe xd', 'typography', 'color theory', 'figma', 'sketch', 'photoshop', 'illustrator', 'zeplin', 'invision', 'prototyping', 'iconography', 'layout principles', 'responsive design', 'micro-interactions', 'design systems', 'front-end development understanding (html/css)', 'creativity', 'attention to detail']",,,,,,,,,,,,,,,,,
18,Product Manager (Tech),Technology,Master,Business,4.0,"['Agile methodology', 'Product Roadmapping', 'Market Research', 'SQL (for data analysis)', 'A/B Testing', 'User Story mapping', 'JIRA/Asana/Trello', 'Wireframing tools (e.g., Balsamiq)', 'Google Analytics/Amplitude (product analytics)', 'Financial modeling', 'Technical understanding of software development lifecycle', 'Scrum/Kanban']","['Leadership', 'Communication']","['agile methodology', 'product roadmapping', 'market research', 'sql (for data analysis)', 'a/b testing', 'user story mapping', 'jira/asana/trello', 'wireframing tools (e.g., balsamiq)', 'google analytics/amplitude (product analytics)', 'financial modeling', 'technical understanding of software development lifecycle', 'scrum/kanban']","['leadership', 'communication']","['agile methodology', 'product roadmapping', 'market research', 'sql (for data analysis)', 'a/b testing', 'user story mapping', 'jira/asana/trello', 'wireframing tools (e.g., balsamiq)', 'google analytics/amplitude (product analytics)', 'financial modeling', 'technical understanding of software development lifecycle', 'scrum/kanban', 'leadership', 'communication']",,,,,,,,,,,,,,,,,
19,Mobile App Developer,Technology,Bachelor,Computing,2.0,"['Swift', 'Kotlin', 'React Native', 'Objective-C', 'Java', 'Flutter', 'Xcode', 'Android Studio', 'RESTful APIs', 'Firebase', 'Push Notifications', 'Offline storage', 'UI/UX principles for mobile', 'Performance optimization', 'App store deployment']","['Problem-Solving', 'Adaptability']","['swift', 'kotlin', 'react native', 'objective-c', 'java', 'flutter', 'xcode', 'android studio', 'restful apis', 'firebase', 'push notifications', 'offline storage', 'ui/ux principles for mobile', 'performance optimization', 'app store deployment']","['problem-solving', 'adaptability']","['swift', 'kotlin', 'react native', 'objective-c', 'java', 'flutter', 'xcode', 'android studio', 'restful apis', 'firebase', 'push notifications', 'offline storage', 'ui/ux principles for mobile', 'performance optimization', 'app store deployment', 'problem-solving', 'adaptability']",,,,,,,,,,,,,,,,,
20,Embedded Systems Engineer,Technology,Bachelor,Engineering,3.0,"['C/C++', 'Microcontrollers', 'RTOS', 'Assembly language', 'Digital Signal Processing (DSP)', 'FPGA/VHDL/Verilog', 'PCB Design (Altium, Eagle)', 'Communication protocols (SPI, I2C, UART, Ethernet, CAN)', 'Sensor integration', 'Device drivers', 'Debugging tools (oscilloscopes, logic analyzers)', 'Firmware development']","['Attention to Detail', 'Analytical Thinking']","['c/c++', 'microcontrollers', 'rtos', 'assembly language', 'digital signal processing (dsp)', 'fpga/vhdl/verilog', 'pcb design (altium, eagle)', 'communication protocols (spi, i2c, uart, ethernet, can)', 'sensor integration', 'device drivers', 'debugging tools (oscilloscopes, logic analyzers)', 'firmware development']","['attention to detail', 'analytical thinking']","['c/c++', 'microcontrollers', 'rtos', 'assembly language', 'digital signal processing (dsp)', 'fpga/vhdl/verilog', 'pcb design (altium, eagle)', 'communication protocols (spi, i2c, uart, ethernet, can)', 'sensor integration', 'device drivers', 'debugging tools (oscilloscopes, logic analyzers)', 'firmware development', 'attention to detail', 'analytical thinking']",,,,,,,,,,,,,,,,,
21,Financial Analyst,Finance,Bachelor,Business,2.0,"['Excel', 'Financial Modeling', 'Data Analysis', 'VBA (for Excel automation)', 'Bloomberg Terminal', 'Reuters Eikon', 'SQL', 'PowerPoint', 'Financial reporting standards (IFRS, GAAP)', 'Valuation techniques', 'Statistical software (R, Python with financial libraries)', 'Business Intelligence tools (Tableau, Power BI)']","['Analytical Thinking', 'Communication']","['excel', 'financial modeling', 'data analysis', 'vba (for excel automation)', 'bloomberg terminal', 'reuters eikon', 'sql', 'powerpoint', 'financial reporting standards (ifrs, gaap)', 'valuation techniques', 'statistical software (r, python with financial libraries)', 'business intelligence tools (tableau, power bi)']","['analytical thinking', 'communication']","['excel', 'financial modeling', 'data analysis', 'vba (for excel automation)', 'bloomberg terminal', 'reuters eikon', 'sql', 'powerpoint', 'financial reporting standards (ifrs, gaap)', 'valuation techniques', 'statistical software (r, python with financial libraries)', 'business intelligence tools (tableau, power bi)', 'analytical thinking', 'communication']",,,,,,,,,,,,,,,,,
22,Investment Banker,Finance,Master,Business,3.0,"['Financial Modeling', 'Valuation', 'M&A', 'DCF (Discounted Cash Flow) analysis', 'Comparable Company Analysis (CCA)', 'Precedent Transaction Analysis (PTA)', 'LBO (Leveraged Buyout) modeling', 'Pitchbook creation', 'Capital Markets knowledge (Equity/Debt)', 'Advanced Excel functions', 'Bloomberg Terminal', 'Legal documentation review']","['Negotiation', 'Attention to Detail']","['financial modeling', 'valuation', 'm&a', 'dcf (discounted cash flow) analysis', 'comparable company analysis (cca)', 'precedent transaction analysis (pta)', 'lbo (leveraged buyout) modeling', 'pitchbook creation', 'capital markets knowledge (equity/debt)', 'advanced excel functions', 'bloomberg terminal', 'legal documentation review']","['negotiation', 'attention to detail']","['financial modeling', 'valuation', 'm&a', 'dcf (discounted cash flow) analysis', 'comparable company analysis (cca)', 'precedent transaction analysis (pta)', 'lbo (leveraged buyout) modeling', 'pitchbook creation', 'capital markets knowledge (equity/debt)', 'advanced excel functions', 'bloomberg terminal', 'legal documentation review', 'negotiation', 'attention to detail']",,,,,,,,,,,,,,,,,
23,Management Consultant,Finance,Master,Business,3.0,"['Strategic Planning', 'Market Analysis', 'Project Management', 'Data Analysis (Excel, potentially SQL/Python for larger datasets)', 'Presentation software (PowerPoint, Keynote)', 'Financial analysis', 'Process mapping', 'Change Management frameworks', 'Business Case Development', 'Risk Assessment', 'Industry-specific knowledge']","['Problem-Solving', 'Communication']","['strategic planning', 'market analysis', 'project management', 'data analysis (excel, potentially sql/python for larger datasets)', 'presentation software (powerpoint, keynote)', 'financial analysis', 'process mapping', 'change management frameworks', 'business case development', 'risk assessment', 'industry-specific knowledge']","['problem-solving', 'communication']","['strategic planning', 'market analysis', 'project management', 'data analysis (excel, potentially sql/python for larger datasets)', 'presentation software (powerpoint, keynote)', 'financial analysis', 'process mapping', 'change management frameworks', 'business case development', 'risk assessment', 'industry-specific knowledge', 'problem-solving', 'communication']",,,,,,,,,,,,,,,,,
24,Auditor,Finance,Bachelor,Business,2.0,"['Accounting', 'Risk Assessment', 'Audit Software', 'GAAP/IFRS', 'Sarbanes-Oxley (SOX) compliance', 'Data Analytics tools (ACL, IDEA)', 'ERP systems (SAP, Oracle)', 'Internal controls', 'Forensic accounting', 'IT audit principles', 'Data extraction and manipulation']","['Attention to Detail', 'Integrity']","['accounting', 'risk assessment', 'audit software', 'gaap/ifrs', 'sarbanes-oxley (sox) compliance', 'data analytics tools (acl, idea)', 'erp systems (sap, oracle)', 'internal controls', 'forensic accounting', 'it audit principles', 'data extraction and manipulation']","['attention to detail', 'integrity']","['accounting', 'risk assessment', 'audit software', 'gaap/ifrs', 'sarbanes-oxley (sox) compliance', 'data analytics tools (acl, idea)', 'erp systems (sap, oracle)', 'internal controls', 'forensic accounting', 'it audit principles', 'data extraction and manipulation', 'attention to detail', 'integrity']",,,,,,,,,,,,,,,,,
25,Accountant,Finance,Bachelor,Business,1.0,"['Bookkeeping', 'Tax Preparation', 'Financial Reporting', 'QuickBooks', 'SAP', 'Oracle Financials', 'GAAP/IFRS', 'Payroll processing', 'Budgeting', 'Forensic accounting', 'Microsoft Office Suite (Word, Outlook)', 'Data entry accuracy', 'Account reconciliation']","['Accuracy', 'Organization']","['bookkeeping', 'tax preparation', 'financial reporting', 'quickbooks', 'sap', 'oracle financials', 'gaap/ifrs', 'payroll processing', 'budgeting', 'forensic accounting', 'microsoft office suite (word, outlook)', 'data entry accuracy', 'account reconciliation']","['accuracy', 'organization']","['bookkeeping', 'tax preparation', 'financial reporting', 'quickbooks', 'sap', 'oracle financials', 'gaap/ifrs', 'payroll processing', 'budgeting', 'forensic accounting', 'microsoft office suite (word, outlook)', 'data entry accuracy', 'account reconciliation', 'accuracy', 'organization']",,,,,,,,,,,,,,,,,
26,Risk Analyst,Finance,Bachelor,Business,2.0,"['Risk Modeling', 'Data Analysis', 'Statistics', 'SQL', 'Python/R (for statistical analysis and modeling)', 'Regulatory frameworks (Basel III, Solvency II)', 'Stress testing', 'Scenario analysis', 'Portfolio risk management', 'VaR (Value at Risk) calculation', 'Financial instruments knowledge']","['Critical Thinking', 'Attention to Detail']","['risk modeling', 'data analysis', 'statistics', 'sql', 'python/r (for statistical analysis and modeling)', 'regulatory frameworks (basel iii, solvency ii)', 'stress testing', 'scenario analysis', 'portfolio risk management', 'var (value at risk) calculation', 'financial instruments knowledge']","['critical thinking', 'attention to detail']","['risk modeling', 'data analysis', 'statistics', 'sql', 'python/r (for statistical analysis and modeling)', 'regulatory frameworks (basel iii, solvency ii)', 'stress testing', 'scenario analysis', 'portfolio risk management', 'var (value at risk) calculation', 'financial instruments knowledge', 'critical thinking', 'attention to detail']",,,,,,,,,,,,,,,,,
27,Actuary,Finance,Master,Science,3.0,"['Statistical Modeling', 'Probability', 'Financial Mathematics', 'R/Python', 'SAS', 'Excel VBA', 'SQL', 'Advanced calculus', 'Life contingencies', 'P&C (Property & Casualty) insurance principles', 'Enterprise Risk Management (ERM)', 'Predictive analytics', 'Stochastic modeling', 'Regulatory compliance for insurance/pensions']","['Analytical Thinking', 'Problem-Solving']","['statistical modeling', 'probability', 'financial mathematics', 'r/python', 'sas', 'excel vba', 'sql', 'advanced calculus', 'life contingencies', 'p&c (property & casualty) insurance principles', 'enterprise risk management (erm)', 'predictive analytics', 'stochastic modeling', 'regulatory compliance for insurance/pensions']","['analytical thinking', 'problem-solving']","['statistical modeling', 'probability', 'financial mathematics', 'r/python', 'sas', 'excel vba', 'sql', 'advanced calculus', 'life contingencies', 'p&c (property & casualty) insurance principles', 'enterprise risk management (erm)', 'predictive analytics', 'stochastic modeling', 'regulatory compliance for insurance/pensions', 'analytical thinking', 'problem-solving']",,,,,,,,,,,,,,,,,
28,Tax Consultant,Finance,Bachelor,Business,2.0,"['Tax Law', 'Financial Planning', 'Compliance', 'Tax software (e.g., UltraTax, CCH Axcess)', 'Financial statement analysis', 'Tax research databases (e.g., BNA, RIA Checkpoint)', 'Excel (advanced functions, pivot tables)', 'Accounting principles', 'IRS regulations']","['Communication', 'Attention to Detail']","['tax law', 'financial planning', 'compliance', 'tax software (e.g., ultratax, cch axcess)', 'financial statement analysis', 'tax research databases (e.g., bna, ria checkpoint)', 'excel (advanced functions, pivot tables)', 'accounting principles', 'irs regulations']","['communication', 'attention to detail']","['tax law', 'financial planning', 'compliance', 'tax software (e.g., ultratax, cch axcess)', 'financial statement analysis', 'tax research databases (e.g., bna, ria checkpoint)', 'excel (advanced functions, pivot tables)', 'accounting principles', 'irs regulations', 'communication', 'attention to detail']",,,,,,,,,,,,,,,,,
29,Corporate Lawyer,Law and Government,Master,Arts and Social Sciences,4.0,"['Contract Law', 'Corporate Governance', 'Legal Research', 'Due Diligence', 'Mergers & Acquisitions (M&A) legal aspects', 'Securities Law', 'Compliance regulations', 'Drafting legal documents (contracts, agreements)', 'Negotiation', 'LexisNexis/Westlaw (legal research platforms)']","['Negotiation', 'Critical Thinking']","['contract law', 'corporate governance', 'legal research', 'due diligence', 'mergers & acquisitions (m&a) legal aspects', 'securities law', 'compliance regulations', 'drafting legal documents (contracts, agreements)', 'negotiation', 'lexisnexis/westlaw (legal research platforms)']","['negotiation', 'critical thinking']","['contract law', 'corporate governance', 'legal research', 'due diligence', 'mergers & acquisitions (m&a) legal aspects', 'securities law', 'compliance regulations', 'drafting legal documents (contracts, agreements)', 'negotiation', 'lexisnexis/westlaw (legal research platforms)', 'negotiation', 'critical thinking']",,,,,,,,,,,,,,,,,
30,Compliance Officer,Law and Government,Bachelor,Business,2.0,"['Regulatory Compliance', 'Risk Management', 'Auditing', 'Policy Development', 'Internal Controls', 'Fraud Detection', 'Data Privacy Regulations (e.g., GDPR, CCPA)', 'Investigation techniques', 'Compliance software']","['Attention to Detail', 'Integrity']","['regulatory compliance', 'risk management', 'auditing', 'policy development', 'internal controls', 'fraud detection', 'data privacy regulations (e.g., gdpr, ccpa)', 'investigation techniques', 'compliance software']","['attention to detail', 'integrity']","['regulatory compliance', 'risk management', 'auditing', 'policy development', 'internal controls', 'fraud detection', 'data privacy regulations (e.g., gdpr, ccpa)', 'investigation techniques', 'compliance software', 'attention to detail', 'integrity']",,,,,,,,,,,,,,,,,
31,Business Development Manager,Business,Bachelor,Business,3.0,"['Market Research', 'Sales Strategies', 'CRM', 'Sales Forecasting', 'Lead Generation', 'Proposal Writing', 'Contract Negotiation', 'Financial Acumen', 'Presentation Skills (PowerPoint, Keynote)', 'Salesforce or similar CRM software']","['Negotiation', 'Communication']","['market research', 'sales strategies', 'crm', 'sales forecasting', 'lead generation', 'proposal writing', 'contract negotiation', 'financial acumen', 'presentation skills (powerpoint, keynote)', 'salesforce or similar crm software']","['negotiation', 'communication']","['market research', 'sales strategies', 'crm', 'sales forecasting', 'lead generation', 'proposal writing', 'contract negotiation', 'financial acumen', 'presentation skills (powerpoint, keynote)', 'salesforce or similar crm software', 'negotiation', 'communication']",,,,,,,,,,,,,,,,,
32,Marketing Analyst,Retail and Sales,Bachelor,Business,1.0,"['Data Analysis', 'SEO', 'Google Analytics', 'A/B Testing', 'Market Segmentation', 'Statistical Software (e.g., R, Python with Pandas)', 'SQL', 'CRM analytics', 'Campaign Performance Tracking', 'Data Visualization (Tableau, Power BI)']","['Creativity', 'Communication']","['data analysis', 'seo', 'google analytics', 'a/b testing', 'market segmentation', 'statistical software (e.g., r, python with pandas)', 'sql', 'crm analytics', 'campaign performance tracking', 'data visualization (tableau, power bi)']","['creativity', 'communication']","['data analysis', 'seo', 'google analytics', 'a/b testing', 'market segmentation', 'statistical software (e.g., r, python with pandas)', 'sql', 'crm analytics', 'campaign performance tracking', 'data visualization (tableau, power bi)', 'creativity', 'communication']",,,,,,,,,,,,,,,,,
33,Project Manager,Business,Master,Business,3.0,"['Agile Methodology', 'Budgeting', 'Stakeholder Management', 'Scrum', 'Kanban', 'Gantt Charts', 'Risk Management', 'Resource Allocation', 'JIRA/Asana/Trello (project management software)', 'Microsoft Project']","['Leadership', 'Organization']","['agile methodology', 'budgeting', 'stakeholder management', 'scrum', 'kanban', 'gantt charts', 'risk management', 'resource allocation', 'jira/asana/trello (project management software)', 'microsoft project']","['leadership', 'organization']","['agile methodology', 'budgeting', 'stakeholder management', 'scrum', 'kanban', 'gantt charts', 'risk management', 'resource allocation', 'jira/asana/trello (project management software)', 'microsoft project', 'leadership', 'organization']",,,,,,,,,,,,,,,,,
34,Venture Capital Analyst,Finance,Master,Business,2.0,"['Financial Modeling', 'Due Diligence', 'Market Analysis', 'Valuation Techniques', 'Deal Sourcing', 'Term Sheet Analysis', 'Investment Thesis Development', 'Financial Statement Analysis', 'Cap Table Management', 'Pitch Deck Evaluation']","['Analytical Thinking', 'Communication']","['financial modeling', 'due diligence', 'market analysis', 'valuation techniques', 'deal sourcing', 'term sheet analysis', 'investment thesis development', 'financial statement analysis', 'cap table management', 'pitch deck evaluation']","['analytical thinking', 'communication']","['financial modeling', 'due diligence', 'market analysis', 'valuation techniques', 'deal sourcing', 'term sheet analysis', 'investment thesis development', 'financial statement analysis', 'cap table management', 'pitch deck evaluation', 'analytical thinking', 'communication']",,,,,,,,,,,,,,,,,
35,Fund Manager,Finance,Master,Business,5.0,"['Portfolio Management', 'Investment Strategies', 'Risk Assessment', 'Asset Allocation', 'Financial Markets Knowledge (Equities, Fixed Income, Derivatives)', 'Quantitative Analysis', 'Bloomberg Terminal/Refinitiv Eikon', 'Regulatory Compliance (e.g., SEC)', 'Performance Attribution', 'Macroeconomic Analysis']","['Decision-Making', 'Leadership']","['portfolio management', 'investment strategies', 'risk assessment', 'asset allocation', 'financial markets knowledge (equities, fixed income, derivatives)', 'quantitative analysis', 'bloomberg terminal/refinitiv eikon', 'regulatory compliance (e.g., sec)', 'performance attribution', 'macroeconomic analysis']","['decision-making', 'leadership']","['portfolio management', 'investment strategies', 'risk assessment', 'asset allocation', 'financial markets knowledge (equities, fixed income, derivatives)', 'quantitative analysis', 'bloomberg terminal/refinitiv eikon', 'regulatory compliance (e.g., sec)', 'performance attribution', 'macroeconomic analysis', 'decision-making', 'leadership']",,,,,,,,,,,,,,,,,
36,Sales Executive,Retail and Sales,nan,Business,1.0,"['CRM', 'Negotiation', 'Market Research', 'Lead Qualification', 'Closing Techniques', 'Product Knowledge', 'Sales Pitch Development', 'Objection Handling', 'Salesforce or similar CRM software', 'Pipeline Management']","['Communication', 'Persuasion']","['crm', 'negotiation', 'market research', 'lead qualification', 'closing techniques', 'product knowledge', 'sales pitch development', 'objection handling', 'salesforce or similar crm software', 'pipeline management']","['communication', 'persuasion']","['crm', 'negotiation', 'market research', 'lead qualification', 'closing techniques', 'product knowledge', 'sales pitch development', 'objection handling', 'salesforce or similar crm software', 'pipeline management', 'communication', 'persuasion']",,,,,,,,,,,,,,,,,
37,Entrepreneur / Startup Founder,Business,nan,Business,3.0,"['Business Planning', 'Fundraising', 'Product Development', 'Market Validation', 'Financial Projections', 'Lean Startup Methodology', 'Pitch Deck Creation', 'MVP (Minimum Viable Product) Development', 'Sales & Marketing Strategy', 'Legal Structuring (basic understanding)']","['Leadership', 'Risk-Taking']","['business planning', 'fundraising', 'product development', 'market validation', 'financial projections', 'lean startup methodology', 'pitch deck creation', 'mvp (minimum viable product) development', 'sales & marketing strategy', 'legal structuring (basic understanding)']","['leadership', 'risk-taking']","['business planning', 'fundraising', 'product development', 'market validation', 'financial projections', 'lean startup methodology', 'pitch deck creation', 'mvp (minimum viable product) development', 'sales & marketing strategy', 'legal structuring (basic understanding)', 'leadership', 'risk-taking']",,,,,,,,,,,,,,,,,
38,Strategy Consultant,Business,Master,Business,4.0,"['Market Analysis', 'Competitive Research', 'Business Modeling', 'Financial Analysis', 'Data Analysis', 'Problem Structuring', 'Quantitative Analysis', 'PowerPoint', ""Industry Analysis (Porter's Five Forces, SWOT)"", 'Implementation Planning']","['Critical Thinking', 'Communication']","['market analysis', 'competitive research', 'business modeling', 'financial analysis', 'data analysis', 'problem structuring', 'quantitative analysis', 'powerpoint', ""industry analysis (porter's five forces, swot)"", 'implementation planning']","['critical thinking', 'communication']","['market analysis', 'competitive research', 'business modeling', 'financial analysis', 'data analysis', 'problem structuring', 'quantitative analysis', 'powerpoint', ""industry analysis (porter's five forces, swot)"", 'implementation planning', 'critical thinking', 'communication']",,,,,,,,,,,,,,,,,
39,Business Analyst,Business,Bachelor,Business,2.0,"['Data Analysis', 'Process Improvement', 'Requirement Gathering', 'SQL', 'UML (Unified Modeling Language)', 'Business Process Modeling Notation (BPMN)', 'Microsoft Visio', 'JIRA/Confluence', 'Use Cases', 'Data Mapping']","['Problem-Solving', 'Communication']","['data analysis', 'process improvement', 'requirement gathering', 'sql', 'uml (unified modeling language)', 'business process modeling notation (bpmn)', 'microsoft visio', 'jira/confluence', 'use cases', 'data mapping']","['problem-solving', 'communication']","['data analysis', 'process improvement', 'requirement gathering', 'sql', 'uml (unified modeling language)', 'business process modeling notation (bpmn)', 'microsoft visio', 'jira/confluence', 'use cases', 'data mapping', 'problem-solving', 'communication']",,,,,,,,,,,,,,,,,
40,Real Estate Analyst,Finance,Bachelor,Business,2.0,"['Market Research', 'Financial Modeling', 'Property Valuation', 'Argus Enterprise', 'Comparable Sales Analysis', 'Feasibility Studies', 'Discounted Cash Flow (DCF) for real estate', 'Lease Analysis', 'Zoning and Land Use Regulations', 'GIS software (e.g., ArcGIS, QGIS) for location analysis']","['Analytical Thinking', 'Attention to Detail']","['market research', 'financial modeling', 'property valuation', 'argus enterprise', 'comparable sales analysis', 'feasibility studies', 'discounted cash flow (dcf) for real estate', 'lease analysis', 'zoning and land use regulations', 'gis software (e.g., arcgis, qgis) for location analysis']","['analytical thinking', 'attention to detail']","['market research', 'financial modeling', 'property valuation', 'argus enterprise', 'comparable sales analysis', 'feasibility studies', 'discounted cash flow (dcf) for real estate', 'lease analysis', 'zoning and land use regulations', 'gis software (e.g., arcgis, qgis) for location analysis', 'analytical thinking', 'attention to detail']",,,,,,,,,,,,,,,,,
41,Doctor (General Practitioner),Healthcare,Master,Medicine (Medicine and Nursing Students),3.0,"['Diagnosis', 'Patient Care', 'Medical Knowledge', 'Electronic Health Records (EHR) systems', 'Pharmacology', 'Surgical Procedures (minor)', 'Diagnostic interpretation (lab results, imaging)', 'Emergency Medical Procedures (BLS, ACLS)', 'Immunization protocols', 'Medical documentation']","['Empathy', 'Communication']","['diagnosis', 'patient care', 'medical knowledge', 'electronic health records (ehr) systems', 'pharmacology', 'surgical procedures (minor)', 'diagnostic interpretation (lab results, imaging)', 'emergency medical procedures (bls, acls)', 'immunization protocols', 'medical documentation']","['empathy', 'communication']","['diagnosis', 'patient care', 'medical knowledge', 'electronic health records (ehr) systems', 'pharmacology', 'surgical procedures (minor)', 'diagnostic interpretation (lab results, imaging)', 'emergency medical procedures (bls, acls)', 'immunization protocols', 'medical documentation', 'empathy', 'communication']",,,,,,,,,,,,,,,,,
42,Surgeon,Healthcare,Master,Medicine (Medicine and Nursing Students),5.0,"['Surgical Procedures', 'Anatomy', 'Patient Management', 'Surgical Instruments Proficiency', 'Operating Room Protocol', 'Pre-operative Assessment', 'Post-operative Care', 'Suturing Techniques', 'Robotic Surgery (depending on specialization)', 'Medical Imaging Interpretation (CT, MRI)']","['Precision', 'Stress Management']","['surgical procedures', 'anatomy', 'patient management', 'surgical instruments proficiency', 'operating room protocol', 'pre-operative assessment', 'post-operative care', 'suturing techniques', 'robotic surgery (depending on specialization)', 'medical imaging interpretation (ct, mri)']","['precision', 'stress management']","['surgical procedures', 'anatomy', 'patient management', 'surgical instruments proficiency', 'operating room protocol', 'pre-operative assessment', 'post-operative care', 'suturing techniques', 'robotic surgery (depending on specialization)', 'medical imaging interpretation (ct, mri)', 'precision', 'stress management']",,,,,,,,,,,,,,,,,
43,Nurse,Healthcare,Bachelor,Medicine (Medicine and Nursing Students),2.0,"['Patient Care', 'Medication Administration', 'First Aid', 'Electronic Health Records (EHR) systems', 'Vital Signs Monitoring', 'Wound Care', 'IV Insertion', 'Basic Life Support (BLS)', 'Sterile Technique', 'Patient Assessment']","['Compassion', 'Teamwork']","['patient care', 'medication administration', 'first aid', 'electronic health records (ehr) systems', 'vital signs monitoring', 'wound care', 'iv insertion', 'basic life support (bls)', 'sterile technique', 'patient assessment']","['compassion', 'teamwork']","['patient care', 'medication administration', 'first aid', 'electronic health records (ehr) systems', 'vital signs monitoring', 'wound care', 'iv insertion', 'basic life support (bls)', 'sterile technique', 'patient assessment', 'compassion', 'teamwork']",,,,,,,,,,,,,,,,,
44,Dentist,Healthcare,Master,Medicine (Medicine and Nursing Students),3.0,"['Dental Procedures', 'Oral Health', 'Patient Education', 'Dental X-ray interpretation', 'Local Anesthesia Administration', 'Restorative Dentistry (fillings, crowns)', 'Endodontics (root canals)', 'Exodontia (extractions)', 'Periodontal procedures', 'Dental charting software']","['Manual Dexterity', 'Communication']","['dental procedures', 'oral health', 'patient education', 'dental x-ray interpretation', 'local anesthesia administration', 'restorative dentistry (fillings, crowns)', 'endodontics (root canals)', 'exodontia (extractions)', 'periodontal procedures', 'dental charting software']","['manual dexterity', 'communication']","['dental procedures', 'oral health', 'patient education', 'dental x-ray interpretation', 'local anesthesia administration', 'restorative dentistry (fillings, crowns)', 'endodontics (root canals)', 'exodontia (extractions)', 'periodontal procedures', 'dental charting software', 'manual dexterity', 'communication']",,,,,,,,,,,,,,,,,
45,Pharmacist,Healthcare,Master,Medicine (Medicine and Nursing Students),2.0,"['Medication Management', 'Pharmaceutical Knowledge', 'Dosage Calculation', 'Drug Interactions Analysis', 'Compounding Medications', 'Pharmacy Dispensing Software', 'Inventory Management (pharmacy)', 'Vaccine Administration', 'Patient Counseling on medications', 'Pharmacokinetics']","['Attention to Detail', 'Customer Service']","['medication management', 'pharmaceutical knowledge', 'dosage calculation', 'drug interactions analysis', 'compounding medications', 'pharmacy dispensing software', 'inventory management (pharmacy)', 'vaccine administration', 'patient counseling on medications', 'pharmacokinetics']","['attention to detail', 'customer service']","['medication management', 'pharmaceutical knowledge', 'dosage calculation', 'drug interactions analysis', 'compounding medications', 'pharmacy dispensing software', 'inventory management (pharmacy)', 'vaccine administration', 'patient counseling on medications', 'pharmacokinetics', 'attention to detail', 'customer service']",,,,,,,,,,,,,,,,,
46,Physiotherapist,Healthcare,Bachelor,Medicine (Medicine and Nursing Students),2.0,"['Rehabilitation Techniques', 'Exercise Prescription', 'Patient Assessment', 'Manual Therapy', 'Electrotherapy', 'Therapeutic Exercise Programming', 'Gait Analysis', 'Postural Assessment', 'Injury Diagnosis (musculoskeletal)', 'Use of rehabilitation equipment']","['Empathy', 'Patience']","['rehabilitation techniques', 'exercise prescription', 'patient assessment', 'manual therapy', 'electrotherapy', 'therapeutic exercise programming', 'gait analysis', 'postural assessment', 'injury diagnosis (musculoskeletal)', 'use of rehabilitation equipment']","['empathy', 'patience']","['rehabilitation techniques', 'exercise prescription', 'patient assessment', 'manual therapy', 'electrotherapy', 'therapeutic exercise programming', 'gait analysis', 'postural assessment', 'injury diagnosis (musculoskeletal)', 'use of rehabilitation equipment', 'empathy', 'patience']",,,,,,,,,,,,,,,,,
47,Radiologist,Healthcare,Master,Medicine (Medicine and Nursing Students),4.0,"['Medical Imaging', 'Diagnosis', 'Radiation Safety', 'X-ray Interpretation', 'CT Scan Interpretation', 'MRI Interpretation', 'Ultrasound Interpretation', 'PACS (Picture Archiving and Communication System) software', 'Image-guided procedures', 'Contrast media administration']","['Analytical Thinking', 'Attention to Detail']","['medical imaging', 'diagnosis', 'radiation safety', 'x-ray interpretation', 'ct scan interpretation', 'mri interpretation', 'ultrasound interpretation', 'pacs (picture archiving and communication system) software', 'image-guided procedures', 'contrast media administration']","['analytical thinking', 'attention to detail']","['medical imaging', 'diagnosis', 'radiation safety', 'x-ray interpretation', 'ct scan interpretation', 'mri interpretation', 'ultrasound interpretation', 'pacs (picture archiving and communication system) software', 'image-guided procedures', 'contrast media administration', 'analytical thinking', 'attention to detail']",,,,,,,,,,,,,,,,,
48,Occupational Therapist,Healthcare,Master,Medicine (Medicine and Nursing Students),3.0,"['Patient Assessment', 'Rehabilitation Techniques', 'Therapeutic Equipment', 'Activity Analysis', 'Adaptive Equipment Prescription', 'Splinting', 'Sensory Integration Techniques', 'Cognitive Rehabilitation', 'Home Modification Assessment', 'Functional Capacity Evaluation']","['Empathy', 'Communication', 'Patience']","['patient assessment', 'rehabilitation techniques', 'therapeutic equipment', 'activity analysis', 'adaptive equipment prescription', 'splinting', 'sensory integration techniques', 'cognitive rehabilitation', 'home modification assessment', 'functional capacity evaluation']","['empathy', 'communication', 'patience']","['patient assessment', 'rehabilitation techniques', 'therapeutic equipment', 'activity analysis', 'adaptive equipment prescription', 'splinting', 'sensory integration techniques', 'cognitive rehabilitation', 'home modification assessment', 'functional capacity evaluation', 'empathy', 'communication', 'patience']",,,,,,,,,,,,,,,,,
49,Clinical Research Associate,Healthcare,Bachelor,Science,2.0,"['Clinical Trials', 'Data Collection', 'Regulatory Compliance', 'Good Clinical Practice (GCP)', 'Standard Operating Procedures (SOPs)', 'Case Report Form (CRF) review', 'Site monitoring', 'Source Data Verification (SDV)', 'Electronic Data Capture (EDC) systems', 'Clinical trial management systems (CTMS)']","['Attention to Detail', 'Organization', 'Teamwork']","['clinical trials', 'data collection', 'regulatory compliance', 'good clinical practice (gcp)', 'standard operating procedures (sops)', 'case report form (crf) review', 'site monitoring', 'source data verification (sdv)', 'electronic data capture (edc) systems', 'clinical trial management systems (ctms)']","['attention to detail', 'organization', 'teamwork']","['clinical trials', 'data collection', 'regulatory compliance', 'good clinical practice (gcp)', 'standard operating procedures (sops)', 'case report form (crf) review', 'site monitoring', 'source data verification (sdv)', 'electronic data capture (edc) systems', 'clinical trial management systems (ctms)', 'attention to detail', 'organization', 'teamwork']",,,,,,,,,,,,,,,,,
50,Medical Laboratory Technologist,Healthcare,Bachelor,Science,1.0,"['Lab Testing', 'Microscopy', 'Data Management', 'Hematology analysis', 'Clinical Chemistry analysis', 'Microbiology techniques (staining, culturing)', 'Blood banking procedures', 'Quality Control (QC) in labs', 'Laboratory Information Systems (LIS)', 'Operating and calibrating lab equipment']","['Precision', 'Time Management', 'Collaboration']","['lab testing', 'microscopy', 'data management', 'hematology analysis', 'clinical chemistry analysis', 'microbiology techniques (staining, culturing)', 'blood banking procedures', 'quality control (qc) in labs', 'laboratory information systems (lis)', 'operating and calibrating lab equipment']","['precision', 'time management', 'collaboration']","['lab testing', 'microscopy', 'data management', 'hematology analysis', 'clinical chemistry analysis', 'microbiology techniques (staining, culturing)', 'blood banking procedures', 'quality control (qc) in labs', 'laboratory information systems (lis)', 'operating and calibrating lab equipment', 'precision', 'time management', 'collaboration']",,,,,,,,,,,,,,,,,
51,Paramedic,Healthcare,Bachelor,Medicine (Medicine and Nursing Students),2.0,"['Emergency Care', 'CPR', 'Medical Equipment', 'Advanced Cardiac Life Support (ACLS)', 'Pediatric Advanced Life Support (PALS)', 'Trauma Assessment and Management', 'Medication Administration (pre-hospital)', 'Intravenous (IV) Access', 'Spinal Immobilization', 'Defibrillation']","['Calm Under Pressure', 'Quick Decision-Making', 'Compassion']","['emergency care', 'cpr', 'medical equipment', 'advanced cardiac life support (acls)', 'pediatric advanced life support (pals)', 'trauma assessment and management', 'medication administration (pre-hospital)', 'intravenous (iv) access', 'spinal immobilization', 'defibrillation']","['calm under pressure', 'quick decision-making', 'compassion']","['emergency care', 'cpr', 'medical equipment', 'advanced cardiac life support (acls)', 'pediatric advanced life support (pals)', 'trauma assessment and management', 'medication administration (pre-hospital)', 'intravenous (iv) access', 'spinal immobilization', 'defibrillation', 'calm under pressure', 'quick decision-making', 'compassion']",,,,,,,,,,,,,,,,,
52,Psychiatrist,Healthcare,Master,Medicine (Medicine and Nursing Students),5.0,"['Diagnosis', 'Psychotherapy', 'Medication Management', 'Psychological Assessment', 'Cognitive Behavioral Therapy (CBT)', 'Dialectical Behavior Therapy (DBT)', 'Neuropsychological Testing', 'Statistical analysis (for research)', 'Crisis Intervention', 'Report Writing (clinical)']","['Active Listening', 'Empathy', 'Patience']","['diagnosis', 'psychotherapy', 'medication management', 'psychological assessment', 'cognitive behavioral therapy (cbt)', 'dialectical behavior therapy (dbt)', 'neuropsychological testing', 'statistical analysis (for research)', 'crisis intervention', 'report writing (clinical)']","['active listening', 'empathy', 'patience']","['diagnosis', 'psychotherapy', 'medication management', 'psychological assessment', 'cognitive behavioral therapy (cbt)', 'dialectical behavior therapy (dbt)', 'neuropsychological testing', 'statistical analysis (for research)', 'crisis intervention', 'report writing (clinical)', 'active listening', 'empathy', 'patience']",,,,,,,,,,,,,,,,,
53,Psychologist,Healthcare,Master,Arts and Social Sciences,3.0,"['Psychological Testing', 'Counseling', 'Behavioral Analysis', 'Psychopharmacology', 'Diagnostic tools (DSM-5)', 'Neuroscience knowledge', 'Crisis management', 'Inpatient and Outpatient Care Management', 'Electroconvulsive Therapy (ECT) (for relevant specializations)', 'Psychiatric Interviewing Techniques']","['Empathy', 'Communication', 'Critical Thinking']","['psychological testing', 'counseling', 'behavioral analysis', 'psychopharmacology', 'diagnostic tools (dsm-5)', 'neuroscience knowledge', 'crisis management', 'inpatient and outpatient care management', 'electroconvulsive therapy (ect) (for relevant specializations)', 'psychiatric interviewing techniques']","['empathy', 'communication', 'critical thinking']","['psychological testing', 'counseling', 'behavioral analysis', 'psychopharmacology', 'diagnostic tools (dsm-5)', 'neuroscience knowledge', 'crisis management', 'inpatient and outpatient care management', 'electroconvulsive therapy (ect) (for relevant specializations)', 'psychiatric interviewing techniques', 'empathy', 'communication', 'critical thinking']",,,,,,,,,,,,,,,,,
54,Medical Sales Representative,Healthcare,Bachelor,Business,2.0,"['Sales Techniques', 'Product Knowledge', 'CRM Software', 'Territory Management', 'Lead Generation', 'Client Relationship Management', 'Sales Presentations', 'Negotiation', 'Market Analysis (medical devices/pharma)', 'Compliance with medical regulations']","['Negotiation', 'Communication', 'Persuasion']","['sales techniques', 'product knowledge', 'crm software', 'territory management', 'lead generation', 'client relationship management', 'sales presentations', 'negotiation', 'market analysis (medical devices/pharma)', 'compliance with medical regulations']","['negotiation', 'communication', 'persuasion']","['sales techniques', 'product knowledge', 'crm software', 'territory management', 'lead generation', 'client relationship management', 'sales presentations', 'negotiation', 'market analysis (medical devices/pharma)', 'compliance with medical regulations', 'negotiation', 'communication', 'persuasion']",,,,,,,,,,,,,,,,,
55,Healthcare Administrator,Healthcare,Bachelor,Business,4.0,"['Healthcare Regulations', 'Budget Management', 'Staff Scheduling', 'Electronic Health Records (EHR) system management', 'Healthcare Billing and Coding', 'Revenue Cycle Management', 'Quality Assurance in healthcare', 'Compliance (HIPAA, etc.)', 'Healthcare Information Systems (HIS)', 'Data Analysis (healthcare metrics)']","['Leadership', 'Organization', 'Problem-Solving']","['healthcare regulations', 'budget management', 'staff scheduling', 'electronic health records (ehr) system management', 'healthcare billing and coding', 'revenue cycle management', 'quality assurance in healthcare', 'compliance (hipaa, etc.)', 'healthcare information systems (his)', 'data analysis (healthcare metrics)']","['leadership', 'organization', 'problem-solving']","['healthcare regulations', 'budget management', 'staff scheduling', 'electronic health records (ehr) system management', 'healthcare billing and coding', 'revenue cycle management', 'quality assurance in healthcare', 'compliance (hipaa, etc.)', 'healthcare information systems (his)', 'data analysis (healthcare metrics)', 'leadership', 'organization', 'problem-solving']",,,,,,,,,,,,,,,,,
56,Veterinary Surgeon,Healthcare,Master,Medicine (Medicine and Nursing Students),3.0,"['Surgical Procedures', 'Animal Diagnosis', 'Anesthesia', 'Veterinary Anatomy', 'Diagnostic Imaging (X-ray, Ultrasound for animals)', 'Pharmacology (veterinary)', 'Suture Techniques (veterinary)', 'Sterile Surgical Environment Management', 'Pain Management (animals)', 'Emergency Veterinary Medicine']","['Compassion', 'Attention to Detail', 'Patience']","['surgical procedures', 'animal diagnosis', 'anesthesia', 'veterinary anatomy', 'diagnostic imaging (x-ray, ultrasound for animals)', 'pharmacology (veterinary)', 'suture techniques (veterinary)', 'sterile surgical environment management', 'pain management (animals)', 'emergency veterinary medicine']","['compassion', 'attention to detail', 'patience']","['surgical procedures', 'animal diagnosis', 'anesthesia', 'veterinary anatomy', 'diagnostic imaging (x-ray, ultrasound for animals)', 'pharmacology (veterinary)', 'suture techniques (veterinary)', 'sterile surgical environment management', 'pain management (animals)', 'emergency veterinary medicine', 'compassion', 'attention to detail', 'patience']",,,,,,,,,,,,,,,,,
57,Nutritionist,Healthcare,Bachelor,Science,1.0,"['Diet Planning', 'Nutritional Assessment', 'Food Science', 'Macronutrient and Micronutrient Analysis', 'Dietary Software (e.g., MyFitnessPal, Cronometer)', 'Medical Nutrition Therapy (MNT)', 'Food Label Reading and Interpretation', 'Meal Planning Software', 'Anthropometric Measurements', 'Sports Nutrition (if specialized)']","['Communication', 'Empathy', 'Motivation']","['diet planning', 'nutritional assessment', 'food science', 'macronutrient and micronutrient analysis', 'dietary software (e.g., myfitnesspal, cronometer)', 'medical nutrition therapy (mnt)', 'food label reading and interpretation', 'meal planning software', 'anthropometric measurements', 'sports nutrition (if specialized)']","['communication', 'empathy', 'motivation']","['diet planning', 'nutritional assessment', 'food science', 'macronutrient and micronutrient analysis', 'dietary software (e.g., myfitnesspal, cronometer)', 'medical nutrition therapy (mnt)', 'food label reading and interpretation', 'meal planning software', 'anthropometric measurements', 'sports nutrition (if specialized)', 'communication', 'empathy', 'motivation']",,,,,,,,,,,,,,,,,
58,Optometrist,Healthcare,Master,Medicine (Medicine and Nursing Students),2.0,"['Eye Examinations', 'Contact Lens Fitting', 'Vision Therapy', 'Refraction', 'Ophthalmoscopy', 'Slit Lamp Examination', 'Tonometry', 'Fundus Photography', 'Optical Dispensing', 'Ocular Disease Diagnosis and Management']","['Patient Care', 'Attention to Detail', 'Communication']","['eye examinations', 'contact lens fitting', 'vision therapy', 'refraction', 'ophthalmoscopy', 'slit lamp examination', 'tonometry', 'fundus photography', 'optical dispensing', 'ocular disease diagnosis and management']","['patient care', 'attention to detail', 'communication']","['eye examinations', 'contact lens fitting', 'vision therapy', 'refraction', 'ophthalmoscopy', 'slit lamp examination', 'tonometry', 'fundus photography', 'optical dispensing', 'ocular disease diagnosis and management', 'patient care', 'attention to detail', 'communication']",,,,,,,,,,,,,,,,,
59,Public Health Officer,Healthcare,Master,Science,4.0,"['Epidemiology', 'Health Policy', 'Disease Prevention', 'Biostatistics', 'Data Analysis (public health datasets)', 'Health Promotion Program Design', 'Community Needs Assessment', 'Emergency Preparedness and Response', 'Environmental Health regulations', 'Surveillance Systems (e.g., for infectious diseases)']","['Leadership', 'Communication', 'Critical Thinking']","['epidemiology', 'health policy', 'disease prevention', 'biostatistics', 'data analysis (public health datasets)', 'health promotion program design', 'community needs assessment', 'emergency preparedness and response', 'environmental health regulations', 'surveillance systems (e.g., for infectious diseases)']","['leadership', 'communication', 'critical thinking']","['epidemiology', 'health policy', 'disease prevention', 'biostatistics', 'data analysis (public health datasets)', 'health promotion program design', 'community needs assessment', 'emergency preparedness and response', 'environmental health regulations', 'surveillance systems (e.g., for infectious diseases)', 'leadership', 'communication', 'critical thinking']",,,,,,,,,,,,,,,,,
60,Medical Technologist,Healthcare,Bachelor,Science,2.0,"['Lab Testing', 'Diagnostic Equipment', 'Data Analysis', 'Clinical Chemistry Analyzers', 'Microbiology Techniques', 'Immunology Assays', 'Molecular Diagnostics', 'Quality Control (QC) procedures', 'Laboratory Information Management Systems (LIMS)', 'Calibration and maintenance of lab instruments']","['Attention to Detail', 'Teamwork', 'Problem-Solving']","['lab testing', 'diagnostic equipment', 'data analysis', 'clinical chemistry analyzers', 'microbiology techniques', 'immunology assays', 'molecular diagnostics', 'quality control (qc) procedures', 'laboratory information management systems (lims)', 'calibration and maintenance of lab instruments']","['attention to detail', 'teamwork', 'problem-solving']","['lab testing', 'diagnostic equipment', 'data analysis', 'clinical chemistry analyzers', 'microbiology techniques', 'immunology assays', 'molecular diagnostics', 'quality control (qc) procedures', 'laboratory information management systems (lims)', 'calibration and maintenance of lab instruments', 'attention to detail', 'teamwork', 'problem-solving']",,,,,,,,,,,,,,,,,
61,Graphic Designer,Arts and Media,Bachelor,Design,1.0,"['Adobe Creative Suite (Photoshop, Illustrator, InDesign)', 'Typography', 'Branding', 'Layout Design', 'Color Theory', 'Print Production', 'Web Design principles (UI/UX basics)', 'Vector Graphics', 'Raster Graphics', 'Client Brief Interpretation']","['Creativity', 'Communication', 'Time Management']","['adobe creative suite (photoshop, illustrator, indesign)', 'typography', 'branding', 'layout design', 'color theory', 'print production', 'web design principles (ui/ux basics)', 'vector graphics', 'raster graphics', 'client brief interpretation']","['creativity', 'communication', 'time management']","['adobe creative suite (photoshop, illustrator, indesign)', 'typography', 'branding', 'layout design', 'color theory', 'print production', 'web design principles (ui/ux basics)', 'vector graphics', 'raster graphics', 'client brief interpretation', 'creativity', 'communication', 'time management']",,,,,,,,,,,,,,,,,
62,Animator,Arts and Media,Bachelor,Design,2.0,"['2D/3D Animation', 'Storyboarding', 'Motion Graphics', 'Adobe After Effects', 'Autodesk Maya/Blender/Cinema 4D', 'Character Rigging', 'Keyframing', 'Rendering', 'Compositing', 'Lip-syncing']","['Creativity', 'Collaboration', 'Attention to Detail']","['2d/3d animation', 'storyboarding', 'motion graphics', 'adobe after effects', 'autodesk maya/blender/cinema 4d', 'character rigging', 'keyframing', 'rendering', 'compositing', 'lip-syncing']","['creativity', 'collaboration', 'attention to detail']","['2d/3d animation', 'storyboarding', 'motion graphics', 'adobe after effects', 'autodesk maya/blender/cinema 4d', 'character rigging', 'keyframing', 'rendering', 'compositing', 'lip-syncing', 'creativity', 'collaboration', 'attention to detail']",,,,,,,,,,,,,,,,,
63,Illustrator,Arts and Media,Bachelor,Design,1.0,"['Digital Illustration', 'Sketching', 'Concept Art', 'Adobe Illustrator', 'Adobe Photoshop', 'Procreate (for digital painting)', 'Perspective', 'Anatomy (for character illustration)', 'Color Palette Creation', 'Vector vs. Raster illustration']","['Creativity', 'Adaptability', 'Attention to Detail']","['digital illustration', 'sketching', 'concept art', 'adobe illustrator', 'adobe photoshop', 'procreate (for digital painting)', 'perspective', 'anatomy (for character illustration)', 'color palette creation', 'vector vs. raster illustration']","['creativity', 'adaptability', 'attention to detail']","['digital illustration', 'sketching', 'concept art', 'adobe illustrator', 'adobe photoshop', 'procreate (for digital painting)', 'perspective', 'anatomy (for character illustration)', 'color palette creation', 'vector vs. raster illustration', 'creativity', 'adaptability', 'attention to detail']",,,,,,,,,,,,,,,,,
64,Video Editor,Arts and Media,Bachelor,Design,2.0,"['Adobe Premiere', 'Color Grading', 'Sound Editing', 'Final Cut Pro/DaVinci Resolve', 'Motion Graphics (basic After Effects)', 'Footage Selection', 'Pacing and Rhythm', 'Transitions', 'Encoding and Exporting Formats', 'Post-production workflow']","['Creativity', 'Time Management', 'Collaboration']","['adobe premiere', 'color grading', 'sound editing', 'final cut pro/davinci resolve', 'motion graphics (basic after effects)', 'footage selection', 'pacing and rhythm', 'transitions', 'encoding and exporting formats', 'post-production workflow']","['creativity', 'time management', 'collaboration']","['adobe premiere', 'color grading', 'sound editing', 'final cut pro/davinci resolve', 'motion graphics (basic after effects)', 'footage selection', 'pacing and rhythm', 'transitions', 'encoding and exporting formats', 'post-production workflow', 'creativity', 'time management', 'collaboration']",,,,,,,,,,,,,,,,,
65,Film Director,Arts and Media,Bachelor,Arts and Social Sciences,5.0,"['Storytelling', 'Cinematography', 'Script Analysis', 'Directing Actors', 'Shot Composition', 'Blocking', 'Lighting Techniques', 'Camera Operation (basic understanding)', 'Post-production Supervision', 'Budget Management (film production)']","['Leadership', 'Creativity', 'Communication']","['storytelling', 'cinematography', 'script analysis', 'directing actors', 'shot composition', 'blocking', 'lighting techniques', 'camera operation (basic understanding)', 'post-production supervision', 'budget management (film production)']","['leadership', 'creativity', 'communication']","['storytelling', 'cinematography', 'script analysis', 'directing actors', 'shot composition', 'blocking', 'lighting techniques', 'camera operation (basic understanding)', 'post-production supervision', 'budget management (film production)', 'leadership', 'creativity', 'communication']",,,,,,,,,,,,,,,,,
66,Music Producer,Arts and Media,Bachelor,Arts and Social Sciences,3.0,"['Audio Mixing', 'MIDI Programming', 'Sound Design', 'DAW (Digital Audio Workstation) proficiency (e.g., Logic Pro, Ableton Live, Pro Tools)', 'Mastering (audio)', 'Synthesizer Programming', 'Drum Programming', 'Vocal Production (tuning, effects)', 'Music Theory (basic to advanced)', 'Microphone Techniques']","['Creativity', 'Collaboration', 'Attention to Detail']","['audio mixing', 'midi programming', 'sound design', 'daw (digital audio workstation) proficiency (e.g., logic pro, ableton live, pro tools)', 'mastering (audio)', 'synthesizer programming', 'drum programming', 'vocal production (tuning, effects)', 'music theory (basic to advanced)', 'microphone techniques']","['creativity', 'collaboration', 'attention to detail']","['audio mixing', 'midi programming', 'sound design', 'daw (digital audio workstation) proficiency (e.g., logic pro, ableton live, pro tools)', 'mastering (audio)', 'synthesizer programming', 'drum programming', 'vocal production (tuning, effects)', 'music theory (basic to advanced)', 'microphone techniques', 'creativity', 'collaboration', 'attention to detail']",,,,,,,,,,,,,,,,,
67,Sound Engineer,Arts and Media,Bachelor,Engineering,2.0,"['Audio Editing', 'Live Sound Mixing', 'Acoustics', 'Pro Tools/Logic Pro/Ableton Live', 'Microphone Placement', 'PA System Setup and Operation', 'Signal Flow (audio)', 'Noise Reduction Techniques', 'Feedback Suppression', 'Sound Reinforcement']","['Attention to Detail', 'Problem-Solving', 'Teamwork']","['audio editing', 'live sound mixing', 'acoustics', 'pro tools/logic pro/ableton live', 'microphone placement', 'pa system setup and operation', 'signal flow (audio)', 'noise reduction techniques', 'feedback suppression', 'sound reinforcement']","['attention to detail', 'problem-solving', 'teamwork']","['audio editing', 'live sound mixing', 'acoustics', 'pro tools/logic pro/ableton live', 'microphone placement', 'pa system setup and operation', 'signal flow (audio)', 'noise reduction techniques', 'feedback suppression', 'sound reinforcement', 'attention to detail', 'problem-solving', 'teamwork']",,,,,,,,,,,,,,,,,
68,Photographer,Arts and Media,Bachelor,Design,1.0,"['Photo Editing', 'Lighting Techniques', 'Composition', 'Camera Operation (DSLR/Mirrorless)', 'Adobe Lightroom/Photoshop', 'Lens Knowledge', 'Studio Lighting', 'Natural Light Photography', 'Post-processing workflows', 'Exposure Triangle (aperture, shutter speed, ISO)']","['Creativity', 'Attention to Detail', 'Adaptability']","['photo editing', 'lighting techniques', 'composition', 'camera operation (dslr/mirrorless)', 'adobe lightroom/photoshop', 'lens knowledge', 'studio lighting', 'natural light photography', 'post-processing workflows', 'exposure triangle (aperture, shutter speed, iso)']","['creativity', 'attention to detail', 'adaptability']","['photo editing', 'lighting techniques', 'composition', 'camera operation (dslr/mirrorless)', 'adobe lightroom/photoshop', 'lens knowledge', 'studio lighting', 'natural light photography', 'post-processing workflows', 'exposure triangle (aperture, shutter speed, iso)', 'creativity', 'attention to detail', 'adaptability']",,,,,,,,,,,,,,,,,
69,Content Creator,Arts and Media,Bachelor,Arts and Social Sciences,1.0,"['Video Production', 'Social Media Management', 'Copywriting', 'Basic Graphic Design (Canva, etc.)', 'SEO (for content)', 'Video Editing (basic, e.g., CapCut, InShot)', 'Analytics Interpretation (social media, website)', 'Audience Engagement Strategies', 'Thumbnail Design', 'Content Scheduling Tools']","['Creativity', 'Communication', 'Adaptability']","['video production', 'social media management', 'copywriting', 'basic graphic design (canva, etc.)', 'seo (for content)', 'video editing (basic, e.g., capcut, inshot)', 'analytics interpretation (social media, website)', 'audience engagement strategies', 'thumbnail design', 'content scheduling tools']","['creativity', 'communication', 'adaptability']","['video production', 'social media management', 'copywriting', 'basic graphic design (canva, etc.)', 'seo (for content)', 'video editing (basic, e.g., capcut, inshot)', 'analytics interpretation (social media, website)', 'audience engagement strategies', 'thumbnail design', 'content scheduling tools', 'creativity', 'communication', 'adaptability']",,,,,,,,,,,,,,,,,
70,Copywriter,Arts and Media,Bachelor,Arts and Social Sciences,2.0,"['SEO Writing', 'Brand Messaging', 'Content Strategy', 'Grammar and Punctuation (advanced)', 'Persuasive Writing', 'Editing and Proofreading', 'Market Research (for target audience)', 'A/B Testing (for headlines/CTAs)', 'Keyword Research', 'CRM (Customer Relationship Management) copywriting']","['Creativity', 'Communication', 'Research']","['seo writing', 'brand messaging', 'content strategy', 'grammar and punctuation (advanced)', 'persuasive writing', 'editing and proofreading', 'market research (for target audience)', 'a/b testing (for headlines/ctas)', 'keyword research', 'crm (customer relationship management) copywriting']","['creativity', 'communication', 'research']","['seo writing', 'brand messaging', 'content strategy', 'grammar and punctuation (advanced)', 'persuasive writing', 'editing and proofreading', 'market research (for target audience)', 'a/b testing (for headlines/ctas)', 'keyword research', 'crm (customer relationship management) copywriting', 'creativity', 'communication', 'research']",,,,,,,,,,,,,,,,,
71,Journalist,Arts and Media,Bachelor,Arts and Social Sciences,2.0,"['Investigative Reporting', 'Interviewing', 'Fact-Checking', 'News Writing', 'Digital Storytelling', 'Multimedia Production', 'AP Style', 'SEO Optimization']","['Communication', 'Curiosity', 'Adaptability']","['investigative reporting', 'interviewing', 'fact-checking', 'news writing', 'digital storytelling', 'multimedia production', 'ap style', 'seo optimization']","['communication', 'curiosity', 'adaptability']","['investigative reporting', 'interviewing', 'fact-checking', 'news writing', 'digital storytelling', 'multimedia production', 'ap style', 'seo optimization', 'communication', 'curiosity', 'adaptability']",,,,,,,,,,,,,,,,,
72,Screenwriter,Arts and Media,Bachelor,Arts and Social Sciences,3.0,"['Scriptwriting', 'Story Development', 'Dialogue Writing', 'Screenplay Formatting', 'Plot Structuring', 'Character Development', 'Final Draft Software', 'Genre Conventions']","['Creativity', 'Persistence', 'Collaboration']","['scriptwriting', 'story development', 'dialogue writing', 'screenplay formatting', 'plot structuring', 'character development', 'final draft software', 'genre conventions']","['creativity', 'persistence', 'collaboration']","['scriptwriting', 'story development', 'dialogue writing', 'screenplay formatting', 'plot structuring', 'character development', 'final draft software', 'genre conventions', 'creativity', 'persistence', 'collaboration']",,,,,,,,,,,,,,,,,
73,Social Media Manager,Arts and Media,Bachelor,Business,2.0,"['Content Scheduling', 'Analytics', 'Campaign Management', 'SEO', 'Social Listening', 'Graphic Design', 'Video Editing', 'Influencer Outreach', 'Platform-Specific Strategies']","['Creativity', 'Communication', 'Adaptability']","['content scheduling', 'analytics', 'campaign management', 'seo', 'social listening', 'graphic design', 'video editing', 'influencer outreach', 'platform-specific strategies']","['creativity', 'communication', 'adaptability']","['content scheduling', 'analytics', 'campaign management', 'seo', 'social listening', 'graphic design', 'video editing', 'influencer outreach', 'platform-specific strategies', 'creativity', 'communication', 'adaptability']",,,,,,,,,,,,,,,,,
74,Brand Strategist,Arts and Media,Bachelor,Business,3.0,"['Market Research', 'Brand Positioning', 'Consumer Insights', 'Competitive Analysis', 'Storytelling', 'SWOT Analysis', 'Brand Messaging', 'Strategic Planning']","['Strategic Thinking', 'Communication', 'Creativity']","['market research', 'brand positioning', 'consumer insights', 'competitive analysis', 'storytelling', 'swot analysis', 'brand messaging', 'strategic planning']","['strategic thinking', 'communication', 'creativity']","['market research', 'brand positioning', 'consumer insights', 'competitive analysis', 'storytelling', 'swot analysis', 'brand messaging', 'strategic planning', 'strategic thinking', 'communication', 'creativity']",,,,,,,,,,,,,,,,,
75,Art Director,Arts and Media,Bachelor,Design,4.0,"['Visual Storytelling', 'Creative Direction', 'Branding', 'Typography', 'Color Theory', 'Adobe Creative Suite', 'UX/UI Design', 'Team Management', 'Campaign Development']","['Leadership', 'Creativity', 'Collaboration']","['visual storytelling', 'creative direction', 'branding', 'typography', 'color theory', 'adobe creative suite', 'ux/ui design', 'team management', 'campaign development']","['leadership', 'creativity', 'collaboration']","['visual storytelling', 'creative direction', 'branding', 'typography', 'color theory', 'adobe creative suite', 'ux/ui design', 'team management', 'campaign development', 'leadership', 'creativity', 'collaboration']",,,,,,,,,,,,,,,,,
76,Creative Director,Arts and Media,Bachelor,Design,5.0,"['Campaign Development', 'Creative Strategy', 'Team Leadership', 'Brand Identity', 'Storyboarding', 'Visual Communication', 'Client Relations', 'Budget Management']","['Visionary Thinking', 'Leadership', 'Communication']","['campaign development', 'creative strategy', 'team leadership', 'brand identity', 'storyboarding', 'visual communication', 'client relations', 'budget management']","['visionary thinking', 'leadership', 'communication']","['campaign development', 'creative strategy', 'team leadership', 'brand identity', 'storyboarding', 'visual communication', 'client relations', 'budget management', 'visionary thinking', 'leadership', 'communication']",,,,,,,,,,,,,,,,,
77,Game Designer,Arts and Media,Bachelor,Design,2.0,"['Game Mechanics', 'Level Design', 'Prototyping', 'Narrative Design', 'Unity/Unreal Engine', 'User Testing', 'Gameplay Balancing', 'GDD Creation']","['Creativity', 'Problem-Solving', 'Collaboration']","['game mechanics', 'level design', 'prototyping', 'narrative design', 'unity/unreal engine', 'user testing', 'gameplay balancing', 'gdd creation']","['creativity', 'problem-solving', 'collaboration']","['game mechanics', 'level design', 'prototyping', 'narrative design', 'unity/unreal engine', 'user testing', 'gameplay balancing', 'gdd creation', 'creativity', 'problem-solving', 'collaboration']",,,,,,,,,,,,,,,,,
78,Fashion Designer,Arts and Media,Bachelor,Design,3.0,"['Pattern Making', 'Textile Knowledge', 'Fashion Illustration', 'Sewing Techniques', 'CAD for Fashion', 'Trend Forecasting', 'Fabric Sourcing', 'Color Theory']","['Creativity', 'Attention to Detail', 'Trend Awareness']","['pattern making', 'textile knowledge', 'fashion illustration', 'sewing techniques', 'cad for fashion', 'trend forecasting', 'fabric sourcing', 'color theory']","['creativity', 'attention to detail', 'trend awareness']","['pattern making', 'textile knowledge', 'fashion illustration', 'sewing techniques', 'cad for fashion', 'trend forecasting', 'fabric sourcing', 'color theory', 'creativity', 'attention to detail', 'trend awareness']",,,,,,,,,,,,,,,,,
79,Interior Designer,Arts and Media,Bachelor,Design,2.0,"['Space Planning', '3D Rendering', 'Material Selection', 'AutoCAD', 'SketchUp', 'Lighting Design', 'Building Codes', 'Client Consultation']","['Creativity', 'Communication', 'Problem-Solving']","['space planning', '3d rendering', 'material selection', 'autocad', 'sketchup', 'lighting design', 'building codes', 'client consultation']","['creativity', 'communication', 'problem-solving']","['space planning', '3d rendering', 'material selection', 'autocad', 'sketchup', 'lighting design', 'building codes', 'client consultation', 'creativity', 'communication', 'problem-solving']",,,,,,,,,,,,,,,,,
80,Web Content Manager,Technology,Bachelor,Computing,2.0,"['Content Management Systems', 'SEO', 'HTML/CSS', 'Google Analytics', 'Content Strategy', 'Digital Marketing', 'Web Accessibility', 'User Experience']","['Communication', 'Organization', 'Attention to Detail']","['content management systems', 'seo', 'html/css', 'google analytics', 'content strategy', 'digital marketing', 'web accessibility', 'user experience']","['communication', 'organization', 'attention to detail']","['content management systems', 'seo', 'html/css', 'google analytics', 'content strategy', 'digital marketing', 'web accessibility', 'user experience', 'communication', 'organization', 'attention to detail']",,,,,,,,,,,,,,,,,
81,University Lecturer,Education,Master,Arts and Social Sciences,4.0,"['Curriculum Development', 'Academic Research', 'Lecture Delivery', 'Grading Systems', 'Learning Management Systems', 'Student Mentorship', 'Assessment Design', 'Public Speaking']","['Communication', 'Mentorship', 'Public Speaking']","['curriculum development', 'academic research', 'lecture delivery', 'grading systems', 'learning management systems', 'student mentorship', 'assessment design', 'public speaking']","['communication', 'mentorship', 'public speaking']","['curriculum development', 'academic research', 'lecture delivery', 'grading systems', 'learning management systems', 'student mentorship', 'assessment design', 'public speaking', 'communication', 'mentorship', 'public speaking']",,,,,,,,,,,,,,,,,
82,Primary School Teacher,Education,Bachelor,Arts and Social Sciences,2.0,"['Lesson Planning', 'Classroom Management', 'Child Development', 'Educational Technology', 'Student Engagement', 'Assessment Strategies', 'Behavioral Management', 'Parent Communication']","['Patience', 'Communication', 'Empathy']","['lesson planning', 'classroom management', 'child development', 'educational technology', 'student engagement', 'assessment strategies', 'behavioral management', 'parent communication']","['patience', 'communication', 'empathy']","['lesson planning', 'classroom management', 'child development', 'educational technology', 'student engagement', 'assessment strategies', 'behavioral management', 'parent communication', 'patience', 'communication', 'empathy']",,,,,,,,,,,,,,,,,
83,Secondary School Teacher,Education,Bachelor,Arts and Social Sciences,3.0,"['Subject Expertise', 'Assessment Design', 'Classroom Management', 'Educational Pedagogy', 'Student Mentoring', 'Lesson Differentiation', 'Exam Preparation', 'Technology Integration']","['Communication', 'Patience', 'Leadership']","['subject expertise', 'assessment design', 'classroom management', 'educational pedagogy', 'student mentoring', 'lesson differentiation', 'exam preparation', 'technology integration']","['communication', 'patience', 'leadership']","['subject expertise', 'assessment design', 'classroom management', 'educational pedagogy', 'student mentoring', 'lesson differentiation', 'exam preparation', 'technology integration', 'communication', 'patience', 'leadership']",,,,,,,,,,,,,,,,,
84,Curriculum Developer,Education,Master,Arts and Social Sciences,3.0,"['Educational Standards', 'Instructional Design', 'Assessment Strategies', 'e-Learning Tools', 'Course Mapping', 'Rubric Design', 'Curriculum Alignment', 'Accreditation Requirements']","['Collaboration', 'Creativity', 'Problem-Solving']","['educational standards', 'instructional design', 'assessment strategies', 'e-learning tools', 'course mapping', 'rubric design', 'curriculum alignment', 'accreditation requirements']","['collaboration', 'creativity', 'problem-solving']","['educational standards', 'instructional design', 'assessment strategies', 'e-learning tools', 'course mapping', 'rubric design', 'curriculum alignment', 'accreditation requirements', 'collaboration', 'creativity', 'problem-solving']",,,,,,,,,,,,,,,,,
85,Research Scientist,Science and Research,Master,Science,4.0,"['Experimental Design', 'Data Analysis', 'Scientific Writing', 'Hypothesis Testing', 'Literature Review', 'Statistical Software', 'Lab Techniques', 'Research Methodology']","['Critical Thinking', 'Curiosity', 'Persistence']","['experimental design', 'data analysis', 'scientific writing', 'hypothesis testing', 'literature review', 'statistical software', 'lab techniques', 'research methodology']","['critical thinking', 'curiosity', 'persistence']","['experimental design', 'data analysis', 'scientific writing', 'hypothesis testing', 'literature review', 'statistical software', 'lab techniques', 'research methodology', 'critical thinking', 'curiosity', 'persistence']",,,,,,,,,,,,,,,,,
86,Librarian,Education,Master,Arts and Social Sciences,2.0,"['Cataloging', 'Information Retrieval', 'Digital Archives', 'Library Management Systems', 'Metadata Standards', 'User Services', 'Collection Development', 'Information Literacy Training']","['Organization', 'Customer Service', 'Attention to Detail']","['cataloging', 'information retrieval', 'digital archives', 'library management systems', 'metadata standards', 'user services', 'collection development', 'information literacy training']","['organization', 'customer service', 'attention to detail']","['cataloging', 'information retrieval', 'digital archives', 'library management systems', 'metadata standards', 'user services', 'collection development', 'information literacy training', 'organization', 'customer service', 'attention to detail']",,,,,,,,,,,,,,,,,
87,Instructional Designer,Education,Master,Arts and Social Sciences,3.0,"['E-Learning Development', 'Learning Management Systems', 'Assessment Design', 'Storyboarding', 'Multimedia Tools', 'Course Authoring Tools', 'Training Needs Analysis', 'SCORM']","['Collaboration', 'Creativity', 'Problem-Solving']","['e-learning development', 'learning management systems', 'assessment design', 'storyboarding', 'multimedia tools', 'course authoring tools', 'training needs analysis', 'scorm']","['collaboration', 'creativity', 'problem-solving']","['e-learning development', 'learning management systems', 'assessment design', 'storyboarding', 'multimedia tools', 'course authoring tools', 'training needs analysis', 'scorm', 'collaboration', 'creativity', 'problem-solving']",,,,,,,,,,,,,,,,,
88,Special Education Teacher,Education,Bachelor,Arts and Social Sciences,3.0,"['Classroom Management', 'Individualized Education Plans', 'Behavioral Interventions', 'Differentiated Instruction', 'Assistive Technology', 'Learning Assessments', 'IEP Meetings', 'Inclusive Education']","['Patience', 'Empathy', 'Communication']","['classroom management', 'individualized education plans', 'behavioral interventions', 'differentiated instruction', 'assistive technology', 'learning assessments', 'iep meetings', 'inclusive education']","['patience', 'empathy', 'communication']","['classroom management', 'individualized education plans', 'behavioral interventions', 'differentiated instruction', 'assistive technology', 'learning assessments', 'iep meetings', 'inclusive education', 'patience', 'empathy', 'communication']",,,,,,,,,,,,,,,,,
89,Academic Advisor,Education,Master,Arts and Social Sciences,2.0,"['Academic Planning', 'Student Counseling', 'Degree Audits', 'Course Registration', 'Time Management Support', 'Career Guidance', 'University Policies', 'Advising Software']","['Active Listening', 'Interpersonal Skills', 'Problem-Solving']","['academic planning', 'student counseling', 'degree audits', 'course registration', 'time management support', 'career guidance', 'university policies', 'advising software']","['active listening', 'interpersonal skills', 'problem-solving']","['academic planning', 'student counseling', 'degree audits', 'course registration', 'time management support', 'career guidance', 'university policies', 'advising software', 'active listening', 'interpersonal skills', 'problem-solving']",,,,,,,,,,,,,,,,,
90,Training Specialist,Human Resources and Operations,Bachelor,Business,4.0,"['Curriculum Development', 'Learning Management Systems', 'Training Delivery', 'Instructional Design', 'Needs Analysis', 'Performance Measurement', 'Workshop Facilitation', 'e-Learning Tools']","['Presentation Skills', 'Adaptability', 'Collaboration']","['curriculum development', 'learning management systems', 'training delivery', 'instructional design', 'needs analysis', 'performance measurement', 'workshop facilitation', 'e-learning tools']","['presentation skills', 'adaptability', 'collaboration']","['curriculum development', 'learning management systems', 'training delivery', 'instructional design', 'needs analysis', 'performance measurement', 'workshop facilitation', 'e-learning tools', 'presentation skills', 'adaptability', 'collaboration']",,,,,,,,,,,,,,,,,
91,Learning and Development Manager,Human Resources and Operations,Master,Business,5.0,"['Curriculum Design', 'Instructional Design Software', 'Learning Management Systems Administration', 'Training Needs Analysis', 'E-learning Development', 'Adult Learning Principles', 'Program Evaluation', 'Budget Management Training Programs', 'Data Analysis Training ROI', 'Project Management L&D Initiatives', 'Performance Management Systems', 'Training Delivery and Facilitation', 'Competency Mapping', 'Content Creation Tools', 'Presentation Software']","['Leadership', 'Strategic Thinking', 'Communication']","['curriculum design', 'instructional design software', 'learning management systems administration', 'training needs analysis', 'e-learning development', 'adult learning principles', 'program evaluation', 'budget management training programs', 'data analysis training roi', 'project management l&d initiatives', 'performance management systems', 'training delivery and facilitation', 'competency mapping', 'content creation tools', 'presentation software']","['leadership', 'strategic thinking', 'communication']","['curriculum design', 'instructional design software', 'learning management systems administration', 'training needs analysis', 'e-learning development', 'adult learning principles', 'program evaluation', 'budget management training programs', 'data analysis training roi', 'project management l&d initiatives', 'performance management systems', 'training delivery and facilitation', 'competency mapping', 'content creation tools', 'presentation software', 'leadership', 'strategic thinking', 'communication']",,,,,,,,,,,,,,,,,
92,E-learning Specialist,Education,Bachelor,Information Systems,3.0,"['Learning Management Systems', 'Instructional Design', 'Multimedia Development']","['Creativity', 'Attention to Detail', 'Problem-Solving']","['learning management systems', 'instructional design', 'multimedia development']","['creativity', 'attention to detail', 'problem-solving']","['learning management systems', 'instructional design', 'multimedia development', 'creativity', 'attention to detail', 'problem-solving']",,,,,,,,,,,,,,,,,
93,Test Developer,Education,Bachelor,Science,2.0,"['Test Automation Frameworks', 'Programming Languages', 'Version Control Systems', 'CI/CD Pipelines', 'API Testing Tools', 'Database Testing SQL', 'Performance Testing Tools', 'Security Testing Principles', 'Debugging and Troubleshooting', 'Test Case Design', 'Test Data Management', 'Software Development Life Cycle', 'Agile Methodologies', 'Bug Tracking Systems', 'Cloud Platforms']","['Analytical Thinking', 'Attention to Detail', 'Collaboration']","['test automation frameworks', 'programming languages', 'version control systems', 'ci/cd pipelines', 'api testing tools', 'database testing sql', 'performance testing tools', 'security testing principles', 'debugging and troubleshooting', 'test case design', 'test data management', 'software development life cycle', 'agile methodologies', 'bug tracking systems', 'cloud platforms']","['analytical thinking', 'attention to detail', 'collaboration']","['test automation frameworks', 'programming languages', 'version control systems', 'ci/cd pipelines', 'api testing tools', 'database testing sql', 'performance testing tools', 'security testing principles', 'debugging and troubleshooting', 'test case design', 'test data management', 'software development life cycle', 'agile methodologies', 'bug tracking systems', 'cloud platforms', 'analytical thinking', 'attention to detail', 'collaboration']",,,,,,,,,,,,,,,,,
94,Science Educator,Education,Bachelor,Science,1.0,"['Lesson Planning', 'Curriculum Development Science', 'Classroom Management', 'Laboratory Safety Procedures', 'Scientific Inquiry Methods', 'Data Analysis and Interpretation Scientific', 'Science Equipment Operation', 'Educational Technology Integration', 'Assessment Design Science', 'Differentiated Instruction', 'Research Methods Educational', 'Content Knowledge Specific Science Disciplines', 'STEM Education Principles', 'Student Progress Tracking', 'Presentation Software']","['Enthusiasm', 'Communication', 'Patience']","['lesson planning', 'curriculum development science', 'classroom management', 'laboratory safety procedures', 'scientific inquiry methods', 'data analysis and interpretation scientific', 'science equipment operation', 'educational technology integration', 'assessment design science', 'differentiated instruction', 'research methods educational', 'content knowledge specific science disciplines', 'stem education principles', 'student progress tracking', 'presentation software']","['enthusiasm', 'communication', 'patience']","['lesson planning', 'curriculum development science', 'classroom management', 'laboratory safety procedures', 'scientific inquiry methods', 'data analysis and interpretation scientific', 'science equipment operation', 'educational technology integration', 'assessment design science', 'differentiated instruction', 'research methods educational', 'content knowledge specific science disciplines', 'stem education principles', 'student progress tracking', 'presentation software', 'enthusiasm', 'communication', 'patience']",,,,,,,,,,,,,,,,,
95,Language Instructor,Education,Bachelor,Arts and Social Sciences,2.0,"['Curriculum Development Language', 'Lesson Planning Language', 'Grammar and Syntax Instruction', 'Phonetics and Pronunciation', 'Assessment Design Language Proficiency', 'Differentiated Instruction Language Learners', 'Language Pedagogy', 'Second Language Acquisition Theories', 'Conversational Practice Techniques', 'Cultural Immersion Strategies', 'Educational Technology Language Learning Apps/Software', 'Fluency Assessment', 'Vocabulary Instruction', 'Reading Comprehension Strategies', 'Writing Instruction']","['Patience', 'Communication', 'Adaptability']","['curriculum development language', 'lesson planning language', 'grammar and syntax instruction', 'phonetics and pronunciation', 'assessment design language proficiency', 'differentiated instruction language learners', 'language pedagogy', 'second language acquisition theories', 'conversational practice techniques', 'cultural immersion strategies', 'educational technology language learning apps/software', 'fluency assessment', 'vocabulary instruction', 'reading comprehension strategies', 'writing instruction']","['patience', 'communication', 'adaptability']","['curriculum development language', 'lesson planning language', 'grammar and syntax instruction', 'phonetics and pronunciation', 'assessment design language proficiency', 'differentiated instruction language learners', 'language pedagogy', 'second language acquisition theories', 'conversational practice techniques', 'cultural immersion strategies', 'educational technology language learning apps/software', 'fluency assessment', 'vocabulary instruction', 'reading comprehension strategies', 'writing instruction', 'patience', 'communication', 'adaptability']",,,,,,,,,,,,,,,,,
96,College Admissions Officer,Education,Bachelor,Arts and Social Sciences,3.0,"['Application Review and Evaluation', 'CRM Software', 'Data Entry and Management', 'Recruitment Strategies', 'Financial Aid Knowledge', 'Admissions Software Systems', 'Interviewing Skills', 'Presentation Skills Admissions Events', 'Market Research Higher Education', 'Policy Interpretation Admissions', 'Database Management', 'Compliance with Educational Regulations', 'Event Planning Recruitment Fairs', 'Communication Software', 'Report Writing']","['Interpersonal Skills', 'Decision-Making', 'Organization']","['application review and evaluation', 'crm software', 'data entry and management', 'recruitment strategies', 'financial aid knowledge', 'admissions software systems', 'interviewing skills', 'presentation skills admissions events', 'market research higher education', 'policy interpretation admissions', 'database management', 'compliance with educational regulations', 'event planning recruitment fairs', 'communication software', 'report writing']","['interpersonal skills', 'decision-making', 'organization']","['application review and evaluation', 'crm software', 'data entry and management', 'recruitment strategies', 'financial aid knowledge', 'admissions software systems', 'interviewing skills', 'presentation skills admissions events', 'market research higher education', 'policy interpretation admissions', 'database management', 'compliance with educational regulations', 'event planning recruitment fairs', 'communication software', 'report writing', 'interpersonal skills', 'decision-making', 'organization']",,,,,,,,,,,,,,,,,
97,Early Childhood Educator,Education,Bachelor,Arts and Social Sciences,2.0,"['Child Development Theories', 'Curriculum Planning Early Childhood', 'Classroom Management Early Childhood', 'Safety Regulations Childcare', 'First Aid and CPR', 'Behavior Management Techniques', 'Child Observation and Assessment', 'Lesson Planning Pre-K/Kindergarten', 'Activity Development Age-Appropriate', 'Record-Keeping Student Progress', 'Special Education Needs Early Childhood', 'Nutritional Guidelines Children', 'Health and Hygiene Practices', 'Storytelling and Reading Aloud', 'Art and Music Integration Early Childhood']","['Patience', 'Creativity', 'Empathy']","['child development theories', 'curriculum planning early childhood', 'classroom management early childhood', 'safety regulations childcare', 'first aid and cpr', 'behavior management techniques', 'child observation and assessment', 'lesson planning pre-k/kindergarten', 'activity development age-appropriate', 'record-keeping student progress', 'special education needs early childhood', 'nutritional guidelines children', 'health and hygiene practices', 'storytelling and reading aloud', 'art and music integration early childhood']","['patience', 'creativity', 'empathy']","['child development theories', 'curriculum planning early childhood', 'classroom management early childhood', 'safety regulations childcare', 'first aid and cpr', 'behavior management techniques', 'child observation and assessment', 'lesson planning pre-k/kindergarten', 'activity development age-appropriate', 'record-keeping student progress', 'special education needs early childhood', 'nutritional guidelines children', 'health and hygiene practices', 'storytelling and reading aloud', 'art and music integration early childhood', 'patience', 'creativity', 'empathy']",,,,,,,,,,,,,,,,,
98,Education Policy Analyst,Education,Master,Arts and Social Sciences,4.0,"['Policy Analysis and Evaluation', 'Quantitative Data Analysis', 'Qualitative Research Methods', 'Statistical Modeling', 'Report Writing Policy Briefs, White Papers', 'Legislation and Regulatory Research', 'Econometrics', 'Program Evaluation', 'Stakeholder Engagement', 'Public Speaking Policy Presentations', 'Data Visualization Tools', 'Grant Writing', 'Survey Design', 'Impact Assessment', 'Cost-Benefit Analysis']","['Critical Thinking', 'Communication', 'Problem-Solving']","['policy analysis and evaluation', 'quantitative data analysis', 'qualitative research methods', 'statistical modeling', 'report writing policy briefs, white papers', 'legislation and regulatory research', 'econometrics', 'program evaluation', 'stakeholder engagement', 'public speaking policy presentations', 'data visualization tools', 'grant writing', 'survey design', 'impact assessment', 'cost-benefit analysis']","['critical thinking', 'communication', 'problem-solving']","['policy analysis and evaluation', 'quantitative data analysis', 'qualitative research methods', 'statistical modeling', 'report writing policy briefs, white papers', 'legislation and regulatory research', 'econometrics', 'program evaluation', 'stakeholder engagement', 'public speaking policy presentations', 'data visualization tools', 'grant writing', 'survey design', 'impact assessment', 'cost-benefit analysis', 'critical thinking', 'communication', 'problem-solving']",,,,,,,,,,,,,,,,,
99,Tutor,Education,nan,Arts and Social Sciences,1.0,"['Subject Matter Expertise', 'Differentiated Instruction', 'Assessment and Progress Tracking', 'Study Skills Coaching', 'Test Preparation Strategies', 'Curriculum Alignment', 'Learning Style Adaption', 'Diagnostic Assessment', 'Homework Support', 'Time Management Coaching', 'Goal Setting Academic', 'Feedback Provision', 'Digital Whiteboard Usage', 'Online Tutoring Platforms', 'Resource Development Study Guides']","['Patience', 'Communication', 'Adaptability']","['subject matter expertise', 'differentiated instruction', 'assessment and progress tracking', 'study skills coaching', 'test preparation strategies', 'curriculum alignment', 'learning style adaption', 'diagnostic assessment', 'homework support', 'time management coaching', 'goal setting academic', 'feedback provision', 'digital whiteboard usage', 'online tutoring platforms', 'resource development study guides']","['patience', 'communication', 'adaptability']","['subject matter expertise', 'differentiated instruction', 'assessment and progress tracking', 'study skills coaching', 'test preparation strategies', 'curriculum alignment', 'learning style adaption', 'diagnostic assessment', 'homework support', 'time management coaching', 'goal setting academic', 'feedback provision', 'digital whiteboard usage', 'online tutoring platforms', 'resource development study guides', 'patience', 'communication', 'adaptability']",,,,,,,,,,,,,,,,,
100,Career Counselor,Human Resources and Operations,Master,Arts and Social Sciences,3.0,"['Career Assessment Tools', 'Resume and Cover Letter Writing', 'Interview Coaching', 'Job Search Strategies', 'Labor Market Research', 'LinkedIn Optimization', 'Networking Strategies', 'Counseling Techniques Individual/Group', 'Ethical Guidelines Counseling', 'Program Development Career Workshops', 'Database Management Career Resources', 'Digital Portfolio Development', 'Salary Negotiation Coaching', 'Educational Planning', 'Licensing and Certification Guidance']","['Empathy', 'Active Listening', 'Interpersonal Skills']","['career assessment tools', 'resume and cover letter writing', 'interview coaching', 'job search strategies', 'labor market research', 'linkedin optimization', 'networking strategies', 'counseling techniques individual/group', 'ethical guidelines counseling', 'program development career workshops', 'database management career resources', 'digital portfolio development', 'salary negotiation coaching', 'educational planning', 'licensing and certification guidance']","['empathy', 'active listening', 'interpersonal skills']","['career assessment tools', 'resume and cover letter writing', 'interview coaching', 'job search strategies', 'labor market research', 'linkedin optimization', 'networking strategies', 'counseling techniques individual/group', 'ethical guidelines counseling', 'program development career workshops', 'database management career resources', 'digital portfolio development', 'salary negotiation coaching', 'educational planning', 'licensing and certification guidance', 'empathy', 'active listening', 'interpersonal skills']",,,,,,,,,,,,,,,,,
101,Human Resources Manager,Human Resources and Operations,Bachelor,Business,5.0,"['HRIS Software', 'Talent Acquisition and Recruitment', 'Compensation and Benefits Administration', 'Performance Management Systems', 'Employee Relations and Conflict Resolution', 'Labor Law and Compliance', 'Training and Development Program Management', 'Payroll Processing', 'HR Data Analytics', 'Onboarding and Offboarding Processes', 'Workforce Planning', 'Policy Development and Implementation', 'Disciplinary Procedures', 'Safety and Health Regulations', 'Union Negotiations']","['Leadership', 'Conflict Resolution', 'Communication']","['hris software', 'talent acquisition and recruitment', 'compensation and benefits administration', 'performance management systems', 'employee relations and conflict resolution', 'labor law and compliance', 'training and development program management', 'payroll processing', 'hr data analytics', 'onboarding and offboarding processes', 'workforce planning', 'policy development and implementation', 'disciplinary procedures', 'safety and health regulations', 'union negotiations']","['leadership', 'conflict resolution', 'communication']","['hris software', 'talent acquisition and recruitment', 'compensation and benefits administration', 'performance management systems', 'employee relations and conflict resolution', 'labor law and compliance', 'training and development program management', 'payroll processing', 'hr data analytics', 'onboarding and offboarding processes', 'workforce planning', 'policy development and implementation', 'disciplinary procedures', 'safety and health regulations', 'union negotiations', 'leadership', 'conflict resolution', 'communication']",,,,,,,,,,,,,,,,,
102,Recruiter,Human Resources and Operations,Bachelor,Business,2.0,"['Applicant Tracking Systems Management', 'Sourcing Techniques', 'Interviewing Techniques', 'Candidate Relationship Management', 'Negotiation Skills', 'Market Research Talent Landscape', 'Recruitment Marketing', 'Employer Branding', 'Background Checks and Verification', 'Onboarding Process Coordination', 'HR Software Proficiency', 'Diversity, Equity, and Inclusion Recruitment', 'Data Analytics Recruitment Metrics', 'Compliance', 'Candidate Assessment Tools']","['Networking', 'Communication', 'Persuasion']","['applicant tracking systems management', 'sourcing techniques', 'interviewing techniques', 'candidate relationship management', 'negotiation skills', 'market research talent landscape', 'recruitment marketing', 'employer branding', 'background checks and verification', 'onboarding process coordination', 'hr software proficiency', 'diversity, equity, and inclusion recruitment', 'data analytics recruitment metrics', 'compliance', 'candidate assessment tools']","['networking', 'communication', 'persuasion']","['applicant tracking systems management', 'sourcing techniques', 'interviewing techniques', 'candidate relationship management', 'negotiation skills', 'market research talent landscape', 'recruitment marketing', 'employer branding', 'background checks and verification', 'onboarding process coordination', 'hr software proficiency', 'diversity, equity, and inclusion recruitment', 'data analytics recruitment metrics', 'compliance', 'candidate assessment tools', 'networking', 'communication', 'persuasion']",,,,,,,,,,,,,,,,,
103,Talent Acquisition Specialist,Human Resources and Operations,Bachelor,Business,3.0,"['Applicant Tracking Systems Optimization', 'Advanced Sourcing Methodologies', 'Recruitment Marketing Campaign Management', 'Employer Branding Strategy', 'Candidate Experience Design', 'Data-Driven Recruitment Analytics', 'Interviewing and Selection Processes', 'Compensation and Benefits Benchmarking', 'CRM for Talent Pools', 'Diversity Sourcing Strategies', 'Succession Planning Support', 'Candidate Assessment Tools', 'Employment Law Compliance', 'Social Media Recruitment', 'Vendor Management Recruitment Agencies']","['Relationship Building', 'Negotiation', 'Communication']","['applicant tracking systems optimization', 'advanced sourcing methodologies', 'recruitment marketing campaign management', 'employer branding strategy', 'candidate experience design', 'data-driven recruitment analytics', 'interviewing and selection processes', 'compensation and benefits benchmarking', 'crm for talent pools', 'diversity sourcing strategies', 'succession planning support', 'candidate assessment tools', 'employment law compliance', 'social media recruitment', 'vendor management recruitment agencies']","['relationship building', 'negotiation', 'communication']","['applicant tracking systems optimization', 'advanced sourcing methodologies', 'recruitment marketing campaign management', 'employer branding strategy', 'candidate experience design', 'data-driven recruitment analytics', 'interviewing and selection processes', 'compensation and benefits benchmarking', 'crm for talent pools', 'diversity sourcing strategies', 'succession planning support', 'candidate assessment tools', 'employment law compliance', 'social media recruitment', 'vendor management recruitment agencies', 'relationship building', 'negotiation', 'communication']",,,,,,,,,,,,,,,,,
104,Compensation and Benefits Manager,Human Resources and Operations,Master,Business,5.0,"['Compensation Structure Design', 'Benefits Administration Software', 'Job Evaluation Methodologies', 'Market Pricing', 'Payroll Systems Integration', 'HRIS Management', 'Regulatory Compliance', 'Data Analysis Compensation & Benefits Data', 'Budgeting and Forecasting C&B', 'Incentive Program Design', 'Pension and Retirement Plan Management', 'Health and Welfare Plan Administration', 'Vendor Management Benefits Providers', 'Tax Implications of Compensation', 'Employee Communication Benefits']","['Analytical Thinking', 'Attention to Detail', 'Communication']","['compensation structure design', 'benefits administration software', 'job evaluation methodologies', 'market pricing', 'payroll systems integration', 'hris management', 'regulatory compliance', 'data analysis compensation & benefits data', 'budgeting and forecasting c&b', 'incentive program design', 'pension and retirement plan management', 'health and welfare plan administration', 'vendor management benefits providers', 'tax implications of compensation', 'employee communication benefits']","['analytical thinking', 'attention to detail', 'communication']","['compensation structure design', 'benefits administration software', 'job evaluation methodologies', 'market pricing', 'payroll systems integration', 'hris management', 'regulatory compliance', 'data analysis compensation & benefits data', 'budgeting and forecasting c&b', 'incentive program design', 'pension and retirement plan management', 'health and welfare plan administration', 'vendor management benefits providers', 'tax implications of compensation', 'employee communication benefits', 'analytical thinking', 'attention to detail', 'communication']",,,,,,,,,,,,,,,,,
105,Organizational Development Consultant,Human Resources and Operations,Master,Business,4.0,"['Change Management Methodologies', 'Organizational Assessment Tools', 'Survey Design and Analysis Organizational Culture', 'Facilitation Skills', 'Intervention Design OD', 'Performance Management System Design', 'Leadership Development Program Design', 'Training Program Development OD related', 'Action Research Methods', 'Data Collection and Analysis Qualitative & Quantitative', 'Strategic Planning Support', 'Team Building Strategies', 'Conflict Resolution Techniques', 'HRIS Utilization for OD data', 'Project Management OD Initiatives']","['Strategic Thinking', 'Problem-Solving', 'Interpersonal Skills']","['change management methodologies', 'organizational assessment tools', 'survey design and analysis organizational culture', 'facilitation skills', 'intervention design od', 'performance management system design', 'leadership development program design', 'training program development od related', 'action research methods', 'data collection and analysis qualitative & quantitative', 'strategic planning support', 'team building strategies', 'conflict resolution techniques', 'hris utilization for od data', 'project management od initiatives']","['strategic thinking', 'problem-solving', 'interpersonal skills']","['change management methodologies', 'organizational assessment tools', 'survey design and analysis organizational culture', 'facilitation skills', 'intervention design od', 'performance management system design', 'leadership development program design', 'training program development od related', 'action research methods', 'data collection and analysis qualitative & quantitative', 'strategic planning support', 'team building strategies', 'conflict resolution techniques', 'hris utilization for od data', 'project management od initiatives', 'strategic thinking', 'problem-solving', 'interpersonal skills']",,,,,,,,,,,,,,,,,
106,Office Manager,Human Resources and Operations,Bachelor,Business,3.0,"['Office Suite Proficiency', 'Administrative Software', 'Budget Management Office Supplies/Operations', 'Vendor Management', 'Record Keeping and Filing Systems', 'Inventory Management', 'Database Management', 'Meeting Coordination and Minute Taking', 'Travel Arrangement Software', 'Basic Accounting Software', 'Facility Maintenance Coordination', 'Front Desk Operations', 'Mail and Shipping Procedures', 'IT Troubleshooting Basic', 'Event Coordination Office Events']","['Organization', 'Communication', 'Multitasking']","['office suite proficiency', 'administrative software', 'budget management office supplies/operations', 'vendor management', 'record keeping and filing systems', 'inventory management', 'database management', 'meeting coordination and minute taking', 'travel arrangement software', 'basic accounting software', 'facility maintenance coordination', 'front desk operations', 'mail and shipping procedures', 'it troubleshooting basic', 'event coordination office events']","['organization', 'communication', 'multitasking']","['office suite proficiency', 'administrative software', 'budget management office supplies/operations', 'vendor management', 'record keeping and filing systems', 'inventory management', 'database management', 'meeting coordination and minute taking', 'travel arrangement software', 'basic accounting software', 'facility maintenance coordination', 'front desk operations', 'mail and shipping procedures', 'it troubleshooting basic', 'event coordination office events', 'organization', 'communication', 'multitasking']",,,,,,,,,,,,,,,,,
107,Executive Assistant,Human Resources and Operations,Bachelor,Business,2.0,"['Advanced Calendar Management', 'Complex Travel Planning and Logistics', 'Expense Reporting Software', 'Presentation Development', 'Meeting Coordination and Minutes', 'Database Management', 'Document Preparation and Editing', 'Research and Data Compilation', 'Project Management Administrative Projects', 'Office Suite Mastery', 'Communication Systems', 'Confidentiality and Discretion Management', 'Event Planning Executive Events', 'Vendor Contract Review Basic', 'Correspondence Management']","['Discretion', 'Time Management', 'Communication']","['advanced calendar management', 'complex travel planning and logistics', 'expense reporting software', 'presentation development', 'meeting coordination and minutes', 'database management', 'document preparation and editing', 'research and data compilation', 'project management administrative projects', 'office suite mastery', 'communication systems', 'confidentiality and discretion management', 'event planning executive events', 'vendor contract review basic', 'correspondence management']","['discretion', 'time management', 'communication']","['advanced calendar management', 'complex travel planning and logistics', 'expense reporting software', 'presentation development', 'meeting coordination and minutes', 'database management', 'document preparation and editing', 'research and data compilation', 'project management administrative projects', 'office suite mastery', 'communication systems', 'confidentiality and discretion management', 'event planning executive events', 'vendor contract review basic', 'correspondence management', 'discretion', 'time management', 'communication']",,,,,,,,,,,,,,,,,
108,Administrative Assistant,Human Resources and Operations,nan,Business,1.0,"['Office Suite Proficiency', 'Calendar Management', 'Data Entry', 'Filing Systems', 'Email Management', 'Scheduling Software', 'Basic Record Keeping', 'Telephone Etiquette', 'Office Equipment Operation', 'Meeting Scheduling', 'Document Formatting', 'Travel Booking Basic', 'Supply Ordering and Inventory', 'Customer Service Software', 'Mail Handling']","['Organization', 'Communication', 'Attention to Detail']","['office suite proficiency', 'calendar management', 'data entry', 'filing systems', 'email management', 'scheduling software', 'basic record keeping', 'telephone etiquette', 'office equipment operation', 'meeting scheduling', 'document formatting', 'travel booking basic', 'supply ordering and inventory', 'customer service software', 'mail handling']","['organization', 'communication', 'attention to detail']","['office suite proficiency', 'calendar management', 'data entry', 'filing systems', 'email management', 'scheduling software', 'basic record keeping', 'telephone etiquette', 'office equipment operation', 'meeting scheduling', 'document formatting', 'travel booking basic', 'supply ordering and inventory', 'customer service software', 'mail handling', 'organization', 'communication', 'attention to detail']",,,,,,,,,,,,,,,,,
109,Facilities Manager,Human Resources and Operations,Bachelor,Business,4.0,"['HVAC Systems Management', 'Building Automation Systems', 'Preventative Maintenance Planning', 'Space Planning and Management', 'Vendor Contract Negotiation and Management', 'Health and Safety Regulations', 'Budget Management Facilities', 'Project Management Facilities Improvements', 'Emergency Preparedness Planning', 'CMMS Software', 'Waste Management and Recycling Programs', 'Energy Management Systems', 'Security Systems Management', 'Building Codes and Regulations Compliance', 'Sustainability Practices']","['Problem-Solving', 'Leadership', 'Communication']","['hvac systems management', 'building automation systems', 'preventative maintenance planning', 'space planning and management', 'vendor contract negotiation and management', 'health and safety regulations', 'budget management facilities', 'project management facilities improvements', 'emergency preparedness planning', 'cmms software', 'waste management and recycling programs', 'energy management systems', 'security systems management', 'building codes and regulations compliance', 'sustainability practices']","['problem-solving', 'leadership', 'communication']","['hvac systems management', 'building automation systems', 'preventative maintenance planning', 'space planning and management', 'vendor contract negotiation and management', 'health and safety regulations', 'budget management facilities', 'project management facilities improvements', 'emergency preparedness planning', 'cmms software', 'waste management and recycling programs', 'energy management systems', 'security systems management', 'building codes and regulations compliance', 'sustainability practices', 'problem-solving', 'leadership', 'communication']",,,,,,,,,,,,,,,,,
110,Event Coordinator,"Travel, Hospitality and Tourism",Bachelor,Business,2.0,"['Budget Management Events', 'Vendor Sourcing and Management', 'Event Planning Software', 'Logistics Management', 'Contract Negotiation Venues, Suppliers', 'Risk Management Event Safety', 'Marketing and Promotion Event', 'Sponsorship Management', 'Audio-Visual Equipment Setup', 'Registration Systems', 'On-Site Event Management', 'Permit and License Acquisition', 'Post-Event Evaluation and Reporting', 'Database Management Attendee Lists', 'Social Media Promotion Event']","['Organization', 'Creativity', 'Interpersonal Skills']","['budget management events', 'vendor sourcing and management', 'event planning software', 'logistics management', 'contract negotiation venues, suppliers', 'risk management event safety', 'marketing and promotion event', 'sponsorship management', 'audio-visual equipment setup', 'registration systems', 'on-site event management', 'permit and license acquisition', 'post-event evaluation and reporting', 'database management attendee lists', 'social media promotion event']","['organization', 'creativity', 'interpersonal skills']","['budget management events', 'vendor sourcing and management', 'event planning software', 'logistics management', 'contract negotiation venues, suppliers', 'risk management event safety', 'marketing and promotion event', 'sponsorship management', 'audio-visual equipment setup', 'registration systems', 'on-site event management', 'permit and license acquisition', 'post-event evaluation and reporting', 'database management attendee lists', 'social media promotion event', 'organization', 'creativity', 'interpersonal skills']",,,,,,,,,,,,,,,,,
111,Civil Engineer,Construction and Engineering,Bachelor,Engineering,3.0,"['AutoCAD and Civil 3D', 'Structural Analysis Software', 'Geotechnical Engineering Software', 'Hydraulics and Hydrology Modeling', 'Construction Project Management Software', 'Surveying and GIS Software', 'Material Science', 'Blueprint Reading and Design', 'Feasibility Studies', 'Cost Estimation and Bidding', 'Drainage Design', 'Road and Bridge Design', 'Environmental Regulations Construction', 'Safety Standards Construction', 'Report Writing Engineering']","['Problem-Solving', 'Teamwork', 'Attention to Detail']","['autocad and civil 3d', 'structural analysis software', 'geotechnical engineering software', 'hydraulics and hydrology modeling', 'construction project management software', 'surveying and gis software', 'material science', 'blueprint reading and design', 'feasibility studies', 'cost estimation and bidding', 'drainage design', 'road and bridge design', 'environmental regulations construction', 'safety standards construction', 'report writing engineering']","['problem-solving', 'teamwork', 'attention to detail']","['autocad and civil 3d', 'structural analysis software', 'geotechnical engineering software', 'hydraulics and hydrology modeling', 'construction project management software', 'surveying and gis software', 'material science', 'blueprint reading and design', 'feasibility studies', 'cost estimation and bidding', 'drainage design', 'road and bridge design', 'environmental regulations construction', 'safety standards construction', 'report writing engineering', 'problem-solving', 'teamwork', 'attention to detail']",,,,,,,,,,,,,,,,,
112,Electrical Engineer,Construction and Engineering,Bachelor,Engineering,2.0,"['Circuit Design Software', 'CAD Software', 'Simulation Software', 'Programmable Logic Controllers Programming', 'Microcontroller Programming', 'Power Electronics Design', 'Embedded Systems Development', 'Control Systems Design', 'Signal Processing', 'Electrical Code Compliance', 'PCB Design and Layout', 'Testing and Troubleshooting Electrical Systems', 'Electromagnetic Compatibility', 'Instrumentation and Measurement', 'Data Acquisition Systems']","['Analytical Thinking', 'Collaboration', 'Creativity']","['circuit design software', 'cad software', 'simulation software', 'programmable logic controllers programming', 'microcontroller programming', 'power electronics design', 'embedded systems development', 'control systems design', 'signal processing', 'electrical code compliance', 'pcb design and layout', 'testing and troubleshooting electrical systems', 'electromagnetic compatibility', 'instrumentation and measurement', 'data acquisition systems']","['analytical thinking', 'collaboration', 'creativity']","['circuit design software', 'cad software', 'simulation software', 'programmable logic controllers programming', 'microcontroller programming', 'power electronics design', 'embedded systems development', 'control systems design', 'signal processing', 'electrical code compliance', 'pcb design and layout', 'testing and troubleshooting electrical systems', 'electromagnetic compatibility', 'instrumentation and measurement', 'data acquisition systems', 'analytical thinking', 'collaboration', 'creativity']",,,,,,,,,,,,,,,,,
113,Mechanical Engineer,Construction and Engineering,Bachelor,Engineering,3.0,"['CAD Software', 'FEA Software', 'CAM Software', 'Thermodynamics and Heat Transfer Principles', 'Fluid Dynamics CFD Software', 'Materials Science', 'Machine Design and Analysis', 'Kinematics and Dynamics', 'GD&T', 'Prototyping and Testing', 'Manufacturing Processes', 'Robotics and Automation', 'Solid Modeling', 'Technical Drawing and Blueprint Reading', 'Root Cause Analysis']","['Problem-Solving', 'Innovation', 'Teamwork']","['cad software', 'fea software', 'cam software', 'thermodynamics and heat transfer principles', 'fluid dynamics cfd software', 'materials science', 'machine design and analysis', 'kinematics and dynamics', 'gd&t', 'prototyping and testing', 'manufacturing processes', 'robotics and automation', 'solid modeling', 'technical drawing and blueprint reading', 'root cause analysis']","['problem-solving', 'innovation', 'teamwork']","['cad software', 'fea software', 'cam software', 'thermodynamics and heat transfer principles', 'fluid dynamics cfd software', 'materials science', 'machine design and analysis', 'kinematics and dynamics', 'gd&t', 'prototyping and testing', 'manufacturing processes', 'robotics and automation', 'solid modeling', 'technical drawing and blueprint reading', 'root cause analysis', 'problem-solving', 'innovation', 'teamwork']",,,,,,,,,,,,,,,,,
114,Structural Engineer,Construction and Engineering,Master,Engineering,4.0,"['Structural Analysis Software', 'CAD Software', 'Building Codes and Standards', 'Material Behavior', 'Seismic Design Principles', 'Wind Load Analysis', 'Foundation Design', 'Bridge Design', 'Finite Element Analysis', 'Geotechnical Interaction', 'Construction Methods and Sequences', 'Failure Analysis', 'Report Writing Structural Analysis', 'Blueprint Interpretation and Creation', 'Structural Repair and Rehabilitation']","['Attention to Detail', 'Critical Thinking', 'Collaboration']","['structural analysis software', 'cad software', 'building codes and standards', 'material behavior', 'seismic design principles', 'wind load analysis', 'foundation design', 'bridge design', 'finite element analysis', 'geotechnical interaction', 'construction methods and sequences', 'failure analysis', 'report writing structural analysis', 'blueprint interpretation and creation', 'structural repair and rehabilitation']","['attention to detail', 'critical thinking', 'collaboration']","['structural analysis software', 'cad software', 'building codes and standards', 'material behavior', 'seismic design principles', 'wind load analysis', 'foundation design', 'bridge design', 'finite element analysis', 'geotechnical interaction', 'construction methods and sequences', 'failure analysis', 'report writing structural analysis', 'blueprint interpretation and creation', 'structural repair and rehabilitation', 'attention to detail', 'critical thinking', 'collaboration']",,,,,,,,,,,,,,,,,
115,Architect,Construction and Engineering,Master,Design,5.0,"['Architectural Design Software', 'BIM', 'Rendering Software', 'Blueprint Drafting and Interpretation', 'Building Codes and Zoning Regulations', 'Sustainable Design Principles', 'Construction Documentation', 'Material Specifications', 'Site Analysis and Planning', 'Project Management Architectural Projects', 'Urban Planning Principles', 'Cost Estimation Architectural', 'Hand Sketching and Drawing', 'Presentation Graphics', 'Contract Administration']","['Creativity', 'Visualization', 'Communication']","['architectural design software', 'bim', 'rendering software', 'blueprint drafting and interpretation', 'building codes and zoning regulations', 'sustainable design principles', 'construction documentation', 'material specifications', 'site analysis and planning', 'project management architectural projects', 'urban planning principles', 'cost estimation architectural', 'hand sketching and drawing', 'presentation graphics', 'contract administration']","['creativity', 'visualization', 'communication']","['architectural design software', 'bim', 'rendering software', 'blueprint drafting and interpretation', 'building codes and zoning regulations', 'sustainable design principles', 'construction documentation', 'material specifications', 'site analysis and planning', 'project management architectural projects', 'urban planning principles', 'cost estimation architectural', 'hand sketching and drawing', 'presentation graphics', 'contract administration', 'creativity', 'visualization', 'communication']",,,,,,,,,,,,,,,,,
116,Construction Project Manager,Construction and Engineering,Bachelor,Engineering,5.0,"['Construction Project Management Software', 'Budget Management Construction', 'Scheduling and Timeline Management', 'Risk Management Construction Site', 'Contract Administration', 'Blueprint Reading and Interpretation', 'Construction Methods and Materials', 'Quality Control Procedures', 'Safety Regulations', 'Subcontractor Management', 'Change Order Management', 'Cost Estimation', 'Site Supervision', 'Lean Construction Principles', 'Building Codes and Regulations']","['Leadership', 'Negotiation', 'Problem-Solving']","['construction project management software', 'budget management construction', 'scheduling and timeline management', 'risk management construction site', 'contract administration', 'blueprint reading and interpretation', 'construction methods and materials', 'quality control procedures', 'safety regulations', 'subcontractor management', 'change order management', 'cost estimation', 'site supervision', 'lean construction principles', 'building codes and regulations']","['leadership', 'negotiation', 'problem-solving']","['construction project management software', 'budget management construction', 'scheduling and timeline management', 'risk management construction site', 'contract administration', 'blueprint reading and interpretation', 'construction methods and materials', 'quality control procedures', 'safety regulations', 'subcontractor management', 'change order management', 'cost estimation', 'site supervision', 'lean construction principles', 'building codes and regulations', 'leadership', 'negotiation', 'problem-solving']",,,,,,,,,,,,,,,,,
117,Urban Planner,Construction and Engineering,Master,Design,3.0,"['GIS Software', 'Urban Design Software', 'Zoning Ordinances and Land Use Regulations', 'Demographic Data Analysis', 'Environmental Impact Assessment', 'Transportation Planning Models', 'Community Engagement Techniques', 'Master Planning Development', 'Policy Analysis Urban Development', 'Sustainability Planning', 'Public Presentation Skills', 'Feasibility Studies Urban Projects', 'Data Visualization', 'Urban Economics', 'Infrastructure Planning']","['Analytical Thinking', 'Communication', 'Collaboration']","['gis software', 'urban design software', 'zoning ordinances and land use regulations', 'demographic data analysis', 'environmental impact assessment', 'transportation planning models', 'community engagement techniques', 'master planning development', 'policy analysis urban development', 'sustainability planning', 'public presentation skills', 'feasibility studies urban projects', 'data visualization', 'urban economics', 'infrastructure planning']","['analytical thinking', 'communication', 'collaboration']","['gis software', 'urban design software', 'zoning ordinances and land use regulations', 'demographic data analysis', 'environmental impact assessment', 'transportation planning models', 'community engagement techniques', 'master planning development', 'policy analysis urban development', 'sustainability planning', 'public presentation skills', 'feasibility studies urban projects', 'data visualization', 'urban economics', 'infrastructure planning', 'analytical thinking', 'communication', 'collaboration']",,,,,,,,,,,,,,,,,
118,Carpenter,Construction and Engineering,nan,nan,2.0,"['Blueprint Reading Carpentry', 'Hand Tool Proficiency', 'Power Tool Operation', 'Measurement and Layout Techniques', 'Wood Framing and Sheathing', 'Cabinetry and Finish Carpentry', 'Rough Carpentry', 'Roofing and Siding Installation', 'Flooring Installation', 'Material Estimation and Cutting', 'Safety Procedures Construction Site', 'Scaffolding Erection and Use', 'Door and Window Installation', 'Joinery Techniques', 'Drywall Installation']","['Attention to Detail', 'Physical Stamina', 'Teamwork']","['blueprint reading carpentry', 'hand tool proficiency', 'power tool operation', 'measurement and layout techniques', 'wood framing and sheathing', 'cabinetry and finish carpentry', 'rough carpentry', 'roofing and siding installation', 'flooring installation', 'material estimation and cutting', 'safety procedures construction site', 'scaffolding erection and use', 'door and window installation', 'joinery techniques', 'drywall installation']","['attention to detail', 'physical stamina', 'teamwork']","['blueprint reading carpentry', 'hand tool proficiency', 'power tool operation', 'measurement and layout techniques', 'wood framing and sheathing', 'cabinetry and finish carpentry', 'rough carpentry', 'roofing and siding installation', 'flooring installation', 'material estimation and cutting', 'safety procedures construction site', 'scaffolding erection and use', 'door and window installation', 'joinery techniques', 'drywall installation', 'attention to detail', 'physical stamina', 'teamwork']",,,,,,,,,,,,,,,,,
119,Electrician,Construction and Engineering,nan,nan,3.0,"['Electrical Code Compliance', 'Blueprint Reading Electrical Schematics', 'Circuit Troubleshooting and Diagnostics', 'Wiring and Installation Techniques', 'Conduit Bending', 'Load Calculation', 'Panel Board Installation', 'Motor Control Wiring', 'Low Voltage Systems', 'Safety Protocols', 'Use of Electrical Testing Equipment', 'Generator Installation and Maintenance', 'Residential and Commercial Wiring', 'Grounding and Bonding', 'Fire Alarm System Installation']","['Problem-Solving', 'Safety Awareness', 'Manual Dexterity']","['electrical code compliance', 'blueprint reading electrical schematics', 'circuit troubleshooting and diagnostics', 'wiring and installation techniques', 'conduit bending', 'load calculation', 'panel board installation', 'motor control wiring', 'low voltage systems', 'safety protocols', 'use of electrical testing equipment', 'generator installation and maintenance', 'residential and commercial wiring', 'grounding and bonding', 'fire alarm system installation']","['problem-solving', 'safety awareness', 'manual dexterity']","['electrical code compliance', 'blueprint reading electrical schematics', 'circuit troubleshooting and diagnostics', 'wiring and installation techniques', 'conduit bending', 'load calculation', 'panel board installation', 'motor control wiring', 'low voltage systems', 'safety protocols', 'use of electrical testing equipment', 'generator installation and maintenance', 'residential and commercial wiring', 'grounding and bonding', 'fire alarm system installation', 'problem-solving', 'safety awareness', 'manual dexterity']",,,,,,,,,,,,,,,,,
120,Plumber,Construction and Engineering,nan,nan,2.0,"['Pipefitting', 'Blueprint Reading Plumbing Drawings', 'Drain Cleaning Techniques', 'Water Heater Installation and Repair', 'Fixture Installation', 'Backflow Prevention Testing', 'Sewer Line Inspection and Repair', 'Gas Line Installation and Repair', 'Code Compliance Plumbing Codes', 'Soldering and Brazing', 'Leak Detection', 'Pipe Thawing', 'Hydro-Jetting', 'Rough-In Plumbing', 'Fixture Troubleshooting']","['Problem-Solving', 'Physical Stamina', 'Customer Service']","['pipefitting', 'blueprint reading plumbing drawings', 'drain cleaning techniques', 'water heater installation and repair', 'fixture installation', 'backflow prevention testing', 'sewer line inspection and repair', 'gas line installation and repair', 'code compliance plumbing codes', 'soldering and brazing', 'leak detection', 'pipe thawing', 'hydro-jetting', 'rough-in plumbing', 'fixture troubleshooting']","['problem-solving', 'physical stamina', 'customer service']","['pipefitting', 'blueprint reading plumbing drawings', 'drain cleaning techniques', 'water heater installation and repair', 'fixture installation', 'backflow prevention testing', 'sewer line inspection and repair', 'gas line installation and repair', 'code compliance plumbing codes', 'soldering and brazing', 'leak detection', 'pipe thawing', 'hydro-jetting', 'rough-in plumbing', 'fixture troubleshooting', 'problem-solving', 'physical stamina', 'customer service']",,,,,,,,,,,,,,,,,
121,Welder,Construction and Engineering,nan,nan,1.0,"['MIG Welding', 'TIG Welding', 'Stick Welding', 'Flux-Cored Arc Welding', 'Blueprint Reading Welding Symbols', 'Metal Fabrication', 'Joint Preparation', 'Welding Machine Operation and Maintenance', 'Safety Procedures', 'Cutting Techniques', 'Material Selection', 'Quality Control Weld Inspection', 'Heat Treatment Basic', 'Soldering and Brazing Advanced', 'Fixture and Jig Setup']","['Attention to Detail', 'Physical Stamina', 'Teamwork']","['mig welding', 'tig welding', 'stick welding', 'flux-cored arc welding', 'blueprint reading welding symbols', 'metal fabrication', 'joint preparation', 'welding machine operation and maintenance', 'safety procedures', 'cutting techniques', 'material selection', 'quality control weld inspection', 'heat treatment basic', 'soldering and brazing advanced', 'fixture and jig setup']","['attention to detail', 'physical stamina', 'teamwork']","['mig welding', 'tig welding', 'stick welding', 'flux-cored arc welding', 'blueprint reading welding symbols', 'metal fabrication', 'joint preparation', 'welding machine operation and maintenance', 'safety procedures', 'cutting techniques', 'material selection', 'quality control weld inspection', 'heat treatment basic', 'soldering and brazing advanced', 'fixture and jig setup', 'attention to detail', 'physical stamina', 'teamwork']",,,,,,,,,,,,,,,,,
122,Heavy Equipment Operator,Construction and Engineering,nan,nan,2.0,"['Excavator Operation', 'Bulldozer Operation', 'Loader Operation', 'Grader Operation', 'Forklift Operation', 'Dump Truck Operation', 'Site Grading and Leveling', 'Equipment Maintenance and Troubleshooting Basic', 'Blueprint Reading Site Plans', 'GPS/Grade Control Systems Operation', 'Safety Regulations Construction Site', 'Load Securement', 'Material Handling', 'Pre-Operation Checks and Inspections', 'Communication Systems']","['Coordination', 'Attention to Detail', 'Reliability']","['excavator operation', 'bulldozer operation', 'loader operation', 'grader operation', 'forklift operation', 'dump truck operation', 'site grading and leveling', 'equipment maintenance and troubleshooting basic', 'blueprint reading site plans', 'gps/grade control systems operation', 'safety regulations construction site', 'load securement', 'material handling', 'pre-operation checks and inspections', 'communication systems']","['coordination', 'attention to detail', 'reliability']","['excavator operation', 'bulldozer operation', 'loader operation', 'grader operation', 'forklift operation', 'dump truck operation', 'site grading and leveling', 'equipment maintenance and troubleshooting basic', 'blueprint reading site plans', 'gps/grade control systems operation', 'safety regulations construction site', 'load securement', 'material handling', 'pre-operation checks and inspections', 'communication systems', 'coordination', 'attention to detail', 'reliability']",,,,,,,,,,,,,,,,,
123,Manufacturing Engineer,Construction and Engineering,Bachelor,Engineering,3.0,"['Lean Manufacturing Principles', 'Six Sigma Methodologies', 'CAD/CAM Software', 'Process Optimization', 'Statistical Process Control', 'Fixture and Tooling Design', 'Robotics and Automation Integration', 'DFM', 'Quality Management Systems', 'PLC Programming', 'Ergonomics in Manufacturing', 'Supply Chain Optimization', 'Cost Analysis Manufacturing', 'Root Cause Analysis Manufacturing Defects', 'FEA for manufacturing processes']","['Problem-Solving', 'Innovation', 'Teamwork']","['lean manufacturing principles', 'six sigma methodologies', 'cad/cam software', 'process optimization', 'statistical process control', 'fixture and tooling design', 'robotics and automation integration', 'dfm', 'quality management systems', 'plc programming', 'ergonomics in manufacturing', 'supply chain optimization', 'cost analysis manufacturing', 'root cause analysis manufacturing defects', 'fea for manufacturing processes']","['problem-solving', 'innovation', 'teamwork']","['lean manufacturing principles', 'six sigma methodologies', 'cad/cam software', 'process optimization', 'statistical process control', 'fixture and tooling design', 'robotics and automation integration', 'dfm', 'quality management systems', 'plc programming', 'ergonomics in manufacturing', 'supply chain optimization', 'cost analysis manufacturing', 'root cause analysis manufacturing defects', 'fea for manufacturing processes', 'problem-solving', 'innovation', 'teamwork']",,,,,,,,,,,,,,,,,
124,Quality Assurance Engineer,Construction and Engineering,Bachelor,Engineering,2.0,"['Test Plan Development', 'Test Case Design', 'Bug Tracking Systems', 'Test Automation Tools', 'SQL for Database Testing', 'API Testing Tools', 'Performance Testing Tools', 'Security Testing Methodologies', 'Version Control Systems', 'CI/CD Pipeline Integration QA', 'Software Development Life Cycle', 'Agile and Scrum Methodologies', 'Root Cause Analysis Defects', 'Test Reporting and Metrics', 'User Acceptance Testing']","['Attention to Detail', 'Analytical Thinking', 'Communication']","['test plan development', 'test case design', 'bug tracking systems', 'test automation tools', 'sql for database testing', 'api testing tools', 'performance testing tools', 'security testing methodologies', 'version control systems', 'ci/cd pipeline integration qa', 'software development life cycle', 'agile and scrum methodologies', 'root cause analysis defects', 'test reporting and metrics', 'user acceptance testing']","['attention to detail', 'analytical thinking', 'communication']","['test plan development', 'test case design', 'bug tracking systems', 'test automation tools', 'sql for database testing', 'api testing tools', 'performance testing tools', 'security testing methodologies', 'version control systems', 'ci/cd pipeline integration qa', 'software development life cycle', 'agile and scrum methodologies', 'root cause analysis defects', 'test reporting and metrics', 'user acceptance testing', 'attention to detail', 'analytical thinking', 'communication']",,,,,,,,,,,,,,,,,
125,Factory Supervisor,Construction and Engineering,Bachelor,Business,4.0,"['Production Scheduling', 'Inventory Management', 'Quality Control Procedures', 'Lean Manufacturing Principles', 'Safety Regulations', 'Machine Operation and Troubleshooting Basic', 'Performance Monitoring Production Metrics', 'Maintenance Coordination Factory Equipment', 'Data Collection and Reporting Production', 'Process Improvement Methodologies', 'Resource Allocation', 'Compliance with Industry Standards', 'ERP Systems', 'Equipment Calibration Basic', 'Waste Reduction Strategies']","['Leadership', 'Decision-Making', 'Conflict Resolution']","['production scheduling', 'inventory management', 'quality control procedures', 'lean manufacturing principles', 'safety regulations', 'machine operation and troubleshooting basic', 'performance monitoring production metrics', 'maintenance coordination factory equipment', 'data collection and reporting production', 'process improvement methodologies', 'resource allocation', 'compliance with industry standards', 'erp systems', 'equipment calibration basic', 'waste reduction strategies']","['leadership', 'decision-making', 'conflict resolution']","['production scheduling', 'inventory management', 'quality control procedures', 'lean manufacturing principles', 'safety regulations', 'machine operation and troubleshooting basic', 'performance monitoring production metrics', 'maintenance coordination factory equipment', 'data collection and reporting production', 'process improvement methodologies', 'resource allocation', 'compliance with industry standards', 'erp systems', 'equipment calibration basic', 'waste reduction strategies', 'leadership', 'decision-making', 'conflict resolution']",,,,,,,,,,,,,,,,,
126,Environmental Scientist,Environmental and Sustainability,Bachelor,Science,3.0,"['GIS Software', 'Environmental Modeling Software', 'Data Analysis', 'Field Sampling Techniques', 'Laboratory Analysis Environmental Samples', 'Environmental Regulations and Policy', 'Hydrology and Hydrogeology', 'Ecology and Ecosystem Assessment', 'Remediation Technologies', 'Environmental Impact Assessment', 'Report Writing Scientific, Regulatory', 'Wetland Delineation', 'Hazardous Waste Management', 'Permitting and Compliance', 'GPS/GNSS Data Collection']","['Critical Thinking', 'Communication', 'Attention to Detail']","['gis software', 'environmental modeling software', 'data analysis', 'field sampling techniques', 'laboratory analysis environmental samples', 'environmental regulations and policy', 'hydrology and hydrogeology', 'ecology and ecosystem assessment', 'remediation technologies', 'environmental impact assessment', 'report writing scientific, regulatory', 'wetland delineation', 'hazardous waste management', 'permitting and compliance', 'gps/gnss data collection']","['critical thinking', 'communication', 'attention to detail']","['gis software', 'environmental modeling software', 'data analysis', 'field sampling techniques', 'laboratory analysis environmental samples', 'environmental regulations and policy', 'hydrology and hydrogeology', 'ecology and ecosystem assessment', 'remediation technologies', 'environmental impact assessment', 'report writing scientific, regulatory', 'wetland delineation', 'hazardous waste management', 'permitting and compliance', 'gps/gnss data collection', 'critical thinking', 'communication', 'attention to detail']",,,,,,,,,,,,,,,,,
127,Sustainability Specialist,Environmental and Sustainability,Master,Science,4.0,"['Life Cycle Assessment Software', 'Carbon Footprint Measurement and Reporting', 'Energy Auditing and Management', 'Waste Management Strategies', 'Sustainable Building Standards', 'Environmental Management Systems', 'ESG Reporting Frameworks', 'Renewable Energy Systems Knowledge', 'Water Conservation Techniques', 'Data Analysis Environmental Metrics', 'Policy Analysis Sustainability', 'Supply Chain Sustainability', 'Corporate Social Responsibility Program Development', 'Green Building Design Principles', 'Stakeholder Engagement Sustainability Initiatives']","['Strategic Planning', 'Stakeholder Engagement', 'Problem-Solving']","['life cycle assessment software', 'carbon footprint measurement and reporting', 'energy auditing and management', 'waste management strategies', 'sustainable building standards', 'environmental management systems', 'esg reporting frameworks', 'renewable energy systems knowledge', 'water conservation techniques', 'data analysis environmental metrics', 'policy analysis sustainability', 'supply chain sustainability', 'corporate social responsibility program development', 'green building design principles', 'stakeholder engagement sustainability initiatives']","['strategic planning', 'stakeholder engagement', 'problem-solving']","['life cycle assessment software', 'carbon footprint measurement and reporting', 'energy auditing and management', 'waste management strategies', 'sustainable building standards', 'environmental management systems', 'esg reporting frameworks', 'renewable energy systems knowledge', 'water conservation techniques', 'data analysis environmental metrics', 'policy analysis sustainability', 'supply chain sustainability', 'corporate social responsibility program development', 'green building design principles', 'stakeholder engagement sustainability initiatives', 'strategic planning', 'stakeholder engagement', 'problem-solving']",,,,,,,,,,,,,,,,,
128,Renewable Energy Engineer,Environmental and Sustainability,Bachelor,Engineering,2.0,"['Ecological Impact Assessment Renewable Energy Projects', 'Wildlife Monitoring Techniques', 'GIS and Remote Sensing', 'Biodiversity Conservation Principles', 'Environmental Regulations Renewable Energy', 'Habitat Restoration Techniques', 'Species Identification', 'Data Analysis Biological Data', 'Field Survey Methodologies', 'Permitting Processes Environmental', 'Statistical Modeling Ecological', 'Environmental Management Plans', 'Mitigation and Compensation Strategies', 'Report Writing Ecological Assessments', 'Project Management Environmental aspects of RE']","['Innovation', 'Teamwork', 'Project Management']","['ecological impact assessment renewable energy projects', 'wildlife monitoring techniques', 'gis and remote sensing', 'biodiversity conservation principles', 'environmental regulations renewable energy', 'habitat restoration techniques', 'species identification', 'data analysis biological data', 'field survey methodologies', 'permitting processes environmental', 'statistical modeling ecological', 'environmental management plans', 'mitigation and compensation strategies', 'report writing ecological assessments', 'project management environmental aspects of re']","['innovation', 'teamwork', 'project management']","['ecological impact assessment renewable energy projects', 'wildlife monitoring techniques', 'gis and remote sensing', 'biodiversity conservation principles', 'environmental regulations renewable energy', 'habitat restoration techniques', 'species identification', 'data analysis biological data', 'field survey methodologies', 'permitting processes environmental', 'statistical modeling ecological', 'environmental management plans', 'mitigation and compensation strategies', 'report writing ecological assessments', 'project management environmental aspects of re', 'innovation', 'teamwork', 'project management']",,,,,,,,,,,,,,,,,
129,Marine Biologist,Science and Research,Master,Science,3.0,"['Marine Organism Identification', 'Oceanographic Instrumentation', 'Underwater Survey Techniques', 'Data Analysis Ecological, Oceanographic Data', 'GIS and Remote Sensing Marine Environments', 'Marine Ecology and Ecosystems', 'Statistical Modeling Population Dynamics', 'Marine Conservation Strategies', 'Laboratory Analysis Marine Samples', 'Sampling Design and Methodologies', 'Marine Pollution Assessment', 'Aquaculture Techniques', 'Report Writing Scientific Publications', 'Grant Writing Research Proposals', 'Marine Policy and Management']","['Patience', 'Observational Skills', 'Collaboration']","['marine organism identification', 'oceanographic instrumentation', 'underwater survey techniques', 'data analysis ecological, oceanographic data', 'gis and remote sensing marine environments', 'marine ecology and ecosystems', 'statistical modeling population dynamics', 'marine conservation strategies', 'laboratory analysis marine samples', 'sampling design and methodologies', 'marine pollution assessment', 'aquaculture techniques', 'report writing scientific publications', 'grant writing research proposals', 'marine policy and management']","['patience', 'observational skills', 'collaboration']","['marine organism identification', 'oceanographic instrumentation', 'underwater survey techniques', 'data analysis ecological, oceanographic data', 'gis and remote sensing marine environments', 'marine ecology and ecosystems', 'statistical modeling population dynamics', 'marine conservation strategies', 'laboratory analysis marine samples', 'sampling design and methodologies', 'marine pollution assessment', 'aquaculture techniques', 'report writing scientific publications', 'grant writing research proposals', 'marine policy and management', 'patience', 'observational skills', 'collaboration']",,,,,,,,,,,,,,,,,
130,Climate Change Analyst,Environmental and Sustainability,Master,Science,4.0,"['Climate Modeling', 'Policy Analysis', 'Data Visualization', 'GIS Software', 'Statistical Analysis', 'Remote Sensing', 'Environmental Impact Assessment', 'Climate Science Knowledge', 'GHG Accounting and Reporting', 'Scientific Software', 'Research Methods', 'Data Management', 'Report Writing', 'Risk Assessment', 'Policy Development']","['Analytical Thinking', 'Communication', 'Adaptability']","['climate modeling', 'policy analysis', 'data visualization', 'gis software', 'statistical analysis', 'remote sensing', 'environmental impact assessment', 'climate science knowledge', 'ghg accounting and reporting', 'scientific software', 'research methods', 'data management', 'report writing', 'risk assessment', 'policy development']","['analytical thinking', 'communication', 'adaptability']","['climate modeling', 'policy analysis', 'data visualization', 'gis software', 'statistical analysis', 'remote sensing', 'environmental impact assessment', 'climate science knowledge', 'ghg accounting and reporting', 'scientific software', 'research methods', 'data management', 'report writing', 'risk assessment', 'policy development', 'analytical thinking', 'communication', 'adaptability']",,,,,,,,,,,,,,,,,
131,Water Resource Specialist,Environmental and Sustainability,Bachelor,Engineering,3.0,"['Hydrological Modeling', 'Water Quality Analysis', 'GIS Software', 'Data Analysis', 'Environmental Regulations', 'Field Research', 'Water Resource Management Software', 'Remote Sensing', 'Statistical Software', 'Hydraulic Modeling', 'Hydrogeology', 'Water Quality Testing', 'Contaminant Transport Modeling', 'Watershed Management', 'Report Writing']","['Problem-Solving', 'Teamwork', 'Attention to Detail']","['hydrological modeling', 'water quality analysis', 'gis software', 'data analysis', 'environmental regulations', 'field research', 'water resource management software', 'remote sensing', 'statistical software', 'hydraulic modeling', 'hydrogeology', 'water quality testing', 'contaminant transport modeling', 'watershed management', 'report writing']","['problem-solving', 'teamwork', 'attention to detail']","['hydrological modeling', 'water quality analysis', 'gis software', 'data analysis', 'environmental regulations', 'field research', 'water resource management software', 'remote sensing', 'statistical software', 'hydraulic modeling', 'hydrogeology', 'water quality testing', 'contaminant transport modeling', 'watershed management', 'report writing', 'problem-solving', 'teamwork', 'attention to detail']",,,,,,,,,,,,,,,,,
132,Ecologist,Science and Research,Bachelor,Science,2.0,"['Ecosystem Assessment', 'Field Research', 'Species Identification', 'GIS Software', 'Data Analysis', 'Statistical Modeling', 'Laboratory Techniques', 'Environmental Monitoring', 'Conservation Planning', 'Habitat Restoration', 'Report Writing', 'Ecological Survey Methods', 'Wildlife Management Principles', 'Experimental Design', 'Mapping Software']","['Patience', 'Observation', 'Communication']","['ecosystem assessment', 'field research', 'species identification', 'gis software', 'data analysis', 'statistical modeling', 'laboratory techniques', 'environmental monitoring', 'conservation planning', 'habitat restoration', 'report writing', 'ecological survey methods', 'wildlife management principles', 'experimental design', 'mapping software']","['patience', 'observation', 'communication']","['ecosystem assessment', 'field research', 'species identification', 'gis software', 'data analysis', 'statistical modeling', 'laboratory techniques', 'environmental monitoring', 'conservation planning', 'habitat restoration', 'report writing', 'ecological survey methods', 'wildlife management principles', 'experimental design', 'mapping software', 'patience', 'observation', 'communication']",,,,,,,,,,,,,,,,,
133,Agricultural Scientist,Science and Research,Master,Science,3.0,"['Crop Science', 'Soil Analysis', 'Agricultural Biotechnology', 'Statistical Analysis', 'GIS for Agriculture', 'Experimental Design', 'Plant Pathology', 'Genetics', 'Agronomy Principles', 'Farm Management Software', 'Remote Sensing in Agriculture', 'Pest Management', 'Nutrient Management', 'Horticulture', 'Data Collection']","['Research Skills', 'Problem-Solving', 'Collaboration']","['crop science', 'soil analysis', 'agricultural biotechnology', 'statistical analysis', 'gis for agriculture', 'experimental design', 'plant pathology', 'genetics', 'agronomy principles', 'farm management software', 'remote sensing in agriculture', 'pest management', 'nutrient management', 'horticulture', 'data collection']","['research skills', 'problem-solving', 'collaboration']","['crop science', 'soil analysis', 'agricultural biotechnology', 'statistical analysis', 'gis for agriculture', 'experimental design', 'plant pathology', 'genetics', 'agronomy principles', 'farm management software', 'remote sensing in agriculture', 'pest management', 'nutrient management', 'horticulture', 'data collection', 'research skills', 'problem-solving', 'collaboration']",,,,,,,,,,,,,,,,,
134,Wildlife Conservationist,Environmental and Sustainability,Bachelor,Science,2.0,"['Wildlife Tracking', 'Habitat Restoration', 'Conservation Planning', 'GIS Software', 'Data Analysis', 'Species Identification', 'Field Survey Techniques', 'Population Monitoring', 'Environmental Law', 'Policy Analysis', 'Remote Sensing for Wildlife', 'Grant Writing', 'Ecological Modeling', 'Environmental Education Program Development', 'Resource Management']","['Passion for Wildlife', 'Patience', 'Teamwork']","['wildlife tracking', 'habitat restoration', 'conservation planning', 'gis software', 'data analysis', 'species identification', 'field survey techniques', 'population monitoring', 'environmental law', 'policy analysis', 'remote sensing for wildlife', 'grant writing', 'ecological modeling', 'environmental education program development', 'resource management']","['passion for wildlife', 'patience', 'teamwork']","['wildlife tracking', 'habitat restoration', 'conservation planning', 'gis software', 'data analysis', 'species identification', 'field survey techniques', 'population monitoring', 'environmental law', 'policy analysis', 'remote sensing for wildlife', 'grant writing', 'ecological modeling', 'environmental education program development', 'resource management', 'passion for wildlife', 'patience', 'teamwork']",,,,,,,,,,,,,,,,,
135,Environmental Policy Analyst,Law and Government,Master,Arts and Social Sciences,4.0,"['Policy Analysis', 'Regulatory Compliance', 'Stakeholder Consultation', 'Quantitative Data Analysis', 'Qualitative Research Methods', 'Legislation Research', 'Environmental Law', 'Economic Modeling', 'Impact Assessment', 'Report Writing', 'Public Speaking', 'Environmental Justice Principles', 'Policy Implementation', 'Data Visualization', 'Grant Writing']","['Critical Thinking', 'Communication', 'Negotiation']","['policy analysis', 'regulatory compliance', 'stakeholder consultation', 'quantitative data analysis', 'qualitative research methods', 'legislation research', 'environmental law', 'economic modeling', 'impact assessment', 'report writing', 'public speaking', 'environmental justice principles', 'policy implementation', 'data visualization', 'grant writing']","['critical thinking', 'communication', 'negotiation']","['policy analysis', 'regulatory compliance', 'stakeholder consultation', 'quantitative data analysis', 'qualitative research methods', 'legislation research', 'environmental law', 'economic modeling', 'impact assessment', 'report writing', 'public speaking', 'environmental justice principles', 'policy implementation', 'data visualization', 'grant writing', 'critical thinking', 'communication', 'negotiation']",,,,,,,,,,,,,,,,,
136,Hotel Manager,"Travel, Hospitality and Tourism",Bachelor,Business,5.0,"['Hospitality Management Software', 'Revenue Management', 'Customer Service Systems', 'Front Office Operations', 'Property Management Systems', 'Budgeting and Forecasting', 'Inventory Management', 'Quality Control Standards', 'Staff Scheduling Software', 'Food and Beverage Management', 'CRM Software', 'Health and Safety Regulations', 'POS Systems', 'Housekeeping Management', 'Event Coordination']","['Leadership', 'Communication', 'Problem-Solving']","['hospitality management software', 'revenue management', 'customer service systems', 'front office operations', 'property management systems', 'budgeting and forecasting', 'inventory management', 'quality control standards', 'staff scheduling software', 'food and beverage management', 'crm software', 'health and safety regulations', 'pos systems', 'housekeeping management', 'event coordination']","['leadership', 'communication', 'problem-solving']","['hospitality management software', 'revenue management', 'customer service systems', 'front office operations', 'property management systems', 'budgeting and forecasting', 'inventory management', 'quality control standards', 'staff scheduling software', 'food and beverage management', 'crm software', 'health and safety regulations', 'pos systems', 'housekeeping management', 'event coordination', 'leadership', 'communication', 'problem-solving']",,,,,,,,,,,,,,,,,
137,Travel Agent,"Travel, Hospitality and Tourism",nan,Business,1.0,"['Travel Booking Systems', 'Itinerary Planning Software', 'Customer Service Software', 'GDS Global Distribution System Proficiency', 'Destination Knowledge', 'Fare Calculation', 'Visa and Passport Requirements', 'Travel Insurance Sales', 'CRM Software', 'Reservation Systems', 'E-ticketing', 'Package Tour Creation', 'Supplier Relationship Management', 'Travel Technology Platforms', 'Financial Transaction Processing']","['Communication', 'Sales Skills', 'Attention to Detail']","['travel booking systems', 'itinerary planning software', 'customer service software', 'gds global distribution system proficiency', 'destination knowledge', 'fare calculation', 'visa and passport requirements', 'travel insurance sales', 'crm software', 'reservation systems', 'e-ticketing', 'package tour creation', 'supplier relationship management', 'travel technology platforms', 'financial transaction processing']","['communication', 'sales skills', 'attention to detail']","['travel booking systems', 'itinerary planning software', 'customer service software', 'gds global distribution system proficiency', 'destination knowledge', 'fare calculation', 'visa and passport requirements', 'travel insurance sales', 'crm software', 'reservation systems', 'e-ticketing', 'package tour creation', 'supplier relationship management', 'travel technology platforms', 'financial transaction processing', 'communication', 'sales skills', 'attention to detail']",,,,,,,,,,,,,,,,,
138,Tour Guide,"Travel, Hospitality and Tourism",nan,Arts and Social Sciences,0.0,"['Local Knowledge', 'Multilingual Skills', 'First Aid Certification', 'Navigation Systems', 'Public Speaking', 'Emergency Procedures', 'Customer Service', 'Historical Knowledge', 'Cultural Awareness', 'Group Management Techniques', 'Storytelling', 'Route Planning', 'Map Reading', 'Safety Protocols', 'Communication Devices Operation']","['Public Speaking', 'Enthusiasm', 'Interpersonal Skills']","['local knowledge', 'multilingual skills', 'first aid certification', 'navigation systems', 'public speaking', 'emergency procedures', 'customer service', 'historical knowledge', 'cultural awareness', 'group management techniques', 'storytelling', 'route planning', 'map reading', 'safety protocols', 'communication devices operation']","['public speaking', 'enthusiasm', 'interpersonal skills']","['local knowledge', 'multilingual skills', 'first aid certification', 'navigation systems', 'public speaking', 'emergency procedures', 'customer service', 'historical knowledge', 'cultural awareness', 'group management techniques', 'storytelling', 'route planning', 'map reading', 'safety protocols', 'communication devices operation', 'public speaking', 'enthusiasm', 'interpersonal skills']",,,,,,,,,,,,,,,,,
139,Event Planner,"Travel, Hospitality and Tourism",Bachelor,Business,3.0,"['Event Coordination Software', 'Vendor Management', 'Budgeting', 'Logistics Planning', 'Contract Negotiation', 'Risk Management', 'Marketing and Promotion', 'Event Registration Systems', 'Audio-Visual Equipment Setup', 'Site Selection', 'Sponsorship Management', 'Event Software Platforms', 'Permitting and Licensing', 'Post-Event Evaluation', 'Supplier Relationship Management']","['Organization', 'Creativity', 'Time Management']","['event coordination software', 'vendor management', 'budgeting', 'logistics planning', 'contract negotiation', 'risk management', 'marketing and promotion', 'event registration systems', 'audio-visual equipment setup', 'site selection', 'sponsorship management', 'event software platforms', 'permitting and licensing', 'post-event evaluation', 'supplier relationship management']","['organization', 'creativity', 'time management']","['event coordination software', 'vendor management', 'budgeting', 'logistics planning', 'contract negotiation', 'risk management', 'marketing and promotion', 'event registration systems', 'audio-visual equipment setup', 'site selection', 'sponsorship management', 'event software platforms', 'permitting and licensing', 'post-event evaluation', 'supplier relationship management', 'organization', 'creativity', 'time management']",,,,,,,,,,,,,,,,,
140,Flight Attendant,"Travel, Hospitality and Tourism",nan,Business,1.0,"['Safety Procedures', 'Customer Service', 'First Aid Certification', 'Emergency Response Training', 'Cabin Crew Operations', 'In-flight Service Standards', 'Aircraft Systems Knowledge Basic', 'Food and Beverage Service', 'Cross-Cultural Communication', 'Security Protocols', 'Medical Emergency Response', 'Conflict Resolution', 'Passenger Handling', 'Language Proficiency', 'Communication Systems']","['Communication', 'Patience', 'Teamwork']","['safety procedures', 'customer service', 'first aid certification', 'emergency response training', 'cabin crew operations', 'in-flight service standards', 'aircraft systems knowledge basic', 'food and beverage service', 'cross-cultural communication', 'security protocols', 'medical emergency response', 'conflict resolution', 'passenger handling', 'language proficiency', 'communication systems']","['communication', 'patience', 'teamwork']","['safety procedures', 'customer service', 'first aid certification', 'emergency response training', 'cabin crew operations', 'in-flight service standards', 'aircraft systems knowledge basic', 'food and beverage service', 'cross-cultural communication', 'security protocols', 'medical emergency response', 'conflict resolution', 'passenger handling', 'language proficiency', 'communication systems', 'communication', 'patience', 'teamwork']",,,,,,,,,,,,,,,,,
141,Pilot,Transportation and Logistics,Bachelor,Engineering,5.0,"['Flight Operations', 'Navigation Systems', 'Aircraft Systems', 'Aviation Regulations', 'Flight Planning Software', 'Meteorology', 'Aerodynamics', 'Air Traffic Control Communication', 'Instrument Flight Rules', 'Visual Flight Rules', 'Emergency Procedures', 'Aircraft Inspection', 'GPS Navigation', 'Autopilot Operation', 'Flight Simulation Software']","['Decision-Making', 'Leadership', 'Calm Under Pressure']","['flight operations', 'navigation systems', 'aircraft systems', 'aviation regulations', 'flight planning software', 'meteorology', 'aerodynamics', 'air traffic control communication', 'instrument flight rules', 'visual flight rules', 'emergency procedures', 'aircraft inspection', 'gps navigation', 'autopilot operation', 'flight simulation software']","['decision-making', 'leadership', 'calm under pressure']","['flight operations', 'navigation systems', 'aircraft systems', 'aviation regulations', 'flight planning software', 'meteorology', 'aerodynamics', 'air traffic control communication', 'instrument flight rules', 'visual flight rules', 'emergency procedures', 'aircraft inspection', 'gps navigation', 'autopilot operation', 'flight simulation software', 'decision-making', 'leadership', 'calm under pressure']",,,,,,,,,,,,,,,,,
142,Cruise Director,"Travel, Hospitality and Tourism",Bachelor,Business,4.0,"['Entertainment Coordination', 'Guest Relations', 'Event Management', 'Budget Management', 'Staff Management', 'Logistics Coordination', 'Public Speaking', 'Cruise Ship Operations', 'Emergency Procedures Maritime', 'Activity Planning', 'Customer Service', 'Vendor Management', 'Safety Regulations Maritime', 'Guest Feedback Analysis', 'Promotional Activities']","['Leadership', 'Communication', 'Creativity']","['entertainment coordination', 'guest relations', 'event management', 'budget management', 'staff management', 'logistics coordination', 'public speaking', 'cruise ship operations', 'emergency procedures maritime', 'activity planning', 'customer service', 'vendor management', 'safety regulations maritime', 'guest feedback analysis', 'promotional activities']","['leadership', 'communication', 'creativity']","['entertainment coordination', 'guest relations', 'event management', 'budget management', 'staff management', 'logistics coordination', 'public speaking', 'cruise ship operations', 'emergency procedures maritime', 'activity planning', 'customer service', 'vendor management', 'safety regulations maritime', 'guest feedback analysis', 'promotional activities', 'leadership', 'communication', 'creativity']",,,,,,,,,,,,,,,,,
143,Resort Manager,"Travel, Hospitality and Tourism",Bachelor,Business,5.0,"['Resort Operations', 'Hospitality Management', 'Revenue Optimization', 'Property Management Systems', 'Budgeting and Financial Management', 'Staff Management', 'Customer Relationship Management', 'Sales and Marketing Strategies', 'Inventory Control', 'Quality Assurance', 'Health and Safety Compliance', 'Event Management', 'Maintenance Coordination', 'Guest Experience Management', 'Vendor Negotiation']","['Leadership', 'Customer Service', 'Problem-Solving']","['resort operations', 'hospitality management', 'revenue optimization', 'property management systems', 'budgeting and financial management', 'staff management', 'customer relationship management', 'sales and marketing strategies', 'inventory control', 'quality assurance', 'health and safety compliance', 'event management', 'maintenance coordination', 'guest experience management', 'vendor negotiation']","['leadership', 'customer service', 'problem-solving']","['resort operations', 'hospitality management', 'revenue optimization', 'property management systems', 'budgeting and financial management', 'staff management', 'customer relationship management', 'sales and marketing strategies', 'inventory control', 'quality assurance', 'health and safety compliance', 'event management', 'maintenance coordination', 'guest experience management', 'vendor negotiation', 'leadership', 'customer service', 'problem-solving']",,,,,,,,,,,,,,,,,
144,Concierge,"Travel, Hospitality and Tourism",nan,Business,2.0,"['Guest Services', 'Local Knowledge', 'Reservation Systems', 'Customer Relationship Management', 'Event Booking', 'Travel Planning', 'Restaurant Reservations', 'Ticketing Systems', 'Database Management', 'Multilingual Communication', 'Problem-Solving', 'Concierge Software', 'Vendor Relationships', 'Luxury Service Standards', 'Personalized Service']","['Communication', 'Problem-Solving', 'Attention to Detail']","['guest services', 'local knowledge', 'reservation systems', 'customer relationship management', 'event booking', 'travel planning', 'restaurant reservations', 'ticketing systems', 'database management', 'multilingual communication', 'problem-solving', 'concierge software', 'vendor relationships', 'luxury service standards', 'personalized service']","['communication', 'problem-solving', 'attention to detail']","['guest services', 'local knowledge', 'reservation systems', 'customer relationship management', 'event booking', 'travel planning', 'restaurant reservations', 'ticketing systems', 'database management', 'multilingual communication', 'problem-solving', 'concierge software', 'vendor relationships', 'luxury service standards', 'personalized service', 'communication', 'problem-solving', 'attention to detail']",,,,,,,,,,,,,,,,,
145,Restaurant Manager,"Travel, Hospitality and Tourism",Bachelor,Business,3.0,"['Restaurant Operations', 'Inventory Management', 'Staff Scheduling Software', 'POS Systems', 'Food Safety Regulations', 'Cost Control', 'Menu Planning', 'Customer Service', 'Budget Management', 'Supply Chain Management', 'Kitchen Operations Management', 'Beverage Management', 'Quality Control Food Service', 'Table Management Systems', 'Reservation Systems']","['Leadership', 'Customer Service', 'Teamwork']","['restaurant operations', 'inventory management', 'staff scheduling software', 'pos systems', 'food safety regulations', 'cost control', 'menu planning', 'customer service', 'budget management', 'supply chain management', 'kitchen operations management', 'beverage management', 'quality control food service', 'table management systems', 'reservation systems']","['leadership', 'customer service', 'teamwork']","['restaurant operations', 'inventory management', 'staff scheduling software', 'pos systems', 'food safety regulations', 'cost control', 'menu planning', 'customer service', 'budget management', 'supply chain management', 'kitchen operations management', 'beverage management', 'quality control food service', 'table management systems', 'reservation systems', 'leadership', 'customer service', 'teamwork']",,,,,,,,,,,,,,,,,
146,Chemist,Science and Research,Bachelor,Science,2.0,"['Chemical Analysis', 'Laboratory Techniques', 'Data Interpretation', 'Spectroscopy', 'Chromatography', 'Titration', 'Organic Chemistry', 'Inorganic Chemistry', 'Physical Chemistry', 'Analytical Chemistry', 'Quality Control', 'Safety Protocols Laboratory', 'Scientific Software', 'Chemical Synthesis', 'Documentation and Reporting']","['Attention to Detail', 'Analytical Thinking', 'Problem-Solving']","['chemical analysis', 'laboratory techniques', 'data interpretation', 'spectroscopy', 'chromatography', 'titration', 'organic chemistry', 'inorganic chemistry', 'physical chemistry', 'analytical chemistry', 'quality control', 'safety protocols laboratory', 'scientific software', 'chemical synthesis', 'documentation and reporting']","['attention to detail', 'analytical thinking', 'problem-solving']","['chemical analysis', 'laboratory techniques', 'data interpretation', 'spectroscopy', 'chromatography', 'titration', 'organic chemistry', 'inorganic chemistry', 'physical chemistry', 'analytical chemistry', 'quality control', 'safety protocols laboratory', 'scientific software', 'chemical synthesis', 'documentation and reporting', 'attention to detail', 'analytical thinking', 'problem-solving']",,,,,,,,,,,,,,,,,
147,Physicist,Science and Research,Master,Science,3.0,"['Theoretical Modeling', 'Data Analysis', 'Computational Physics', 'Quantum Mechanics', 'Classical Mechanics', 'Electromagnetism', 'Thermodynamics', 'Optics', 'Numerical Methods', 'Scientific Programming', 'Experimental Design', 'Statistical Physics', 'Laboratory Instrumentation', 'Data Visualization', 'Research Methods']","['Critical Thinking', 'Curiosity', 'Patience']","['theoretical modeling', 'data analysis', 'computational physics', 'quantum mechanics', 'classical mechanics', 'electromagnetism', 'thermodynamics', 'optics', 'numerical methods', 'scientific programming', 'experimental design', 'statistical physics', 'laboratory instrumentation', 'data visualization', 'research methods']","['critical thinking', 'curiosity', 'patience']","['theoretical modeling', 'data analysis', 'computational physics', 'quantum mechanics', 'classical mechanics', 'electromagnetism', 'thermodynamics', 'optics', 'numerical methods', 'scientific programming', 'experimental design', 'statistical physics', 'laboratory instrumentation', 'data visualization', 'research methods', 'critical thinking', 'curiosity', 'patience']",,,,,,,,,,,,,,,,,
148,Biologist,Science and Research,Bachelor,Science,2.0,"['Microscopy', 'DNA Analysis', 'Statistical Methods', 'Laboratory Techniques', 'Cell Culture', 'Molecular Biology', 'Genetics', 'Ecology', 'Bioinformatics', 'Experimental Design', 'Data Interpretation', 'Scientific Writing', 'Field Research Techniques', 'PCR Polymerase Chain Reaction', 'Protein Analysis']","['Observation', 'Research Skills', 'Collaboration']","['microscopy', 'dna analysis', 'statistical methods', 'laboratory techniques', 'cell culture', 'molecular biology', 'genetics', 'ecology', 'bioinformatics', 'experimental design', 'data interpretation', 'scientific writing', 'field research techniques', 'pcr polymerase chain reaction', 'protein analysis']","['observation', 'research skills', 'collaboration']","['microscopy', 'dna analysis', 'statistical methods', 'laboratory techniques', 'cell culture', 'molecular biology', 'genetics', 'ecology', 'bioinformatics', 'experimental design', 'data interpretation', 'scientific writing', 'field research techniques', 'pcr polymerase chain reaction', 'protein analysis', 'observation', 'research skills', 'collaboration']",,,,,,,,,,,,,,,,,
149,Astronomer,Science and Research,Master,Science,4.0,"['Telescope Operation', 'Astrophysical Modeling', 'Data Analysis', 'Observational Astronomy', 'Image Processing', 'Spectroscopy Astronomical', 'Radio Astronomy', 'Computational Astronomy', 'Astrophotography', 'Astronomical Software', 'Data Visualization', 'Statistical Methods', 'Stellar Astrophysics', 'Cosmology', 'Exoplanet Detection']","['Patience', 'Analytical Thinking', 'Problem-Solving']","['telescope operation', 'astrophysical modeling', 'data analysis', 'observational astronomy', 'image processing', 'spectroscopy astronomical', 'radio astronomy', 'computational astronomy', 'astrophotography', 'astronomical software', 'data visualization', 'statistical methods', 'stellar astrophysics', 'cosmology', 'exoplanet detection']","['patience', 'analytical thinking', 'problem-solving']","['telescope operation', 'astrophysical modeling', 'data analysis', 'observational astronomy', 'image processing', 'spectroscopy astronomical', 'radio astronomy', 'computational astronomy', 'astrophotography', 'astronomical software', 'data visualization', 'statistical methods', 'stellar astrophysics', 'cosmology', 'exoplanet detection', 'patience', 'analytical thinking', 'problem-solving']",,,,,,,,,,,,,,,,,
150,Mathematician,Science and Research,Master,Science,3.0,"['Mathematical Modeling', 'Statistical Analysis', 'Algorithm Development', 'Abstract Algebra', 'Real Analysis', 'Complex Analysis', 'Differential Equations', 'Numerical Analysis', 'Optimization', 'Probability Theory', 'Topology', 'Logic and Proofs', 'Computational Software', 'Data Structures', 'Problem Solving']","['Logical Thinking', 'Creativity', 'Attention to Detail']","['mathematical modeling', 'statistical analysis', 'algorithm development', 'abstract algebra', 'real analysis', 'complex analysis', 'differential equations', 'numerical analysis', 'optimization', 'probability theory', 'topology', 'logic and proofs', 'computational software', 'data structures', 'problem solving']","['logical thinking', 'creativity', 'attention to detail']","['mathematical modeling', 'statistical analysis', 'algorithm development', 'abstract algebra', 'real analysis', 'complex analysis', 'differential equations', 'numerical analysis', 'optimization', 'probability theory', 'topology', 'logic and proofs', 'computational software', 'data structures', 'problem solving', 'logical thinking', 'creativity', 'attention to detail']",,,,,,,,,,,,,,,,,
151,Statistician,Science and Research,Master,Science,3.0,"['Statistical Software R, SAS, Python', 'Data Analysis', 'Experimental Design', 'Regression Analysis', 'Hypothesis Testing', 'Probability Theory', 'Machine Learning Algorithms', 'Data Mining', 'Statistical Modeling', 'Data Visualization', 'Bayesian Statistics', 'Survey Design', 'A/B Testing', 'Sampling Techniques', 'Report Writing Statistical']","['Analytical Thinking', 'Problem-Solving', 'Communication']","['statistical software r, sas, python', 'data analysis', 'experimental design', 'regression analysis', 'hypothesis testing', 'probability theory', 'machine learning algorithms', 'data mining', 'statistical modeling', 'data visualization', 'bayesian statistics', 'survey design', 'a/b testing', 'sampling techniques', 'report writing statistical']","['analytical thinking', 'problem-solving', 'communication']","['statistical software r, sas, python', 'data analysis', 'experimental design', 'regression analysis', 'hypothesis testing', 'probability theory', 'machine learning algorithms', 'data mining', 'statistical modeling', 'data visualization', 'bayesian statistics', 'survey design', 'a/b testing', 'sampling techniques', 'report writing statistical', 'analytical thinking', 'problem-solving', 'communication']",,,,,,,,,,,,,,,,,
152,Geneticist,Science and Research,Master,Science,4.0,"['Genomic Sequencing', 'PCR', 'Bioinformatics', 'DNA Extraction and Purification', 'CRISPR Technology', 'Gene Expression Analysis', 'Cell Culture Techniques', 'Microscopy', 'Statistical Genetics', 'Genetic Counseling Skills', 'Data Analysis Genetic', 'Ethical Considerations in Genetics', 'Next-Generation Sequencing', 'Genotyping', 'Molecular Cloning']","['Research Skills', 'Attention to Detail', 'Collaboration']","['genomic sequencing', 'pcr', 'bioinformatics', 'dna extraction and purification', 'crispr technology', 'gene expression analysis', 'cell culture techniques', 'microscopy', 'statistical genetics', 'genetic counseling skills', 'data analysis genetic', 'ethical considerations in genetics', 'next-generation sequencing', 'genotyping', 'molecular cloning']","['research skills', 'attention to detail', 'collaboration']","['genomic sequencing', 'pcr', 'bioinformatics', 'dna extraction and purification', 'crispr technology', 'gene expression analysis', 'cell culture techniques', 'microscopy', 'statistical genetics', 'genetic counseling skills', 'data analysis genetic', 'ethical considerations in genetics', 'next-generation sequencing', 'genotyping', 'molecular cloning', 'research skills', 'attention to detail', 'collaboration']",,,,,,,,,,,,,,,,,
153,Biomedical Engineer,Healthcare,Bachelor,Engineering,3.0,"['Medical Device Design', 'Biomechanics', 'Signal Processing', 'Biomaterials', 'Medical Imaging Techniques', 'Physiological Modeling', 'Prototyping', 'CAD Software Biomedical', 'Regulatory Compliance Medical Devices', 'Data Acquisition Systems', 'Biosensors', 'Embedded Systems Medical', 'Finite Element Analysis Biomedical', 'Laboratory Testing', 'Quality Assurance Medical Devices']","['Problem-Solving', 'Teamwork', 'Innovation']","['medical device design', 'biomechanics', 'signal processing', 'biomaterials', 'medical imaging techniques', 'physiological modeling', 'prototyping', 'cad software biomedical', 'regulatory compliance medical devices', 'data acquisition systems', 'biosensors', 'embedded systems medical', 'finite element analysis biomedical', 'laboratory testing', 'quality assurance medical devices']","['problem-solving', 'teamwork', 'innovation']","['medical device design', 'biomechanics', 'signal processing', 'biomaterials', 'medical imaging techniques', 'physiological modeling', 'prototyping', 'cad software biomedical', 'regulatory compliance medical devices', 'data acquisition systems', 'biosensors', 'embedded systems medical', 'finite element analysis biomedical', 'laboratory testing', 'quality assurance medical devices', 'problem-solving', 'teamwork', 'innovation']",,,,,,,,,,,,,,,,,
154,Materials Scientist,Science and Research,Master,Science,4.0,"['Materials Characterization', 'Polymer Science', 'Nanotechnology', 'Spectroscopy', 'Microscopy Electron Microscopy', 'X-ray Diffraction', 'Material Synthesis Techniques', 'Thermodynamics of Materials', 'Mechanical Testing of Materials', 'Computational Materials Science', 'Failure Analysis Materials', 'Corrosion Science', 'Thin Film Deposition', 'Solid-State Physics', 'Ceramics Science']","['Research Skills', 'Analytical Thinking', 'Creativity']","['materials characterization', 'polymer science', 'nanotechnology', 'spectroscopy', 'microscopy electron microscopy', 'x-ray diffraction', 'material synthesis techniques', 'thermodynamics of materials', 'mechanical testing of materials', 'computational materials science', 'failure analysis materials', 'corrosion science', 'thin film deposition', 'solid-state physics', 'ceramics science']","['research skills', 'analytical thinking', 'creativity']","['materials characterization', 'polymer science', 'nanotechnology', 'spectroscopy', 'microscopy electron microscopy', 'x-ray diffraction', 'material synthesis techniques', 'thermodynamics of materials', 'mechanical testing of materials', 'computational materials science', 'failure analysis materials', 'corrosion science', 'thin film deposition', 'solid-state physics', 'ceramics science', 'research skills', 'analytical thinking', 'creativity']",,,,,,,,,,,,,,,,,
155,Forensic Scientist,Science and Research,Bachelor,Science,3.0,"['DNA Analysis', 'Toxicology', 'Crime Scene Investigation', 'Fingerprint Analysis', 'Ballistics', 'Trace Evidence Analysis', 'Forensic Chemistry', 'Forensic Biology', 'Microscopy Forensic', 'Laboratory Instrumentation', 'Chain of Custody Procedures', 'Evidence Documentation', 'Courtroom Testimony', 'Data Analysis Forensic', 'Report Writing Forensic']","['Attention to Detail', 'Critical Thinking', 'Communication']","['dna analysis', 'toxicology', 'crime scene investigation', 'fingerprint analysis', 'ballistics', 'trace evidence analysis', 'forensic chemistry', 'forensic biology', 'microscopy forensic', 'laboratory instrumentation', 'chain of custody procedures', 'evidence documentation', 'courtroom testimony', 'data analysis forensic', 'report writing forensic']","['attention to detail', 'critical thinking', 'communication']","['dna analysis', 'toxicology', 'crime scene investigation', 'fingerprint analysis', 'ballistics', 'trace evidence analysis', 'forensic chemistry', 'forensic biology', 'microscopy forensic', 'laboratory instrumentation', 'chain of custody procedures', 'evidence documentation', 'courtroom testimony', 'data analysis forensic', 'report writing forensic', 'attention to detail', 'critical thinking', 'communication']",,,,,,,,,,,,,,,,,
156,Retail Store Manager,Retail and Sales,Bachelor,Business,4.0,"['Inventory Management', 'Sales Analysis', 'Staff Training', 'POS Systems', 'Visual Merchandising', 'Customer Service', 'Budget Management Retail', 'Loss Prevention', 'Merchandising', 'Product Knowledge', 'Store Operations', 'Employee Scheduling Software', 'Cash Handling', 'Reporting Retail Metrics', 'Stock Control']","['Leadership', 'Customer Service', 'Problem-Solving']","['inventory management', 'sales analysis', 'staff training', 'pos systems', 'visual merchandising', 'customer service', 'budget management retail', 'loss prevention', 'merchandising', 'product knowledge', 'store operations', 'employee scheduling software', 'cash handling', 'reporting retail metrics', 'stock control']","['leadership', 'customer service', 'problem-solving']","['inventory management', 'sales analysis', 'staff training', 'pos systems', 'visual merchandising', 'customer service', 'budget management retail', 'loss prevention', 'merchandising', 'product knowledge', 'store operations', 'employee scheduling software', 'cash handling', 'reporting retail metrics', 'stock control', 'leadership', 'customer service', 'problem-solving']",,,,,,,,,,,,,,,,,
157,Cashier,Retail and Sales,nan,Business,0.0,"['Point of Sale Systems', 'Cash Handling', 'Product Knowledge', 'Customer Service', 'Inventory Scanning', 'Payment Processing', 'Receipt Management', 'Basic Math Skills', 'Currency Verification', 'Returns and Exchanges Processing', 'Coupon Redemption', 'Loyalty Program Enrollment', 'Bagging Procedures', 'Cleaning and Stocking', 'Security Procedures Cash']","['Customer Service', 'Attention to Detail', 'Friendliness']","['point of sale systems', 'cash handling', 'product knowledge', 'customer service', 'inventory scanning', 'payment processing', 'receipt management', 'basic math skills', 'currency verification', 'returns and exchanges processing', 'coupon redemption', 'loyalty program enrollment', 'bagging procedures', 'cleaning and stocking', 'security procedures cash']","['customer service', 'attention to detail', 'friendliness']","['point of sale systems', 'cash handling', 'product knowledge', 'customer service', 'inventory scanning', 'payment processing', 'receipt management', 'basic math skills', 'currency verification', 'returns and exchanges processing', 'coupon redemption', 'loyalty program enrollment', 'bagging procedures', 'cleaning and stocking', 'security procedures cash', 'customer service', 'attention to detail', 'friendliness']",,,,,,,,,,,,,,,,,
158,Visual Merchandiser,Retail and Sales,Bachelor,Design,2.0,"['Store Layout Design', 'Display Creation', 'Trend Analysis', 'CAD Software Visual Merchandising', 'Fixture Design', 'Lighting Design', 'Prop Sourcing', 'Product Styling', 'Retail Space Planning', 'Brand Identity Implementation', 'Signage Design', 'Window Display Techniques', 'Seasonal Display Planning', 'Sales Reporting', 'Budget Management Visual Merchandising']","['Creativity', 'Attention to Detail', 'Communication']","['store layout design', 'display creation', 'trend analysis', 'cad software visual merchandising', 'fixture design', 'lighting design', 'prop sourcing', 'product styling', 'retail space planning', 'brand identity implementation', 'signage design', 'window display techniques', 'seasonal display planning', 'sales reporting', 'budget management visual merchandising']","['creativity', 'attention to detail', 'communication']","['store layout design', 'display creation', 'trend analysis', 'cad software visual merchandising', 'fixture design', 'lighting design', 'prop sourcing', 'product styling', 'retail space planning', 'brand identity implementation', 'signage design', 'window display techniques', 'seasonal display planning', 'sales reporting', 'budget management visual merchandising', 'creativity', 'attention to detail', 'communication']",,,,,,,,,,,,,,,,,
159,Customer Service Representative,Retail and Sales,nan,Business,1.0,"['CRM Software', 'Order Processing', 'Product Knowledge', 'Call Center Software', 'Troubleshooting Technical', 'Ticket Management Systems', 'Data Entry', 'Email Management', 'Chat Support Software', 'Active Listening', 'Complaint Resolution', 'Billing Inquiries', 'Refund Processing', 'Service Scripting', 'Multi-channel Communication']","['Communication', 'Empathy', 'Problem-Solving']","['crm software', 'order processing', 'product knowledge', 'call center software', 'troubleshooting technical', 'ticket management systems', 'data entry', 'email management', 'chat support software', 'active listening', 'complaint resolution', 'billing inquiries', 'refund processing', 'service scripting', 'multi-channel communication']","['communication', 'empathy', 'problem-solving']","['crm software', 'order processing', 'product knowledge', 'call center software', 'troubleshooting technical', 'ticket management systems', 'data entry', 'email management', 'chat support software', 'active listening', 'complaint resolution', 'billing inquiries', 'refund processing', 'service scripting', 'multi-channel communication', 'communication', 'empathy', 'problem-solving']",,,,,,,,,,,,,,,,,
160,E-commerce Manager,Retail and Sales,Bachelor,Business,3.0,"['Online Marketing', 'SEO', 'Web Analytics Google Analytics', 'E-commerce Platforms Shopify, Magento', 'Conversion Rate Optimization CRO', 'Digital Advertising PPC, Social Media Ads', 'Content Management Systems CMS', 'Email Marketing Automation', 'A/B Testing', 'UX/UI Principles', 'Data Analysis Sales, Traffic', 'Supply Chain Management', 'Payment Gateway Integration', 'Mobile Commerce Optimization', 'CRM E-commerce']","['Strategic Thinking', 'Communication', 'Adaptability']","['online marketing', 'seo', 'web analytics google analytics', 'e-commerce platforms shopify, magento', 'conversion rate optimization cro', 'digital advertising ppc, social media ads', 'content management systems cms', 'email marketing automation', 'a/b testing', 'ux/ui principles', 'data analysis sales, traffic', 'supply chain management', 'payment gateway integration', 'mobile commerce optimization', 'crm e-commerce']","['strategic thinking', 'communication', 'adaptability']","['online marketing', 'seo', 'web analytics google analytics', 'e-commerce platforms shopify, magento', 'conversion rate optimization cro', 'digital advertising ppc, social media ads', 'content management systems cms', 'email marketing automation', 'a/b testing', 'ux/ui principles', 'data analysis sales, traffic', 'supply chain management', 'payment gateway integration', 'mobile commerce optimization', 'crm e-commerce', 'strategic thinking', 'communication', 'adaptability']",,,,,,,,,,,,,,,,,
161,Sales Associate,Retail and Sales,nan,Business,1.0,"['Product Knowledge', 'Sales Techniques', 'Customer Relationship Management', 'POS Systems', 'Inventory Management', 'Merchandising', 'Cash Handling', 'Upselling and Cross-selling', 'Clienteling', 'CRM Software Basic', 'Retail Math', 'Payment Processing', 'Order Fulfillment', 'Returns Processing', 'Sales Reporting Basic']","['Communication', 'Persuasion', 'Friendliness']","['product knowledge', 'sales techniques', 'customer relationship management', 'pos systems', 'inventory management', 'merchandising', 'cash handling', 'upselling and cross-selling', 'clienteling', 'crm software basic', 'retail math', 'payment processing', 'order fulfillment', 'returns processing', 'sales reporting basic']","['communication', 'persuasion', 'friendliness']","['product knowledge', 'sales techniques', 'customer relationship management', 'pos systems', 'inventory management', 'merchandising', 'cash handling', 'upselling and cross-selling', 'clienteling', 'crm software basic', 'retail math', 'payment processing', 'order fulfillment', 'returns processing', 'sales reporting basic', 'communication', 'persuasion', 'friendliness']",,,,,,,,,,,,,,,,,
162,Account Manager,Retail and Sales,Bachelor,Business,3.0,"['Client Relationship Management', 'Sales Forecasting', 'Contract Negotiation', 'CRM Software Salesforce', 'Presentation Skills', 'Budget Management Client Accounts', 'Data Analysis Client Performance', 'Project Management Client Projects', 'Upselling and Cross-selling', 'Account Planning', 'Customer Retention Strategies', 'Product Knowledge Expert', 'Proposal Development', 'Sales Reporting', 'Vendor Management Client-side']","['Communication', 'Negotiation', 'Problem-Solving']","['client relationship management', 'sales forecasting', 'contract negotiation', 'crm software salesforce', 'presentation skills', 'budget management client accounts', 'data analysis client performance', 'project management client projects', 'upselling and cross-selling', 'account planning', 'customer retention strategies', 'product knowledge expert', 'proposal development', 'sales reporting', 'vendor management client-side']","['communication', 'negotiation', 'problem-solving']","['client relationship management', 'sales forecasting', 'contract negotiation', 'crm software salesforce', 'presentation skills', 'budget management client accounts', 'data analysis client performance', 'project management client projects', 'upselling and cross-selling', 'account planning', 'customer retention strategies', 'product knowledge expert', 'proposal development', 'sales reporting', 'vendor management client-side', 'communication', 'negotiation', 'problem-solving']",,,,,,,,,,,,,,,,,
163,Key Account Executive,Retail and Sales,Bachelor,Business,4.0,"['Account Strategy Development', 'Revenue Growth Management', 'Market Analysis', 'Complex Sales Cycle Management', 'Executive-Level Presentation', 'CRM Software Advanced', 'Financial Acumen', 'Negotiation Advanced', 'Strategic Planning', 'Customer Journey Mapping', 'Contract Management', 'Forecasting and Pipeline Management', 'Business Development', 'Solution Selling', 'Competitive Analysis']","['Relationship Building', 'Negotiation', 'Strategic Thinking']","['account strategy development', 'revenue growth management', 'market analysis', 'complex sales cycle management', 'executive-level presentation', 'crm software advanced', 'financial acumen', 'negotiation advanced', 'strategic planning', 'customer journey mapping', 'contract management', 'forecasting and pipeline management', 'business development', 'solution selling', 'competitive analysis']","['relationship building', 'negotiation', 'strategic thinking']","['account strategy development', 'revenue growth management', 'market analysis', 'complex sales cycle management', 'executive-level presentation', 'crm software advanced', 'financial acumen', 'negotiation advanced', 'strategic planning', 'customer journey mapping', 'contract management', 'forecasting and pipeline management', 'business development', 'solution selling', 'competitive analysis', 'relationship building', 'negotiation', 'strategic thinking']",,,,,,,,,,,,,,,,,
164,Retail Buyer,Retail and Sales,Bachelor,Business,3.0,"['Vendor Negotiation', 'Inventory Planning', 'Trend Forecasting', 'Supply Chain Management', 'Retail Math', 'Merchandising Strategies', 'Product Sourcing', 'Quality Control Supplier', 'Cost Analysis', 'Market Research', 'Supplier Relationship Management', 'ERP Systems Purchasing Modules', 'Assortment Planning', 'Pricing Strategy', 'Purchase Order Management']","['Analytical Thinking', 'Decision-Making', 'Communication']","['vendor negotiation', 'inventory planning', 'trend forecasting', 'supply chain management', 'retail math', 'merchandising strategies', 'product sourcing', 'quality control supplier', 'cost analysis', 'market research', 'supplier relationship management', 'erp systems purchasing modules', 'assortment planning', 'pricing strategy', 'purchase order management']","['analytical thinking', 'decision-making', 'communication']","['vendor negotiation', 'inventory planning', 'trend forecasting', 'supply chain management', 'retail math', 'merchandising strategies', 'product sourcing', 'quality control supplier', 'cost analysis', 'market research', 'supplier relationship management', 'erp systems purchasing modules', 'assortment planning', 'pricing strategy', 'purchase order management', 'analytical thinking', 'decision-making', 'communication']",,,,,,,,,,,,,,,,,
165,Merchandise Planner,Retail and Sales,Bachelor,Business,3.0,"['Demand Forecasting', 'Inventory Optimization', 'Sales Analysis', 'Statistical Modeling', 'Retail Planning Software', 'Open-to-Buy Planning', 'Assortment Planning', 'Promotion Planning', 'Data Visualization', 'ERP Systems Planning Modules', 'Supply Chain Management', 'Pricing Strategy', 'Markdown Management', 'Product Lifecycle Management', 'Report Generation Sales & Inventory']","['Analytical Skills', 'Attention to Detail', 'Problem-Solving']","['demand forecasting', 'inventory optimization', 'sales analysis', 'statistical modeling', 'retail planning software', 'open-to-buy planning', 'assortment planning', 'promotion planning', 'data visualization', 'erp systems planning modules', 'supply chain management', 'pricing strategy', 'markdown management', 'product lifecycle management', 'report generation sales & inventory']","['analytical skills', 'attention to detail', 'problem-solving']","['demand forecasting', 'inventory optimization', 'sales analysis', 'statistical modeling', 'retail planning software', 'open-to-buy planning', 'assortment planning', 'promotion planning', 'data visualization', 'erp systems planning modules', 'supply chain management', 'pricing strategy', 'markdown management', 'product lifecycle management', 'report generation sales & inventory', 'analytical skills', 'attention to detail', 'problem-solving']",,,,,,,,,,,,,,,,,
166,Public Policy Analyst,Law and Government,Master,Arts and Social Sciences,4.0,"['Policy Research', 'Legislative Analysis', 'Stakeholder Engagement', 'Quantitative Data Analysis', 'Qualitative Research Methods', 'Econometrics', 'Program Evaluation', 'Report Writing Policy Briefs', 'Public Speaking', 'Statistical Software', 'Cost-Benefit Analysis', 'Legal Research', 'Policy Advocacy', 'Data Visualization', 'Survey Design']","['Critical Thinking', 'Communication', 'Negotiation']","['policy research', 'legislative analysis', 'stakeholder engagement', 'quantitative data analysis', 'qualitative research methods', 'econometrics', 'program evaluation', 'report writing policy briefs', 'public speaking', 'statistical software', 'cost-benefit analysis', 'legal research', 'policy advocacy', 'data visualization', 'survey design']","['critical thinking', 'communication', 'negotiation']","['policy research', 'legislative analysis', 'stakeholder engagement', 'quantitative data analysis', 'qualitative research methods', 'econometrics', 'program evaluation', 'report writing policy briefs', 'public speaking', 'statistical software', 'cost-benefit analysis', 'legal research', 'policy advocacy', 'data visualization', 'survey design', 'critical thinking', 'communication', 'negotiation']",,,,,,,,,,,,,,,,,
167,Police Officer,Law and Government,nan,Arts and Social Sciences,2.0,"['Law Enforcement Procedures', 'Criminal Investigation Techniques', 'First Aid Certification', 'Firearm Proficiency', 'Defensive Tactics', 'Report Writing Police', 'Evidence Collection', 'Traffic Enforcement', 'Crisis Intervention', 'CPR Certification', 'Navigation and Map Reading', 'Radio Communication', 'Vehicle Operation Emergency', 'Baton and Handcuffing Techniques', 'Surveillance Techniques']","['Communication', 'Decision-Making', 'Physical Fitness']","['law enforcement procedures', 'criminal investigation techniques', 'first aid certification', 'firearm proficiency', 'defensive tactics', 'report writing police', 'evidence collection', 'traffic enforcement', 'crisis intervention', 'cpr certification', 'navigation and map reading', 'radio communication', 'vehicle operation emergency', 'baton and handcuffing techniques', 'surveillance techniques']","['communication', 'decision-making', 'physical fitness']","['law enforcement procedures', 'criminal investigation techniques', 'first aid certification', 'firearm proficiency', 'defensive tactics', 'report writing police', 'evidence collection', 'traffic enforcement', 'crisis intervention', 'cpr certification', 'navigation and map reading', 'radio communication', 'vehicle operation emergency', 'baton and handcuffing techniques', 'surveillance techniques', 'communication', 'decision-making', 'physical fitness']",,,,,,,,,,,,,,,,,
168,Firefighter,Law and Government,nan,Arts and Social Sciences,2.0,"['Fire Suppression Techniques', 'Emergency Medical Response', 'Hazardous Materials Handling', 'Technical Rescue Operations', 'First Aid Certification', 'CPR Certification', 'Hose Line Operations', 'Ladder Operations', 'Ventilation Techniques', 'SCBA Self-Contained Breathing Apparatus Operation', 'Salvage and Overhaul', 'Vehicle Extrication', 'Knot Tying', 'Fire Apparatus Operation', 'Incident Command System']","['Bravery', 'Teamwork', 'Physical Fitness']","['fire suppression techniques', 'emergency medical response', 'hazardous materials handling', 'technical rescue operations', 'first aid certification', 'cpr certification', 'hose line operations', 'ladder operations', 'ventilation techniques', 'scba self-contained breathing apparatus operation', 'salvage and overhaul', 'vehicle extrication', 'knot tying', 'fire apparatus operation', 'incident command system']","['bravery', 'teamwork', 'physical fitness']","['fire suppression techniques', 'emergency medical response', 'hazardous materials handling', 'technical rescue operations', 'first aid certification', 'cpr certification', 'hose line operations', 'ladder operations', 'ventilation techniques', 'scba self-contained breathing apparatus operation', 'salvage and overhaul', 'vehicle extrication', 'knot tying', 'fire apparatus operation', 'incident command system', 'bravery', 'teamwork', 'physical fitness']",,,,,,,,,,,,,,,,,
169,Diplomat,Law and Government,Master,Arts and Social Sciences,2.0,"['Foreign Language Proficiency', 'International Relations Knowledge', 'Negotiation and Mediation', 'Public Speaking', 'Cross-Cultural Communication', 'Policy Analysis International', 'International Law', 'Crisis Management', 'Report Writing Diplomatic', 'Protocol Adherence', 'Economic Analysis Global', 'Geopolitical Analysis', 'Treaty Interpretation', 'Communication Strategy', 'Grant Writing International']","['Cultural Sensitivity and Awareness', 'Emotional Intelligence', 'Communication']","['foreign language proficiency', 'international relations knowledge', 'negotiation and mediation', 'public speaking', 'cross-cultural communication', 'policy analysis international', 'international law', 'crisis management', 'report writing diplomatic', 'protocol adherence', 'economic analysis global', 'geopolitical analysis', 'treaty interpretation', 'communication strategy', 'grant writing international']","['cultural sensitivity and awareness', 'emotional intelligence', 'communication']","['foreign language proficiency', 'international relations knowledge', 'negotiation and mediation', 'public speaking', 'cross-cultural communication', 'policy analysis international', 'international law', 'crisis management', 'report writing diplomatic', 'protocol adherence', 'economic analysis global', 'geopolitical analysis', 'treaty interpretation', 'communication strategy', 'grant writing international', 'cultural sensitivity and awareness', 'emotional intelligence', 'communication']",,,,,,,,,,,,,,,,,
170,Immigration Officer,Law and Government,Bachelor,Arts and Social Sciences,3.0,"['Immigration Law', 'Case Management Software', 'Document Verification', 'Interviewing Techniques', 'Border Security Procedures', 'Database Management Immigration', 'Regulatory Compliance', 'Legal Research Immigration', 'Biometric Systems Operation', 'Data Entry and Record Keeping', 'Language Proficiency', 'Fraud Detection', 'Risk Assessment', 'Customs Regulations', 'Public Safety Procedures']","['Communication', 'Empathy', 'Attention to Detail']","['immigration law', 'case management software', 'document verification', 'interviewing techniques', 'border security procedures', 'database management immigration', 'regulatory compliance', 'legal research immigration', 'biometric systems operation', 'data entry and record keeping', 'language proficiency', 'fraud detection', 'risk assessment', 'customs regulations', 'public safety procedures']","['communication', 'empathy', 'attention to detail']","['immigration law', 'case management software', 'document verification', 'interviewing techniques', 'border security procedures', 'database management immigration', 'regulatory compliance', 'legal research immigration', 'biometric systems operation', 'data entry and record keeping', 'language proficiency', 'fraud detection', 'risk assessment', 'customs regulations', 'public safety procedures', 'communication', 'empathy', 'attention to detail']",,,,,,,,,,,,,,,,,
171,Judge,Law and Government,Master,Arts and Social Sciences,5.0,"['Legal Research', 'Judicial Procedures', 'Courtroom Management', 'Statutory Interpretation', 'Case Analysis', 'Evidence Admissibility Rules', 'Sentencing Guidelines', 'Legal Writing Opinions', 'Pleading and Motion Review', 'Jurisprudence', 'Appellate Procedures', 'Legal Drafting', 'Electronic Case Management Systems', 'Constitutional Law', 'Legal Ethics']","['Decision-Making', 'Integrity', 'Leadership']","['legal research', 'judicial procedures', 'courtroom management', 'statutory interpretation', 'case analysis', 'evidence admissibility rules', 'sentencing guidelines', 'legal writing opinions', 'pleading and motion review', 'jurisprudence', 'appellate procedures', 'legal drafting', 'electronic case management systems', 'constitutional law', 'legal ethics']","['decision-making', 'integrity', 'leadership']","['legal research', 'judicial procedures', 'courtroom management', 'statutory interpretation', 'case analysis', 'evidence admissibility rules', 'sentencing guidelines', 'legal writing opinions', 'pleading and motion review', 'jurisprudence', 'appellate procedures', 'legal drafting', 'electronic case management systems', 'constitutional law', 'legal ethics', 'decision-making', 'integrity', 'leadership']",,,,,,,,,,,,,,,,,
172,Paralegal,Law and Government,Bachelor,Arts and Social Sciences,2.0,"['Legal Writing', 'Document Drafting', 'Case Preparation', 'Legal Research Databases', 'Pleadings and Motions Preparation', 'Discovery Management', 'Trial Preparation', 'Client Interviewing', 'Docketing and Calendaring', 'e-Discovery', 'Legal Citation', 'Transcription', 'Database Management Legal', 'Legal Software', 'Records Management']","['Organization', 'Time Management', 'Teamwork']","['legal writing', 'document drafting', 'case preparation', 'legal research databases', 'pleadings and motions preparation', 'discovery management', 'trial preparation', 'client interviewing', 'docketing and calendaring', 'e-discovery', 'legal citation', 'transcription', 'database management legal', 'legal software', 'records management']","['organization', 'time management', 'teamwork']","['legal writing', 'document drafting', 'case preparation', 'legal research databases', 'pleadings and motions preparation', 'discovery management', 'trial preparation', 'client interviewing', 'docketing and calendaring', 'e-discovery', 'legal citation', 'transcription', 'database management legal', 'legal software', 'records management', 'organization', 'time management', 'teamwork']",,,,,,,,,,,,,,,,,
173,Legal Assistant,Law and Government,Bachelor,Arts and Social Sciences,1.0,"['Legal Research', 'Document Management', 'Scheduling', 'Office Suite Proficiency', 'Data Entry', 'Client Communication', 'Filing Systems Legal', 'Calendar Management', 'Dictation Transcription', 'Billing and Invoicing Software', 'Correspondence Management', 'Trial Exhibit Preparation', 'Legal Terminology', 'Records Request Processing', 'Notary Public']","['Communication', 'Attention to Detail', 'Adaptability']","['legal research', 'document management', 'scheduling', 'office suite proficiency', 'data entry', 'client communication', 'filing systems legal', 'calendar management', 'dictation transcription', 'billing and invoicing software', 'correspondence management', 'trial exhibit preparation', 'legal terminology', 'records request processing', 'notary public']","['communication', 'attention to detail', 'adaptability']","['legal research', 'document management', 'scheduling', 'office suite proficiency', 'data entry', 'client communication', 'filing systems legal', 'calendar management', 'dictation transcription', 'billing and invoicing software', 'correspondence management', 'trial exhibit preparation', 'legal terminology', 'records request processing', 'notary public', 'communication', 'attention to detail', 'adaptability']",,,,,,,,,,,,,,,,,
174,Public Defender,Law and Government,Master,Arts and Social Sciences,4.0,"['Criminal Law', 'Trial Advocacy', 'Client Representation', 'Legal Research', 'Cross-Examination Techniques', 'Plea Bargaining', 'Motions Practice', 'Discovery Analysis', 'Sentencing Advocacy', 'Jury Selection', 'Legal Writing Briefs', 'Evidence Rules', 'Case Theory Development', 'Legal Ethics', 'Interviewing Skills Client']","['Empathy', 'Public Speaking', 'Resilience']","['criminal law', 'trial advocacy', 'client representation', 'legal research', 'cross-examination techniques', 'plea bargaining', 'motions practice', 'discovery analysis', 'sentencing advocacy', 'jury selection', 'legal writing briefs', 'evidence rules', 'case theory development', 'legal ethics', 'interviewing skills client']","['empathy', 'public speaking', 'resilience']","['criminal law', 'trial advocacy', 'client representation', 'legal research', 'cross-examination techniques', 'plea bargaining', 'motions practice', 'discovery analysis', 'sentencing advocacy', 'jury selection', 'legal writing briefs', 'evidence rules', 'case theory development', 'legal ethics', 'interviewing skills client', 'empathy', 'public speaking', 'resilience']",,,,,,,,,,,,,,,,,
175,Urban Policy Planner,Law and Government,Master,Arts and Social Sciences,3.0,"['Policy Analysis', 'Urban Development', 'GIS Mapping', 'Zoning Regulations', 'Land Use Planning', 'Data Analysis Demographic, Economic', 'Community Engagement Strategies', 'Environmental Impact Assessment', 'Transportation Planning', 'Statistical Software', 'Report Writing Policy', 'Public Presentation', 'Project Management Urban Planning', 'Urban Design Principles', 'Grant Writing']","['Critical Thinking', 'Collaboration', 'Negotiation']","['policy analysis', 'urban development', 'gis mapping', 'zoning regulations', 'land use planning', 'data analysis demographic, economic', 'community engagement strategies', 'environmental impact assessment', 'transportation planning', 'statistical software', 'report writing policy', 'public presentation', 'project management urban planning', 'urban design principles', 'grant writing']","['critical thinking', 'collaboration', 'negotiation']","['policy analysis', 'urban development', 'gis mapping', 'zoning regulations', 'land use planning', 'data analysis demographic, economic', 'community engagement strategies', 'environmental impact assessment', 'transportation planning', 'statistical software', 'report writing policy', 'public presentation', 'project management urban planning', 'urban design principles', 'grant writing', 'critical thinking', 'collaboration', 'negotiation']",,,,,,,,,,,,,,,,,
176,Supply Chain Manager,Transportation and Logistics,Bachelor,Business,4.0,"['Inventory Management', 'Logistics Software', 'Supplier Negotiation', 'Demand Planning', 'Procurement', 'Warehouse Management Systems', 'ERP Systems', 'Data Analytics Supply Chain', 'Supply Chain Optimization', 'Risk Management Supply Chain', 'Global Sourcing', 'Lean Principles', 'Transportation Management Systems', 'Forecasting', 'Contract Management']","['Leadership', 'Problem-Solving', 'Strategic Thinking']","['inventory management', 'logistics software', 'supplier negotiation', 'demand planning', 'procurement', 'warehouse management systems', 'erp systems', 'data analytics supply chain', 'supply chain optimization', 'risk management supply chain', 'global sourcing', 'lean principles', 'transportation management systems', 'forecasting', 'contract management']","['leadership', 'problem-solving', 'strategic thinking']","['inventory management', 'logistics software', 'supplier negotiation', 'demand planning', 'procurement', 'warehouse management systems', 'erp systems', 'data analytics supply chain', 'supply chain optimization', 'risk management supply chain', 'global sourcing', 'lean principles', 'transportation management systems', 'forecasting', 'contract management', 'leadership', 'problem-solving', 'strategic thinking']",,,,,,,,,,,,,,,,,
177,Logistics Coordinator,Transportation and Logistics,Bachelor,Business,2.0,"['Shipping Coordination', 'Route Planning', 'ERP Systems', 'Freight Forwarding', 'Customs Documentation', 'Inventory Control', 'Warehouse Operations', 'Transportation Management Systems Basic', 'Data Entry Logistics', 'Load Planning', 'Scheduling Software', 'Order Processing', 'Incoterms Knowledge', 'Record Keeping', 'Carrier Management']","['Organization', 'Communication', 'Multitasking']","['shipping coordination', 'route planning', 'erp systems', 'freight forwarding', 'customs documentation', 'inventory control', 'warehouse operations', 'transportation management systems basic', 'data entry logistics', 'load planning', 'scheduling software', 'order processing', 'incoterms knowledge', 'record keeping', 'carrier management']","['organization', 'communication', 'multitasking']","['shipping coordination', 'route planning', 'erp systems', 'freight forwarding', 'customs documentation', 'inventory control', 'warehouse operations', 'transportation management systems basic', 'data entry logistics', 'load planning', 'scheduling software', 'order processing', 'incoterms knowledge', 'record keeping', 'carrier management', 'organization', 'communication', 'multitasking']",,,,,,,,,,,,,,,,,
178,Transportation Planner,Transportation and Logistics,Bachelor,Engineering,3.0,"['Traffic Analysis', 'GIS Software', 'Transport Modeling', 'Route Optimization Software', 'Network Design', 'Public Transit Planning', 'Supply Chain Analytics', 'Feasibility Studies', 'Data Visualization Transport', 'Policy Analysis Transport', 'Demand Forecasting Transport', 'Traffic Simulation Software', 'Economic Impact Analysis', 'Regulatory Compliance Transport', 'Freight Planning']","['Analytical Thinking', 'Teamwork', 'Project Management']","['traffic analysis', 'gis software', 'transport modeling', 'route optimization software', 'network design', 'public transit planning', 'supply chain analytics', 'feasibility studies', 'data visualization transport', 'policy analysis transport', 'demand forecasting transport', 'traffic simulation software', 'economic impact analysis', 'regulatory compliance transport', 'freight planning']","['analytical thinking', 'teamwork', 'project management']","['traffic analysis', 'gis software', 'transport modeling', 'route optimization software', 'network design', 'public transit planning', 'supply chain analytics', 'feasibility studies', 'data visualization transport', 'policy analysis transport', 'demand forecasting transport', 'traffic simulation software', 'economic impact analysis', 'regulatory compliance transport', 'freight planning', 'analytical thinking', 'teamwork', 'project management']",,,,,,,,,,,,,,,,,
179,Warehouse Manager,Transportation and Logistics,Bachelor,Business,3.0,"['Inventory Control', 'Warehouse Software', 'Safety Compliance OSHA', 'Forklift Operation', 'Logistics Management', 'Order Fulfillment', 'ERP Systems', 'Lean Warehouse Principles', 'Cycle Counting', 'Space Optimization', 'Equipment Maintenance Basic', 'Staff Scheduling Software', 'Receiving and Shipping Procedures', 'Quality Control Warehouse', 'Data Analysis Warehouse Metrics']","['Leadership', 'Time Management', 'Problem-Solving']","['inventory control', 'warehouse software', 'safety compliance osha', 'forklift operation', 'logistics management', 'order fulfillment', 'erp systems', 'lean warehouse principles', 'cycle counting', 'space optimization', 'equipment maintenance basic', 'staff scheduling software', 'receiving and shipping procedures', 'quality control warehouse', 'data analysis warehouse metrics']","['leadership', 'time management', 'problem-solving']","['inventory control', 'warehouse software', 'safety compliance osha', 'forklift operation', 'logistics management', 'order fulfillment', 'erp systems', 'lean warehouse principles', 'cycle counting', 'space optimization', 'equipment maintenance basic', 'staff scheduling software', 'receiving and shipping procedures', 'quality control warehouse', 'data analysis warehouse metrics', 'leadership', 'time management', 'problem-solving']",,,,,,,,,,,,,,,,,
180,Freight Broker,Transportation and Logistics,nan,Business,1.0,"['Freight Negotiation', 'Load Board Management', 'Shipping Regulations', 'CRM Software Freight', 'Transportation Management Systems', 'Carrier Sourcing', 'Rate Calculation', 'Billing and Invoicing', 'Claims Management', 'Market Analysis Freight', 'Logistics Planning', 'Dispatching Software', 'Intermodal Freight', 'Customer Service', 'Contract Management']","['Communication', 'Networking', 'Persuasion']","['freight negotiation', 'load board management', 'shipping regulations', 'crm software freight', 'transportation management systems', 'carrier sourcing', 'rate calculation', 'billing and invoicing', 'claims management', 'market analysis freight', 'logistics planning', 'dispatching software', 'intermodal freight', 'customer service', 'contract management']","['communication', 'networking', 'persuasion']","['freight negotiation', 'load board management', 'shipping regulations', 'crm software freight', 'transportation management systems', 'carrier sourcing', 'rate calculation', 'billing and invoicing', 'claims management', 'market analysis freight', 'logistics planning', 'dispatching software', 'intermodal freight', 'customer service', 'contract management', 'communication', 'networking', 'persuasion']",,,,,,,,,,,,,,,,,
181,Truck Driver,Transportation and Logistics,nan,nan,0.0,"['Vehicle Operation Commercial Trucks', 'Route Navigation GPS', 'Cargo Handling Loading/Unloading', 'Logbook Management ELD', 'DOT Regulations Compliance', 'Pre-Trip Inspections', 'Basic Vehicle Maintenance', 'Hazardous Material Endorsement HazMat', 'Defensive Driving', 'Load Securement', 'Delivery Documentation', 'Tractor-Trailer Maneuvering', 'Weight Distribution', 'Cross-border Procedures', 'Fuel Efficiency Management']","['Time Management', 'Patience', 'Safety Awareness']","['vehicle operation commercial trucks', 'route navigation gps', 'cargo handling loading/unloading', 'logbook management eld', 'dot regulations compliance', 'pre-trip inspections', 'basic vehicle maintenance', 'hazardous material endorsement hazmat', 'defensive driving', 'load securement', 'delivery documentation', 'tractor-trailer maneuvering', 'weight distribution', 'cross-border procedures', 'fuel efficiency management']","['time management', 'patience', 'safety awareness']","['vehicle operation commercial trucks', 'route navigation gps', 'cargo handling loading/unloading', 'logbook management eld', 'dot regulations compliance', 'pre-trip inspections', 'basic vehicle maintenance', 'hazardous material endorsement hazmat', 'defensive driving', 'load securement', 'delivery documentation', 'tractor-trailer maneuvering', 'weight distribution', 'cross-border procedures', 'fuel efficiency management', 'time management', 'patience', 'safety awareness']",,,,,,,,,,,,,,,,,
182,Airline Operations Manager,Transportation and Logistics,Bachelor,Business,4.0,"['Flight Scheduling Software', 'Regulatory Compliance Aviation', 'Operations Software Airport', 'Air Traffic Control ATC Communication', 'Ground Operations Management', 'Aviation Safety Management Systems SMS', 'Crew Resource Management CRM Aviation', 'Aircraft Performance Calculations', 'Airport Slot Coordination', 'Fuel Management Aviation', 'Crisis Management Aviation', 'Airline Management Systems', 'Route Planning Aviation', 'Security Protocols Aviation', 'Data Analysis Flight Operations']","['Leadership', 'Decision-Making', 'Crisis Management']","['flight scheduling software', 'regulatory compliance aviation', 'operations software airport', 'air traffic control atc communication', 'ground operations management', 'aviation safety management systems sms', 'crew resource management crm aviation', 'aircraft performance calculations', 'airport slot coordination', 'fuel management aviation', 'crisis management aviation', 'airline management systems', 'route planning aviation', 'security protocols aviation', 'data analysis flight operations']","['leadership', 'decision-making', 'crisis management']","['flight scheduling software', 'regulatory compliance aviation', 'operations software airport', 'air traffic control atc communication', 'ground operations management', 'aviation safety management systems sms', 'crew resource management crm aviation', 'aircraft performance calculations', 'airport slot coordination', 'fuel management aviation', 'crisis management aviation', 'airline management systems', 'route planning aviation', 'security protocols aviation', 'data analysis flight operations', 'leadership', 'decision-making', 'crisis management']",,,,,,,,,,,,,,,,,
183,Port Manager,Transportation and Logistics,Bachelor,Business,5.0,"['Port Operations Management', 'Maritime Regulations', 'Cargo Handling Equipment Operation', 'Terminal Operating Systems TOS', 'Supply Chain Logistics', 'Customs Procedures', 'Navigational Safety', 'Vessel Traffic Management', 'Budget Management Port', 'Environmental Regulations Maritime', 'Security Protocols Port', 'Equipment Maintenance Management', 'Labor Relations Port', 'Port Planning and Development', 'Data Analysis Port Metrics']","['Leadership', 'Strategic Planning', 'Stakeholder Management']","['port operations management', 'maritime regulations', 'cargo handling equipment operation', 'terminal operating systems tos', 'supply chain logistics', 'customs procedures', 'navigational safety', 'vessel traffic management', 'budget management port', 'environmental regulations maritime', 'security protocols port', 'equipment maintenance management', 'labor relations port', 'port planning and development', 'data analysis port metrics']","['leadership', 'strategic planning', 'stakeholder management']","['port operations management', 'maritime regulations', 'cargo handling equipment operation', 'terminal operating systems tos', 'supply chain logistics', 'customs procedures', 'navigational safety', 'vessel traffic management', 'budget management port', 'environmental regulations maritime', 'security protocols port', 'equipment maintenance management', 'labor relations port', 'port planning and development', 'data analysis port metrics', 'leadership', 'strategic planning', 'stakeholder management']",,,,,,,,,,,,,,,,,
184,Inventory Manager,Transportation and Logistics,Bachelor,Business,3.0,"['Stock Control', 'Demand Forecasting', 'ERP Systems', 'Inventory Management Software', 'Warehouse Management Systems', 'ABC Analysis', 'Cycle Counting', 'Just-In-Time JIT', 'Kanban Systems', 'Material Requirements Planning MRP', 'Vendor Managed Inventory VMI', 'Data Analysis Inventory', 'RFID Technology', 'Barcoding Systems', 'Returns Management']","['Attention to Detail', 'Analytical Thinking', 'Organization']","['stock control', 'demand forecasting', 'erp systems', 'inventory management software', 'warehouse management systems', 'abc analysis', 'cycle counting', 'just-in-time jit', 'kanban systems', 'material requirements planning mrp', 'vendor managed inventory vmi', 'data analysis inventory', 'rfid technology', 'barcoding systems', 'returns management']","['attention to detail', 'analytical thinking', 'organization']","['stock control', 'demand forecasting', 'erp systems', 'inventory management software', 'warehouse management systems', 'abc analysis', 'cycle counting', 'just-in-time jit', 'kanban systems', 'material requirements planning mrp', 'vendor managed inventory vmi', 'data analysis inventory', 'rfid technology', 'barcoding systems', 'returns management', 'attention to detail', 'analytical thinking', 'organization']",,,,,,,,,,,,,,,,,
185,Procurement Officer,Transportation and Logistics,Bachelor,Business,2.0,"['Vendor Management', 'Contract Negotiation', 'Purchase Order Systems', 'Supplier Relationship Management', 'Sourcing Strategies', 'Cost Analysis Procurement', 'ERP Procurement Modules', 'E-Procurement Software', 'Contract Lifecycle Management', 'Risk Management Procurement', 'Market Analysis Supplier', 'Spend Analysis', 'Competitive Bidding', 'Supplier Performance Management', 'Compliance Procurement Regulations']","['Negotiation', 'Communication', 'Cost Awareness']","['vendor management', 'contract negotiation', 'purchase order systems', 'supplier relationship management', 'sourcing strategies', 'cost analysis procurement', 'erp procurement modules', 'e-procurement software', 'contract lifecycle management', 'risk management procurement', 'market analysis supplier', 'spend analysis', 'competitive bidding', 'supplier performance management', 'compliance procurement regulations']","['negotiation', 'communication', 'cost awareness']","['vendor management', 'contract negotiation', 'purchase order systems', 'supplier relationship management', 'sourcing strategies', 'cost analysis procurement', 'erp procurement modules', 'e-procurement software', 'contract lifecycle management', 'risk management procurement', 'market analysis supplier', 'spend analysis', 'competitive bidding', 'supplier performance management', 'compliance procurement regulations', 'negotiation', 'communication', 'cost awareness']",,,,,,,,,,,,,,,,,
186,AI Product Manager,Technology,Master,Computing,4.0,"['Machine Learning Concepts', 'Product Roadmapping', 'Agile Development', 'Data Science Principles', 'Natural Language Processing NLP', 'Computer Vision', 'Deep Learning Frameworks TensorFlow, PyTorch', 'Cloud Platforms AWS, Azure, GCP', 'User Experience UX Design', 'Market Research AI', 'Data Analytics', 'API Design', 'Model Evaluation Metrics', 'Version Control Systems Git', 'Jira or similar project management software']","['Leadership', 'Strategic Thinking', 'Stakeholder Management']","['machine learning concepts', 'product roadmapping', 'agile development', 'data science principles', 'natural language processing nlp', 'computer vision', 'deep learning frameworks tensorflow, pytorch', 'cloud platforms aws, azure, gcp', 'user experience ux design', 'market research ai', 'data analytics', 'api design', 'model evaluation metrics', 'version control systems git', 'jira or similar project management software']","['leadership', 'strategic thinking', 'stakeholder management']","['machine learning concepts', 'product roadmapping', 'agile development', 'data science principles', 'natural language processing nlp', 'computer vision', 'deep learning frameworks tensorflow, pytorch', 'cloud platforms aws, azure, gcp', 'user experience ux design', 'market research ai', 'data analytics', 'api design', 'model evaluation metrics', 'version control systems git', 'jira or similar project management software', 'leadership', 'strategic thinking', 'stakeholder management']",,,,,,,,,,,,,,,,,
187,Prompt Engineer (for AI),Technology,Bachelor,Computing,2.0,"['Natural Language Processing NLP', 'AI Model Fine-Tuning', 'Python Programming', 'Generative AI Models GPT, LLMs', 'Machine Learning Concepts', 'Data Annotation', 'Text Generation', 'Evaluation Metrics for NLP', 'Prompt Optimization Techniques', 'Linguistics', 'Experiment Design AI', 'Version Control Systems', 'Deep Learning', 'Data Analysis', 'Cloud Computing Platforms']","['Creativity', 'Problem-Solving', 'Attention to Detail']","['natural language processing nlp', 'ai model fine-tuning', 'python programming', 'generative ai models gpt, llms', 'machine learning concepts', 'data annotation', 'text generation', 'evaluation metrics for nlp', 'prompt optimization techniques', 'linguistics', 'experiment design ai', 'version control systems', 'deep learning', 'data analysis', 'cloud computing platforms']","['creativity', 'problem-solving', 'attention to detail']","['natural language processing nlp', 'ai model fine-tuning', 'python programming', 'generative ai models gpt, llms', 'machine learning concepts', 'data annotation', 'text generation', 'evaluation metrics for nlp', 'prompt optimization techniques', 'linguistics', 'experiment design ai', 'version control systems', 'deep learning', 'data analysis', 'cloud computing platforms', 'creativity', 'problem-solving', 'attention to detail']",,,,,,,,,,,,,,,,,
188,Data Privacy Officer,Technology,Master,Information Systems,5.0,"['GDPR Compliance', 'Risk Assessment Privacy', 'Data Encryption Techniques', 'Privacy by Design', 'Cybersecurity Fundamentals', 'Privacy Impact Assessments PIA', 'Data Breach Response Planning', 'Legal Research Privacy Laws CCPA, HIPAA', 'Information Security Standards ISO 27001', 'Auditing and Compliance Software', 'Policy Development Privacy', 'Vendor Risk Management', 'Data Governance Frameworks', 'Incident Response', 'Cloud Security']","['Ethical Judgment', 'Communication', 'Policy Development']","['gdpr compliance', 'risk assessment privacy', 'data encryption techniques', 'privacy by design', 'cybersecurity fundamentals', 'privacy impact assessments pia', 'data breach response planning', 'legal research privacy laws ccpa, hipaa', 'information security standards iso 27001', 'auditing and compliance software', 'policy development privacy', 'vendor risk management', 'data governance frameworks', 'incident response', 'cloud security']","['ethical judgment', 'communication', 'policy development']","['gdpr compliance', 'risk assessment privacy', 'data encryption techniques', 'privacy by design', 'cybersecurity fundamentals', 'privacy impact assessments pia', 'data breach response planning', 'legal research privacy laws ccpa, hipaa', 'information security standards iso 27001', 'auditing and compliance software', 'policy development privacy', 'vendor risk management', 'data governance frameworks', 'incident response', 'cloud security', 'ethical judgment', 'communication', 'policy development']",,,,,,,,,,,,,,,,,
189,Robotics Engineer,Technology,Master,Engineering,3.0,"['Robotics Programming', 'CAD Design', 'Control Systems', 'Robot Operating System ROS', 'Kinematics and Dynamics', 'Sensor Integration', 'Machine Vision', 'Embedded Systems Programming', 'Actuator Control', 'Robot Simulation Software', 'Path Planning Algorithms', 'Microcontroller Programming', 'PLC Programming', 'Mechatronics', 'Computer-Aided Manufacturing CAM']","['Innovation', 'Collaboration', 'Problem-Solving']","['robotics programming', 'cad design', 'control systems', 'robot operating system ros', 'kinematics and dynamics', 'sensor integration', 'machine vision', 'embedded systems programming', 'actuator control', 'robot simulation software', 'path planning algorithms', 'microcontroller programming', 'plc programming', 'mechatronics', 'computer-aided manufacturing cam']","['innovation', 'collaboration', 'problem-solving']","['robotics programming', 'cad design', 'control systems', 'robot operating system ros', 'kinematics and dynamics', 'sensor integration', 'machine vision', 'embedded systems programming', 'actuator control', 'robot simulation software', 'path planning algorithms', 'microcontroller programming', 'plc programming', 'mechatronics', 'computer-aided manufacturing cam', 'innovation', 'collaboration', 'problem-solving']",,,,,,,,,,,,,,,,,
190,VR/AR Developer,Technology,Bachelor,Computing,2.0,"['Unity 3D', '3D Modeling Software Blender, Maya', 'C++ Programming', 'Unreal Engine', 'Virtual Reality SDKs Oculus, SteamVR', 'Augmented Reality SDKs ARKit, ARCore', 'Game Development Principles', 'Shader Programming', 'User Experience UX Design VR/AR', 'Performance Optimization VR/AR', 'Version Control Systems Git', 'Spatial Computing', 'Haptic Feedback Integration', 'Interaction Design VR/AR', 'Mobile Development']","['Creativity', 'Teamwork', 'User-Centric Thinking']","['unity 3d', '3d modeling software blender, maya', 'c++ programming', 'unreal engine', 'virtual reality sdks oculus, steamvr', 'augmented reality sdks arkit, arcore', 'game development principles', 'shader programming', 'user experience ux design vr/ar', 'performance optimization vr/ar', 'version control systems git', 'spatial computing', 'haptic feedback integration', 'interaction design vr/ar', 'mobile development']","['creativity', 'teamwork', 'user-centric thinking']","['unity 3d', '3d modeling software blender, maya', 'c++ programming', 'unreal engine', 'virtual reality sdks oculus, steamvr', 'augmented reality sdks arkit, arcore', 'game development principles', 'shader programming', 'user experience ux design vr/ar', 'performance optimization vr/ar', 'version control systems git', 'spatial computing', 'haptic feedback integration', 'interaction design vr/ar', 'mobile development', 'creativity', 'teamwork', 'user-centric thinking']",,,,,,,,,,,,,,,,,
191,Quantum Computing Researcher,Science and Research,Master,Science,4.0,"['Quantum Algorithms', 'Linear Algebra', 'Qiskit', 'Quantum Mechanics', 'Python Programming', 'Quantum Information Theory', 'Statistical Mechanics', 'Theoretical Physics', 'Quantum Chemistry', 'Algorithm Design', 'Mathematical Modeling', 'Scientific Computing', 'Error Correction Quantum', 'Superconducting Circuits', 'Topological Quantum Computing']","['Analytical Thinking', 'Curiosity', 'Persistence']","['quantum algorithms', 'linear algebra', 'qiskit', 'quantum mechanics', 'python programming', 'quantum information theory', 'statistical mechanics', 'theoretical physics', 'quantum chemistry', 'algorithm design', 'mathematical modeling', 'scientific computing', 'error correction quantum', 'superconducting circuits', 'topological quantum computing']","['analytical thinking', 'curiosity', 'persistence']","['quantum algorithms', 'linear algebra', 'qiskit', 'quantum mechanics', 'python programming', 'quantum information theory', 'statistical mechanics', 'theoretical physics', 'quantum chemistry', 'algorithm design', 'mathematical modeling', 'scientific computing', 'error correction quantum', 'superconducting circuits', 'topological quantum computing', 'analytical thinking', 'curiosity', 'persistence']",,,,,,,,,,,,,,,,,
192,Drone Operator,Technology,nan,nan,1.0,"['Drone Piloting', 'Aerial Photography', 'FAA Regulations Part 107', 'UAV Maintenance Basic', 'Flight Planning Software', 'Mapping Software Drone', 'Data Processing Photogrammetry', 'GPS Navigation', 'Safety Protocols Drone', 'Payload Operation Cameras, Sensors', 'Weather Analysis', 'Battery Management', 'Emergency Procedures Drone', 'Video Editing', 'Georeferencing']","['Precision', 'Safety Awareness', 'Adaptability']","['drone piloting', 'aerial photography', 'faa regulations part 107', 'uav maintenance basic', 'flight planning software', 'mapping software drone', 'data processing photogrammetry', 'gps navigation', 'safety protocols drone', 'payload operation cameras, sensors', 'weather analysis', 'battery management', 'emergency procedures drone', 'video editing', 'georeferencing']","['precision', 'safety awareness', 'adaptability']","['drone piloting', 'aerial photography', 'faa regulations part 107', 'uav maintenance basic', 'flight planning software', 'mapping software drone', 'data processing photogrammetry', 'gps navigation', 'safety protocols drone', 'payload operation cameras, sensors', 'weather analysis', 'battery management', 'emergency procedures drone', 'video editing', 'georeferencing', 'precision', 'safety awareness', 'adaptability']",,,,,,,,,,,,,,,,,
193,Space Tourism Guide,"Travel, Hospitality and Tourism",Bachelor,Arts and Social Sciences,2.0,"['Customer Service', 'Safety Protocols', 'Tour Coordination', 'Astronomy Knowledge', 'Spacecraft Systems Basic', 'Emergency Response Training', 'Navigation Systems Space', 'Communication Systems Space', 'Astronaut Training Simulation', 'Zero-G Environment Adaptation', 'Orbital Mechanics Basic', 'Public Speaking', 'First Aid Certification', 'Logistics Planning Complex', 'Customer Relations High Net Worth']","['Communication', 'Enthusiasm', 'Public Speaking']","['customer service', 'safety protocols', 'tour coordination', 'astronomy knowledge', 'spacecraft systems basic', 'emergency response training', 'navigation systems space', 'communication systems space', 'astronaut training simulation', 'zero-g environment adaptation', 'orbital mechanics basic', 'public speaking', 'first aid certification', 'logistics planning complex', 'customer relations high net worth']","['communication', 'enthusiasm', 'public speaking']","['customer service', 'safety protocols', 'tour coordination', 'astronomy knowledge', 'spacecraft systems basic', 'emergency response training', 'navigation systems space', 'communication systems space', 'astronaut training simulation', 'zero-g environment adaptation', 'orbital mechanics basic', 'public speaking', 'first aid certification', 'logistics planning complex', 'customer relations high net worth', 'communication', 'enthusiasm', 'public speaking']",,,,,,,,,,,,,,,,,
194,Smart Home Technician,Technology,nan,Engineering,1.0,"['IoT Device Installation', 'Network Configuration', 'Troubleshooting Smart Home', 'Home Automation Protocols Z-Wave, Zigbee', 'Electrical Wiring Basic', 'HVAC Systems Integration', 'Security Systems Installation', 'Audio/Video Systems Setup', 'Smart Lighting Systems', 'Voice Assistant Integration', 'Software Configuration Smart Home Apps', 'Diagnostics Tools', 'Customer Support', 'Wireless Technologies Wi-Fi, Bluetooth', 'Smart Appliance Connectivity']","['Customer Service', 'Problem-Solving', 'Technical Aptitude']","['iot device installation', 'network configuration', 'troubleshooting smart home', 'home automation protocols z-wave, zigbee', 'electrical wiring basic', 'hvac systems integration', 'security systems installation', 'audio/video systems setup', 'smart lighting systems', 'voice assistant integration', 'software configuration smart home apps', 'diagnostics tools', 'customer support', 'wireless technologies wi-fi, bluetooth', 'smart appliance connectivity']","['customer service', 'problem-solving', 'technical aptitude']","['iot device installation', 'network configuration', 'troubleshooting smart home', 'home automation protocols z-wave, zigbee', 'electrical wiring basic', 'hvac systems integration', 'security systems installation', 'audio/video systems setup', 'smart lighting systems', 'voice assistant integration', 'software configuration smart home apps', 'diagnostics tools', 'customer support', 'wireless technologies wi-fi, bluetooth', 'smart appliance connectivity', 'customer service', 'problem-solving', 'technical aptitude']",,,,,,,,,,,,,,,,,
195,Climate Tech Entrepreneur,Environmental and Sustainability,Master,Business,5.0,"['Sustainable Technologies Knowledge', 'Business Development', 'Fundraising Venture Capital, Grants', 'Market Analysis Climate Tech', 'Financial Modeling', 'Product-Market Fit', 'Intellectual Property IP Management', 'Startup Incubation', 'Carbon Accounting Basic', 'Environmental Regulations Knowledge', 'Team Building', 'Sales and Marketing Strategy', 'Pitch Deck Creation', 'Networking Industry', 'Supply Chain Management Sustainable']","['Innovation', 'Risk-Taking', 'Leadership']","['sustainable technologies knowledge', 'business development', 'fundraising venture capital, grants', 'market analysis climate tech', 'financial modeling', 'product-market fit', 'intellectual property ip management', 'startup incubation', 'carbon accounting basic', 'environmental regulations knowledge', 'team building', 'sales and marketing strategy', 'pitch deck creation', 'networking industry', 'supply chain management sustainable']","['innovation', 'risk-taking', 'leadership']","['sustainable technologies knowledge', 'business development', 'fundraising venture capital, grants', 'market analysis climate tech', 'financial modeling', 'product-market fit', 'intellectual property ip management', 'startup incubation', 'carbon accounting basic', 'environmental regulations knowledge', 'team building', 'sales and marketing strategy', 'pitch deck creation', 'networking industry', 'supply chain management sustainable', 'innovation', 'risk-taking', 'leadership']",,,,,,,,,,,,,,,,,
196,Blockchain Product Manager,Technology,Master,Computing,4.0,"['Blockchain Protocols Ethereum, Solana', 'Smart Contracts Solidity', 'Decentralized Applications dApps', 'Cryptocurrency Fundamentals', 'Product Roadmapping', 'Agile Development', 'Tokenomics', 'Web3 Technologies', 'Market Research Blockchain', 'User Experience UX Design Blockchain', 'Data Analytics Blockchain', 'Wallet Integration', 'Security Audits Blockchain', 'Community Management', 'Regulatory Compliance Blockchain']","['Strategic Vision', 'Collaboration', 'Market Analysis']","['blockchain protocols ethereum, solana', 'smart contracts solidity', 'decentralized applications dapps', 'cryptocurrency fundamentals', 'product roadmapping', 'agile development', 'tokenomics', 'web3 technologies', 'market research blockchain', 'user experience ux design blockchain', 'data analytics blockchain', 'wallet integration', 'security audits blockchain', 'community management', 'regulatory compliance blockchain']","['strategic vision', 'collaboration', 'market analysis']","['blockchain protocols ethereum, solana', 'smart contracts solidity', 'decentralized applications dapps', 'cryptocurrency fundamentals', 'product roadmapping', 'agile development', 'tokenomics', 'web3 technologies', 'market research blockchain', 'user experience ux design blockchain', 'data analytics blockchain', 'wallet integration', 'security audits blockchain', 'community management', 'regulatory compliance blockchain', 'strategic vision', 'collaboration', 'market analysis']",,,,,,,,,,,,,,,,,
197,Autonomous Vehicle Engineer,Technology,Master,Engineering,3.0,"['Machine Learning', 'Sensor Fusion LIDAR, RADAR, Camera', 'Robot Operating System ROS', 'Path Planning Algorithms', 'Control Systems', 'Computer Vision', 'Deep Learning Frameworks', 'SLAM Simultaneous Localization and Mapping', 'C++ Programming', 'Python Programming', 'Simulation Software CARLA, Gazebo', 'Data Annotation Autonomous Driving', 'ADAS Advanced Driver-Assistance Systems', 'Vehicle Dynamics', 'Embedded Systems']","['Problem-Solving', 'Teamwork', 'Innovation']","['machine learning', 'sensor fusion lidar, radar, camera', 'robot operating system ros', 'path planning algorithms', 'control systems', 'computer vision', 'deep learning frameworks', 'slam simultaneous localization and mapping', 'c++ programming', 'python programming', 'simulation software carla, gazebo', 'data annotation autonomous driving', 'adas advanced driver-assistance systems', 'vehicle dynamics', 'embedded systems']","['problem-solving', 'teamwork', 'innovation']","['machine learning', 'sensor fusion lidar, radar, camera', 'robot operating system ros', 'path planning algorithms', 'control systems', 'computer vision', 'deep learning frameworks', 'slam simultaneous localization and mapping', 'c++ programming', 'python programming', 'simulation software carla, gazebo', 'data annotation autonomous driving', 'adas advanced driver-assistance systems', 'vehicle dynamics', 'embedded systems', 'problem-solving', 'teamwork', 'innovation']",,,,,,,,,,,,,,,,,
198,IoT (Internet of Things) Engineer,Technology,Bachelor,Engineering,2.0,"['Embedded Systems Programming', 'Wireless Protocols Wi-Fi, Bluetooth, LoRaWAN', 'Cloud Integration AWS IoT, Azure IoT Hub', 'Sensor Interfacing', 'Network Security IoT', 'Data Acquisition IoT', 'Microcontroller Programming Arduino, ESP32', 'Firmware Development', 'API Development IoT', 'Hardware Prototyping', 'Data Analytics IoT', 'MQTT Protocol', 'Edge Computing', 'Cybersecurity IoT', 'System Integration']","['Analytical Thinking', 'Collaboration', 'Creativity']","['embedded systems programming', 'wireless protocols wi-fi, bluetooth, lorawan', 'cloud integration aws iot, azure iot hub', 'sensor interfacing', 'network security iot', 'data acquisition iot', 'microcontroller programming arduino, esp32', 'firmware development', 'api development iot', 'hardware prototyping', 'data analytics iot', 'mqtt protocol', 'edge computing', 'cybersecurity iot', 'system integration']","['analytical thinking', 'collaboration', 'creativity']","['embedded systems programming', 'wireless protocols wi-fi, bluetooth, lorawan', 'cloud integration aws iot, azure iot hub', 'sensor interfacing', 'network security iot', 'data acquisition iot', 'microcontroller programming arduino, esp32', 'firmware development', 'api development iot', 'hardware prototyping', 'data analytics iot', 'mqtt protocol', 'edge computing', 'cybersecurity iot', 'system integration', 'analytical thinking', 'collaboration', 'creativity']",,,,,,,,,,,,,,,,,
199,Digital Twin Engineer,Technology,Master,Engineering,3.0,"['3D Modeling Software SolidWorks, Revit', 'Simulation Software Ansys, Simulink', 'Data Analytics Digital Twin', 'IoT Integration', 'Cloud Computing Platforms', 'Sensor Data Acquisition', 'Real-time Data Processing', 'Machine Learning for Digital Twins', 'CAD/CAM', 'System Integration', 'Predictive Maintenance', 'Virtual Commissioning', 'Cyber-Physical Systems', 'Data Visualization 3D', 'API Development']","['Attention to Detail', 'Problem-Solving', 'Interdisciplinary Collaboration']","['3d modeling software solidworks, revit', 'simulation software ansys, simulink', 'data analytics digital twin', 'iot integration', 'cloud computing platforms', 'sensor data acquisition', 'real-time data processing', 'machine learning for digital twins', 'cad/cam', 'system integration', 'predictive maintenance', 'virtual commissioning', 'cyber-physical systems', 'data visualization 3d', 'api development']","['attention to detail', 'problem-solving', 'interdisciplinary collaboration']","['3d modeling software solidworks, revit', 'simulation software ansys, simulink', 'data analytics digital twin', 'iot integration', 'cloud computing platforms', 'sensor data acquisition', 'real-time data processing', 'machine learning for digital twins', 'cad/cam', 'system integration', 'predictive maintenance', 'virtual commissioning', 'cyber-physical systems', 'data visualization 3d', 'api development', 'attention to detail', 'problem-solving', 'interdisciplinary collaboration']",,,,,,,,,,,,,,,,,
200,Ethical Hacker,Technology,Bachelor,Computing,3.0,"['Penetration Testing Tools Metasploit, Nmap', 'Network Security Principles', 'Vulnerability Assessment Tools Nessus, OpenVAS', 'Operating Systems Linux, Windows Server', 'Programming Languages Python, Bash, PowerShell', 'Web Application Security OWASP Top 10', 'Cloud Security AWS, Azure, GCP', 'Wireless Network Security', 'Reverse Engineering', 'Forensic Analysis Digital', 'Social Engineering Techniques', 'Encryption Technologies', 'Security Information and Event Management SIEM', 'Incident Response', 'Compliance Frameworks ISO 27001, NIST']","['Curiosity', 'Ethical Judgment', 'Problem-Solving']","['penetration testing tools metasploit, nmap', 'network security principles', 'vulnerability assessment tools nessus, openvas', 'operating systems linux, windows server', 'programming languages python, bash, powershell', 'web application security owasp top 10', 'cloud security aws, azure, gcp', 'wireless network security', 'reverse engineering', 'forensic analysis digital', 'social engineering techniques', 'encryption technologies', 'security information and event management siem', 'incident response', 'compliance frameworks iso 27001, nist']","['curiosity', 'ethical judgment', 'problem-solving']","['penetration testing tools metasploit, nmap', 'network security principles', 'vulnerability assessment tools nessus, openvas', 'operating systems linux, windows server', 'programming languages python, bash, powershell', 'web application security owasp top 10', 'cloud security aws, azure, gcp', 'wireless network security', 'reverse engineering', 'forensic analysis digital', 'social engineering techniques', 'encryption technologies', 'security information and event management siem', 'incident response', 'compliance frameworks iso 27001, nist', 'curiosity', 'ethical judgment', 'problem-solving']",,,,,,,,,,,,,,,,,
1,Product Manager,Education,,,,,,,,,Meta,"Austin, USA",Full-time,Entry level,"Python, Node.js, SQL, JavaScript, Power BI, Machine Learning",53278.0,99326.0,True,25-04-2023,76302.0,4422074.0,8244058.0,6333066.0,44.22074,82.44058,63.33066,"['python', 'node.js', 'sql', 'javascript', 'power bi', 'machine learning']"
2,Product Manager,E-commerce,,,,,,,,,Oracle,"London, UK",Full-time,Mid level,"AWS, Java, JavaScript, Azure, SQL",76062.0,141049.0,True,28-07-2024,108555.5,6313146.0,11707067.0,9010106.5,63.13146,117.07067,90.101065,"['aws', 'java', 'javascript', 'azure', 'sql']"
3,Machine Learning Engineer,Education,,,,,,,,,Salesforce,"London, UK",Full-time,Director,"Node.js, Docker, SQL",62676.0,119728.0,False,25-01-2024,91202.0,5202108.0,9937424.0,7569766.0,52.02108,99.37424,75.69766,"['node.js', 'docker', 'sql']"
4,Data Analyst,Finance,,,,,,,,,StartupX,"Seattle, USA",Contract,Entry level,"Docker, AWS, Kubernetes",75203.0,94319.0,False,06-01-2024,84761.0,6241849.0,7828477.0,7035163.0,62.41849,78.28477,70.35163,"['docker', 'aws', 'kubernetes']"
5,Product Manager,Education,,,,,,,,,StartupX,"London, UK",Full-time,Mid level,"Java, Kubernetes, Docker, AWS",98520.0,155086.0,True,16-06-2023,126803.0,8177160.0,12872138.0,10524649.0,81.7716,128.72138,105.24649,"['java', 'kubernetes', 'docker', 'aws']"
6,Data Analyst,Finance,,,,,,,,,Tesla,"Toronto, Canada",Contract,Entry level,"JavaScript, Excel, Kubernetes, Docker, React",57331.0,97352.0,False,29-11-2023,77341.5,4758473.0,8080216.0,6419344.5,47.58473,80.80216,64.193445,"['javascript', 'excel', 'kubernetes', 'docker', 'react']"
7,Product Manager,Education,,,,,,,,,FinTechHub,Remote,Contract,Director,"Azure, JavaScript, Java, Machine Learning, Kubernetes, SQL",84718.0,113019.0,True,27-05-2023,98868.5,7031594.0,9380577.0,8206085.5,70.31594,93.80577,82.060855,"['azure', 'javascript', 'java', 'machine learning', 'kubernetes', 'sql']"
8,DevOps Engineer,Education,,,,,,,,,Salesforce,"San Francisco, USA",Internship,Director,"Machine Learning, AWS, Node.js, Python, Excel, SQL",70033.0,101002.0,False,23-04-2023,85517.5,5812739.0,8383166.0,7097952.5,58.12739,83.83166,70.979525,"['machine learning', 'aws', 'node.js', 'python', 'excel', 'sql']"
9,DevOps Engineer,Education,,,,,,,,,Amazon,"Bangalore, India",Full-time,Senior level,"Machine Learning, SQL, Excel, AWS",64621.0,113090.0,True,15-12-2023,88855.5,5363543.0,9386470.0,7375006.5,53.63543,93.8647,73.750065,"['machine learning', 'sql', 'excel', 'aws']"
10,Marketing Analyst,Technology,,,,,,,,,Adobe,"New York, USA",Contract,Director,"Node.js, Azure, Tableau",99009.0,130183.0,False,06-06-2023,114596.0,8217747.0,10805189.0,9511468.0,82.17747,108.05189,95.11468,"['node.js', 'azure', 'tableau']"
11,AI Researcher,Education,,,,,,,,,Microsoft,"San Francisco, USA",Internship,Entry level,"Java, Excel, Kubernetes, Machine Learning",57592.0,99163.0,True,03-09-2023,78377.5,4780136.0,8230529.0,6505332.5,47.80136,82.30529,65.053325,"['java', 'excel', 'kubernetes', 'machine learning']"
12,Product Manager,Healthcare,,,,,,,,,Adobe,"Seattle, USA",Contract,Director,"Node.js, Machine Learning, Kubernetes, SQL, JavaScript, Excel",119163.0,184624.0,True,29-09-2023,151893.5,9890529.0,15323792.0,12607160.5,98.90529,153.23792,126.071605,"['node.js', 'machine learning', 'kubernetes', 'sql', 'javascript', 'excel']"
13,AI Researcher,Finance,,,,,,,,,Meta,"New York, USA",Full-time,Entry level,"Node.js, Python, Azure",52757.0,92918.0,True,13-12-2023,72837.5,4378831.0,7712194.0,6045512.5,43.78831,77.12194,60.455125,"['node.js', 'python', 'azure']"
14,Full Stack Developer,Finance,,,,,,,,,Meta,Remote,Part-time,Director,"Tableau, Docker, JavaScript, SQL, Power BI, React",81195.0,127695.0,False,10-06-2024,104445.0,6739185.0,10598685.0,8668935.0,67.39185,105.98685,86.68935,"['tableau', 'docker', 'javascript', 'sql', 'power bi', 'react']"
15,Data Analyst,Healthcare,,,,,,,,,StartupX,"San Francisco, USA",Full-time,Director,"JavaScript, Node.js, React",103883.0,175096.0,False,09-03-2024,139489.5,8622289.0,14532968.0,11577628.5,86.22289,145.32968,115.776285,"['javascript', 'node.js', 'react']"
16,Business Analyst,Education,,,,,,,,,Oracle,"Seattle, USA",Full-time,Director,"Python, Excel, Machine Learning",105296.0,139346.0,True,24-05-2023,122321.0,8739568.0,11565718.0,10152643.0,87.39568,115.65718,101.52643,"['python', 'excel', 'machine learning']"
17,DevOps Engineer,Technology,,,,,,,,,Oracle,"Bangalore, India",Part-time,Director,"Docker, Python, Node.js, AWS",80982.0,112780.0,False,06-04-2023,96881.0,6721506.0,9360740.0,8041123.0,67.21506,93.6074,80.41123,"['docker', 'python', 'node.js', 'aws']"
18,Software Engineer,Education,,,,,,,,,Meta,"London, UK",Part-time,Entry level,"Power BI, Azure, Python",105444.0,179232.0,True,20-10-2023,142338.0,8751852.0,14876256.0,11814054.0,87.51852,148.76256,118.14054,"['power bi', 'azure', 'python']"
19,Marketing Analyst,Technology,,,,,,,,,Amazon,"New York, USA",Full-time,Mid level,"Excel, React, JavaScript",112493.0,188402.0,False,21-08-2024,150447.5,9336919.0,15637366.0,12487142.5,93.36919,156.37366,124.871425,"['excel', 'react', 'javascript']"
20,AI Researcher,Finance,,,,,,,,,Microsoft,"Toronto, Canada",Contract,Senior level,"JavaScript, AWS, Docker, Java, Excel",82271.0,97480.0,False,03-05-2023,89875.5,6828493.0,8090840.0,7459666.5,68.28493,80.9084,74.596665,"['javascript', 'aws', 'docker', 'java', 'excel']"
21,Data Analyst,Education,,,,,,,,,Oracle,"San Francisco, USA",Full-time,Mid level,"Java, Azure, SQL, JavaScript, React",91441.0,110949.0,False,13-04-2024,101195.0,7589603.0,9208767.0,8399185.0,75.89603,92.08767,83.99185,"['java', 'azure', 'sql', 'javascript', 'react']"
22,AI Researcher,Technology,,,,,,,,,StartupX,Remote,Full-time,Senior level,"AWS, SQL, React, Power BI",107433.0,157084.0,True,11-06-2023,132258.5,8916939.0,13037972.0,10977455.5,89.16939,130.37972,109.774555,"['aws', 'sql', 'react', 'power bi']"
23,Machine Learning Engineer,Technology,,,,,,,,,Meta,"London, UK",Internship,Senior level,"Excel, Docker, AWS",86930.0,124537.0,True,06-10-2023,105733.5,7215190.0,10336571.0,8775880.5,72.1519,103.36571,87.758805,"['excel', 'docker', 'aws']"
24,Business Analyst,Technology,,,,,,,,,Amazon,"Bangalore, India",Internship,Entry level,"Node.js, Power BI, Java",93719.0,120865.0,True,04-01-2023,107292.0,7778677.0,10031795.0,8905236.0,77.78677,100.31795,89.05236,"['node.js', 'power bi', 'java']"
25,Software Engineer,Healthcare,,,,,,,,,Google,"London, UK",Contract,Entry level,"Excel, JavaScript, Node.js, SQL",69410.0,135743.0,False,14-01-2024,102576.5,5761030.0,11266669.0,8513849.5,57.6103,112.66669,85.138495,"['excel', 'javascript', 'node.js', 'sql']"
26,Product Manager,Finance,,,,,,,,,Amazon,"Austin, USA",Internship,Entry level,"Tableau, Docker, Node.js, Excel, JavaScript",103264.0,133521.0,False,27-07-2024,118392.5,8570912.0,11082243.0,9826577.5,85.70912,110.82243,98.265775,"['tableau', 'docker', 'node.js', 'excel', 'javascript']"
27,Data Analyst,Healthcare,,,,,,,,,Oracle,"Seattle, USA",Part-time,Director,"React, Tableau, JavaScript, Node.js, Python",64168.0,124308.0,True,13-06-2023,94238.0,5325944.0,10317564.0,7821754.0,53.25944,103.17564,78.21754,"['react', 'tableau', 'javascript', 'node.js', 'python']"
28,Data Scientist,Technology,,,,,,,,,Netflix,"Berlin, Germany",Internship,Senior level,"Node.js, AWS, Java",93025.0,139542.0,False,13-02-2024,116283.5,7721075.0,11581986.0,9651530.5,77.21075,115.81986,96.515305,"['node.js', 'aws', 'java']"
29,Machine Learning Engineer,E-commerce,,,,,,,,,FinTechHub,"Berlin, Germany",Internship,Entry level,"AWS, Python, Power BI, Docker",64208.0,131167.0,True,09-02-2023,97687.5,5329264.0,10886861.0,8108062.5,53.29264,108.86861,81.080625,"['aws', 'python', 'power bi', 'docker']"
30,DevOps Engineer,Healthcare,,,,,,,,,Microsoft,"Berlin, Germany",Contract,Entry level,"Excel, Docker, Azure, React, AWS",75825.0,133564.0,True,16-06-2024,104694.5,6293475.0,11085812.0,8689643.5,62.93475,110.85812,86.896435,"['excel', 'docker', 'azure', 'react', 'aws']"
31,Software Engineer,Healthcare,,,,,,,,,Salesforce,"London, UK",Internship,Entry level,"JavaScript, Docker, Tableau, Data Visualization, Power BI",105108.0,164803.0,False,16-07-2023,134955.5,8723964.0,13678649.0,11201306.5,87.23964,136.78649,112.013065,"['javascript', 'docker', 'tableau', 'data visualization', 'power bi']"
32,Product Manager,Healthcare,,,,,,,,,Adobe,"Bangalore, India",Part-time,Entry level,"SQL, React, Tableau, JavaScript, Excel",107905.0,175859.0,False,21-04-2024,141882.0,8956115.0,14596297.0,11776206.0,89.56115,145.96297,117.76206,"['sql', 'react', 'tableau', 'javascript', 'excel']"
33,Data Analyst,E-commerce,,,,,,,,,Google,"Seattle, USA",Internship,Entry level,"Node.js, Excel, Data Visualization, JavaScript, Docker, Kubernetes",76100.0,105413.0,False,19-08-2023,90756.5,6316300.0,8749279.0,7532789.5,63.163,87.49279,75.327895,"['node.js', 'excel', 'data visualization', 'javascript', 'docker', 'kubernetes']"
34,Data Scientist,Technology,,,,,,,,,IBM,"Seattle, USA",Part-time,Director,"Node.js, React, SQL, Kubernetes",69342.0,80068.0,True,07-09-2023,74705.0,5755386.0,6645644.0,6200515.0,57.55386,66.45644,62.00515,"['node.js', 'react', 'sql', 'kubernetes']"
35,Full Stack Developer,Finance,,,,,,,,,Salesforce,Remote,Internship,Director,"Kubernetes, AWS, Tableau, JavaScript, Excel, React",119616.0,171204.0,False,20-04-2024,145410.0,9928128.0,14209932.0,12069030.0,99.28128,142.09932,120.6903,"['kubernetes', 'aws', 'tableau', 'javascript', 'excel', 'react']"
36,Data Scientist,Healthcare,,,,,,,,,FinTechHub,"London, UK",Part-time,Senior level,"Node.js, Machine Learning, SQL, Java, Power BI",85992.0,153646.0,True,02-09-2023,119819.0,7137336.0,12752618.0,9944977.0,71.37336,127.52618,99.44977,"['node.js', 'machine learning', 'sql', 'java', 'power bi']"
37,Data Scientist,E-commerce,,,,,,,,,IBM,"Toronto, Canada",Contract,Director,"JavaScript, React, Docker",70028.0,108071.0,False,28-01-2024,89049.5,5812324.0,8969893.0,7391108.5,58.12324,89.69893,73.911085,"['javascript', 'react', 'docker']"
38,Full Stack Developer,E-commerce,,,,,,,,,Google,"Berlin, Germany",Contract,Director,"Kubernetes, JavaScript, AWS, Docker",52560.0,112417.0,False,21-08-2024,82488.5,4362480.0,9330611.0,6846545.5,43.6248,93.30611,68.465455,"['kubernetes', 'javascript', 'aws', 'docker']"
39,DevOps Engineer,Education,,,,,,,,,FinTechHub,"Austin, USA",Internship,Mid level,"Node.js, Docker, Data Visualization",100968.0,155025.0,True,30-01-2023,127996.5,8380344.0,12867075.0,10623709.5,83.80344,128.67075,106.237095,"['node.js', 'docker', 'data visualization']"
40,Full Stack Developer,Healthcare,,,,,,,,,Amazon,"New York, USA",Contract,Director,"Kubernetes, Azure, React, Docker",106179.0,133965.0,False,27-03-2023,120072.0,8812857.0,11119095.0,9965976.0,88.12857,111.19095,99.65976,"['kubernetes', 'azure', 'react', 'docker']"
41,Full Stack Developer,Finance,,,,,,,,,Google,Remote,Full-time,Senior level,"Tableau, Excel, Python",83065.0,103800.0,True,07-03-2024,93432.5,6894395.0,8615400.0,7754897.5,68.94395,86.154,77.548975,"['tableau', 'excel', 'python']"
42,AI Researcher,Technology,,,,,,,,,Amazon,"Seattle, USA",Part-time,Director,"Kubernetes, Power BI, AWS, Azure",76130.0,88801.0,True,11-09-2023,82465.5,6318790.0,7370483.0,6844636.5,63.1879,73.70483,68.446365,"['kubernetes', 'power bi', 'aws', 'azure']"
43,Data Scientist,E-commerce,,,,,,,,,Salesforce,"New York, USA",Contract,Director,"SQL, Data Visualization, Power BI, Excel",71465.0,122233.0,True,28-04-2023,96849.0,5931595.0,10145339.0,8038467.0,59.31595,101.45339,80.38467,"['sql', 'data visualization', 'power bi', 'excel']"
44,AI Researcher,Technology,,,,,,,,,Google,"Berlin, Germany",Internship,Senior level,"Python, React, Docker, Kubernetes, SQL",89529.0,115395.0,False,15-04-2023,102462.0,7430907.0,9577785.0,8504346.0,74.30907,95.77785,85.04346,"['python', 'react', 'docker', 'kubernetes', 'sql']"
45,DevOps Engineer,E-commerce,,,,,,,,,Amazon,Remote,Contract,Director,"React, Power BI, Data Visualization, AWS, Azure, JavaScript",110258.0,140310.0,True,06-01-2024,125284.0,9151414.0,11645730.0,10398572.0,91.51414,116.4573,103.98572,"['react', 'power bi', 'data visualization', 'aws', 'azure', 'javascript']"
46,Full Stack Developer,E-commerce,,,,,,,,,Salesforce,"Toronto, Canada",Contract,Entry level,"Java, Kubernetes, JavaScript, Azure, AWS",109087.0,151050.0,False,13-10-2023,130068.5,9054221.0,12537150.0,10795685.5,90.54221,125.3715,107.956855,"['java', 'kubernetes', 'javascript', 'azure', 'aws']"
47,Marketing Analyst,E-commerce,,,,,,,,,Meta,"San Francisco, USA",Part-time,Director,"Power BI, Kubernetes, Excel, Node.js",86211.0,97541.0,False,14-10-2023,91876.0,7155513.0,8095903.0,7625708.0,71.55513,80.95903,76.25708,"['power bi', 'kubernetes', 'excel', 'node.js']"
48,Business Analyst,Education,,,,,,,,,Meta,"Toronto, Canada",Part-time,Senior level,"Kubernetes, Machine Learning, React, Azure, Docker",52260.0,74456.0,False,03-04-2024,63358.0,4337580.0,6179848.0,5258714.0,43.3758,61.79848,52.58714,"['kubernetes', 'machine learning', 'react', 'azure', 'docker']"
49,Business Analyst,Healthcare,,,,,,,,,Netflix,"Seattle, USA",Full-time,Mid level,"Power BI, Machine Learning, Tableau",109473.0,154982.0,True,27-12-2023,132227.5,9086259.0,12863506.0,10974882.5,90.86259,128.63506,109.748825,"['power bi', 'machine learning', 'tableau']"
50,Business Analyst,Finance,,,,,,,,,FinTechHub,Remote,Contract,Entry level,"JavaScript, Azure, Java, AWS, Python",78361.0,151825.0,True,16-07-2023,115093.0,6503963.0,12601475.0,9552719.0,65.03963,126.01475,95.52719,"['javascript', 'azure', 'java', 'aws', 'python']"
51,Marketing Analyst,Technology,,,,,,,,,Netflix,"Austin, USA",Internship,Entry level,"Kubernetes, Node.js, React, Azure, Java",55965.0,73111.0,True,08-10-2023,64538.0,4645095.0,6068213.0,5356654.0,46.45095,60.68213,53.56654,"['kubernetes', 'node.js', 'react', 'azure', 'java']"
52,Data Scientist,Finance,,,,,,,,,IBM,"Bangalore, India",Full-time,Entry level,"Tableau, Data Visualization, AWS, SQL",112616.0,137569.0,True,16-09-2023,125092.5,9347128.0,11418227.0,10382677.5,93.47128,114.18227,103.826775,"['tableau', 'data visualization', 'aws', 'sql']"
53,Marketing Analyst,Education,,,,,,,,,IBM,"Bangalore, India",Internship,Senior level,"AWS, Data Visualization, React, Python, Tableau, SQL",104548.0,144129.0,True,02-05-2023,124338.5,8677484.0,11962707.0,10320095.5,86.77484,119.62707,103.200955,"['aws', 'data visualization', 'react', 'python', 'tableau', 'sql']"
54,Software Engineer,Technology,,,,,,,,,Meta,"Austin, USA",Full-time,Mid level,"Kubernetes, Power BI, Data Visualization, Node.js, AWS, Python",84687.0,105328.0,True,05-08-2023,95007.5,7029021.0,8742224.0,7885622.5,70.29021,87.42224,78.856225,"['kubernetes', 'power bi', 'data visualization', 'node.js', 'aws', 'python']"
55,Data Scientist,E-commerce,,,,,,,,,StartupX,"Seattle, USA",Contract,Mid level,"Machine Learning, JavaScript, Excel",87056.0,156566.0,True,23-10-2023,121811.0,7225648.0,12994978.0,10110313.0,72.25648,129.94978,101.10313,"['machine learning', 'javascript', 'excel']"
56,Data Analyst,Technology,,,,,,,,,Amazon,"London, UK",Contract,Director,"Power BI, AWS, Node.js, Docker, React, Machine Learning",68643.0,88002.0,False,30-09-2023,78322.5,5697369.0,7304166.0,6500767.5,56.97369,73.04166,65.007675,"['power bi', 'aws', 'node.js', 'docker', 'react', 'machine learning']"
57,DevOps Engineer,Technology,,,,,,,,,FinTechHub,"Berlin, Germany",Contract,Entry level,"Excel, React, Data Visualization, Tableau",60543.0,75767.0,True,24-03-2024,68155.0,5025069.0,6288661.0,5656865.0,50.25069,62.88661,56.56865,"['excel', 'react', 'data visualization', 'tableau']"
58,Full Stack Developer,Education,,,,,,,,,Adobe,"Bangalore, India",Contract,Mid level,"Excel, React, Kubernetes, SQL, Tableau, Azure",55273.0,88235.0,False,03-10-2023,71754.0,4587659.0,7323505.0,5955582.0,45.87659,73.23505,59.55582,"['excel', 'react', 'kubernetes', 'sql', 'tableau', 'azure']"
59,Software Engineer,E-commerce,,,,,,,,,Tesla,"Toronto, Canada",Internship,Senior level,"Kubernetes, SQL, Azure",92081.0,115791.0,False,08-12-2023,103936.0,7642723.0,9610653.0,8626688.0,76.42723,96.10653,86.26688,"['kubernetes', 'sql', 'azure']"
60,Marketing Analyst,Technology,,,,,,,,,Google,Remote,Internship,Director,"Machine Learning, Azure, Data Visualization, Kubernetes",65194.0,128170.0,False,28-11-2023,96682.0,5411102.0,10638110.0,8024606.0,54.11102,106.3811,80.24606,"['machine learning', 'azure', 'data visualization', 'kubernetes']"
61,Marketing Analyst,Technology,,,,,,,,,Amazon,"London, UK",Internship,Director,"Excel, Data Visualization, Tableau",76680.0,121683.0,True,22-02-2023,99181.5,6364440.0,10099689.0,8232064.5,63.6444,100.99689,82.320645,"['excel', 'data visualization', 'tableau']"
62,Marketing Analyst,E-commerce,,,,,,,,,IBM,"San Francisco, USA",Part-time,Entry level,"Excel, React, Java",90730.0,102522.0,False,12-06-2023,96626.0,7530590.0,8509326.0,8019958.0,75.3059,85.09326,80.19958,"['excel', 'react', 'java']"
63,DevOps Engineer,Education,,,,,,,,,Oracle,"Bangalore, India",Part-time,Director,"Docker, JavaScript, Data Visualization, Machine Learning",116698.0,162536.0,True,26-10-2023,139617.0,9685934.0,13490488.0,11588211.0,96.85934,134.90488,115.88211,"['docker', 'javascript', 'data visualization', 'machine learning']"
64,Machine Learning Engineer,Healthcare,,,,,,,,,Adobe,"London, UK",Full-time,Senior level,"React, Java, Kubernetes, Machine Learning, Tableau, Azure",86208.0,150595.0,False,13-03-2023,118401.5,7155264.0,12499385.0,9827324.5,71.55264,124.99385,98.273245,"['react', 'java', 'kubernetes', 'machine learning', 'tableau', 'azure']"
65,Machine Learning Engineer,E-commerce,,,,,,,,,Meta,"Seattle, USA",Internship,Mid level,"Azure, Power BI, Kubernetes",99441.0,169123.0,False,19-07-2024,134282.0,8253603.0,14037209.0,11145406.0,82.53603,140.37209,111.45406,"['azure', 'power bi', 'kubernetes']"
66,Data Analyst,E-commerce,,,,,,,,,Amazon,Remote,Contract,Entry level,"Machine Learning, Kubernetes, Python",69936.0,144859.0,True,31-01-2024,107397.5,5804688.0,12023297.0,8913992.5,58.04688,120.23297,89.139925,"['machine learning', 'kubernetes', 'python']"
67,Full Stack Developer,Healthcare,,,,,,,,,Netflix,"Berlin, Germany",Internship,Entry level,"Azure, Excel, Power BI, Kubernetes, Machine Learning, Python",70232.0,90039.0,True,24-02-2024,80135.5,5829256.0,7473237.0,6651246.5,58.29256,74.73237,66.512465,"['azure', 'excel', 'power bi', 'kubernetes', 'machine learning', 'python']"
68,Data Scientist,Finance,,,,,,,,,IBM,"San Francisco, USA",Full-time,Director,"Node.js, Python, React, Azure, Tableau",87667.0,127484.0,False,29-08-2023,107575.5,7276361.0,10581172.0,8928766.5,72.76361,105.81172,89.287665,"['node.js', 'python', 'react', 'azure', 'tableau']"
69,Software Engineer,Finance,,,,,,,,,Meta,Remote,Internship,Mid level,"SQL, Data Visualization, Docker, React",99131.0,165581.0,True,03-01-2024,132356.0,8227873.0,13743223.0,10985548.0,82.27873,137.43223,109.85548,"['sql', 'data visualization', 'docker', 'react']"
70,Full Stack Developer,Technology,,,,,,,,,StartupX,"London, UK",Internship,Senior level,"Node.js, AWS, Excel, Machine Learning, Java, SQL",68758.0,109191.0,False,24-05-2024,88974.5,5706914.0,9062853.0,7384883.5,57.06914,90.62853,73.848835,"['node.js', 'aws', 'excel', 'machine learning', 'java', 'sql']"
71,Business Analyst,E-commerce,,,,,,,,,Oracle,"London, UK",Part-time,Director,"JavaScript, Docker, Data Visualization",89210.0,154825.0,False,20-12-2023,122017.5,7404430.0,12850475.0,10127452.5,74.0443,128.50475,101.274525,"['javascript', 'docker', 'data visualization']"
72,Data Analyst,Education,,,,,,,,,StartupX,"Toronto, Canada",Contract,Entry level,"Node.js, Data Visualization, Power BI",88780.0,137476.0,False,11-08-2024,113128.0,7368740.0,11410508.0,9389624.0,73.6874,114.10508,93.89624,"['node.js', 'data visualization', 'power bi']"
73,Product Manager,Technology,,,,,,,,,StartupX,"Seattle, USA",Contract,Mid level,"AWS, Tableau, Kubernetes",80162.0,136341.0,True,21-10-2023,108251.5,6653446.0,11316303.0,8984874.5,66.53446,113.16303,89.848745,"['aws', 'tableau', 'kubernetes']"
74,Data Scientist,Finance,,,,,,,,,Netflix,"Berlin, Germany",Internship,Mid level,"Tableau, Machine Learning, Azure, React",97823.0,125047.0,False,16-08-2024,111435.0,8119309.0,10378901.0,9249105.0,81.19309,103.78901,92.49105,"['tableau', 'machine learning', 'azure', 'react']"
75,Business Analyst,Technology,,,,,,,,,FinTechHub,"Berlin, Germany",Full-time,Director,"Tableau, JavaScript, Excel, Power BI",83681.0,156837.0,False,18-06-2023,120259.0,6945523.0,13017471.0,9981497.0,69.45523,130.17471,99.81497,"['tableau', 'javascript', 'excel', 'power bi']"
76,DevOps Engineer,Healthcare,,,,,,,,,Google,"London, UK",Full-time,Director,"Data Visualization, Docker, Excel, Azure, SQL",97942.0,119778.0,True,24-07-2024,108860.0,8129186.0,9941574.0,9035380.0,81.29186,99.41574,90.3538,"['data visualization', 'docker', 'excel', 'azure', 'sql']"
77,AI Researcher,E-commerce,,,,,,,,,Meta,"San Francisco, USA",Internship,Senior level,"Java, Python, React",53280.0,106272.0,False,27-04-2024,79776.0,4422240.0,8820576.0,6621408.0,44.2224,88.20576,66.21408,"['java', 'python', 'react']"
78,Product Manager,Healthcare,,,,,,,,,Adobe,"Austin, USA",Internship,Director,"Data Visualization, Power BI, React, Java, Docker, SQL",65220.0,87959.0,False,19-05-2024,76589.5,5413260.0,7300597.0,6356928.5,54.1326,73.00597,63.569285,"['data visualization', 'power bi', 'react', 'java', 'docker', 'sql']"
79,Machine Learning Engineer,Healthcare,,,,,,,,,Meta,"Bangalore, India",Internship,Mid level,"Excel, Azure, Machine Learning",86666.0,100954.0,False,22-02-2024,93810.0,7193278.0,8379182.0,7786230.0,71.93278,83.79182,77.8623,"['excel', 'azure', 'machine learning']"
80,Product Manager,Education,,,,,,,,,Microsoft,"Bangalore, India",Full-time,Mid level,"Python, Tableau, Azure",102184.0,148344.0,True,04-03-2023,125264.0,8481272.0,12312552.0,10396912.0,84.81272,123.12552,103.96912,"['python', 'tableau', 'azure']"
81,Marketing Analyst,Finance,,,,,,,,,Meta,"Seattle, USA",Part-time,Senior level,"AWS, React, Java",76896.0,95888.0,True,09-05-2023,86392.0,6382368.0,7958704.0,7170536.0,63.82368,79.58704,71.70536,"['aws', 'react', 'java']"
82,Data Scientist,Healthcare,,,,,,,,,StartupX,"New York, USA",Part-time,Entry level,"Data Visualization, Azure, Python, Java",82853.0,115724.0,False,07-07-2024,99288.5,6876799.0,9605092.0,8240945.5,68.76799,96.05092,82.409455,"['data visualization', 'azure', 'python', 'java']"
83,Marketing Analyst,Healthcare,,,,,,,,,Microsoft,"San Francisco, USA",Internship,Director,"Kubernetes, Machine Learning, JavaScript",66614.0,131790.0,True,23-02-2023,99202.0,5528962.0,10938570.0,8233766.0,55.28962,109.3857,82.33766,"['kubernetes', 'machine learning', 'javascript']"
84,Data Analyst,Technology,,,,,,,,,Google,"Bangalore, India",Internship,Director,"Power BI, Kubernetes, SQL, Tableau, Azure, Data Visualization",89535.0,159571.0,True,17-06-2024,124553.0,7431405.0,13244393.0,10337899.0,74.31405,132.44393,103.37899,"['power bi', 'kubernetes', 'sql', 'tableau', 'azure', 'data visualization']"
85,AI Researcher,Education,,,,,,,,,StartupX,Remote,Contract,Director,"Kubernetes, Machine Learning, Data Visualization, Docker, SQL",66540.0,112586.0,True,09-03-2023,89563.0,5522820.0,9344638.0,7433729.0,55.2282,93.44638,74.33729,"['kubernetes', 'machine learning', 'data visualization', 'docker', 'sql']"
86,Full Stack Developer,E-commerce,,,,,,,,,Meta,"Toronto, Canada",Contract,Director,"Power BI, SQL, Azure, Docker, Tableau, AWS",78183.0,144553.0,False,18-07-2024,111368.0,6489189.0,11997899.0,9243544.0,64.89189,119.97899,92.43544,"['power bi', 'sql', 'azure', 'docker', 'tableau', 'aws']"
87,Data Scientist,Healthcare,,,,,,,,,Microsoft,"San Francisco, USA",Internship,Entry level,"Machine Learning, Python, Data Visualization, Node.js",112163.0,130962.0,False,06-06-2023,121562.5,9309529.0,10869846.0,10089687.5,93.09529,108.69846,100.896875,"['machine learning', 'python', 'data visualization', 'node.js']"
88,DevOps Engineer,Healthcare,,,,,,,,,FinTechHub,"New York, USA",Contract,Senior level,"Data Visualization, Machine Learning, JavaScript",103845.0,160191.0,True,06-05-2023,132018.0,8619135.0,13295853.0,10957494.0,86.19135,132.95853,109.57494,"['data visualization', 'machine learning', 'javascript']"
89,Machine Learning Engineer,Education,,,,,,,,,Adobe,"Berlin, Germany",Full-time,Senior level,"Tableau, Docker, Machine Learning, Data Visualization",79392.0,103576.0,True,08-05-2024,91484.0,6589536.0,8596808.0,7593172.0,65.89536,85.96808,75.93172,"['tableau', 'docker', 'machine learning', 'data visualization']"
90,Business Analyst,Technology,,,,,,,,,FinTechHub,"London, UK",Contract,Senior level,"React, Java, Data Visualization, Excel",53794.0,87441.0,False,01-10-2023,70617.5,4464902.0,7257603.0,5861252.5,44.64902,72.57603,58.612525,"['react', 'java', 'data visualization', 'excel']"
91,Data Scientist,E-commerce,,,,,,,,,FinTechHub,Remote,Part-time,Director,"Azure, Java, Node.js, AWS, Tableau, Data Visualization",68595.0,82613.0,True,13-03-2023,75604.0,5693385.0,6856879.0,6275132.0,56.93385,68.56879,62.75132,"['azure', 'java', 'node.js', 'aws', 'tableau', 'data visualization']"
92,AI Researcher,E-commerce,,,,,,,,,Google,"San Francisco, USA",Contract,Director,"Data Visualization, Kubernetes, Docker, AWS, JavaScript, Machine Learning",70392.0,101024.0,True,23-02-2023,85708.0,5842536.0,8384992.0,7113764.0,58.42536,83.84992,71.13764,"['data visualization', 'kubernetes', 'docker', 'aws', 'javascript', 'machine learning']"
93,Business Analyst,Finance,,,,,,,,,StartupX,"Bangalore, India",Contract,Entry level,"Data Visualization, Python, React, JavaScript, AWS, Power BI",106349.0,130883.0,True,20-12-2023,118616.0,8826967.0,10863289.0,9845128.0,88.26967,108.63289,98.45128,"['data visualization', 'python', 'react', 'javascript', 'aws', 'power bi']"
94,Data Scientist,Finance,,,,,,,,,Google,"Bangalore, India",Internship,Mid level,"Machine Learning, Power BI, JavaScript, Node.js, React, Azure",87938.0,140945.0,True,19-09-2023,114441.5,7298854.0,11698435.0,9498644.5,72.98854,116.98435,94.986445,"['machine learning', 'power bi', 'javascript', 'node.js', 'react', 'azure']"
95,Data Analyst,Education,,,,,,,,,Oracle,"San Francisco, USA",Contract,Director,"Power BI, Excel, Docker, AWS, SQL, Tableau",55544.0,122720.0,True,11-02-2024,89132.0,4610152.0,10185760.0,7397956.0,46.10152,101.8576,73.97956,"['power bi', 'excel', 'docker', 'aws', 'sql', 'tableau']"
96,Machine Learning Engineer,E-commerce,,,,,,,,,Microsoft,"Toronto, Canada",Full-time,Mid level,"Machine Learning, SQL, Docker, AWS, Azure, JavaScript",72527.0,142832.0,False,29-11-2023,107679.5,6019741.0,11855056.0,8937398.5,60.19741,118.55056,89.373985,"['machine learning', 'sql', 'docker', 'aws', 'azure', 'javascript']"
97,Data Scientist,Healthcare,,,,,,,,,Adobe,Remote,Part-time,Senior level,"JavaScript, SQL, Java, AWS",60011.0,136921.0,True,22-06-2023,98466.0,4980913.0,11364443.0,8172678.0,49.80913,113.64443,81.72678,"['javascript', 'sql', 'java', 'aws']"
98,Software Engineer,Education,,,,,,,,,StartupX,"Bangalore, India",Internship,Director,"React, Excel, Azure, Java, Kubernetes",70036.0,89912.0,True,27-06-2023,79974.0,5812988.0,7462696.0,6637842.0,58.12988,74.62696,66.37842,"['react', 'excel', 'azure', 'java', 'kubernetes']"
99,Business Analyst,Healthcare,,,,,,,,,Salesforce,"New York, USA",Contract,Entry level,"Kubernetes, Python, React, Azure, AWS, SQL",107961.0,157652.0,True,25-04-2024,132806.5,8960763.0,13085116.0,11022939.5,89.60763,130.85116,110.229395,"['kubernetes', 'python', 'react', 'azure', 'aws', 'sql']"
100,AI Researcher,Healthcare,,,,,,,,,Adobe,"New York, USA",Internship,Mid level,"Machine Learning, Java, Python, Kubernetes, SQL, Azure",100394.0,171042.0,True,03-06-2024,135718.0,8332702.0,14196486.0,11264594.0,83.32702,141.96486,112.64594,"['machine learning', 'java', 'python', 'kubernetes', 'sql', 'azure']"
101,Product Manager,Healthcare,,,,,,,,,FinTechHub,"Bangalore, India",Internship,Mid level,"Node.js, AWS, Docker, Tableau, Azure",72617.0,87747.0,True,31-05-2024,80182.0,6027211.0,7283001.0,6655106.0,60.27211,72.83001,66.55106,"['node.js', 'aws', 'docker', 'tableau', 'azure']"
102,Data Scientist,Education,,,,,,,,,Adobe,"Toronto, Canada",Contract,Senior level,"Azure, SQL, Data Visualization, Excel",58639.0,111852.0,True,09-12-2023,85245.5,4867037.0,9283716.0,7075376.5,48.67037,92.83716,70.753765,"['azure', 'sql', 'data visualization', 'excel']"
103,Software Engineer,Healthcare,,,,,,,,,Salesforce,"San Francisco, USA",Contract,Director,"Excel, Power BI, React, Node.js",90662.0,152036.0,True,25-12-2023,121349.0,7524946.0,12618988.0,10071967.0,75.24946,126.18988,100.71967,"['excel', 'power bi', 'react', 'node.js']"
104,Data Analyst,Healthcare,,,,,,,,,Tesla,"London, UK",Part-time,Mid level,"JavaScript, Node.js, Java, Tableau, SQL, AWS",116648.0,174073.0,True,09-03-2024,145360.5,9681784.0,14448059.0,12064921.5,96.81784,144.48059,120.649215,"['javascript', 'node.js', 'java', 'tableau', 'sql', 'aws']"
105,Machine Learning Engineer,Finance,,,,,,,,,Salesforce,"Austin, USA",Internship,Mid level,"React, Power BI, Tableau, Data Visualization",119013.0,133960.0,True,03-06-2024,126486.5,9878079.0,11118680.0,10498379.5,98.78079,111.1868,104.983795,"['react', 'power bi', 'tableau', 'data visualization']"
106,Machine Learning Engineer,E-commerce,,,,,,,,,StartupX,"Seattle, USA",Internship,Senior level,"Machine Learning, JavaScript, AWS, Kubernetes",55726.0,119578.0,True,24-03-2024,87652.0,4625258.0,9924974.0,7275116.0,46.25258,99.24974,72.75116,"['machine learning', 'javascript', 'aws', 'kubernetes']"
107,Business Analyst,Finance,,,,,,,,,IBM,Remote,Internship,Mid level,"React, AWS, Python, Excel",107749.0,178262.0,False,12-01-2024,143005.5,8943167.0,14795746.0,11869456.5,89.43167,147.95746,118.694565,"['react', 'aws', 'python', 'excel']"
108,Data Scientist,E-commerce,,,,,,,,,Netflix,"San Francisco, USA",Part-time,Senior level,"React, Docker, SQL, JavaScript",63446.0,141067.0,False,16-01-2024,102256.5,5266018.0,11708561.0,8487289.5,52.66018,117.08561,84.872895,"['react', 'docker', 'sql', 'javascript']"
109,Data Analyst,E-commerce,,,,,,,,,IBM,Remote,Contract,Mid level,"Azure, JavaScript, Python",53495.0,117876.0,False,24-12-2023,85685.5,4440085.0,9783708.0,7111896.5,44.40085,97.83708,71.118965,"['azure', 'javascript', 'python']"
110,Software Engineer,E-commerce,,,,,,,,,Google,"London, UK",Internship,Mid level,"Data Visualization, Python, SQL, React, AWS, JavaScript",93947.0,123089.0,True,12-04-2023,108518.0,7797601.0,10216387.0,9006994.0,77.97601,102.16387,90.06994,"['data visualization', 'python', 'sql', 'react', 'aws', 'javascript']"
111,Data Scientist,Technology,,,,,,,,,Netflix,"Seattle, USA",Contract,Entry level,"Docker, Excel, Tableau, Data Visualization",119176.0,184652.0,False,15-07-2024,151914.0,9891608.0,15326116.0,12608862.0,98.91608,153.26116,126.08862,"['docker', 'excel', 'tableau', 'data visualization']"
112,AI Researcher,Healthcare,,,,,,,,,Adobe,"New York, USA",Part-time,Mid level,"Python, Data Visualization, Azure, JavaScript, React, Docker",64530.0,140043.0,True,06-03-2023,102286.5,5355990.0,11623569.0,8489779.5,53.5599,116.23569,84.897795,"['python', 'data visualization', 'azure', 'javascript', 'react', 'docker']"
113,Data Scientist,E-commerce,,,,,,,,,Adobe,Remote,Full-time,Director,"Excel, Docker, Azure",118614.0,175879.0,False,29-03-2023,147246.5,9844962.0,14597957.0,12221459.5,98.44962,145.97957,122.214595,"['excel', 'docker', 'azure']"
114,Machine Learning Engineer,Technology,,,,,,,,,Meta,"San Francisco, USA",Contract,Mid level,"Machine Learning, Azure, Excel, Java, Tableau",96805.0,115660.0,False,17-01-2023,106232.5,8034815.0,9599780.0,8817297.5,80.34815,95.9978,88.172975,"['machine learning', 'azure', 'excel', 'java', 'tableau']"
115,Data Scientist,Finance,,,,,,,,,FinTechHub,"Bangalore, India",Full-time,Senior level,"Tableau, JavaScript, Python",73891.0,101566.0,False,05-05-2024,87728.5,6132953.0,8429978.0,7281465.5,61.32953,84.29978,72.814655,"['tableau', 'javascript', 'python']"
116,Marketing Analyst,Healthcare,,,,,,,,,Oracle,"London, UK",Full-time,Mid level,"React, Tableau, Python, Excel, Azure",117552.0,179748.0,False,14-11-2023,148650.0,9756816.0,14919084.0,12337950.0,97.56816,149.19084,123.3795,"['react', 'tableau', 'python', 'excel', 'azure']"
117,DevOps Engineer,Finance,,,,,,,,,FinTechHub,"Bangalore, India",Internship,Senior level,"Power BI, Kubernetes, Azure, Machine Learning, AWS, SQL",98237.0,165509.0,False,08-05-2023,131873.0,8153671.0,13737247.0,10945459.0,81.53671,137.37247,109.45459,"['power bi', 'kubernetes', 'azure', 'machine learning', 'aws', 'sql']"
118,Marketing Analyst,Healthcare,,,,,,,,,Netflix,"Berlin, Germany",Full-time,Entry level,"AWS, Kubernetes, Data Visualization, Power BI, Docker",106440.0,140092.0,True,22-03-2023,123266.0,8834520.0,11627636.0,10231078.0,88.3452,116.27636,102.31078,"['aws', 'kubernetes', 'data visualization', 'power bi', 'docker']"
119,Data Analyst,Technology,,,,,,,,,FinTechHub,"Berlin, Germany",Internship,Senior level,"Excel, Node.js, Docker",96077.0,164683.0,False,30-03-2024,130380.0,7974391.0,13668689.0,10821540.0,79.74391,136.68689,108.2154,"['excel', 'node.js', 'docker']"
120,Software Engineer,Technology,,,,,,,,,Salesforce,"Bangalore, India",Full-time,Mid level,"Tableau, Excel, Azure, Node.js",70969.0,85050.0,False,09-06-2024,78009.5,5890427.0,7059150.0,6474788.5,58.90427,70.5915,64.747885,"['tableau', 'excel', 'azure', 'node.js']"
121,Full Stack Developer,Education,,,,,,,,,Tesla,"Berlin, Germany",Internship,Entry level,"Machine Learning, Azure, Docker, React",54244.0,84355.0,False,03-08-2024,69299.5,4502252.0,7001465.0,5751858.5,45.02252,70.01465,57.518585,"['machine learning', 'azure', 'docker', 'react']"
122,Software Engineer,Healthcare,,,,,,,,,Oracle,Remote,Internship,Entry level,"Power BI, Kubernetes, JavaScript, Data Visualization, AWS",64869.0,78265.0,False,13-09-2023,71567.0,5384127.0,6495995.0,5940061.0,53.84127,64.95995,59.40061,"['power bi', 'kubernetes', 'javascript', 'data visualization', 'aws']"
123,Data Scientist,Healthcare,,,,,,,,,Oracle,"Austin, USA",Internship,Entry level,"Power BI, SQL, Machine Learning, Tableau, AWS",66074.0,93864.0,False,24-07-2023,79969.0,5484142.0,7790712.0,6637427.0,54.84142,77.90712,66.37427,"['power bi', 'sql', 'machine learning', 'tableau', 'aws']"
124,Marketing Analyst,Finance,,,,,,,,,Meta,"San Francisco, USA",Part-time,Mid level,"Python, Azure, Machine Learning, Data Visualization, React, Kubernetes",72818.0,130199.0,True,11-06-2023,101508.5,6043894.0,10806517.0,8425205.5,60.43894,108.06517,84.252055,"['python', 'azure', 'machine learning', 'data visualization', 'react', 'kubernetes']"
125,DevOps Engineer,Education,,,,,,,,,FinTechHub,"Bangalore, India",Internship,Director,"Java, Azure, Excel",58617.0,109156.0,True,30-03-2023,83886.5,4865211.0,9059948.0,6962579.5,48.65211,90.59948,69.625795,"['java', 'azure', 'excel']"
126,Machine Learning Engineer,E-commerce,,,,,,,,,Amazon,Remote,Part-time,Mid level,"React, SQL, Machine Learning",111057.0,188868.0,True,05-04-2024,149962.5,9217731.0,15676044.0,12446887.5,92.17731,156.76044,124.468875,"['react', 'sql', 'machine learning']"
127,Machine Learning Engineer,Technology,,,,,,,,,FinTechHub,"Seattle, USA",Contract,Senior level,"JavaScript, Excel, Machine Learning, AWS, Java",71581.0,102810.0,False,08-11-2023,87195.5,5941223.0,8533230.0,7237226.5,59.41223,85.3323,72.372265,"['javascript', 'excel', 'machine learning', 'aws', 'java']"
128,Software Engineer,Education,,,,,,,,,Salesforce,"Austin, USA",Part-time,Senior level,"React, Node.js, Python",62245.0,138118.0,True,30-06-2024,100181.5,5166335.0,11463794.0,8315064.5,51.66335,114.63794,83.150645,"['react', 'node.js', 'python']"
129,AI Researcher,Healthcare,,,,,,,,,IBM,"New York, USA",Internship,Senior level,"JavaScript, Tableau, React, Excel, Docker, AWS",84688.0,122319.0,False,16-02-2023,103503.5,7029104.0,10152477.0,8590790.5,70.29104,101.52477,85.907905,"['javascript', 'tableau', 'react', 'excel', 'docker', 'aws']"
130,Full Stack Developer,Healthcare,,,,,,,,,IBM,"Bangalore, India",Internship,Mid level,"Azure, React, Power BI, Node.js",57852.0,88571.0,False,16-03-2023,73211.5,4801716.0,7351393.0,6076554.5,48.01716,73.51393,60.765545,"['azure', 'react', 'power bi', 'node.js']"
131,Marketing Analyst,E-commerce,,,,,,,,,Adobe,"San Francisco, USA",Contract,Mid level,"AWS, Kubernetes, JavaScript",67139.0,125706.0,True,13-02-2024,96422.5,5572537.0,10433598.0,8003067.5,55.72537,104.33598,80.030675,"['aws', 'kubernetes', 'javascript']"
132,DevOps Engineer,Healthcare,,,,,,,,,Salesforce,"Toronto, Canada",Part-time,Mid level,"JavaScript, Tableau, Java, Kubernetes, Machine Learning",56632.0,104670.0,False,10-04-2023,80651.0,4700456.0,8687610.0,6694033.0,47.00456,86.8761,66.94033,"['javascript', 'tableau', 'java', 'kubernetes', 'machine learning']"
133,Data Analyst,Finance,,,,,,,,,Microsoft,"Toronto, Canada",Internship,Mid level,"Python, Node.js, AWS, Kubernetes, Data Visualization",90441.0,165632.0,False,25-05-2024,128036.5,7506603.0,13747456.0,10627029.5,75.06603,137.47456,106.270295,"['python', 'node.js', 'aws', 'kubernetes', 'data visualization']"
134,DevOps Engineer,Healthcare,,,,,,,,,Amazon,"London, UK",Contract,Director,"Docker, Python, Data Visualization",51071.0,75160.0,True,20-10-2023,63115.5,4238893.0,6238280.0,5238586.5,42.38893,62.3828,52.385865,"['docker', 'python', 'data visualization']"
135,DevOps Engineer,Finance,,,,,,,,,Adobe,"Bangalore, India",Contract,Entry level,"Docker, Azure, Tableau",87827.0,107464.0,False,07-01-2024,97645.5,7289641.0,8919512.0,8104576.5,72.89641,89.19512,81.045765,"['docker', 'azure', 'tableau']"
136,Product Manager,Technology,,,,,,,,,Salesforce,Remote,Internship,Entry level,"Java, Power BI, Azure",97920.0,126829.0,False,25-07-2024,112374.5,8127360.0,10526807.0,9327083.5,81.2736,105.26807,93.270835,"['java', 'power bi', 'azure']"
137,AI Researcher,Finance,,,,,,,,,Adobe,"Austin, USA",Contract,Senior level,"Data Visualization, Power BI, AWS, Node.js, Azure, Machine Learning",109898.0,139419.0,False,15-06-2024,124658.5,9121534.0,11571777.0,10346655.5,91.21534,115.71777,103.466555,"['data visualization', 'power bi', 'aws', 'node.js', 'azure', 'machine learning']"
138,Data Analyst,Education,,,,,,,,,Tesla,"Berlin, Germany",Full-time,Director,"Tableau, Power BI, React, Excel, Python",89294.0,161539.0,False,30-07-2024,125416.5,7411402.0,13407737.0,10409569.5,74.11402,134.07737,104.095695,"['tableau', 'power bi', 'react', 'excel', 'python']"
139,AI Researcher,Finance,,,,,,,,,Oracle,"Austin, USA",Internship,Mid level,"Data Visualization, Power BI, SQL",79824.0,96555.0,True,29-09-2023,88189.5,6625392.0,8014065.0,7319728.5,66.25392,80.14065,73.197285,"['data visualization', 'power bi', 'sql']"
140,DevOps Engineer,Education,,,,,,,,,Amazon,"Toronto, Canada",Part-time,Director,"React, Node.js, Power BI, Tableau, Python, Java",107807.0,158923.0,True,20-01-2023,133365.0,8947981.0,13190609.0,11069295.0,89.47981,131.90609,110.69295,"['react', 'node.js', 'power bi', 'tableau', 'python', 'java']"
141,Marketing Analyst,Education,,,,,,,,,IBM,"Berlin, Germany",Part-time,Director,"Machine Learning, Azure, Excel, Power BI, Tableau",92604.0,165305.0,False,28-07-2024,128954.5,7686132.0,13720315.0,10703223.5,76.86132,137.20315,107.032235,"['machine learning', 'azure', 'excel', 'power bi', 'tableau']"
142,Business Analyst,Healthcare,,,,,,,,,Adobe,"London, UK",Part-time,Senior level,"Power BI, Node.js, Kubernetes, Azure",75200.0,117511.0,False,10-05-2024,96355.5,6241600.0,9753413.0,7997506.5,62.416,97.53413,79.975065,"['power bi', 'node.js', 'kubernetes', 'azure']"
143,Data Scientist,Healthcare,,,,,,,,,Salesforce,Remote,Internship,Director,"AWS, Python, Node.js, Power BI",85842.0,133563.0,True,24-12-2023,109702.5,7124886.0,11085729.0,9105307.5,71.24886,110.85729,91.053075,"['aws', 'python', 'node.js', 'power bi']"
144,Full Stack Developer,Finance,,,,,,,,,Meta,"Seattle, USA",Contract,Senior level,"Data Visualization, Power BI, Node.js",107983.0,151595.0,True,21-12-2023,129789.0,8962589.0,12582385.0,10772487.0,89.62589,125.82385,107.72487,"['data visualization', 'power bi', 'node.js']"
145,Product Manager,E-commerce,,,,,,,,,StartupX,"Seattle, USA",Full-time,Entry level,"Power BI, Kubernetes, SQL, Excel, Java",56653.0,136257.0,True,06-09-2023,96455.0,4702199.0,11309331.0,8005765.0,47.02199,113.09331,80.05765,"['power bi', 'kubernetes', 'sql', 'excel', 'java']"
146,Full Stack Developer,Healthcare,,,,,,,,,Oracle,"Seattle, USA",Contract,Senior level,"Node.js, Tableau, SQL",70701.0,134035.0,True,17-07-2024,102368.0,5868183.0,11124905.0,8496544.0,58.68183,111.24905,84.96544,"['node.js', 'tableau', 'sql']"
147,DevOps Engineer,Finance,,,,,,,,,Amazon,"New York, USA",Internship,Director,"Node.js, Python, React, AWS, Data Visualization",54888.0,87834.0,True,01-07-2024,71361.0,4555704.0,7290222.0,5922963.0,45.55704,72.90222,59.22963,"['node.js', 'python', 'react', 'aws', 'data visualization']"
148,Marketing Analyst,Healthcare,,,,,,,,,Adobe,"Bangalore, India",Part-time,Director,"Tableau, SQL, Azure, Java",87298.0,156850.0,False,10-12-2023,122074.0,7245734.0,13018550.0,10132142.0,72.45734,130.1855,101.32142,"['tableau', 'sql', 'azure', 'java']"
149,Machine Learning Engineer,E-commerce,,,,,,,,,Netflix,"Seattle, USA",Part-time,Director,"SQL, Docker, Excel, Node.js, Java",74405.0,86251.0,True,21-09-2023,80328.0,6175615.0,7158833.0,6667224.0,61.75615,71.58833,66.67224,"['sql', 'docker', 'excel', 'node.js', 'java']"
150,Data Analyst,Healthcare,,,,,,,,,Netflix,"Toronto, Canada",Part-time,Director,"AWS, Data Visualization, Power BI, React, Python",92415.0,134927.0,False,03-05-2024,113671.0,7670445.0,11198941.0,9434693.0,76.70445,111.98941,94.34693,"['aws', 'data visualization', 'power bi', 'react', 'python']"
151,Data Scientist,Education,,,,,,,,,Oracle,"London, UK",Part-time,Director,"Power BI, SQL, Excel, AWS, Azure",80972.0,99114.0,True,04-01-2024,90043.0,6720676.0,8226462.0,7473569.0,67.20676,82.26462,74.73569,"['power bi', 'sql', 'excel', 'aws', 'azure']"
152,Software Engineer,Education,,,,,,,,,Oracle,"Berlin, Germany",Internship,Director,"Tableau, JavaScript, Excel, Data Visualization",67507.0,140183.0,True,13-08-2023,103845.0,5603081.0,11635189.0,8619135.0,56.03081,116.35189,86.19135,"['tableau', 'javascript', 'excel', 'data visualization']"
153,Machine Learning Engineer,Education,,,,,,,,,Microsoft,"San Francisco, USA",Full-time,Mid level,"Java, Azure, Machine Learning, Kubernetes",108556.0,187784.0,True,22-06-2024,148170.0,9010148.0,15586072.0,12298110.0,90.10148,155.86072,122.9811,"['java', 'azure', 'machine learning', 'kubernetes']"
154,Marketing Analyst,Education,,,,,,,,,Oracle,"New York, USA",Internship,Mid level,"Kubernetes, Data Visualization, Python, Machine Learning, Node.js, AWS",114071.0,135990.0,True,30-07-2023,125030.5,9467893.0,11287170.0,10377531.5,94.67893,112.8717,103.775315,"['kubernetes', 'data visualization', 'python', 'machine learning', 'node.js', 'aws']"
155,Product Manager,Healthcare,,,,,,,,,Salesforce,"San Francisco, USA",Full-time,Director,"Machine Learning, Python, SQL",83352.0,93747.0,False,10-02-2024,88549.5,6918216.0,7781001.0,7349608.5,69.18216,77.81001,73.496085,"['machine learning', 'python', 'sql']"
156,Software Engineer,E-commerce,,,,,,,,,Amazon,"Toronto, Canada",Contract,Director,"Docker, SQL, Excel, Tableau, Machine Learning, Java",87629.0,151220.0,False,02-02-2023,119424.5,7273207.0,12551260.0,9912233.5,72.73207,125.5126,99.122335,"['docker', 'sql', 'excel', 'tableau', 'machine learning', 'java']"
157,Marketing Analyst,Healthcare,,,,,,,,,Amazon,"Seattle, USA",Full-time,Entry level,"Excel, Power BI, Machine Learning, Docker, Tableau, React",73392.0,134910.0,True,02-05-2023,104151.0,6091536.0,11197530.0,8644533.0,60.91536,111.9753,86.44533,"['excel', 'power bi', 'machine learning', 'docker', 'tableau', 'react']"
158,Software Engineer,E-commerce,,,,,,,,,Netflix,"Seattle, USA",Full-time,Entry level,"JavaScript, Node.js, SQL",110375.0,165746.0,True,11-09-2023,138060.5,9161125.0,13756918.0,11459021.5,91.61125,137.56918,114.590215,"['javascript', 'node.js', 'sql']"
159,Product Manager,Finance,,,,,,,,,FinTechHub,"New York, USA",Internship,Director,"Tableau, React, Node.js, Python",108515.0,124895.0,True,04-02-2023,116705.0,9006745.0,10366285.0,9686515.0,90.06745,103.66285,96.86515,"['tableau', 'react', 'node.js', 'python']"
160,AI Researcher,Finance,,,,,,,,,Tesla,"Berlin, Germany",Part-time,Senior level,"Docker, AWS, React, Python",87914.0,128606.0,True,30-05-2024,108260.0,7296862.0,10674298.0,8985580.0,72.96862,106.74298,89.8558,"['docker', 'aws', 'react', 'python']"
161,Machine Learning Engineer,E-commerce,,,,,,,,,StartupX,"Toronto, Canada",Contract,Director,"AWS, Docker, Java, Machine Learning",114962.0,131107.0,False,13-03-2024,123034.5,9541846.0,10881881.0,10211863.5,95.41846,108.81881,102.118635,"['aws', 'docker', 'java', 'machine learning']"
162,Software Engineer,Education,,,,,,,,,Oracle,"New York, USA",Internship,Director,"Docker, JavaScript, AWS, React",79536.0,128954.0,False,04-09-2023,104245.0,6601488.0,10703182.0,8652335.0,66.01488,107.03182,86.52335,"['docker', 'javascript', 'aws', 'react']"
163,Data Scientist,E-commerce,,,,,,,,,Adobe,"Seattle, USA",Full-time,Senior level,"React, SQL, JavaScript",108954.0,167591.0,True,22-03-2023,138272.5,9043182.0,13910053.0,11476617.5,90.43182,139.10053,114.766175,"['react', 'sql', 'javascript']"
164,Business Analyst,E-commerce,,,,,,,,,Google,"Seattle, USA",Part-time,Entry level,"Power BI, Data Visualization, Node.js, JavaScript",77379.0,131021.0,False,05-05-2024,104200.0,6422457.0,10874743.0,8648600.0,64.22457,108.74743,86.486,"['power bi', 'data visualization', 'node.js', 'javascript']"
165,DevOps Engineer,Healthcare,,,,,,,,,Oracle,Remote,Contract,Senior level,"Machine Learning, Kubernetes, React, SQL, Tableau",92154.0,139255.0,False,03-09-2023,115704.5,7648782.0,11558165.0,9603473.5,76.48782,115.58165,96.034735,"['machine learning', 'kubernetes', 'react', 'sql', 'tableau']"
166,DevOps Engineer,Healthcare,,,,,,,,,Google,"Seattle, USA",Part-time,Entry level,"AWS, Java, JavaScript, Azure, Tableau, Docker",98589.0,149604.0,True,28-07-2023,124096.5,8182887.0,12417132.0,10300009.5,81.82887,124.17132,103.000095,"['aws', 'java', 'javascript', 'azure', 'tableau', 'docker']"
167,Full Stack Developer,Healthcare,,,,,,,,,FinTechHub,"Bangalore, India",Internship,Mid level,"Java, Power BI, Machine Learning, Kubernetes",94245.0,137973.0,True,26-05-2024,116109.0,7822335.0,11451759.0,9637047.0,78.22335,114.51759,96.37047,"['java', 'power bi', 'machine learning', 'kubernetes']"
168,Data Analyst,Finance,,,,,,,,,Microsoft,"New York, USA",Full-time,Director,"SQL, Power BI, Java, Python",57698.0,136372.0,True,09-07-2024,97035.0,4788934.0,11318876.0,8053905.0,47.88934,113.18876,80.53905,"['sql', 'power bi', 'java', 'python']"
169,Data Analyst,Technology,,,,,,,,,Salesforce,"Bangalore, India",Internship,Entry level,"Python, Node.js, Machine Learning, Power BI, AWS, Tableau",109770.0,168686.0,False,01-06-2024,139228.0,9110910.0,14000938.0,11555924.0,91.1091,140.00938,115.55924,"['python', 'node.js', 'machine learning', 'power bi', 'aws', 'tableau']"
170,Software Engineer,Finance,,,,,,,,,Microsoft,"San Francisco, USA",Part-time,Mid level,"React, Azure, AWS, Docker, SQL",115826.0,182262.0,False,18-01-2023,149044.0,9613558.0,15127746.0,12370652.0,96.13558,151.27746,123.70652,"['react', 'azure', 'aws', 'docker', 'sql']"
171,Product Manager,E-commerce,,,,,,,,,Netflix,"San Francisco, USA",Full-time,Entry level,"Docker, Machine Learning, Kubernetes, Python, Excel, Power BI",110161.0,152038.0,True,20-02-2024,131099.5,9143363.0,12619154.0,10881258.5,91.43363,126.19154,108.812585,"['docker', 'machine learning', 'kubernetes', 'python', 'excel', 'power bi']"
172,Machine Learning Engineer,Finance,,,,,,,,,Salesforce,"San Francisco, USA",Full-time,Mid level,"AWS, Python, SQL, Excel, Node.js, Machine Learning",115517.0,182390.0,True,26-03-2023,148953.5,9587911.0,15138370.0,12363140.5,95.87911,151.3837,123.631405,"['aws', 'python', 'sql', 'excel', 'node.js', 'machine learning']"
173,Product Manager,Healthcare,,,,,,,,,Salesforce,"Austin, USA",Internship,Entry level,"Data Visualization, JavaScript, Node.js, Docker",91220.0,103272.0,False,03-07-2023,97246.0,7571260.0,8571576.0,8071418.0,75.7126,85.71576,80.71418,"['data visualization', 'javascript', 'node.js', 'docker']"
174,Marketing Analyst,E-commerce,,,,,,,,,FinTechHub,"Berlin, Germany",Full-time,Entry level,"React, SQL, Azure, Data Visualization",68343.0,88622.0,False,29-01-2024,78482.5,5672469.0,7355626.0,6514047.5,56.72469,73.55626,65.140475,"['react', 'sql', 'azure', 'data visualization']"
175,Full Stack Developer,E-commerce,,,,,,,,,Oracle,"Seattle, USA",Contract,Director,"Excel, Data Visualization, Node.js, Docker",53883.0,99708.0,True,01-12-2023,76795.5,4472289.0,8275764.0,6374026.5,44.72289,82.75764,63.740265,"['excel', 'data visualization', 'node.js', 'docker']"
176,Data Scientist,E-commerce,,,,,,,,,Netflix,"Austin, USA",Internship,Mid level,"Azure, SQL, React, Python, AWS",82302.0,101936.0,False,30-10-2023,92119.0,6831066.0,8460688.0,7645877.0,68.31066,84.60688,76.45877,"['azure', 'sql', 'react', 'python', 'aws']"
177,Software Engineer,Education,,,,,,,,,Microsoft,"Austin, USA",Internship,Director,"SQL, Python, Node.js, Azure, Machine Learning, Tableau",85358.0,108757.0,False,04-01-2024,97057.5,7084714.0,9026831.0,8055772.5,70.84714,90.26831,80.557725,"['sql', 'python', 'node.js', 'azure', 'machine learning', 'tableau']"
178,DevOps Engineer,E-commerce,,,,,,,,,IBM,"San Francisco, USA",Part-time,Mid level,"Java, AWS, React, Tableau",51617.0,99870.0,False,30-01-2024,75743.5,4284211.0,8289210.0,6286710.5,42.84211,82.8921,62.867105,"['java', 'aws', 'react', 'tableau']"
179,DevOps Engineer,Technology,,,,,,,,,Netflix,"Toronto, Canada",Contract,Director,"AWS, JavaScript, Power BI, Excel, Kubernetes",58292.0,90208.0,True,30-05-2023,74250.0,4838236.0,7487264.0,6162750.0,48.38236,74.87264,61.6275,"['aws', 'javascript', 'power bi', 'excel', 'kubernetes']"
180,Business Analyst,Healthcare,,,,,,,,,Google,"Toronto, Canada",Contract,Director,"Azure, Docker, Excel, Data Visualization, Java, AWS",64021.0,91779.0,False,13-04-2024,77900.0,5313743.0,7617657.0,6465700.0,53.13743,76.17657,64.657,"['azure', 'docker', 'excel', 'data visualization', 'java', 'aws']"
181,Software Engineer,Education,,,,,,,,,IBM,"Berlin, Germany",Contract,Director,"Azure, Docker, AWS, React",112784.0,163964.0,False,25-07-2023,138374.0,9361072.0,13609012.0,11485042.0,93.61072,136.09012,114.85042,"['azure', 'docker', 'aws', 'react']"
182,Marketing Analyst,Healthcare,,,,,,,,,Google,"Bangalore, India",Part-time,Director,"React, Node.js, Tableau",76188.0,109771.0,False,27-04-2023,92979.5,6323604.0,9110993.0,7717298.5,63.23604,91.10993,77.172985,"['react', 'node.js', 'tableau']"
183,Product Manager,Technology,,,,,,,,,Netflix,"Austin, USA",Internship,Director,"Data Visualization, Kubernetes, Node.js, Docker, Machine Learning, Excel",68242.0,117934.0,False,26-05-2024,93088.0,5664086.0,9788522.0,7726304.0,56.64086,97.88522,77.26304,"['data visualization', 'kubernetes', 'node.js', 'docker', 'machine learning', 'excel']"
184,Marketing Analyst,Healthcare,,,,,,,,,Salesforce,"San Francisco, USA",Full-time,Mid level,"Excel, Data Visualization, Python, React",54818.0,111942.0,False,10-07-2024,83380.0,4549894.0,9291186.0,6920540.0,45.49894,92.91186,69.2054,"['excel', 'data visualization', 'python', 'react']"
185,Data Analyst,E-commerce,,,,,,,,,Microsoft,"London, UK",Part-time,Mid level,"Docker, Kubernetes, Tableau, Excel, Data Visualization",106420.0,130306.0,True,06-12-2023,118363.0,8832860.0,10815398.0,9824129.0,88.3286,108.15398,98.24129,"['docker', 'kubernetes', 'tableau', 'excel', 'data visualization']"
186,Data Scientist,Finance,,,,,,,,,Netflix,"Toronto, Canada",Full-time,Entry level,"AWS, Azure, Kubernetes, JavaScript, Machine Learning",53219.0,126496.0,False,20-12-2023,89857.5,4417177.0,10499168.0,7458172.5,44.17177,104.99168,74.581725,"['aws', 'azure', 'kubernetes', 'javascript', 'machine learning']"
187,Full Stack Developer,Healthcare,,,,,,,,,FinTechHub,"Bangalore, India",Contract,Entry level,"Tableau, Power BI, SQL",112411.0,135206.0,True,23-12-2023,123808.5,9330113.0,11222098.0,10276105.5,93.30113,112.22098,102.761055,"['tableau', 'power bi', 'sql']"
188,Product Manager,Education,,,,,,,,,Adobe,"Austin, USA",Part-time,Senior level,"Kubernetes, JavaScript, Tableau, Docker, Excel, Java",64334.0,95876.0,True,18-12-2023,80105.0,5339722.0,7957708.0,6648715.0,53.39722,79.57708,66.48715,"['kubernetes', 'javascript', 'tableau', 'docker', 'excel', 'java']"
189,AI Researcher,Technology,,,,,,,,,Meta,"Bangalore, India",Internship,Director,"JavaScript, AWS, Tableau, Power BI",101849.0,115675.0,True,18-03-2024,108762.0,8453467.0,9601025.0,9027246.0,84.53467,96.01025,90.27246,"['javascript', 'aws', 'tableau', 'power bi']"
190,Machine Learning Engineer,Healthcare,,,,,,,,,Tesla,"Seattle, USA",Internship,Entry level,"Machine Learning, Excel, Azure, Data Visualization, Docker, Power BI",63336.0,97841.0,False,14-08-2024,80588.5,5256888.0,8120803.0,6688845.5,52.56888,81.20803,66.888455,"['machine learning', 'excel', 'azure', 'data visualization', 'docker', 'power bi']"
191,Full Stack Developer,Finance,,,,,,,,,Salesforce,"Austin, USA",Contract,Entry level,"SQL, JavaScript, AWS, Node.js, Java",95603.0,151738.0,False,27-04-2023,123670.5,7935049.0,12594254.0,10264651.5,79.35049,125.94254,102.646515,"['sql', 'javascript', 'aws', 'node.js', 'java']"
192,DevOps Engineer,Finance,,,,,,,,,Salesforce,"Austin, USA",Internship,Director,"Excel, Machine Learning, Power BI, Node.js, Java, React",116954.0,177870.0,True,25-05-2023,147412.0,9707182.0,14763210.0,12235196.0,97.07182,147.6321,122.35196,"['excel', 'machine learning', 'power bi', 'node.js', 'java', 'react']"
193,Software Engineer,Technology,,,,,,,,,Tesla,"Bangalore, India",Full-time,Senior level,"Java, JavaScript, Docker, Machine Learning, Power BI, Kubernetes",87858.0,116246.0,False,16-05-2024,102052.0,7292214.0,9648418.0,8470316.0,72.92214,96.48418,84.70316,"['java', 'javascript', 'docker', 'machine learning', 'power bi', 'kubernetes']"
194,Full Stack Developer,Healthcare,,,,,,,,,Amazon,"San Francisco, USA",Full-time,Mid level,"AWS, JavaScript, Machine Learning",104477.0,172653.0,False,18-05-2024,138565.0,8671591.0,14330199.0,11500895.0,86.71591,143.30199,115.00895,"['aws', 'javascript', 'machine learning']"
195,Marketing Analyst,Education,,,,,,,,,Adobe,"San Francisco, USA",Full-time,Senior level,"Machine Learning, React, Tableau, Python, Kubernetes",109942.0,184863.0,True,22-06-2023,147402.5,9125186.0,15343629.0,12234407.5,91.25186,153.43629,122.344075,"['machine learning', 'react', 'tableau', 'python', 'kubernetes']"
196,Business Analyst,Technology,,,,,,,,,Google,"Bangalore, India",Contract,Senior level,"React, SQL, Tableau, JavaScript, Power BI, Data Visualization",63423.0,105867.0,False,11-03-2024,84645.0,5264109.0,8786961.0,7025535.0,52.64109,87.86961,70.25535,"['react', 'sql', 'tableau', 'javascript', 'power bi', 'data visualization']"
197,Product Manager,Education,,,,,,,,,Meta,"New York, USA",Contract,Senior level,"Azure, Power BI, AWS, Tableau",71755.0,100004.0,False,14-03-2024,85879.5,5955665.0,8300332.0,7127998.5,59.55665,83.00332,71.279985,"['azure', 'power bi', 'aws', 'tableau']"
198,DevOps Engineer,Finance,,,,,,,,,Google,"London, UK",Part-time,Mid level,"Power BI, Azure, JavaScript, Excel",62481.0,90252.0,False,10-06-2024,76366.5,5185923.0,7490916.0,6338419.5,51.85923,74.90916,63.384195,"['power bi', 'azure', 'javascript', 'excel']"
199,DevOps Engineer,E-commerce,,,,,,,,,IBM,"Bangalore, India",Full-time,Entry level,"Power BI, Azure, Kubernetes, Tableau, React",68634.0,113855.0,True,16-05-2024,91244.5,5696622.0,9449965.0,7573293.5,56.96622,94.49965,75.732935,"['power bi', 'azure', 'kubernetes', 'tableau', 'react']"
200,Data Scientist,Finance,,,,,,,,,Adobe,"Toronto, Canada",Part-time,Director,"AWS, Azure, Node.js, React, Machine Learning, Data Visualization",110089.0,167041.0,True,06-04-2023,138565.0,9137387.0,13864403.0,11500895.0,91.37387,138.64403,115.00895,"['aws', 'azure', 'node.js', 'react', 'machine learning', 'data visualization']"
201,Data Analyst,Technology,,,,,,,,,Google,"San Francisco, USA",Internship,Entry level,"Kubernetes, Node.js, Python, Docker",113614.0,168668.0,True,02-08-2024,141141.0,9429962.0,13999444.0,11714703.0,94.29962,139.99444,117.14703,"['kubernetes', 'node.js', 'python', 'docker']"
202,Business Analyst,Healthcare,,,,,,,,,Microsoft,"Berlin, Germany",Contract,Entry level,"Python, Docker, Excel, AWS",89566.0,120403.0,True,16-05-2023,104984.5,7433978.0,9993449.0,8713713.5,74.33978,99.93449,87.137135,"['python', 'docker', 'excel', 'aws']"
203,Data Analyst,Education,,,,,,,,,Meta,"Bangalore, India",Full-time,Mid level,"Machine Learning, Excel, Kubernetes, Python",61953.0,84428.0,True,15-03-2024,73190.5,5142099.0,7007524.0,6074811.5,51.42099,70.07524,60.748115,"['machine learning', 'excel', 'kubernetes', 'python']"
204,Software Engineer,Technology,,,,,,,,,Oracle,"San Francisco, USA",Part-time,Director,"SQL, Azure, React",65806.0,131159.0,False,18-12-2023,98482.5,5461898.0,10886197.0,8174047.5,54.61898,108.86197,81.740475,"['sql', 'azure', 'react']"
205,Software Engineer,E-commerce,,,,,,,,,Microsoft,Remote,Full-time,Mid level,"Power BI, JavaScript, Excel, Node.js, Java",100164.0,127615.0,False,21-05-2023,113889.5,8313612.0,10592045.0,9452828.5,83.13612,105.92045,94.528285,"['power bi', 'javascript', 'excel', 'node.js', 'java']"
206,Data Scientist,E-commerce,,,,,,,,,Amazon,"San Francisco, USA",Internship,Senior level,"Tableau, Java, JavaScript, AWS, Excel",78474.0,99836.0,True,29-03-2024,89155.0,6513342.0,8286388.0,7399865.0,65.13342,82.86388,73.99865,"['tableau', 'java', 'javascript', 'aws', 'excel']"
207,Business Analyst,Healthcare,,,,,,,,,Meta,Remote,Part-time,Director,"Tableau, Node.js, JavaScript",87345.0,100860.0,False,12-09-2023,94102.5,7249635.0,8371380.0,7810507.5,72.49635,83.7138,78.105075,"['tableau', 'node.js', 'javascript']"
208,Full Stack Developer,Healthcare,,,,,,,,,StartupX,"San Francisco, USA",Full-time,Senior level,"Docker, React, Data Visualization, Node.js",64777.0,106376.0,False,31-01-2024,85576.5,5376491.0,8829208.0,7102849.5,53.76491,88.29208,71.028495,"['docker', 'react', 'data visualization', 'node.js']"
209,Data Scientist,Finance,,,,,,,,,Google,"San Francisco, USA",Full-time,Senior level,"Node.js, Python, Tableau",72645.0,144381.0,False,13-07-2024,108513.0,6029535.0,11983623.0,9006579.0,60.29535,119.83623,90.06579,"['node.js', 'python', 'tableau']"
210,DevOps Engineer,Healthcare,,,,,,,,,IBM,"Toronto, Canada",Full-time,Mid level,"AWS, SQL, Machine Learning",87550.0,163223.0,True,02-06-2024,125386.5,7266650.0,13547509.0,10407079.5,72.6665,135.47509,104.070795,"['aws', 'sql', 'machine learning']"
211,AI Researcher,Finance,,,,,,,,,StartupX,"San Francisco, USA",Contract,Director,"JavaScript, SQL, Docker",92827.0,154040.0,True,09-06-2023,123433.5,7704641.0,12785320.0,10244980.5,77.04641,127.8532,102.449805,"['javascript', 'sql', 'docker']"
212,Software Engineer,Finance,,,,,,,,,Microsoft,"New York, USA",Part-time,Entry level,"Azure, Machine Learning, React, Power BI, AWS, Java",57212.0,107751.0,False,09-04-2024,82481.5,4748596.0,8943333.0,6845964.5,47.48596,89.43333,68.459645,"['azure', 'machine learning', 'react', 'power bi', 'aws', 'java']"
213,Data Analyst,Healthcare,,,,,,,,,Tesla,"Toronto, Canada",Contract,Entry level,"Kubernetes, Node.js, Machine Learning",85227.0,110700.0,False,10-05-2023,97963.5,7073841.0,9188100.0,8130970.5,70.73841,91.881,81.309705,"['kubernetes', 'node.js', 'machine learning']"
214,Machine Learning Engineer,Finance,,,,,,,,,Amazon,"London, UK",Full-time,Entry level,"Python, React, Node.js",115484.0,147357.0,True,26-02-2023,131420.5,9585172.0,12230631.0,10907901.5,95.85172,122.30631,109.079015,"['python', 'react', 'node.js']"
215,DevOps Engineer,Finance,,,,,,,,,Amazon,"Austin, USA",Full-time,Director,"JavaScript, Docker, Power BI, Azure, AWS",111835.0,169542.0,True,17-02-2023,140688.5,9282305.0,14071986.0,11677145.5,92.82305,140.71986,116.771455,"['javascript', 'docker', 'power bi', 'azure', 'aws']"
216,Marketing Analyst,Education,,,,,,,,,StartupX,"New York, USA",Part-time,Mid level,"Docker, SQL, Kubernetes",98864.0,124514.0,False,08-08-2024,111689.0,8205712.0,10334662.0,9270187.0,82.05712,103.34662,92.70187,"['docker', 'sql', 'kubernetes']"
217,Marketing Analyst,Healthcare,,,,,,,,,Oracle,"New York, USA",Contract,Mid level,"Power BI, Data Visualization, JavaScript, Kubernetes, Azure",92899.0,114221.0,False,15-11-2023,103560.0,7710617.0,9480343.0,8595480.0,77.10617,94.80343,85.9548,"['power bi', 'data visualization', 'javascript', 'kubernetes', 'azure']"
218,Data Analyst,Technology,,,,,,,,,IBM,"New York, USA",Part-time,Senior level,"Python, Tableau, Excel, Docker, AWS",82129.0,111864.0,True,20-07-2023,96996.5,6816707.0,9284712.0,8050709.5,68.16707,92.84712,80.507095,"['python', 'tableau', 'excel', 'docker', 'aws']"
219,DevOps Engineer,Technology,,,,,,,,,Oracle,"New York, USA",Part-time,Senior level,"Node.js, JavaScript, Machine Learning",119443.0,160660.0,False,30-07-2023,140051.5,9913769.0,13334780.0,11624274.5,99.13769,133.3478,116.242745,"['node.js', 'javascript', 'machine learning']"
220,AI Researcher,Technology,,,,,,,,,Microsoft,Remote,Part-time,Director,"Docker, Excel, Java",110091.0,131219.0,True,17-01-2024,120655.0,9137553.0,10891177.0,10014365.0,91.37553,108.91177,100.14365,"['docker', 'excel', 'java']"
221,DevOps Engineer,Healthcare,,,,,,,,,FinTechHub,"Berlin, Germany",Contract,Director,"SQL, JavaScript, Java, Data Visualization",84208.0,135496.0,True,26-10-2023,109852.0,6989264.0,11246168.0,9117716.0,69.89264,112.46168,91.17716,"['sql', 'javascript', 'java', 'data visualization']"
222,Full Stack Developer,Education,,,,,,,,,Oracle,"Berlin, Germany",Internship,Entry level,"Tableau, JavaScript, Kubernetes, AWS, Node.js",63848.0,95392.0,False,09-06-2023,79620.0,5299384.0,7917536.0,6608460.0,52.99384,79.17536,66.0846,"['tableau', 'javascript', 'kubernetes', 'aws', 'node.js']"
223,Business Analyst,Finance,,,,,,,,,FinTechHub,"New York, USA",Part-time,Senior level,"Power BI, JavaScript, Azure",61851.0,92509.0,False,03-05-2023,77180.0,5133633.0,7678247.0,6405940.0,51.33633,76.78247,64.0594,"['power bi', 'javascript', 'azure']"
224,Business Analyst,Education,,,,,,,,,Amazon,"New York, USA",Internship,Director,"SQL, Kubernetes, Node.js, Java",56416.0,105585.0,True,09-06-2024,81000.5,4682528.0,8763555.0,6723041.5,46.82528,87.63555,67.230415,"['sql', 'kubernetes', 'node.js', 'java']"
225,Software Engineer,Education,,,,,,,,,Meta,"Toronto, Canada",Contract,Entry level,"Node.js, React, SQL, Python, Tableau",58083.0,97218.0,True,13-01-2023,77650.5,4820889.0,8069094.0,6444991.5,48.20889,80.69094,64.449915,"['node.js', 'react', 'sql', 'python', 'tableau']"
226,Machine Learning Engineer,Finance,,,,,,,,,Microsoft,"New York, USA",Internship,Entry level,"React, Power BI, Docker, Kubernetes, Python, Tableau",66880.0,88935.0,False,30-03-2024,77907.5,5551040.0,7381605.0,6466322.5,55.5104,73.81605,64.663225,"['react', 'power bi', 'docker', 'kubernetes', 'python', 'tableau']"
227,Software Engineer,Technology,,,,,,,,,Netflix,"London, UK",Internship,Mid level,"Excel, AWS, Kubernetes, Docker",96392.0,134535.0,False,26-06-2023,115463.5,8000536.0,11166405.0,9583470.5,80.00536,111.66405,95.834705,"['excel', 'aws', 'kubernetes', 'docker']"
228,DevOps Engineer,Education,,,,,,,,,Amazon,"Toronto, Canada",Part-time,Mid level,"Docker, Tableau, Power BI",61497.0,108167.0,False,04-03-2023,84832.0,5104251.0,8977861.0,7041056.0,51.04251,89.77861,70.41056,"['docker', 'tableau', 'power bi']"
229,AI Researcher,Finance,,,,,,,,,Adobe,"Berlin, Germany",Internship,Senior level,"Azure, Data Visualization, JavaScript",113527.0,168620.0,True,06-05-2024,141073.5,9422741.0,13995460.0,11709100.5,94.22741,139.9546,117.091005,"['azure', 'data visualization', 'javascript']"
230,Marketing Analyst,Finance,,,,,,,,,Tesla,"Seattle, USA",Part-time,Entry level,"AWS, Machine Learning, Tableau, Power BI",57679.0,129503.0,True,15-10-2023,93591.0,4787357.0,10748749.0,7768053.0,47.87357,107.48749,77.68053,"['aws', 'machine learning', 'tableau', 'power bi']"
231,Software Engineer,Education,,,,,,,,,Amazon,"Seattle, USA",Contract,Senior level,"Power BI, Node.js, Azure",100911.0,157415.0,True,13-08-2023,129163.0,8375613.0,13065445.0,10720529.0,83.75613,130.65445,107.20529,"['power bi', 'node.js', 'azure']"
232,Marketing Analyst,Technology,,,,,,,,,Netflix,"Austin, USA",Internship,Entry level,"JavaScript, Data Visualization, Node.js",74672.0,149189.0,True,30-07-2024,111930.5,6197776.0,12382687.0,9290231.5,61.97776,123.82687,92.902315,"['javascript', 'data visualization', 'node.js']"
233,Machine Learning Engineer,Finance,,,,,,,,,Salesforce,"Seattle, USA",Part-time,Senior level,"Python, Node.js, Java, Data Visualization, Tableau",112650.0,122739.0,True,23-06-2024,117694.5,9349950.0,10187337.0,9768643.5,93.4995,101.87337,97.686435,"['python', 'node.js', 'java', 'data visualization', 'tableau']"
234,Machine Learning Engineer,Healthcare,,,,,,,,,FinTechHub,"Toronto, Canada",Full-time,Senior level,"Java, Node.js, Power BI, Docker, Excel",97826.0,117332.0,False,22-06-2024,107579.0,8119558.0,9738556.0,8929057.0,81.19558,97.38556,89.29057,"['java', 'node.js', 'power bi', 'docker', 'excel']"
235,Product Manager,Healthcare,,,,,,,,,StartupX,"Austin, USA",Internship,Senior level,"Java, Power BI, Python, React",72833.0,129602.0,False,21-11-2023,101217.5,6045139.0,10756966.0,8401052.5,60.45139,107.56966,84.010525,"['java', 'power bi', 'python', 'react']"
236,AI Researcher,Finance,,,,,,,,,Tesla,"Seattle, USA",Full-time,Director,"Power BI, SQL, JavaScript, Azure, Node.js",54244.0,88109.0,True,04-08-2024,71176.5,4502252.0,7313047.0,5907649.5,45.02252,73.13047,59.076495,"['power bi', 'sql', 'javascript', 'azure', 'node.js']"
237,Data Analyst,Healthcare,,,,,,,,,Netflix,"Seattle, USA",Part-time,Entry level,"Tableau, SQL, Power BI, Python, Node.js",94007.0,162547.0,False,01-04-2023,128277.0,7802581.0,13491401.0,10646991.0,78.02581,134.91401,106.46991,"['tableau', 'sql', 'power bi', 'python', 'node.js']"
238,DevOps Engineer,Technology,,,,,,,,,Oracle,"Toronto, Canada",Contract,Director,"Tableau, React, Data Visualization, Excel, Power BI, JavaScript",105004.0,136806.0,True,24-03-2024,120905.0,8715332.0,11354898.0,10035115.0,87.15332,113.54898,100.35115,"['tableau', 'react', 'data visualization', 'excel', 'power bi', 'javascript']"
239,Business Analyst,Technology,,,,,,,,,Google,"Berlin, Germany",Contract,Entry level,"Java, Docker, Node.js, Power BI, SQL",59661.0,74040.0,True,07-04-2024,66850.5,4951863.0,6145320.0,5548591.5,49.51863,61.4532,55.485915,"['java', 'docker', 'node.js', 'power bi', 'sql']"
240,DevOps Engineer,Technology,,,,,,,,,StartupX,"Austin, USA",Internship,Mid level,"Azure, JavaScript, React",113273.0,127335.0,False,13-12-2023,120304.0,9401659.0,10568805.0,9985232.0,94.01659,105.68805,99.85232,"['azure', 'javascript', 'react']"
241,Business Analyst,Education,,,,,,,,,Meta,"San Francisco, USA",Full-time,Director,"Java, Python, Azure, React, Docker, SQL",84768.0,131667.0,False,21-07-2024,108217.5,7035744.0,10928361.0,8982052.5,70.35744,109.28361,89.820525,"['java', 'python', 'azure', 'react', 'docker', 'sql']"
242,Data Analyst,E-commerce,,,,,,,,,Meta,"Austin, USA",Contract,Entry level,"AWS, Tableau, Docker",76171.0,98883.0,False,06-05-2024,87527.0,6322193.0,8207289.0,7264741.0,63.22193,82.07289,72.64741,"['aws', 'tableau', 'docker']"
243,Marketing Analyst,Healthcare,,,,,,,,,IBM,"Austin, USA",Contract,Director,"Kubernetes, Python, AWS, Node.js",84734.0,106679.0,False,15-05-2024,95706.5,7032922.0,8854357.0,7943639.5,70.32922,88.54357,79.436395,"['kubernetes', 'python', 'aws', 'node.js']"
244,AI Researcher,Healthcare,,,,,,,,,Google,"Austin, USA",Full-time,Entry level,"Tableau, Data Visualization, JavaScript, Machine Learning, Python, Docker",79654.0,124854.0,False,27-09-2023,102254.0,6611282.0,10362882.0,8487082.0,66.11282,103.62882,84.87082,"['tableau', 'data visualization', 'javascript', 'machine learning', 'python', 'docker']"
245,Full Stack Developer,Education,,,,,,,,,Netflix,"San Francisco, USA",Internship,Entry level,"SQL, Tableau, Kubernetes, Java",112236.0,153122.0,True,02-07-2024,132679.0,9315588.0,12709126.0,11012357.0,93.15588,127.09126,110.12357,"['sql', 'tableau', 'kubernetes', 'java']"
246,Data Analyst,Finance,,,,,,,,,IBM,"San Francisco, USA",Internship,Mid level,"Azure, Power BI, Tableau, SQL, React",75260.0,101799.0,False,05-08-2023,88529.5,6246580.0,8449317.0,7347948.5,62.4658,84.49317,73.479485,"['azure', 'power bi', 'tableau', 'sql', 'react']"
247,Business Analyst,Technology,,,,,,,,,Adobe,"Bangalore, India",Full-time,Director,"Java, Node.js, Data Visualization, Tableau, Power BI, SQL",102082.0,154828.0,True,23-07-2024,128455.0,8472806.0,12850724.0,10661765.0,84.72806,128.50724,106.61765,"['java', 'node.js', 'data visualization', 'tableau', 'power bi', 'sql']"
248,Marketing Analyst,E-commerce,,,,,,,,,Tesla,"Toronto, Canada",Contract,Director,"Python, Java, AWS, Docker, React, Data Visualization",63237.0,110735.0,False,30-07-2024,86986.0,5248671.0,9191005.0,7219838.0,52.48671,91.91005,72.19838,"['python', 'java', 'aws', 'docker', 'react', 'data visualization']"
249,Product Manager,Technology,,,,,,,,,Google,"Bangalore, India",Contract,Senior level,"React, Tableau, AWS, Node.js, Power BI",101877.0,155326.0,False,09-02-2023,128601.5,8455791.0,12892058.0,10673924.5,84.55791,128.92058,106.739245,"['react', 'tableau', 'aws', 'node.js', 'power bi']"
250,Business Analyst,E-commerce,,,,,,,,,FinTechHub,"Bangalore, India",Contract,Senior level,"JavaScript, Kubernetes, Node.js",79878.0,107492.0,False,11-04-2023,93685.0,6629874.0,8921836.0,7775855.0,66.29874,89.21836,77.75855,"['javascript', 'kubernetes', 'node.js']"
251,Data Analyst,Education,,,,,,,,,Adobe,"Austin, USA",Full-time,Senior level,"Java, Tableau, Machine Learning, Data Visualization, Python, Node.js",117698.0,176707.0,True,11-05-2024,147202.5,9768934.0,14666681.0,12217807.5,97.68934,146.66681,122.178075,"['java', 'tableau', 'machine learning', 'data visualization', 'python', 'node.js']"
252,Data Analyst,Healthcare,,,,,,,,,Oracle,"New York, USA",Contract,Mid level,"React, Kubernetes, Machine Learning, Docker, Excel",57553.0,100254.0,True,25-07-2023,78903.5,4776899.0,8321082.0,6548990.5,47.76899,83.21082,65.489905,"['react', 'kubernetes', 'machine learning', 'docker', 'excel']"
253,Full Stack Developer,Education,,,,,,,,,Salesforce,"Bangalore, India",Part-time,Director,"Azure, Java, AWS, Power BI, SQL",81711.0,140530.0,False,01-02-2023,111120.5,6782013.0,11663990.0,9223001.5,67.82013,116.6399,92.230015,"['azure', 'java', 'aws', 'power bi', 'sql']"
254,Software Engineer,Finance,,,,,,,,,Salesforce,"Seattle, USA",Part-time,Mid level,"Excel, Docker, Machine Learning, Python, Node.js",100667.0,117174.0,True,29-01-2023,108920.5,8355361.0,9725442.0,9040401.5,83.55361,97.25442,90.404015,"['excel', 'docker', 'machine learning', 'python', 'node.js']"
255,AI Researcher,Healthcare,,,,,,,,,Google,"Seattle, USA",Contract,Senior level,"Node.js, Docker, Azure, Kubernetes, AWS, JavaScript",67342.0,100043.0,False,30-04-2024,83692.5,5589386.0,8303569.0,6946477.5,55.89386,83.03569,69.464775,"['node.js', 'docker', 'azure', 'kubernetes', 'aws', 'javascript']"
256,AI Researcher,Healthcare,,,,,,,,,Microsoft,"New York, USA",Contract,Senior level,"Kubernetes, SQL, Azure",118241.0,180296.0,False,06-11-2023,149268.5,9814003.0,14964568.0,12389285.5,98.14003,149.64568,123.892855,"['kubernetes', 'sql', 'azure']"
257,Business Analyst,Education,,,,,,,,,Meta,"Austin, USA",Part-time,Entry level,"Excel, Azure, Node.js, Java, Python, Kubernetes",86291.0,130520.0,False,29-11-2023,108405.5,7162153.0,10833160.0,8997656.5,71.62153,108.3316,89.976565,"['excel', 'azure', 'node.js', 'java', 'python', 'kubernetes']"
258,DevOps Engineer,Finance,,,,,,,,,FinTechHub,"New York, USA",Part-time,Senior level,"Node.js, Excel, Azure, Machine Learning, AWS, Java",104862.0,167893.0,True,23-09-2023,136377.5,8703546.0,13935119.0,11319332.5,87.03546,139.35119,113.193325,"['node.js', 'excel', 'azure', 'machine learning', 'aws', 'java']"
259,Software Engineer,Technology,,,,,,,,,FinTechHub,"London, UK",Part-time,Senior level,"Azure, JavaScript, Power BI, AWS",62793.0,134499.0,False,28-10-2023,98646.0,5211819.0,11163417.0,8187618.0,52.11819,111.63417,81.87618,"['azure', 'javascript', 'power bi', 'aws']"
260,AI Researcher,Technology,,,,,,,,,Netflix,"Bangalore, India",Full-time,Director,"Kubernetes, JavaScript, Machine Learning",98717.0,142869.0,True,06-12-2023,120793.0,8193511.0,11858127.0,10025819.0,81.93511,118.58127,100.25819,"['kubernetes', 'javascript', 'machine learning']"
261,DevOps Engineer,Healthcare,,,,,,,,,Google,"Austin, USA",Part-time,Mid level,"Data Visualization, Kubernetes, Java, Azure, Tableau, SQL",119446.0,168552.0,False,26-01-2024,143999.0,9914018.0,13989816.0,11951917.0,99.14018,139.89816,119.51917,"['data visualization', 'kubernetes', 'java', 'azure', 'tableau', 'sql']"
262,Data Analyst,Finance,,,,,,,,,Google,"Bangalore, India",Contract,Mid level,"Kubernetes, Tableau, React, SQL",73176.0,124255.0,True,07-12-2023,98715.5,6073608.0,10313165.0,8193386.5,60.73608,103.13165,81.933865,"['kubernetes', 'tableau', 'react', 'sql']"
263,DevOps Engineer,Education,,,,,,,,,Oracle,"Toronto, Canada",Full-time,Entry level,"Power BI, Azure, Python, React",106283.0,169156.0,True,20-03-2024,137719.5,8821489.0,14039948.0,11430718.5,88.21489,140.39948,114.307185,"['power bi', 'azure', 'python', 'react']"
264,Product Manager,Technology,,,,,,,,,FinTechHub,"Berlin, Germany",Contract,Mid level,"Machine Learning, Data Visualization, AWS, Java, SQL, Python",50540.0,93153.0,False,19-01-2023,71846.5,4194820.0,7731699.0,5963259.5,41.9482,77.31699,59.632595,"['machine learning', 'data visualization', 'aws', 'java', 'sql', 'python']"
265,AI Researcher,Healthcare,,,,,,,,,Adobe,"Berlin, Germany",Internship,Mid level,"Azure, Tableau, JavaScript, Java, Docker, Python",109759.0,187954.0,True,25-10-2023,148856.5,9109997.0,15600182.0,12355089.5,91.09997,156.00182,123.550895,"['azure', 'tableau', 'javascript', 'java', 'docker', 'python']"
266,Data Analyst,Healthcare,,,,,,,,,Salesforce,Remote,Part-time,Entry level,"Docker, Excel, AWS",67197.0,104878.0,True,18-08-2023,86037.5,5577351.0,8704874.0,7141112.5,55.77351,87.04874,71.411125,"['docker', 'excel', 'aws']"
267,Data Analyst,E-commerce,,,,,,,,,FinTechHub,"San Francisco, USA",Internship,Director,"Machine Learning, AWS, Kubernetes",64170.0,76757.0,True,19-02-2023,70463.5,5326110.0,6370831.0,5848470.5,53.2611,63.70831,58.484705,"['machine learning', 'aws', 'kubernetes']"
268,DevOps Engineer,E-commerce,,,,,,,,,StartupX,"San Francisco, USA",Contract,Mid level,"Machine Learning, Power BI, Data Visualization",51219.0,100686.0,True,30-07-2023,75952.5,4251177.0,8356938.0,6304057.5,42.51177,83.56938,63.040575,"['machine learning', 'power bi', 'data visualization']"
269,Full Stack Developer,Healthcare,,,,,,,,,Meta,"Seattle, USA",Contract,Mid level,"AWS, Java, Python, Machine Learning, Kubernetes, JavaScript",64943.0,88871.0,False,17-10-2023,76907.0,5390269.0,7376293.0,6383281.0,53.90269,73.76293,63.83281,"['aws', 'java', 'python', 'machine learning', 'kubernetes', 'javascript']"
270,Data Analyst,Finance,,,,,,,,,StartupX,"San Francisco, USA",Full-time,Director,"Tableau, Machine Learning, SQL",80737.0,91095.0,True,05-12-2023,85916.0,6701171.0,7560885.0,7131028.0,67.01171,75.60885,71.31028,"['tableau', 'machine learning', 'sql']"
271,Business Analyst,Finance,,,,,,,,,Netflix,"Bangalore, India",Full-time,Entry level,"React, AWS, Azure",80298.0,150165.0,False,20-09-2023,115231.5,6664734.0,12463695.0,9564214.5,66.64734,124.63695,95.642145,"['react', 'aws', 'azure']"
272,Data Analyst,Healthcare,,,,,,,,,Google,"Austin, USA",Part-time,Senior level,"Data Visualization, AWS, Power BI, SQL, Azure, Excel",65191.0,87642.0,True,12-03-2024,76416.5,5410853.0,7274286.0,6342569.5,54.10853,72.74286,63.425695,"['data visualization', 'aws', 'power bi', 'sql', 'azure', 'excel']"
273,Full Stack Developer,Finance,,,,,,,,,Netflix,"Toronto, Canada",Internship,Director,"Java, Power BI, React",102530.0,164991.0,True,27-04-2023,133760.5,8509990.0,13694253.0,11102121.5,85.0999,136.94253,111.021215,"['java', 'power bi', 'react']"
274,AI Researcher,Healthcare,,,,,,,,,Oracle,"Bangalore, India",Part-time,Director,"React, Excel, Power BI",63593.0,128122.0,True,13-06-2023,95857.5,5278219.0,10634126.0,7956172.5,52.78219,106.34126,79.561725,"['react', 'excel', 'power bi']"
275,DevOps Engineer,Healthcare,,,,,,,,,Oracle,"New York, USA",Full-time,Senior level,"Power BI, React, Excel",113979.0,138781.0,True,09-05-2024,126380.0,9460257.0,11518823.0,10489540.0,94.60257,115.18823,104.8954,"['power bi', 'react', 'excel']"
276,AI Researcher,Healthcare,,,,,,,,,Microsoft,"Toronto, Canada",Part-time,Director,"Java, React, Machine Learning, Data Visualization, Python, Excel",118039.0,196603.0,True,13-12-2023,157321.0,9797237.0,16318049.0,13057643.0,97.97237,163.18049,130.57643,"['java', 'react', 'machine learning', 'data visualization', 'python', 'excel']"
277,Software Engineer,Healthcare,,,,,,,,,Microsoft,"Bangalore, India",Contract,Mid level,"Python, Machine Learning, JavaScript, React, Excel",111510.0,186500.0,False,01-06-2024,149005.0,9255330.0,15479500.0,12367415.0,92.5533,154.795,123.67415,"['python', 'machine learning', 'javascript', 'react', 'excel']"
278,Full Stack Developer,E-commerce,,,,,,,,,Oracle,"Bangalore, India",Full-time,Director,"SQL, Kubernetes, Power BI, Excel, Python",80801.0,101133.0,True,17-02-2024,90967.0,6706483.0,8394039.0,7550261.0,67.06483,83.94039,75.50261,"['sql', 'kubernetes', 'power bi', 'excel', 'python']"
279,Marketing Analyst,Education,,,,,,,,,Adobe,"New York, USA",Full-time,Senior level,"Excel, Node.js, Kubernetes, Azure",104046.0,118742.0,False,18-02-2024,111394.0,8635818.0,9855586.0,9245702.0,86.35818,98.55586,92.45702,"['excel', 'node.js', 'kubernetes', 'azure']"
280,Machine Learning Engineer,Technology,,,,,,,,,Adobe,"Bangalore, India",Contract,Director,"Tableau, Excel, JavaScript",79218.0,148784.0,True,25-02-2023,114001.0,6575094.0,12349072.0,9462083.0,65.75094,123.49072,94.62083,"['tableau', 'excel', 'javascript']"
281,Marketing Analyst,Finance,,,,,,,,,Adobe,"Berlin, Germany",Full-time,Entry level,"Java, React, Power BI, Tableau, Docker, SQL",96548.0,144818.0,False,16-12-2023,120683.0,8013484.0,12019894.0,10016689.0,80.13484,120.19894,100.16689,"['java', 'react', 'power bi', 'tableau', 'docker', 'sql']"
282,DevOps Engineer,Technology,,,,,,,,,Meta,"Bangalore, India",Part-time,Senior level,"Python, Excel, React, Data Visualization, SQL, Kubernetes",74581.0,100407.0,False,20-07-2023,87494.0,6190223.0,8333781.0,7262002.0,61.90223,83.33781,72.62002,"['python', 'excel', 'react', 'data visualization', 'sql', 'kubernetes']"
283,Data Analyst,Education,,,,,,,,,Adobe,"New York, USA",Internship,Director,"Power BI, Data Visualization, Java, Node.js",67647.0,143029.0,True,31-05-2024,105338.0,5614701.0,11871407.0,8743054.0,56.14701,118.71407,87.43054,"['power bi', 'data visualization', 'java', 'node.js']"
284,Marketing Analyst,E-commerce,,,,,,,,,IBM,"Toronto, Canada",Part-time,Senior level,"AWS, Kubernetes, Tableau, Java, Power BI",100778.0,152962.0,False,17-04-2023,126870.0,8364574.0,12695846.0,10530210.0,83.64574,126.95846,105.3021,"['aws', 'kubernetes', 'tableau', 'java', 'power bi']"
285,Marketing Analyst,Education,,,,,,,,,StartupX,"Seattle, USA",Part-time,Mid level,"Excel, Azure, Node.js, Java, Tableau",89179.0,140323.0,True,08-06-2024,114751.0,7401857.0,11646809.0,9524333.0,74.01857,116.46809,95.24333,"['excel', 'azure', 'node.js', 'java', 'tableau']"
286,Machine Learning Engineer,E-commerce,,,,,,,,,Adobe,"Bangalore, India",Internship,Senior level,"Machine Learning, SQL, Python",92255.0,117381.0,False,30-05-2024,104818.0,7657165.0,9742623.0,8699894.0,76.57165,97.42623,86.99894,"['machine learning', 'sql', 'python']"
287,Product Manager,Finance,,,,,,,,,Netflix,"Austin, USA",Contract,Senior level,"Power BI, Tableau, AWS",56955.0,74374.0,True,29-05-2023,65664.5,4727265.0,6173042.0,5450153.5,47.27265,61.73042,54.501535,"['power bi', 'tableau', 'aws']"
288,Full Stack Developer,Finance,,,,,,,,,Microsoft,Remote,Part-time,Director,"Power BI, Excel, Python, Docker, Node.js",54234.0,111247.0,False,08-07-2024,82740.5,4501422.0,9233501.0,6867461.5,45.01422,92.33501,68.674615,"['power bi', 'excel', 'python', 'docker', 'node.js']"
289,Business Analyst,Education,,,,,,,,,Meta,"Bangalore, India",Part-time,Senior level,"Tableau, Power BI, JavaScript, AWS",57051.0,68750.0,False,17-11-2023,62900.5,4735233.0,5706250.0,5220741.5,47.35233,57.0625,52.207415,"['tableau', 'power bi', 'javascript', 'aws']"
290,Software Engineer,Technology,,,,,,,,,FinTechHub,Remote,Full-time,Director,"AWS, Machine Learning, Node.js, Java, Power BI, Data Visualization",59760.0,94267.0,False,01-07-2023,77013.5,4960080.0,7824161.0,6392120.5,49.6008,78.24161,63.921205,"['aws', 'machine learning', 'node.js', 'java', 'power bi', 'data visualization']"
291,Software Engineer,Education,,,,,,,,,Google,"Austin, USA",Contract,Entry level,"Kubernetes, Tableau, Data Visualization, Machine Learning, Azure",93327.0,164449.0,True,06-01-2023,128888.0,7746141.0,13649267.0,10697704.0,77.46141,136.49267,106.97704,"['kubernetes', 'tableau', 'data visualization', 'machine learning', 'azure']"
292,Software Engineer,Education,,,,,,,,,Adobe,"San Francisco, USA",Part-time,Director,"SQL, Azure, JavaScript, Tableau, Excel, React",118864.0,157694.0,False,22-11-2023,138279.0,9865712.0,13088602.0,11477157.0,98.65712,130.88602,114.77157,"['sql', 'azure', 'javascript', 'tableau', 'excel', 'react']"
293,AI Researcher,Healthcare,,,,,,,,,Adobe,"Bangalore, India",Full-time,Entry level,"JavaScript, Excel, Data Visualization, Tableau, Node.js, Python",88479.0,127111.0,False,05-01-2024,107795.0,7343757.0,10550213.0,8946985.0,73.43757,105.50213,89.46985,"['javascript', 'excel', 'data visualization', 'tableau', 'node.js', 'python']"
294,Business Analyst,Education,,,,,,,,,Adobe,"London, UK",Full-time,Senior level,"Kubernetes, Python, AWS, Excel, JavaScript, Azure",64860.0,125437.0,True,26-01-2024,95148.5,5383380.0,10411271.0,7897325.5,53.8338,104.11271,78.973255,"['kubernetes', 'python', 'aws', 'excel', 'javascript', 'azure']"
295,Data Analyst,E-commerce,,,,,,,,,StartupX,"San Francisco, USA",Part-time,Mid level,"JavaScript, Machine Learning, Power BI",71940.0,151828.0,False,09-04-2023,111884.0,5971020.0,12601724.0,9286372.0,59.7102,126.01724,92.86372,"['javascript', 'machine learning', 'power bi']"
296,Full Stack Developer,Technology,,,,,,,,,FinTechHub,"Berlin, Germany",Full-time,Entry level,"Java, Tableau, AWS",70152.0,83265.0,True,15-03-2023,76708.5,5822616.0,6910995.0,6366805.5,58.22616,69.10995,63.668055,"['java', 'tableau', 'aws']"
297,DevOps Engineer,Healthcare,,,,,,,,,IBM,"Bangalore, India",Internship,Director,"Docker, Excel, SQL",79837.0,123738.0,True,11-08-2024,101787.5,6626471.0,10270254.0,8448362.5,66.26471,102.70254,84.483625,"['docker', 'excel', 'sql']"
298,Machine Learning Engineer,Education,,,,,,,,,Adobe,"San Francisco, USA",Contract,Senior level,"AWS, Tableau, Kubernetes",55965.0,75479.0,False,06-03-2023,65722.0,4645095.0,6264757.0,5454926.0,46.45095,62.64757,54.54926,"['aws', 'tableau', 'kubernetes']"
299,Software Engineer,Education,,,,,,,,,Adobe,"Seattle, USA",Part-time,Director,"Excel, Java, AWS, Node.js, Power BI",54039.0,126165.0,False,09-02-2024,90102.0,4485237.0,10471695.0,7478466.0,44.85237,104.71695,74.78466,"['excel', 'java', 'aws', 'node.js', 'power bi']"
300,Data Analyst,Finance,,,,,,,,,Google,"Toronto, Canada",Full-time,Senior level,"JavaScript, Docker, Excel, Machine Learning, Java",68530.0,94682.0,True,12-01-2023,81606.0,5687990.0,7858606.0,6773298.0,56.8799,78.58606,67.73298,"['javascript', 'docker', 'excel', 'machine learning', 'java']"
301,Product Manager,Education,,,,,,,,,Microsoft,"Austin, USA",Full-time,Director,"AWS, Excel, SQL",78939.0,122066.0,False,08-07-2023,100502.5,6551937.0,10131478.0,8341707.5,65.51937,101.31478,83.417075,"['aws', 'excel', 'sql']"
302,Machine Learning Engineer,Healthcare,,,,,,,,,Tesla,"Austin, USA",Part-time,Entry level,"Node.js, JavaScript, Azure",75875.0,149732.0,False,11-04-2023,112803.5,6297625.0,12427756.0,9362690.5,62.97625,124.27756,93.626905,"['node.js', 'javascript', 'azure']"
303,AI Researcher,Finance,,,,,,,,,Amazon,"Berlin, Germany",Contract,Director,"Azure, JavaScript, Tableau",93036.0,143101.0,True,06-04-2024,118068.5,7721988.0,11877383.0,9799685.5,77.21988,118.77383,97.996855,"['azure', 'javascript', 'tableau']"
304,Software Engineer,E-commerce,,,,,,,,,StartupX,"Berlin, Germany",Internship,Director,"Tableau, AWS, Kubernetes, Machine Learning, SQL",86264.0,143382.0,True,22-03-2024,114823.0,7159912.0,11900706.0,9530309.0,71.59912,119.00706,95.30309,"['tableau', 'aws', 'kubernetes', 'machine learning', 'sql']"
305,Marketing Analyst,Technology,,,,,,,,,Meta,"London, UK",Full-time,Entry level,"React, Data Visualization, Node.js",86780.0,115130.0,False,25-03-2023,100955.0,7202740.0,9555790.0,8379265.0,72.0274,95.5579,83.79265,"['react', 'data visualization', 'node.js']"
306,Marketing Analyst,E-commerce,,,,,,,,,Adobe,"Bangalore, India",Part-time,Senior level,"Node.js, Tableau, Data Visualization, Power BI",54804.0,98963.0,False,06-08-2023,76883.5,4548732.0,8213929.0,6381330.5,45.48732,82.13929,63.813305,"['node.js', 'tableau', 'data visualization', 'power bi']"
307,Marketing Analyst,Finance,,,,,,,,,Microsoft,"Toronto, Canada",Contract,Entry level,"Tableau, Machine Learning, Java, Kubernetes",110909.0,186592.0,True,18-05-2023,148750.5,9205447.0,15487136.0,12346291.5,92.05447,154.87136,123.462915,"['tableau', 'machine learning', 'java', 'kubernetes']"
308,Machine Learning Engineer,Technology,,,,,,,,,Google,"Seattle, USA",Internship,Mid level,"Azure, JavaScript, Python, Excel, React",69162.0,142535.0,False,03-07-2023,105848.5,5740446.0,11830405.0,8785425.5,57.40446,118.30405,87.854255,"['azure', 'javascript', 'python', 'excel', 'react']"
309,Data Analyst,Healthcare,,,,,,,,,Google,"Berlin, Germany",Full-time,Senior level,"Docker, Excel, Node.js, Azure",111561.0,181152.0,True,02-02-2024,146356.5,9259563.0,15035616.0,12147589.5,92.59563,150.35616,121.475895,"['docker', 'excel', 'node.js', 'azure']"
310,Product Manager,E-commerce,,,,,,,,,Adobe,"Toronto, Canada",Contract,Senior level,"Node.js, Data Visualization, Python, Machine Learning, Java, Kubernetes",82975.0,142301.0,True,13-06-2024,112638.0,6886925.0,11810983.0,9348954.0,68.86925,118.10983,93.48954,"['node.js', 'data visualization', 'python', 'machine learning', 'java', 'kubernetes']"
311,Business Analyst,Healthcare,,,,,,,,,Meta,"Austin, USA",Part-time,Mid level,"Excel, JavaScript, Docker",60104.0,137545.0,False,24-08-2023,98824.5,4988632.0,11416235.0,8202433.5,49.88632,114.16235,82.024335,"['excel', 'javascript', 'docker']"
312,Full Stack Developer,Finance,,,,,,,,,Meta,"Austin, USA",Internship,Entry level,"Java, Data Visualization, React",113113.0,185872.0,True,27-04-2023,149492.5,9388379.0,15427376.0,12407877.5,93.88379,154.27376,124.078775,"['java', 'data visualization', 'react']"
313,AI Researcher,Finance,,,,,,,,,Amazon,"New York, USA",Part-time,Senior level,"Data Visualization, Node.js, Excel, Python, Tableau, AWS",117193.0,132329.0,True,18-05-2023,124761.0,9727019.0,10983307.0,10355163.0,97.27019,109.83307,103.55163,"['data visualization', 'node.js', 'excel', 'python', 'tableau', 'aws']"
314,Full Stack Developer,Education,,,,,,,,,Amazon,"Seattle, USA",Internship,Mid level,"Data Visualization, Excel, Machine Learning, AWS",108877.0,180666.0,True,10-08-2023,144771.5,9036791.0,14995278.0,12016034.5,90.36791,149.95278,120.160345,"['data visualization', 'excel', 'machine learning', 'aws']"
315,Product Manager,Technology,,,,,,,,,IBM,"Toronto, Canada",Part-time,Entry level,"Machine Learning, React, Node.js, Excel",109437.0,128460.0,False,17-12-2023,118948.5,9083271.0,10662180.0,9872725.5,90.83271,106.6218,98.727255,"['machine learning', 'react', 'node.js', 'excel']"
316,Full Stack Developer,E-commerce,,,,,,,,,Salesforce,"New York, USA",Full-time,Entry level,"Node.js, Data Visualization, Machine Learning, Python",62622.0,95877.0,False,03-06-2023,79249.5,5197626.0,7957791.0,6577708.5,51.97626,79.57791,65.777085,"['node.js', 'data visualization', 'machine learning', 'python']"
317,Data Analyst,E-commerce,,,,,,,,,FinTechHub,Remote,Internship,Mid level,"Azure, Data Visualization, Tableau, Power BI, React, SQL",105139.0,163685.0,False,18-06-2024,134412.0,8726537.0,13585855.0,11156196.0,87.26537,135.85855,111.56196,"['azure', 'data visualization', 'tableau', 'power bi', 'react', 'sql']"
318,Product Manager,Finance,,,,,,,,,Microsoft,"London, UK",Internship,Senior level,"Power BI, Node.js, Tableau",83360.0,155899.0,True,18-05-2023,119629.5,6918880.0,12939617.0,9929248.5,69.1888,129.39617,99.292485,"['power bi', 'node.js', 'tableau']"
319,Marketing Analyst,E-commerce,,,,,,,,,Google,"Toronto, Canada",Part-time,Senior level,"SQL, Java, Docker, Excel, Data Visualization",118490.0,143934.0,False,14-08-2024,131212.0,9834670.0,11946522.0,10890596.0,98.3467,119.46522,108.90596,"['sql', 'java', 'docker', 'excel', 'data visualization']"
320,AI Researcher,Education,,,,,,,,,Netflix,"Toronto, Canada",Part-time,Director,"Java, Azure, Machine Learning, Tableau, Kubernetes, AWS",105517.0,163442.0,False,25-09-2023,134479.5,8757911.0,13565686.0,11161798.5,87.57911,135.65686,111.617985,"['java', 'azure', 'machine learning', 'tableau', 'kubernetes', 'aws']"
321,Software Engineer,Finance,,,,,,,,,StartupX,"San Francisco, USA",Part-time,Director,"JavaScript, Machine Learning, Docker",95135.0,157318.0,False,14-08-2024,126226.5,7896205.0,13057394.0,10476799.5,78.96205,130.57394,104.767995,"['javascript', 'machine learning', 'docker']"
322,DevOps Engineer,E-commerce,,,,,,,,,StartupX,"New York, USA",Full-time,Mid level,"SQL, Node.js, AWS, JavaScript, Azure, React",56822.0,87890.0,True,17-07-2024,72356.0,4716226.0,7294870.0,6005548.0,47.16226,72.9487,60.05548,"['sql', 'node.js', 'aws', 'javascript', 'azure', 'react']"
323,Business Analyst,E-commerce,,,,,,,,,FinTechHub,"New York, USA",Part-time,Director,"JavaScript, React, Excel",102513.0,180802.0,False,29-01-2024,141657.5,8508579.0,15006566.0,11757572.5,85.08579,150.06566,117.575725,"['javascript', 'react', 'excel']"
324,Marketing Analyst,Healthcare,,,,,,,,,FinTechHub,"Seattle, USA",Part-time,Entry level,"Excel, Python, Java, SQL",54405.0,131323.0,False,19-07-2023,92864.0,4515615.0,10899809.0,7707712.0,45.15615,108.99809,77.07712,"['excel', 'python', 'java', 'sql']"
325,DevOps Engineer,Technology,,,,,,,,,Salesforce,"Seattle, USA",Full-time,Entry level,"Power BI, React, Machine Learning, Data Visualization, Azure",96285.0,158077.0,False,14-02-2024,127181.0,7991655.0,13120391.0,10556023.0,79.91655,131.20391,105.56023,"['power bi', 'react', 'machine learning', 'data visualization', 'azure']"
326,Full Stack Developer,E-commerce,,,,,,,,,IBM,"New York, USA",Contract,Mid level,"Machine Learning, SQL, Node.js",79661.0,115157.0,False,11-10-2023,97409.0,6611863.0,9558031.0,8084947.0,66.11863,95.58031,80.84947,"['machine learning', 'sql', 'node.js']"
327,Business Analyst,Education,,,,,,,,,Adobe,"London, UK",Internship,Director,"Tableau, JavaScript, Node.js, Azure, Kubernetes, Excel",65336.0,142613.0,True,15-12-2023,103974.5,5422888.0,11836879.0,8629883.5,54.22888,118.36879,86.298835,"['tableau', 'javascript', 'node.js', 'azure', 'kubernetes', 'excel']"
328,Data Scientist,E-commerce,,,,,,,,,IBM,"Seattle, USA",Part-time,Senior level,"Machine Learning, Node.js, Python, Power BI, AWS",65239.0,109031.0,True,08-05-2024,87135.0,5414837.0,9049573.0,7232205.0,54.14837,90.49573,72.32205,"['machine learning', 'node.js', 'python', 'power bi', 'aws']"
329,Machine Learning Engineer,Healthcare,,,,,,,,,Microsoft,Remote,Part-time,Director,"JavaScript, Data Visualization, AWS, Java, Excel",62190.0,124478.0,True,22-10-2023,93334.0,5161770.0,10331674.0,7746722.0,51.6177,103.31674,77.46722,"['javascript', 'data visualization', 'aws', 'java', 'excel']"
330,Product Manager,Finance,,,,,,,,,Netflix,"Seattle, USA",Part-time,Mid level,"Java, Tableau, SQL, React, Power BI",76170.0,116953.0,False,25-05-2024,96561.5,6322110.0,9707099.0,8014604.5,63.2211,97.07099,80.146045,"['java', 'tableau', 'sql', 'react', 'power bi']"
331,Machine Learning Engineer,E-commerce,,,,,,,,,Salesforce,"Berlin, Germany",Internship,Senior level,"Tableau, Machine Learning, AWS, Docker",55539.0,128753.0,True,07-01-2023,92146.0,4609737.0,10686499.0,7648118.0,46.09737,106.86499,76.48118,"['tableau', 'machine learning', 'aws', 'docker']"
332,Marketing Analyst,E-commerce,,,,,,,,,IBM,"Bangalore, India",Full-time,Senior level,"Kubernetes, SQL, Power BI, Machine Learning",66809.0,83906.0,False,13-08-2024,75357.5,5545147.0,6964198.0,6254672.5,55.45147,69.64198,62.546725,"['kubernetes', 'sql', 'power bi', 'machine learning']"
333,Product Manager,Education,,,,,,,,,IBM,"San Francisco, USA",Contract,Senior level,"Java, Machine Learning, AWS, JavaScript, Tableau",51103.0,62652.0,False,20-11-2023,56877.5,4241549.0,5200116.0,4720832.5,42.41549,52.00116,47.208325,"['java', 'machine learning', 'aws', 'javascript', 'tableau']"
334,Full Stack Developer,Healthcare,,,,,,,,,IBM,"Seattle, USA",Internship,Senior level,"AWS, Kubernetes, Java, Data Visualization, Tableau, Power BI",97962.0,132067.0,True,18-12-2023,115014.5,8130846.0,10961561.0,9546203.5,81.30846,109.61561,95.462035,"['aws', 'kubernetes', 'java', 'data visualization', 'tableau', 'power bi']"
335,Marketing Analyst,Finance,,,,,,,,,IBM,"Toronto, Canada",Part-time,Mid level,"Tableau, Python, Java, Docker, Kubernetes, Node.js",85382.0,126289.0,False,13-04-2023,105835.5,7086706.0,10481987.0,8784346.5,70.86706,104.81987,87.843465,"['tableau', 'python', 'java', 'docker', 'kubernetes', 'node.js']"
336,Marketing Analyst,Finance,,,,,,,,,Salesforce,"New York, USA",Internship,Entry level,"JavaScript, React, AWS",89326.0,132221.0,False,13-05-2024,110773.5,7414058.0,10974343.0,9194200.5,74.14058,109.74343,91.942005,"['javascript', 'react', 'aws']"
337,Business Analyst,Technology,,,,,,,,,Tesla,"Berlin, Germany",Contract,Senior level,"SQL, Azure, Excel, Data Visualization, JavaScript, Power BI",108963.0,162827.0,True,09-04-2023,135895.0,9043929.0,13514641.0,11279285.0,90.43929,135.14641,112.79285,"['sql', 'azure', 'excel', 'data visualization', 'javascript', 'power bi']"
338,Marketing Analyst,Education,,,,,,,,,Oracle,"Bangalore, India",Full-time,Director,"Kubernetes, Excel, Java, Tableau, React",96544.0,149154.0,False,19-10-2023,122849.0,8013152.0,12379782.0,10196467.0,80.13152,123.79782,101.96467,"['kubernetes', 'excel', 'java', 'tableau', 'react']"
339,Data Scientist,Healthcare,,,,,,,,,Amazon,"Berlin, Germany",Part-time,Senior level,"Power BI, AWS, Data Visualization, Excel, Docker",103054.0,122405.0,False,07-03-2024,112729.5,8553482.0,10159615.0,9356548.5,85.53482,101.59615,93.565485,"['power bi', 'aws', 'data visualization', 'excel', 'docker']"
340,Full Stack Developer,Finance,,,,,,,,,IBM,"Austin, USA",Part-time,Entry level,"Excel, AWS, Power BI, Tableau",97600.0,175880.0,True,31-03-2024,136740.0,8100800.0,14598040.0,11349420.0,81.008,145.9804,113.4942,"['excel', 'aws', 'power bi', 'tableau']"
341,Data Scientist,Technology,,,,,,,,,Microsoft,"San Francisco, USA",Internship,Entry level,"Machine Learning, Tableau, SQL, React, AWS, Data Visualization",71877.0,133918.0,True,04-08-2023,102897.5,5965791.0,11115194.0,8540492.5,59.65791,111.15194,85.404925,"['machine learning', 'tableau', 'sql', 'react', 'aws', 'data visualization']"
342,Product Manager,Finance,,,,,,,,,Meta,"London, UK",Internship,Mid level,"Python, Node.js, Excel, Azure",101097.0,151646.0,False,28-03-2023,126371.5,8391051.0,12586618.0,10488834.5,83.91051,125.86618,104.888345,"['python', 'node.js', 'excel', 'azure']"
343,Marketing Analyst,Education,,,,,,,,,Oracle,"Austin, USA",Part-time,Director,"Machine Learning, Excel, React, Node.js, AWS, Azure",111235.0,156940.0,False,02-05-2024,134087.5,9232505.0,13026020.0,11129262.5,92.32505,130.2602,111.292625,"['machine learning', 'excel', 'react', 'node.js', 'aws', 'azure']"
344,Full Stack Developer,Finance,,,,,,,,,Netflix,"Berlin, Germany",Internship,Senior level,"Python, Node.js, Machine Learning, Java, Azure",79770.0,101508.0,False,06-07-2024,90639.0,6620910.0,8425164.0,7523037.0,66.2091,84.25164,75.23037,"['python', 'node.js', 'machine learning', 'java', 'azure']"
345,Full Stack Developer,Education,,,,,,,,,Netflix,"New York, USA",Internship,Senior level,"Tableau, Python, Machine Learning, Azure",51090.0,125568.0,True,25-04-2024,88329.0,4240470.0,10422144.0,7331307.0,42.4047,104.22144,73.31307,"['tableau', 'python', 'machine learning', 'azure']"
346,Product Manager,Healthcare,,,,,,,,,Amazon,"Toronto, Canada",Internship,Mid level,"Docker, Excel, JavaScript",107292.0,169032.0,False,26-02-2024,138162.0,8905236.0,14029656.0,11467446.0,89.05236,140.29656,114.67446,"['docker', 'excel', 'javascript']"
347,DevOps Engineer,Healthcare,,,,,,,,,Meta,"San Francisco, USA",Part-time,Mid level,"Excel, Kubernetes, Data Visualization",119722.0,164957.0,False,19-10-2023,142339.5,9936926.0,13691431.0,11814178.5,99.36926,136.91431,118.141785,"['excel', 'kubernetes', 'data visualization']"
348,Machine Learning Engineer,Finance,,,,,,,,,Google,"Austin, USA",Full-time,Entry level,"AWS, Node.js, Java",114486.0,149099.0,False,06-10-2023,131792.5,9502338.0,12375217.0,10938777.5,95.02338,123.75217,109.387775,"['aws', 'node.js', 'java']"
349,Software Engineer,E-commerce,,,,,,,,,Google,"Bangalore, India",Part-time,Senior level,"Tableau, Node.js, Kubernetes, Azure, React",80514.0,102336.0,True,09-01-2023,91425.0,6682662.0,8493888.0,7588275.0,66.82662,84.93888,75.88275,"['tableau', 'node.js', 'kubernetes', 'azure', 'react']"
350,Data Analyst,Finance,,,,,,,,,Netflix,"Toronto, Canada",Full-time,Director,"Node.js, React, AWS, Docker",60515.0,89663.0,True,05-12-2023,75089.0,5022745.0,7442029.0,6232387.0,50.22745,74.42029,62.32387,"['node.js', 'react', 'aws', 'docker']"
351,Full Stack Developer,Technology,,,,,,,,,Meta,"New York, USA",Part-time,Director,"Kubernetes, Docker, Excel, AWS",82631.0,143067.0,False,05-05-2023,112849.0,6858373.0,11874561.0,9366467.0,68.58373,118.74561,93.66467,"['kubernetes', 'docker', 'excel', 'aws']"
352,Data Scientist,Healthcare,,,,,,,,,Netflix,"Bangalore, India",Contract,Mid level,"React, Excel, JavaScript",55529.0,133807.0,True,12-06-2023,94668.0,4608907.0,11105981.0,7857444.0,46.08907,111.05981,78.57444,"['react', 'excel', 'javascript']"
353,Data Analyst,Finance,,,,,,,,,Amazon,"London, UK",Full-time,Director,"Python, Data Visualization, Tableau",106906.0,159440.0,False,30-08-2023,133173.0,8873198.0,13233520.0,11053359.0,88.73198,132.3352,110.53359,"['python', 'data visualization', 'tableau']"
354,Product Manager,Technology,,,,,,,,,Amazon,"Bangalore, India",Full-time,Senior level,"Azure, Excel, Java",98679.0,120407.0,True,08-06-2023,109543.0,8190357.0,9993781.0,9092069.0,81.90357,99.93781,90.92069,"['azure', 'excel', 'java']"
355,Machine Learning Engineer,Technology,,,,,,,,,Adobe,"Berlin, Germany",Internship,Mid level,"Azure, Power BI, Java, AWS, Python, Kubernetes",113942.0,154439.0,False,09-05-2023,134190.5,9457186.0,12818437.0,11137811.5,94.57186,128.18437,111.378115,"['azure', 'power bi', 'java', 'aws', 'python', 'kubernetes']"
356,Product Manager,E-commerce,,,,,,,,,Salesforce,"Austin, USA",Contract,Senior level,"React, Node.js, Data Visualization, Machine Learning, Java",88628.0,162865.0,True,26-07-2024,125746.5,7356124.0,13517795.0,10436959.5,73.56124,135.17795,104.369595,"['react', 'node.js', 'data visualization', 'machine learning', 'java']"
357,Business Analyst,Technology,,,,,,,,,Netflix,Remote,Contract,Director,"Power BI, Java, Python, Data Visualization, Azure, Node.js",70319.0,139220.0,True,27-06-2024,104769.5,5836477.0,11555260.0,8695868.5,58.36477,115.5526,86.958685,"['power bi', 'java', 'python', 'data visualization', 'azure', 'node.js']"
358,Product Manager,Healthcare,,,,,,,,,Adobe,"Bangalore, India",Part-time,Senior level,"Excel, Azure, SQL, Tableau, Machine Learning, Power BI",58302.0,119091.0,True,25-11-2023,88696.5,4839066.0,9884553.0,7361809.5,48.39066,98.84553,73.618095,"['excel', 'azure', 'sql', 'tableau', 'machine learning', 'power bi']"
359,Product Manager,Technology,,,,,,,,,Microsoft,"Bangalore, India",Part-time,Entry level,"Excel, Kubernetes, Machine Learning, Data Visualization, Power BI, AWS",73414.0,87513.0,True,13-05-2023,80463.5,6093362.0,7263579.0,6678470.5,60.93362,72.63579,66.784705,"['excel', 'kubernetes', 'machine learning', 'data visualization', 'power bi', 'aws']"
360,Data Analyst,Technology,,,,,,,,,Meta,"Bangalore, India",Full-time,Director,"Machine Learning, Power BI, Docker, Azure, Python",78930.0,98219.0,False,11-01-2024,88574.5,6551190.0,8152177.0,7351683.5,65.5119,81.52177,73.516835,"['machine learning', 'power bi', 'docker', 'azure', 'python']"
361,Business Analyst,Finance,,,,,,,,,Microsoft,"Seattle, USA",Full-time,Entry level,"JavaScript, Node.js, Machine Learning, Excel, React, Data Visualization",55328.0,74553.0,True,25-06-2024,64940.5,4592224.0,6187899.0,5390061.5,45.92224,61.87899,53.900615,"['javascript', 'node.js', 'machine learning', 'excel', 'react', 'data visualization']"
362,AI Researcher,Finance,,,,,,,,,Tesla,"Bangalore, India",Internship,Entry level,"Machine Learning, Docker, Node.js, Azure",104419.0,128248.0,True,25-07-2024,116333.5,8666777.0,10644584.0,9655680.5,86.66777,106.44584,96.556805,"['machine learning', 'docker', 'node.js', 'azure']"
363,Machine Learning Engineer,E-commerce,,,,,,,,,Adobe,"Berlin, Germany",Contract,Director,"Data Visualization, JavaScript, Node.js, Machine Learning, React",108066.0,164245.0,False,30-06-2024,136155.5,8969478.0,13632335.0,11300906.5,89.69478,136.32335,113.009065,"['data visualization', 'javascript', 'node.js', 'machine learning', 'react']"
364,Full Stack Developer,Healthcare,,,,,,,,,Oracle,"Toronto, Canada",Full-time,Entry level,"Machine Learning, Java, AWS",83303.0,140490.0,True,17-07-2024,111896.5,6914149.0,11660670.0,9287409.5,69.14149,116.6067,92.874095,"['machine learning', 'java', 'aws']"
365,Machine Learning Engineer,Technology,,,,,,,,,Google,"London, UK",Part-time,Entry level,"Azure, Java, React, AWS, Node.js, Data Visualization",79083.0,117240.0,True,04-11-2023,98161.5,6563889.0,9730920.0,8147404.5,65.63889,97.3092,81.474045,"['azure', 'java', 'react', 'aws', 'node.js', 'data visualization']"
366,Data Scientist,Healthcare,,,,,,,,,Salesforce,"Toronto, Canada",Part-time,Entry level,"Java, Kubernetes, Power BI, Tableau, Data Visualization, SQL",83586.0,132947.0,False,27-08-2023,108266.5,6937638.0,11034601.0,8986119.5,69.37638,110.34601,89.861195,"['java', 'kubernetes', 'power bi', 'tableau', 'data visualization', 'sql']"
367,Data Analyst,Technology,,,,,,,,,Tesla,"Berlin, Germany",Internship,Director,"Power BI, Excel, Data Visualization, Python",100010.0,120296.0,False,08-02-2023,110153.0,8300830.0,9984568.0,9142699.0,83.0083,99.84568,91.42699,"['power bi', 'excel', 'data visualization', 'python']"
368,Data Analyst,Education,,,,,,,,,Tesla,Remote,Part-time,Senior level,"Java, Python, Excel, Power BI",89948.0,168679.0,False,25-02-2023,129313.5,7465684.0,14000357.0,10733020.5,74.65684,140.00357,107.330205,"['java', 'python', 'excel', 'power bi']"
369,Product Manager,Finance,,,,,,,,,IBM,"London, UK",Internship,Mid level,"SQL, Kubernetes, Data Visualization, Power BI, Python",116155.0,137962.0,False,01-04-2024,127058.5,9640865.0,11450846.0,10545855.5,96.40865,114.50846,105.458555,"['sql', 'kubernetes', 'data visualization', 'power bi', 'python']"
370,Marketing Analyst,Education,,,,,,,,,IBM,"Austin, USA",Part-time,Director,"Kubernetes, Docker, Excel, Data Visualization",61151.0,123386.0,True,26-09-2023,92268.5,5075533.0,10241038.0,7658285.5,50.75533,102.41038,76.582855,"['kubernetes', 'docker', 'excel', 'data visualization']"
371,Product Manager,Education,,,,,,,,,Microsoft,"London, UK",Internship,Senior level,"SQL, Excel, Docker",118714.0,160989.0,False,28-07-2024,139851.5,9853262.0,13362087.0,11607674.5,98.53262,133.62087,116.076745,"['sql', 'excel', 'docker']"
372,Machine Learning Engineer,Healthcare,,,,,,,,,Tesla,"New York, USA",Contract,Mid level,"Data Visualization, Java, Kubernetes, Python, JavaScript, Excel",95653.0,130620.0,False,10-01-2024,113136.5,7939199.0,10841460.0,9390329.5,79.39199,108.4146,93.903295,"['data visualization', 'java', 'kubernetes', 'python', 'javascript', 'excel']"
373,Data Analyst,Healthcare,,,,,,,,,Meta,"Austin, USA",Contract,Entry level,"AWS, Kubernetes, React",61247.0,85975.0,True,09-06-2023,73611.0,5083501.0,7135925.0,6109713.0,50.83501,71.35925,61.09713,"['aws', 'kubernetes', 'react']"
374,Product Manager,Education,,,,,,,,,Adobe,Remote,Contract,Director,"Power BI, Node.js, Excel, Python",77395.0,115165.0,False,06-12-2023,96280.0,6423785.0,9558695.0,7991240.0,64.23785,95.58695,79.9124,"['power bi', 'node.js', 'excel', 'python']"
375,Business Analyst,Education,,,,,,,,,Amazon,"New York, USA",Contract,Mid level,"Python, Kubernetes, Excel, Node.js, SQL",119048.0,134747.0,False,19-08-2024,126897.5,9880984.0,11184001.0,10532492.5,98.80984,111.84001,105.324925,"['python', 'kubernetes', 'excel', 'node.js', 'sql']"
376,Data Analyst,Education,,,,,,,,,Netflix,"Toronto, Canada",Part-time,Director,"Node.js, Azure, Kubernetes",97214.0,121355.0,True,05-10-2023,109284.5,8068762.0,10072465.0,9070613.5,80.68762,100.72465,90.706135,"['node.js', 'azure', 'kubernetes']"
377,Full Stack Developer,Education,,,,,,,,,Adobe,"New York, USA",Full-time,Mid level,"Azure, Kubernetes, Docker, Power BI, Java",76066.0,151687.0,True,10-07-2023,113876.5,6313478.0,12590021.0,9451749.5,63.13478,125.90021,94.517495,"['azure', 'kubernetes', 'docker', 'power bi', 'java']"
378,Business Analyst,Healthcare,,,,,,,,,Meta,Remote,Contract,Entry level,"Node.js, React, Python, Machine Learning, AWS, JavaScript",96125.0,152705.0,True,22-12-2023,124415.0,7978375.0,12674515.0,10326445.0,79.78375,126.74515,103.26445,"['node.js', 'react', 'python', 'machine learning', 'aws', 'javascript']"
379,Data Scientist,Finance,,,,,,,,,FinTechHub,"Toronto, Canada",Part-time,Director,"Docker, AWS, Data Visualization, Azure",101491.0,129482.0,False,16-12-2023,115486.5,8423753.0,10747006.0,9585379.5,84.23753,107.47006,95.853795,"['docker', 'aws', 'data visualization', 'azure']"
380,Software Engineer,Healthcare,,,,,,,,,Salesforce,Remote,Part-time,Mid level,"Docker, Tableau, Java, Excel",67271.0,104371.0,True,09-07-2024,85821.0,5583493.0,8662793.0,7123143.0,55.83493,86.62793,71.23143,"['docker', 'tableau', 'java', 'excel']"
381,Data Scientist,Healthcare,,,,,,,,,Amazon,"Berlin, Germany",Part-time,Entry level,"Docker, AWS, Kubernetes, Power BI, Excel, React",58888.0,138744.0,True,22-11-2023,98816.0,4887704.0,11515752.0,8201728.0,48.87704,115.15752,82.01728,"['docker', 'aws', 'kubernetes', 'power bi', 'excel', 'react']"
382,Software Engineer,Finance,,,,,,,,,Google,"London, UK",Part-time,Mid level,"Azure, SQL, Power BI",63994.0,91235.0,False,12-07-2023,77614.5,5311502.0,7572505.0,6442003.5,53.11502,75.72505,64.420035,"['azure', 'sql', 'power bi']"
383,Machine Learning Engineer,Finance,,,,,,,,,Amazon,"Toronto, Canada",Internship,Director,"JavaScript, Node.js, Python, Docker",115840.0,187281.0,True,18-05-2023,151560.5,9614720.0,15544323.0,12579521.5,96.1472,155.44323,125.795215,"['javascript', 'node.js', 'python', 'docker']"
384,Product Manager,Education,,,,,,,,,Meta,"San Francisco, USA",Part-time,Director,"Power BI, Azure, Kubernetes, JavaScript, Docker, Excel",104138.0,143308.0,True,04-10-2023,123723.0,8643454.0,11894564.0,10269009.0,86.43454,118.94564,102.69009,"['power bi', 'azure', 'kubernetes', 'javascript', 'docker', 'excel']"
385,AI Researcher,E-commerce,,,,,,,,,FinTechHub,Remote,Full-time,Entry level,"React, Python, JavaScript, Machine Learning, Power BI, Docker",91012.0,152674.0,True,25-01-2024,121843.0,7553996.0,12671942.0,10112969.0,75.53996,126.71942,101.12969,"['react', 'python', 'javascript', 'machine learning', 'power bi', 'docker']"
386,Data Analyst,Healthcare,,,,,,,,,Meta,"London, UK",Internship,Director,"Kubernetes, Java, Docker, AWS, Data Visualization",100777.0,178426.0,True,25-07-2024,139601.5,8364491.0,14809358.0,11586924.5,83.64491,148.09358,115.869245,"['kubernetes', 'java', 'docker', 'aws', 'data visualization']"
387,Full Stack Developer,Education,,,,,,,,,Microsoft,Remote,Full-time,Mid level,"Docker, Node.js, Azure, Kubernetes",68643.0,139405.0,True,13-06-2024,104024.0,5697369.0,11570615.0,8633992.0,56.97369,115.70615,86.33992,"['docker', 'node.js', 'azure', 'kubernetes']"
388,Full Stack Developer,Technology,,,,,,,,,Microsoft,"London, UK",Contract,Mid level,"SQL, Power BI, Kubernetes",109464.0,145931.0,False,03-07-2023,127697.5,9085512.0,12112273.0,10598892.5,90.85512,121.12273,105.988925,"['sql', 'power bi', 'kubernetes']"
389,Marketing Analyst,Technology,,,,,,,,,Salesforce,"Austin, USA",Internship,Director,"Node.js, Azure, Data Visualization, Excel",118657.0,179000.0,True,29-03-2023,148828.5,9848531.0,14857000.0,12352765.5,98.48531,148.57,123.527655,"['node.js', 'azure', 'data visualization', 'excel']"
390,Data Analyst,Healthcare,,,,,,,,,IBM,"London, UK",Contract,Director,"SQL, Java, JavaScript, Python",68953.0,102397.0,False,16-06-2023,85675.0,5723099.0,8498951.0,7111025.0,57.23099,84.98951,71.11025,"['sql', 'java', 'javascript', 'python']"
391,Full Stack Developer,Finance,,,,,,,,,Adobe,"New York, USA",Internship,Mid level,"Kubernetes, Docker, Node.js, SQL, Data Visualization, Excel",110115.0,185340.0,True,13-01-2023,147727.5,9139545.0,15383220.0,12261382.5,91.39545,153.8322,122.613825,"['kubernetes', 'docker', 'node.js', 'sql', 'data visualization', 'excel']"
392,Data Analyst,Technology,,,,,,,,,Amazon,"Austin, USA",Full-time,Senior level,"React, Python, Excel, Data Visualization",86452.0,123667.0,False,08-09-2023,105059.5,7175516.0,10264361.0,8719938.5,71.75516,102.64361,87.199385,"['react', 'python', 'excel', 'data visualization']"
393,Data Scientist,Education,,,,,,,,,IBM,"Austin, USA",Part-time,Senior level,"Kubernetes, Power BI, Data Visualization, Azure",61495.0,77921.0,True,06-12-2023,69708.0,5104085.0,6467443.0,5785764.0,51.04085,64.67443,57.85764,"['kubernetes', 'power bi', 'data visualization', 'azure']"
394,Machine Learning Engineer,Healthcare,,,,,,,,,IBM,"San Francisco, USA",Internship,Entry level,"Java, SQL, Power BI, AWS, Azure, Machine Learning",89229.0,141541.0,False,06-04-2023,115385.0,7406007.0,11747903.0,9576955.0,74.06007,117.47903,95.76955,"['java', 'sql', 'power bi', 'aws', 'azure', 'machine learning']"
395,AI Researcher,Education,,,,,,,,,Google,"San Francisco, USA",Full-time,Director,"Docker, Data Visualization, Azure, AWS, Machine Learning",77504.0,114904.0,False,21-06-2024,96204.0,6432832.0,9537032.0,7984932.0,64.32832,95.37032,79.84932,"['docker', 'data visualization', 'azure', 'aws', 'machine learning']"
396,Full Stack Developer,Finance,,,,,,,,,Oracle,"Austin, USA",Part-time,Senior level,"SQL, Python, Kubernetes",115063.0,193181.0,True,13-05-2023,154122.0,9550229.0,16034023.0,12792126.0,95.50229,160.34023,127.92126,"['sql', 'python', 'kubernetes']"
397,Data Analyst,Finance,,,,,,,,,Tesla,"Berlin, Germany",Part-time,Entry level,"AWS, Tableau, SQL, Node.js, Power BI",104346.0,168615.0,False,01-08-2023,136480.5,8660718.0,13995045.0,11327881.5,86.60718,139.95045,113.278815,"['aws', 'tableau', 'sql', 'node.js', 'power bi']"
398,Machine Learning Engineer,Healthcare,,,,,,,,,IBM,"New York, USA",Part-time,Mid level,"Node.js, Excel, Kubernetes, Tableau, Python",64920.0,118604.0,True,07-01-2023,91762.0,5388360.0,9844132.0,7616246.0,53.8836,98.44132,76.16246,"['node.js', 'excel', 'kubernetes', 'tableau', 'python']"
399,Marketing Analyst,Education,,,,,,,,,Tesla,"Bangalore, India",Internship,Entry level,"Data Visualization, Power BI, Excel, Azure, Machine Learning",70366.0,140740.0,True,08-05-2024,105553.0,5840378.0,11681420.0,8760899.0,58.40378,116.8142,87.60899,"['data visualization', 'power bi', 'excel', 'azure', 'machine learning']"
400,Data Scientist,E-commerce,,,,,,,,,Amazon,"London, UK",Full-time,Senior level,"Data Visualization, Node.js, Docker, Java",93479.0,149825.0,True,02-08-2023,121652.0,7758757.0,12435475.0,10097116.0,77.58757,124.35475,100.97116,"['data visualization', 'node.js', 'docker', 'java']"
401,Business Analyst,Healthcare,,,,,,,,,IBM,"San Francisco, USA",Internship,Mid level,"React, AWS, JavaScript, Machine Learning, Node.js, Java",91222.0,105367.0,True,12-11-2023,98294.5,7571426.0,8745461.0,8158443.5,75.71426,87.45461,81.584435,"['react', 'aws', 'javascript', 'machine learning', 'node.js', 'java']"
402,Data Scientist,Education,,,,,,,,,Oracle,Remote,Full-time,Director,"JavaScript, Azure, Kubernetes, Power BI",54901.0,91390.0,False,19-01-2024,73145.5,4556783.0,7585370.0,6071076.5,45.56783,75.8537,60.710765,"['javascript', 'azure', 'kubernetes', 'power bi']"
403,Marketing Analyst,E-commerce,,,,,,,,,StartupX,"Austin, USA",Part-time,Entry level,"Power BI, React, Machine Learning, SQL, Python, AWS",68781.0,91659.0,True,02-12-2023,80220.0,5708823.0,7607697.0,6658260.0,57.08823,76.07697,66.5826,"['power bi', 'react', 'machine learning', 'sql', 'python', 'aws']"
404,Data Analyst,Education,,,,,,,,,Microsoft,Remote,Contract,Entry level,"Excel, JavaScript, Azure, React, Power BI",93684.0,164878.0,False,31-03-2023,129281.0,7775772.0,13684874.0,10730323.0,77.75772,136.84874,107.30323,"['excel', 'javascript', 'azure', 'react', 'power bi']"
405,Full Stack Developer,Finance,,,,,,,,,StartupX,"San Francisco, USA",Contract,Mid level,"SQL, Python, Data Visualization, Machine Learning, Power BI",119766.0,171597.0,True,11-10-2023,145681.5,9940578.0,14242551.0,12091564.5,99.40578,142.42551,120.915645,"['sql', 'python', 'data visualization', 'machine learning', 'power bi']"
406,Business Analyst,Technology,,,,,,,,,Amazon,"London, UK",Part-time,Mid level,"Data Visualization, Azure, Machine Learning, Kubernetes, Python",95916.0,147660.0,True,31-07-2023,121788.0,7961028.0,12255780.0,10108404.0,79.61028,122.5578,101.08404,"['data visualization', 'azure', 'machine learning', 'kubernetes', 'python']"
407,Data Scientist,E-commerce,,,,,,,,,IBM,"New York, USA",Full-time,Director,"Power BI, Data Visualization, React, Excel",111700.0,128313.0,False,30-01-2023,120006.5,9271100.0,10649979.0,9960539.5,92.711,106.49979,99.605395,"['power bi', 'data visualization', 'react', 'excel']"
408,Product Manager,Education,,,,,,,,,FinTechHub,Remote,Full-time,Director,"SQL, React, Tableau, Power BI",90952.0,144511.0,False,31-12-2023,117731.5,7549016.0,11994413.0,9771714.5,75.49016,119.94413,97.717145,"['sql', 'react', 'tableau', 'power bi']"
409,Full Stack Developer,Education,,,,,,,,,Oracle,"Seattle, USA",Part-time,Mid level,"Node.js, Azure, Docker, Java, Excel",109714.0,160397.0,False,10-04-2023,135055.5,9106262.0,13312951.0,11209606.5,91.06262,133.12951,112.096065,"['node.js', 'azure', 'docker', 'java', 'excel']"
410,Data Analyst,E-commerce,,,,,,,,,Microsoft,"Bangalore, India",Full-time,Senior level,"React, Java, AWS, Azure, Data Visualization, Excel",109412.0,183310.0,True,29-11-2023,146361.0,9081196.0,15214730.0,12147963.0,90.81196,152.1473,121.47963,"['react', 'java', 'aws', 'azure', 'data visualization', 'excel']"
411,Data Scientist,Education,,,,,,,,,Tesla,Remote,Full-time,Senior level,"Docker, Data Visualization, Node.js, JavaScript, React, Power BI",63491.0,126665.0,True,04-06-2024,95078.0,5269753.0,10513195.0,7891474.0,52.69753,105.13195,78.91474,"['docker', 'data visualization', 'node.js', 'javascript', 'react', 'power bi']"
412,Machine Learning Engineer,Education,,,,,,,,,Meta,"Toronto, Canada",Internship,Senior level,"Java, Excel, React, SQL",100307.0,118965.0,False,08-05-2024,109636.0,8325481.0,9874095.0,9099788.0,83.25481,98.74095,90.99788,"['java', 'excel', 'react', 'sql']"
413,Marketing Analyst,E-commerce,,,,,,,,,Microsoft,"Bangalore, India",Part-time,Senior level,"Data Visualization, SQL, Excel",110674.0,163321.0,False,28-04-2023,136997.5,9185942.0,13555643.0,11370792.5,91.85942,135.55643,113.707925,"['data visualization', 'sql', 'excel']"
414,Data Scientist,Finance,,,,,,,,,Meta,"Austin, USA",Full-time,Mid level,"Machine Learning, AWS, Docker, Data Visualization, Power BI, Kubernetes",114788.0,132846.0,True,02-12-2023,123817.0,9527404.0,11026218.0,10276811.0,95.27404,110.26218,102.76811,"['machine learning', 'aws', 'docker', 'data visualization', 'power bi', 'kubernetes']"
415,AI Researcher,Technology,,,,,,,,,StartupX,"London, UK",Internship,Senior level,"Data Visualization, Machine Learning, Docker",91497.0,140783.0,True,30-07-2023,116140.0,7594251.0,11684989.0,9639620.0,75.94251,116.84989,96.3962,"['data visualization', 'machine learning', 'docker']"
416,Marketing Analyst,Healthcare,,,,,,,,,Google,"New York, USA",Contract,Entry level,"JavaScript, Docker, Power BI",58180.0,116574.0,False,29-10-2023,87377.0,4828940.0,9675642.0,7252291.0,48.2894,96.75642,72.52291,"['javascript', 'docker', 'power bi']"
417,DevOps Engineer,E-commerce,,,,,,,,,IBM,Remote,Part-time,Mid level,"JavaScript, Machine Learning, Docker, Azure",100173.0,163392.0,False,22-11-2023,131782.5,8314359.0,13561536.0,10937947.5,83.14359,135.61536,109.379475,"['javascript', 'machine learning', 'docker', 'azure']"
418,Software Engineer,E-commerce,,,,,,,,,Google,"San Francisco, USA",Full-time,Mid level,"Java, SQL, Node.js, Excel, Docker, Kubernetes",87810.0,114265.0,False,07-06-2023,101037.5,7288230.0,9483995.0,8386112.5,72.8823,94.83995,83.861125,"['java', 'sql', 'node.js', 'excel', 'docker', 'kubernetes']"
419,DevOps Engineer,Finance,,,,,,,,,Adobe,"Bangalore, India",Internship,Senior level,"Docker, Data Visualization, Python, React",109558.0,186328.0,False,04-07-2023,147943.0,9093314.0,15465224.0,12279269.0,90.93314,154.65224,122.79269,"['docker', 'data visualization', 'python', 'react']"
420,DevOps Engineer,Education,,,,,,,,,Adobe,"Berlin, Germany",Full-time,Entry level,"Power BI, Azure, SQL, Data Visualization, Kubernetes, Tableau",115762.0,161053.0,True,31-08-2023,138407.5,9608246.0,13367399.0,11487822.5,96.08246,133.67399,114.878225,"['power bi', 'azure', 'sql', 'data visualization', 'kubernetes', 'tableau']"
421,Marketing Analyst,E-commerce,,,,,,,,,Microsoft,Remote,Full-time,Mid level,"Excel, Node.js, Machine Learning",86624.0,157564.0,False,23-06-2024,122094.0,7189792.0,13077812.0,10133802.0,71.89792,130.77812,101.33802,"['excel', 'node.js', 'machine learning']"
422,Full Stack Developer,E-commerce,,,,,,,,,Oracle,Remote,Internship,Senior level,"Tableau, AWS, React, Java, Python",95029.0,106442.0,False,24-02-2023,100735.5,7887407.0,8834686.0,8361046.5,78.87407,88.34686,83.610465,"['tableau', 'aws', 'react', 'java', 'python']"
423,Full Stack Developer,Education,,,,,,,,,Salesforce,"Austin, USA",Full-time,Senior level,"AWS, Kubernetes, SQL",84136.0,102186.0,True,31-07-2024,93161.0,6983288.0,8481438.0,7732363.0,69.83288,84.81438,77.32363,"['aws', 'kubernetes', 'sql']"
424,Business Analyst,Technology,,,,,,,,,Amazon,"London, UK",Contract,Senior level,"Data Visualization, Java, Node.js",60074.0,106492.0,True,01-06-2024,83283.0,4986142.0,8838836.0,6912489.0,49.86142,88.38836,69.12489,"['data visualization', 'java', 'node.js']"
425,Business Analyst,Education,,,,,,,,,FinTechHub,"Seattle, USA",Internship,Mid level,"Azure, SQL, Java",98466.0,131455.0,True,02-04-2024,114960.5,8172678.0,10910765.0,9541721.5,81.72678,109.10765,95.417215,"['azure', 'sql', 'java']"
426,Product Manager,Education,,,,,,,,,StartupX,"Bangalore, India",Part-time,Mid level,"Python, Excel, AWS, SQL, Node.js",104125.0,164347.0,True,22-05-2024,134236.0,8642375.0,13640801.0,11141588.0,86.42375,136.40801,111.41588,"['python', 'excel', 'aws', 'sql', 'node.js']"
427,Business Analyst,E-commerce,,,,,,,,,Oracle,Remote,Part-time,Director,"AWS, Java, Machine Learning, Docker, Python, Node.js",102264.0,174684.0,False,20-04-2024,138474.0,8487912.0,14498772.0,11493342.0,84.87912,144.98772,114.93342,"['aws', 'java', 'machine learning', 'docker', 'python', 'node.js']"
428,Data Analyst,Education,,,,,,,,,Microsoft,Remote,Contract,Director,"Azure, AWS, React, SQL, Tableau",91377.0,170878.0,False,27-01-2024,131127.5,7584291.0,14182874.0,10883582.5,75.84291,141.82874,108.835825,"['azure', 'aws', 'react', 'sql', 'tableau']"
429,Marketing Analyst,Technology,,,,,,,,,Tesla,"Austin, USA",Contract,Entry level,"Python, Docker, SQL",81692.0,117241.0,True,17-04-2024,99466.5,6780436.0,9731003.0,8255719.5,67.80436,97.31003,82.557195,"['python', 'docker', 'sql']"
430,Business Analyst,Education,,,,,,,,,Netflix,"Seattle, USA",Full-time,Entry level,"Python, Data Visualization, Excel",96073.0,134832.0,True,01-04-2024,115452.5,7974059.0,11191056.0,9582557.5,79.74059,111.91056,95.825575,"['python', 'data visualization', 'excel']"
431,AI Researcher,Finance,,,,,,,,,Amazon,"Toronto, Canada",Part-time,Entry level,"AWS, Kubernetes, Excel, SQL, Tableau",65725.0,87047.0,False,05-05-2023,76386.0,5455175.0,7224901.0,6340038.0,54.55175,72.24901,63.40038,"['aws', 'kubernetes', 'excel', 'sql', 'tableau']"
432,Business Analyst,E-commerce,,,,,,,,,Amazon,"San Francisco, USA",Contract,Entry level,"Azure, Python, AWS, Tableau, Java, Kubernetes",105965.0,158354.0,True,11-10-2023,132159.5,8795095.0,13143382.0,10969238.5,87.95095,131.43382,109.692385,"['azure', 'python', 'aws', 'tableau', 'java', 'kubernetes']"
433,Software Engineer,Education,,,,,,,,,StartupX,"Bangalore, India",Full-time,Mid level,"JavaScript, Data Visualization, Excel, SQL, Kubernetes, AWS",76302.0,137765.0,True,18-05-2024,107033.5,6333066.0,11434495.0,8883780.5,63.33066,114.34495,88.837805,"['javascript', 'data visualization', 'excel', 'sql', 'kubernetes', 'aws']"
434,AI Researcher,E-commerce,,,,,,,,,FinTechHub,"London, UK",Internship,Entry level,"Excel, Node.js, Python, Tableau",59557.0,78786.0,False,05-02-2023,69171.5,4943231.0,6539238.0,5741234.5,49.43231,65.39238,57.412345,"['excel', 'node.js', 'python', 'tableau']"
435,DevOps Engineer,E-commerce,,,,,,,,,Salesforce,"New York, USA",Internship,Director,"React, Power BI, Tableau, SQL, Machine Learning, JavaScript",69871.0,123102.0,True,30-09-2023,96486.5,5799293.0,10217466.0,8008379.5,57.99293,102.17466,80.083795,"['react', 'power bi', 'tableau', 'sql', 'machine learning', 'javascript']"
436,AI Researcher,E-commerce,,,,,,,,,Adobe,"Berlin, Germany",Contract,Senior level,"Excel, Node.js, SQL",113185.0,139071.0,False,29-01-2024,126128.0,9394355.0,11542893.0,10468624.0,93.94355,115.42893,104.68624,"['excel', 'node.js', 'sql']"
437,Full Stack Developer,E-commerce,,,,,,,,,Netflix,"Seattle, USA",Part-time,Entry level,"AWS, Power BI, Docker, SQL",94572.0,115117.0,False,01-07-2024,104844.5,7849476.0,9554711.0,8702093.5,78.49476,95.54711,87.020935,"['aws', 'power bi', 'docker', 'sql']"
438,Product Manager,Education,,,,,,,,,Amazon,"New York, USA",Part-time,Entry level,"Kubernetes, Docker, SQL, Machine Learning",61123.0,128530.0,False,13-05-2024,94826.5,5073209.0,10667990.0,7870599.5,50.73209,106.6799,78.705995,"['kubernetes', 'docker', 'sql', 'machine learning']"
439,Data Analyst,Technology,,,,,,,,,Google,"Berlin, Germany",Full-time,Senior level,"SQL, JavaScript, Tableau, Excel, Power BI, Machine Learning",119984.0,188875.0,False,26-05-2024,154429.5,9958672.0,15676625.0,12817648.5,99.58672,156.76625,128.176485,"['sql', 'javascript', 'tableau', 'excel', 'power bi', 'machine learning']"
440,Data Scientist,E-commerce,,,,,,,,,Google,"Austin, USA",Internship,Entry level,"JavaScript, Power BI, Excel",69523.0,110060.0,True,03-07-2024,89791.5,5770409.0,9134980.0,7452694.5,57.70409,91.3498,74.526945,"['javascript', 'power bi', 'excel']"
441,Business Analyst,Technology,,,,,,,,,Microsoft,"Bangalore, India",Part-time,Entry level,"Kubernetes, Data Visualization, Tableau",72577.0,89125.0,True,15-01-2023,80851.0,6023891.0,7397375.0,6710633.0,60.23891,73.97375,67.10633,"['kubernetes', 'data visualization', 'tableau']"
442,Machine Learning Engineer,Education,,,,,,,,,FinTechHub,"Toronto, Canada",Contract,Entry level,"Azure, React, Tableau, JavaScript",76560.0,142424.0,True,06-03-2023,109492.0,6354480.0,11821192.0,9087836.0,63.5448,118.21192,90.87836,"['azure', 'react', 'tableau', 'javascript']"
443,Data Scientist,Healthcare,,,,,,,,,Netflix,"Austin, USA",Internship,Mid level,"Kubernetes, JavaScript, Data Visualization, Python",93975.0,112261.0,True,27-06-2023,103118.0,7799925.0,9317663.0,8558794.0,77.99925,93.17663,85.58794,"['kubernetes', 'javascript', 'data visualization', 'python']"
444,Data Analyst,Finance,,,,,,,,,Oracle,"San Francisco, USA",Full-time,Entry level,"Power BI, Excel, Data Visualization",99300.0,129977.0,False,13-04-2023,114638.5,8241900.0,10788091.0,9514995.5,82.419,107.88091,95.149955,"['power bi', 'excel', 'data visualization']"
445,Product Manager,Finance,,,,,,,,,Amazon,"London, UK",Internship,Director,"Data Visualization, Power BI, Python, Node.js",112391.0,139023.0,True,02-03-2024,125707.0,9328453.0,11538909.0,10433681.0,93.28453,115.38909,104.33681,"['data visualization', 'power bi', 'python', 'node.js']"
446,Machine Learning Engineer,Technology,,,,,,,,,IBM,"New York, USA",Part-time,Mid level,"Data Visualization, Azure, Tableau",61537.0,111015.0,True,26-05-2024,86276.0,5107571.0,9214245.0,7160908.0,51.07571,92.14245,71.60908,"['data visualization', 'azure', 'tableau']"
447,Data Analyst,E-commerce,,,,,,,,,Meta,"San Francisco, USA",Part-time,Director,"Java, Excel, Python, Tableau",77277.0,123508.0,False,20-04-2024,100392.5,6413991.0,10251164.0,8332577.5,64.13991,102.51164,83.325775,"['java', 'excel', 'python', 'tableau']"
448,Business Analyst,Technology,,,,,,,,,Tesla,"Bangalore, India",Full-time,Entry level,"Java, Tableau, Python, Kubernetes",77471.0,144444.0,True,19-10-2023,110957.5,6430093.0,11988852.0,9209472.5,64.30093,119.88852,92.094725,"['java', 'tableau', 'python', 'kubernetes']"
449,AI Researcher,Healthcare,,,,,,,,,Salesforce,"Berlin, Germany",Internship,Mid level,"Tableau, SQL, Azure, JavaScript",80841.0,149144.0,True,14-03-2023,114992.5,6709803.0,12378952.0,9544377.5,67.09803,123.78952,95.443775,"['tableau', 'sql', 'azure', 'javascript']"
450,DevOps Engineer,Technology,,,,,,,,,Meta,"San Francisco, USA",Internship,Director,"Java, JavaScript, Data Visualization, Kubernetes, Node.js, Docker",104079.0,140287.0,False,31-08-2023,122183.0,8638557.0,11643821.0,10141189.0,86.38557,116.43821,101.41189,"['java', 'javascript', 'data visualization', 'kubernetes', 'node.js', 'docker']"
451,Machine Learning Engineer,Technology,,,,,,,,,Netflix,"Seattle, USA",Contract,Mid level,"AWS, Java, SQL",109996.0,145444.0,False,20-05-2023,127720.0,9129668.0,12071852.0,10600760.0,91.29668,120.71852,106.0076,"['aws', 'java', 'sql']"
452,Machine Learning Engineer,Education,,,,,,,,,Meta,"London, UK",Part-time,Mid level,"SQL, Docker, Machine Learning, Kubernetes",104817.0,137256.0,True,14-04-2024,121036.5,8699811.0,11392248.0,10046029.5,86.99811,113.92248,100.460295,"['sql', 'docker', 'machine learning', 'kubernetes']"
453,Data Analyst,Healthcare,,,,,,,,,FinTechHub,"Toronto, Canada",Part-time,Mid level,"Data Visualization, JavaScript, Node.js, Java, Tableau, Python",110655.0,157246.0,False,29-04-2024,133950.5,9184365.0,13051418.0,11117891.5,91.84365,130.51418,111.178915,"['data visualization', 'javascript', 'node.js', 'java', 'tableau', 'python']"
454,Marketing Analyst,Technology,,,,,,,,,Google,"Toronto, Canada",Internship,Director,"Kubernetes, JavaScript, SQL, Machine Learning, Python, Docker",55250.0,126939.0,True,15-02-2023,91094.5,4585750.0,10535937.0,7560843.5,45.8575,105.35937,75.608435,"['kubernetes', 'javascript', 'sql', 'machine learning', 'python', 'docker']"
455,Product Manager,Healthcare,,,,,,,,,StartupX,"San Francisco, USA",Full-time,Director,"Power BI, Kubernetes, Data Visualization, Node.js",96976.0,145745.0,True,16-05-2023,121360.5,8049008.0,12096835.0,10072921.5,80.49008,120.96835,100.729215,"['power bi', 'kubernetes', 'data visualization', 'node.js']"
456,DevOps Engineer,Technology,,,,,,,,,Amazon,"Berlin, Germany",Internship,Entry level,"Node.js, Power BI, Azure, Machine Learning, Python, AWS",110786.0,138955.0,False,10-04-2024,124870.5,9195238.0,11533265.0,10364251.5,91.95238,115.33265,103.642515,"['node.js', 'power bi', 'azure', 'machine learning', 'python', 'aws']"
457,AI Researcher,Technology,,,,,,,,,Tesla,"New York, USA",Contract,Entry level,"Azure, Kubernetes, Data Visualization, Python, Node.js, Excel",77151.0,97762.0,True,04-10-2023,87456.5,6403533.0,8114246.0,7258889.5,64.03533,81.14246,72.588895,"['azure', 'kubernetes', 'data visualization', 'python', 'node.js', 'excel']"
458,Software Engineer,Education,,,,,,,,,Tesla,"Seattle, USA",Full-time,Director,"Tableau, Power BI, Node.js, JavaScript",58782.0,95614.0,False,26-07-2024,77198.0,4878906.0,7935962.0,6407434.0,48.78906,79.35962,64.07434,"['tableau', 'power bi', 'node.js', 'javascript']"
459,DevOps Engineer,Healthcare,,,,,,,,,Netflix,"New York, USA",Full-time,Senior level,"Kubernetes, Machine Learning, React, SQL, Node.js, Tableau",85043.0,161046.0,False,28-12-2023,123044.5,7058569.0,13366818.0,10212693.5,70.58569,133.66818,102.126935,"['kubernetes', 'machine learning', 'react', 'sql', 'node.js', 'tableau']"
460,Product Manager,Finance,,,,,,,,,Oracle,"San Francisco, USA",Full-time,Director,"SQL, Node.js, Java, AWS, React",98253.0,116854.0,True,07-04-2024,107553.5,8154999.0,9698882.0,8926940.5,81.54999,96.98882,89.269405,"['sql', 'node.js', 'java', 'aws', 'react']"
461,Marketing Analyst,Education,,,,,,,,,StartupX,"New York, USA",Contract,Director,"Kubernetes, Azure, Docker, Node.js",69726.0,106498.0,True,23-05-2024,88112.0,5787258.0,8839334.0,7313296.0,57.87258,88.39334,73.13296,"['kubernetes', 'azure', 'docker', 'node.js']"
462,Data Analyst,Education,,,,,,,,,Meta,Remote,Contract,Director,"Excel, Node.js, Tableau, Azure, Kubernetes",74780.0,93030.0,False,26-10-2023,83905.0,6206740.0,7721490.0,6964115.0,62.0674,77.2149,69.64115,"['excel', 'node.js', 'tableau', 'azure', 'kubernetes']"
463,Business Analyst,Healthcare,,,,,,,,,Amazon,"London, UK",Part-time,Director,"Tableau, React, Python, Java, Azure",89856.0,117151.0,False,13-04-2024,103503.5,7458048.0,9723533.0,8590790.5,74.58048,97.23533,85.907905,"['tableau', 'react', 'python', 'java', 'azure']"
464,Marketing Analyst,Finance,,,,,,,,,Netflix,"Austin, USA",Part-time,Mid level,"SQL, Python, Azure, Data Visualization",71805.0,102880.0,True,11-04-2024,87342.5,5959815.0,8539040.0,7249427.5,59.59815,85.3904,72.494275,"['sql', 'python', 'azure', 'data visualization']"
465,Software Engineer,Healthcare,,,,,,,,,Meta,Remote,Full-time,Senior level,"Azure, Kubernetes, Machine Learning, Java",84132.0,142585.0,False,27-03-2024,113358.5,6982956.0,11834555.0,9408755.5,69.82956,118.34555,94.087555,"['azure', 'kubernetes', 'machine learning', 'java']"
466,Full Stack Developer,Technology,,,,,,,,,Amazon,"Bangalore, India",Contract,Mid level,"Excel, Power BI, AWS, Kubernetes, Tableau",53266.0,116292.0,True,05-05-2023,84779.0,4421078.0,9652236.0,7036657.0,44.21078,96.52236,70.36657,"['excel', 'power bi', 'aws', 'kubernetes', 'tableau']"
467,Data Scientist,Education,,,,,,,,,FinTechHub,"Bangalore, India",Full-time,Mid level,"AWS, Python, Docker",107947.0,162339.0,True,01-08-2024,135143.0,8959601.0,13474137.0,11216869.0,89.59601,134.74137,112.16869,"['aws', 'python', 'docker']"
468,Machine Learning Engineer,Finance,,,,,,,,,Google,"Seattle, USA",Part-time,Senior level,"SQL, Machine Learning, Kubernetes",96844.0,118965.0,True,01-04-2024,107904.5,8038052.0,9874095.0,8956073.5,80.38052,98.74095,89.560735,"['sql', 'machine learning', 'kubernetes']"
469,Full Stack Developer,E-commerce,,,,,,,,,Tesla,Remote,Full-time,Senior level,"Power BI, React, Docker, Azure",101697.0,137183.0,False,08-06-2024,119440.0,8440851.0,11386189.0,9913520.0,84.40851,113.86189,99.1352,"['power bi', 'react', 'docker', 'azure']"
470,Machine Learning Engineer,Finance,,,,,,,,,Tesla,"London, UK",Internship,Entry level,"Power BI, Docker, Tableau, Kubernetes, AWS, Java",51597.0,98906.0,False,17-01-2024,75251.5,4282551.0,8209198.0,6245874.5,42.82551,82.09198,62.458745,"['power bi', 'docker', 'tableau', 'kubernetes', 'aws', 'java']"
471,Software Engineer,Technology,,,,,,,,,Meta,"London, UK",Internship,Senior level,"SQL, Python, Docker, Excel, AWS, Tableau",68293.0,89575.0,True,29-02-2024,78934.0,5668319.0,7434725.0,6551522.0,56.68319,74.34725,65.51522,"['sql', 'python', 'docker', 'excel', 'aws', 'tableau']"
472,Product Manager,Technology,,,,,,,,,Amazon,"Toronto, Canada",Contract,Director,"React, Data Visualization, AWS, Kubernetes, Machine Learning",110570.0,138517.0,False,23-07-2024,124543.5,9177310.0,11496911.0,10337110.5,91.7731,114.96911,103.371105,"['react', 'data visualization', 'aws', 'kubernetes', 'machine learning']"
473,Software Engineer,Healthcare,,,,,,,,,Netflix,"London, UK",Internship,Entry level,"Java, Kubernetes, Power BI, Excel, JavaScript, Python",53517.0,63837.0,True,18-08-2023,58677.0,4441911.0,5298471.0,4870191.0,44.41911,52.98471,48.70191,"['java', 'kubernetes', 'power bi', 'excel', 'javascript', 'python']"
474,AI Researcher,Healthcare,,,,,,,,,FinTechHub,"Berlin, Germany",Internship,Director,"Power BI, React, SQL, Azure, Machine Learning, Data Visualization",114625.0,133370.0,True,11-10-2023,123997.5,9513875.0,11069710.0,10291792.5,95.13875,110.6971,102.917925,"['power bi', 'react', 'sql', 'azure', 'machine learning', 'data visualization']"
475,Software Engineer,Finance,,,,,,,,,Tesla,"Bangalore, India",Part-time,Senior level,"AWS, Azure, Docker",71344.0,89013.0,False,23-09-2023,80178.5,5921552.0,7388079.0,6654815.5,59.21552,73.88079,66.548155,"['aws', 'azure', 'docker']"
476,Marketing Analyst,Technology,,,,,,,,,StartupX,"San Francisco, USA",Part-time,Mid level,"Machine Learning, Azure, React, Excel",87992.0,136220.0,False,19-02-2023,112106.0,7303336.0,11306260.0,9304798.0,73.03336,113.0626,93.04798,"['machine learning', 'azure', 'react', 'excel']"
477,Marketing Analyst,Finance,,,,,,,,,Salesforce,"Berlin, Germany",Part-time,Entry level,"Azure, Tableau, Kubernetes, Docker, Node.js",97516.0,120077.0,True,05-10-2023,108796.5,8093828.0,9966391.0,9030109.5,80.93828,99.66391,90.301095,"['azure', 'tableau', 'kubernetes', 'docker', 'node.js']"
478,Marketing Analyst,E-commerce,,,,,,,,,Meta,"Seattle, USA",Full-time,Director,"SQL, React, Java",78557.0,108814.0,True,15-04-2023,93685.5,6520231.0,9031562.0,7775896.5,65.20231,90.31562,77.758965,"['sql', 'react', 'java']"
479,Machine Learning Engineer,Healthcare,,,,,,,,,Amazon,"Bangalore, India",Contract,Mid level,"Power BI, React, SQL",95640.0,146478.0,True,06-05-2024,121059.0,7938120.0,12157674.0,10047897.0,79.3812,121.57674,100.47897,"['power bi', 'react', 'sql']"
480,Business Analyst,E-commerce,,,,,,,,,Amazon,"Seattle, USA",Part-time,Entry level,"SQL, Python, Tableau",68659.0,108356.0,False,12-05-2023,88507.5,5698697.0,8993548.0,7346122.5,56.98697,89.93548,73.461225,"['sql', 'python', 'tableau']"
481,Data Scientist,Technology,,,,,,,,,Google,Remote,Full-time,Director,"Python, SQL, AWS, Excel, Node.js",55572.0,91308.0,True,17-03-2024,73440.0,4612476.0,7578564.0,6095520.0,46.12476,75.78564,60.9552,"['python', 'sql', 'aws', 'excel', 'node.js']"
482,Software Engineer,Finance,,,,,,,,,StartupX,"Berlin, Germany",Full-time,Entry level,"Data Visualization, Azure, React, Java, Machine Learning",76922.0,113139.0,True,07-05-2023,95030.5,6384526.0,9390537.0,7887531.5,63.84526,93.90537,78.875315,"['data visualization', 'azure', 'react', 'java', 'machine learning']"
483,AI Researcher,Healthcare,,,,,,,,,Google,Remote,Part-time,Mid level,"Node.js, Tableau, Machine Learning, Python",58957.0,81946.0,True,01-06-2024,70451.5,4893431.0,6801518.0,5847474.5,48.93431,68.01518,58.474745,"['node.js', 'tableau', 'machine learning', 'python']"
484,Machine Learning Engineer,Finance,,,,,,,,,FinTechHub,"Austin, USA",Internship,Entry level,"Docker, Node.js, JavaScript, Machine Learning, Tableau",116085.0,188306.0,False,08-08-2023,152195.5,9635055.0,15629398.0,12632226.5,96.35055,156.29398,126.322265,"['docker', 'node.js', 'javascript', 'machine learning', 'tableau']"
485,Full Stack Developer,Healthcare,,,,,,,,,Microsoft,Remote,Part-time,Director,"Machine Learning, Power BI, Python, SQL, Azure",91193.0,117395.0,False,26-04-2023,104294.0,7569019.0,9743785.0,8656402.0,75.69019,97.43785,86.56402,"['machine learning', 'power bi', 'python', 'sql', 'azure']"
486,Full Stack Developer,Education,,,,,,,,,Salesforce,"London, UK",Internship,Mid level,"AWS, React, Docker, JavaScript, SQL, Kubernetes",100434.0,147607.0,False,29-04-2023,124020.5,8336022.0,12251381.0,10293701.5,83.36022,122.51381,102.937015,"['aws', 'react', 'docker', 'javascript', 'sql', 'kubernetes']"
487,Data Scientist,Finance,,,,,,,,,IBM,"Bangalore, India",Full-time,Entry level,"Docker, Power BI, Data Visualization, SQL, Java, React",51675.0,126116.0,False,03-07-2023,88895.5,4289025.0,10467628.0,7378326.5,42.89025,104.67628,73.783265,"['docker', 'power bi', 'data visualization', 'sql', 'java', 'react']"
488,AI Researcher,E-commerce,,,,,,,,,IBM,"San Francisco, USA",Part-time,Director,"Tableau, Power BI, Node.js, Data Visualization, React",94385.0,130633.0,False,23-07-2023,112509.0,7833955.0,10842539.0,9338247.0,78.33955,108.42539,93.38247,"['tableau', 'power bi', 'node.js', 'data visualization', 'react']"
489,AI Researcher,E-commerce,,,,,,,,,IBM,"Bangalore, India",Contract,Mid level,"SQL, AWS, Kubernetes",96674.0,169041.0,False,14-02-2024,132857.5,8023942.0,14030403.0,11027172.5,80.23942,140.30403,110.271725,"['sql', 'aws', 'kubernetes']"
490,Data Scientist,Technology,,,,,,,,,FinTechHub,"New York, USA",Full-time,Director,"Docker, Data Visualization, Excel, Azure",67643.0,81538.0,True,25-08-2023,74590.5,5614369.0,6767654.0,6191011.5,56.14369,67.67654,61.910115,"['docker', 'data visualization', 'excel', 'azure']"
491,Marketing Analyst,E-commerce,,,,,,,,,Oracle,"Bangalore, India",Part-time,Senior level,"Machine Learning, AWS, Node.js, Azure, Tableau, Excel",62626.0,82655.0,True,07-11-2023,72640.5,5197958.0,6860365.0,6029161.5,51.97958,68.60365,60.291615,"['machine learning', 'aws', 'node.js', 'azure', 'tableau', 'excel']"
492,DevOps Engineer,E-commerce,,,,,,,,,Oracle,"Berlin, Germany",Internship,Director,"Python, Java, Machine Learning",106414.0,132029.0,False,02-02-2023,119221.5,8832362.0,10958407.0,9895384.5,88.32362,109.58407,98.953845,"['python', 'java', 'machine learning']"
493,Software Engineer,Education,,,,,,,,,Netflix,"Toronto, Canada",Internship,Entry level,"Excel, Machine Learning, Node.js, React, Data Visualization, Kubernetes",114419.0,180869.0,False,18-06-2023,147644.0,9496777.0,15012127.0,12254452.0,94.96777,150.12127,122.54452,"['excel', 'machine learning', 'node.js', 'react', 'data visualization', 'kubernetes']"
494,Data Analyst,Education,,,,,,,,,IBM,"London, UK",Internship,Director,"Tableau, AWS, Azure, Python, Power BI",70487.0,146899.0,True,29-07-2024,108693.0,5850421.0,12192617.0,9021519.0,58.50421,121.92617,90.21519,"['tableau', 'aws', 'azure', 'python', 'power bi']"
495,AI Researcher,E-commerce,,,,,,,,,Google,"Berlin, Germany",Internship,Entry level,"Azure, Docker, Node.js, Python, Excel",98026.0,153753.0,True,12-05-2023,125889.5,8136158.0,12761499.0,10448828.5,81.36158,127.61499,104.488285,"['azure', 'docker', 'node.js', 'python', 'excel']"
496,AI Researcher,Healthcare,,,,,,,,,Microsoft,"San Francisco, USA",Contract,Entry level,"Python, Machine Learning, Azure, Node.js",80752.0,131659.0,False,11-09-2023,106205.5,6702416.0,10927697.0,8815056.5,67.02416,109.27697,88.150565,"['python', 'machine learning', 'azure', 'node.js']"
497,Business Analyst,E-commerce,,,,,,,,,Google,"Bangalore, India",Full-time,Senior level,"Azure, Data Visualization, SQL, Kubernetes, Tableau, JavaScript",117470.0,182673.0,False,08-03-2024,150071.5,9750010.0,15161859.0,12455934.5,97.5001,151.61859,124.559345,"['azure', 'data visualization', 'sql', 'kubernetes', 'tableau', 'javascript']"
498,Software Engineer,Finance,,,,,,,,,Salesforce,"London, UK",Contract,Director,"Excel, React, Tableau, SQL, Machine Learning, JavaScript",115898.0,170402.0,False,23-05-2024,143150.0,9619534.0,14143366.0,11881450.0,96.19534,141.43366,118.8145,"['excel', 'react', 'tableau', 'sql', 'machine learning', 'javascript']"
499,AI Researcher,Education,,,,,,,,,IBM,"Seattle, USA",Full-time,Entry level,"AWS, SQL, Data Visualization, Machine Learning, Kubernetes",56230.0,105200.0,False,29-09-2023,80715.0,4667090.0,8731600.0,6699345.0,46.6709,87.316,66.99345,"['aws', 'sql', 'data visualization', 'machine learning', 'kubernetes']"
500,Business Analyst,Finance,,,,,,,,,Adobe,"London, UK",Internship,Senior level,"Docker, AWS, Data Visualization, Machine Learning, Kubernetes, Power BI",95523.0,115571.0,True,03-08-2023,105547.0,7928409.0,9592393.0,8760401.0,79.28409,95.92393,87.60401,"['docker', 'aws', 'data visualization', 'machine learning', 'kubernetes', 'power bi']"
