job_id,job_title,company,location,employment_type,experience_level,industry,skills_required,salary_min_usd,salary_max_usd,remote_allowed,posted_date,salary_avg_usd,salary_min_inr,salary_max_inr,salary_avg_inr,salary_min_lpa,salary_max_lpa,salary_avg_lpa,skills_list
1,Product Manager,Meta,"Austin, USA",Full-time,Entry level,Education,"Python, Node.js, SQL, JavaScript, Power BI, Machine Learning",53278,99326,True,25-04-2023,76302.0,4422074.0,8244058.0,6333066.0,44.22074,82.44058,63.33066,"['python', 'node.js', 'sql', 'javascript', 'power bi', 'machine learning']"
2,Product Manager,Oracle,"London, UK",Full-time,Mid level,E-commerce,"AWS, Java, JavaScript, Azure, SQL",76062,141049,True,28-07-2024,108555.5,6313146.0,11707067.0,9010106.5,63.13146,117.07067,90.101065,"['aws', 'java', 'javascript', 'azure', 'sql']"
3,Machine Learning Engineer,Salesforce,"London, UK",Full-time,Director,Education,"Node.js, Docker, SQL",62676,119728,False,25-01-2024,91202.0,5202108.0,9937424.0,7569766.0,52.02108,99.37424,75.69766,"['node.js', 'docker', 'sql']"
4,Data Analyst,StartupX,"Seattle, USA",Contract,Entry level,Finance,"Docker, AWS, Kubernetes",75203,94319,False,06-01-2024,84761.0,6241849.0,7828477.0,7035163.0,62.41849,78.28477,70.35163,"['docker', 'aws', 'kubernetes']"
5,Product Manager,StartupX,"London, UK",Full-time,Mid level,Education,"Java, Kubernetes, Docker, AWS",98520,155086,True,16-06-2023,126803.0,8177160.0,12872138.0,10524649.0,81.7716,128.72138,105.24649,"['java', 'kubernetes', 'docker', 'aws']"
6,Data Analyst,Tesla,"Toronto, Canada",Contract,Entry level,Finance,"JavaScript, Excel, Kubernetes, Docker, React",57331,97352,False,29-11-2023,77341.5,4758473.0,8080216.0,6419344.5,47.58473,80.80216,64.193445,"['javascript', 'excel', 'kubernetes', 'docker', 'react']"
7,Product Manager,FinTechHub,Remote,Contract,Director,Education,"Azure, JavaScript, Java, Machine Learning, Kubernetes, SQL",84718,113019,True,27-05-2023,98868.5,7031594.0,9380577.0,8206085.5,70.31594,93.80577,82.060855,"['azure', 'javascript', 'java', 'machine learning', 'kubernetes', 'sql']"
8,DevOps Engineer,Salesforce,"San Francisco, USA",Internship,Director,Education,"Machine Learning, AWS, Node.js, Python, Excel, SQL",70033,101002,False,23-04-2023,85517.5,5812739.0,8383166.0,7097952.5,58.12739,83.83166,70.979525,"['machine learning', 'aws', 'node.js', 'python', 'excel', 'sql']"
9,DevOps Engineer,Amazon,"Bangalore, India",Full-time,Senior level,Education,"Machine Learning, SQL, Excel, AWS",64621,113090,True,15-12-2023,88855.5,5363543.0,9386470.0,7375006.5,53.63543,93.8647,73.750065,"['machine learning', 'sql', 'excel', 'aws']"
10,Marketing Analyst,Adobe,"New York, USA",Contract,Director,Technology,"Node.js, Azure, Tableau",99009,130183,False,06-06-2023,114596.0,8217747.0,10805189.0,9511468.0,82.17747,108.05189,95.11468,"['node.js', 'azure', 'tableau']"
11,AI Researcher,Microsoft,"San Francisco, USA",Internship,Entry level,Education,"Java, Excel, Kubernetes, Machine Learning",57592,99163,True,03-09-2023,78377.5,4780136.0,8230529.0,6505332.5,47.80136,82.30529,65.053325,"['java', 'excel', 'kubernetes', 'machine learning']"
12,Product Manager,Adobe,"Seattle, USA",Contract,Director,Healthcare,"Node.js, Machine Learning, Kubernetes, SQL, JavaScript, Excel",119163,184624,True,29-09-2023,151893.5,9890529.0,15323792.0,12607160.5,98.90529,153.23792,126.071605,"['node.js', 'machine learning', 'kubernetes', 'sql', 'javascript', 'excel']"
13,AI Researcher,Meta,"New York, USA",Full-time,Entry level,Finance,"Node.js, Python, Azure",52757,92918,True,13-12-2023,72837.5,4378831.0,7712194.0,6045512.5,43.78831,77.12194,60.455125,"['node.js', 'python', 'azure']"
14,Full Stack Developer,Meta,Remote,Part-time,Director,Finance,"Tableau, Docker, JavaScript, SQL, Power BI, React",81195,127695,False,10-06-2024,104445.0,6739185.0,10598685.0,8668935.0,67.39185,105.98685,86.68935,"['tableau', 'docker', 'javascript', 'sql', 'power bi', 'react']"
15,Data Analyst,StartupX,"San Francisco, USA",Full-time,Director,Healthcare,"JavaScript, Node.js, React",103883,175096,False,09-03-2024,139489.5,8622289.0,14532968.0,11577628.5,86.22289,145.32968,115.776285,"['javascript', 'node.js', 'react']"
16,Business Analyst,Oracle,"Seattle, USA",Full-time,Director,Education,"Python, Excel, Machine Learning",105296,139346,True,24-05-2023,122321.0,8739568.0,11565718.0,10152643.0,87.39568,115.65718,101.52643,"['python', 'excel', 'machine learning']"
17,DevOps Engineer,Oracle,"Bangalore, India",Part-time,Director,Technology,"Docker, Python, Node.js, AWS",80982,112780,False,06-04-2023,96881.0,6721506.0,9360740.0,8041123.0,67.21506,93.6074,80.41123,"['docker', 'python', 'node.js', 'aws']"
18,Software Engineer,Meta,"London, UK",Part-time,Entry level,Education,"Power BI, Azure, Python",105444,179232,True,20-10-2023,142338.0,8751852.0,14876256.0,11814054.0,87.51852,148.76256,118.14054,"['power bi', 'azure', 'python']"
19,Marketing Analyst,Amazon,"New York, USA",Full-time,Mid level,Technology,"Excel, React, JavaScript",112493,188402,False,21-08-2024,150447.5,9336919.0,15637366.0,12487142.5,93.36919,156.37366,124.871425,"['excel', 'react', 'javascript']"
20,AI Researcher,Microsoft,"Toronto, Canada",Contract,Senior level,Finance,"JavaScript, AWS, Docker, Java, Excel",82271,97480,False,03-05-2023,89875.5,6828493.0,8090840.0,7459666.5,68.28493,80.9084,74.596665,"['javascript', 'aws', 'docker', 'java', 'excel']"
21,Data Analyst,Oracle,"San Francisco, USA",Full-time,Mid level,Education,"Java, Azure, SQL, JavaScript, React",91441,110949,False,13-04-2024,101195.0,7589603.0,9208767.0,8399185.0,75.89603,92.08767,83.99185,"['java', 'azure', 'sql', 'javascript', 'react']"
22,AI Researcher,StartupX,Remote,Full-time,Senior level,Technology,"AWS, SQL, React, Power BI",107433,157084,True,11-06-2023,132258.5,8916939.0,13037972.0,10977455.5,89.16939,130.37972,109.774555,"['aws', 'sql', 'react', 'power bi']"
23,Machine Learning Engineer,Meta,"London, UK",Internship,Senior level,Technology,"Excel, Docker, AWS",86930,124537,True,06-10-2023,105733.5,7215190.0,10336571.0,8775880.5,72.1519,103.36571,87.758805,"['excel', 'docker', 'aws']"
24,Business Analyst,Amazon,"Bangalore, India",Internship,Entry level,Technology,"Node.js, Power BI, Java",93719,120865,True,04-01-2023,107292.0,7778677.0,10031795.0,8905236.0,77.78677,100.31795,89.05236,"['node.js', 'power bi', 'java']"
25,Software Engineer,Google,"London, UK",Contract,Entry level,Healthcare,"Excel, JavaScript, Node.js, SQL",69410,135743,False,14-01-2024,102576.5,5761030.0,11266669.0,8513849.5,57.6103,112.66669,85.138495,"['excel', 'javascript', 'node.js', 'sql']"
26,Product Manager,Amazon,"Austin, USA",Internship,Entry level,Finance,"Tableau, Docker, Node.js, Excel, JavaScript",103264,133521,False,27-07-2024,118392.5,8570912.0,11082243.0,9826577.5,85.70912,110.82243,98.265775,"['tableau', 'docker', 'node.js', 'excel', 'javascript']"
27,Data Analyst,Oracle,"Seattle, USA",Part-time,Director,Healthcare,"React, Tableau, JavaScript, Node.js, Python",64168,124308,True,13-06-2023,94238.0,5325944.0,10317564.0,7821754.0,53.25944,103.17564,78.21754,"['react', 'tableau', 'javascript', 'node.js', 'python']"
28,Data Scientist,Netflix,"Berlin, Germany",Internship,Senior level,Technology,"Node.js, AWS, Java",93025,139542,False,13-02-2024,116283.5,7721075.0,11581986.0,9651530.5,77.21075,115.81986,96.515305,"['node.js', 'aws', 'java']"
29,Machine Learning Engineer,FinTechHub,"Berlin, Germany",Internship,Entry level,E-commerce,"AWS, Python, Power BI, Docker",64208,131167,True,09-02-2023,97687.5,5329264.0,10886861.0,8108062.5,53.29264,108.86861,81.080625,"['aws', 'python', 'power bi', 'docker']"
30,DevOps Engineer,Microsoft,"Berlin, Germany",Contract,Entry level,Healthcare,"Excel, Docker, Azure, React, AWS",75825,133564,True,16-06-2024,104694.5,6293475.0,11085812.0,8689643.5,62.93475,110.85812,86.896435,"['excel', 'docker', 'azure', 'react', 'aws']"
31,Software Engineer,Salesforce,"London, UK",Internship,Entry level,Healthcare,"JavaScript, Docker, Tableau, Data Visualization, Power BI",105108,164803,False,16-07-2023,134955.5,8723964.0,13678649.0,11201306.5,87.23964,136.78649,112.013065,"['javascript', 'docker', 'tableau', 'data visualization', 'power bi']"
32,Product Manager,Adobe,"Bangalore, India",Part-time,Entry level,Healthcare,"SQL, React, Tableau, JavaScript, Excel",107905,175859,False,21-04-2024,141882.0,8956115.0,14596297.0,11776206.0,89.56115,145.96297,117.76206,"['sql', 'react', 'tableau', 'javascript', 'excel']"
33,Data Analyst,Google,"Seattle, USA",Internship,Entry level,E-commerce,"Node.js, Excel, Data Visualization, JavaScript, Docker, Kubernetes",76100,105413,False,19-08-2023,90756.5,6316300.0,8749279.0,7532789.5,63.163,87.49279,75.327895,"['node.js', 'excel', 'data visualization', 'javascript', 'docker', 'kubernetes']"
34,Data Scientist,IBM,"Seattle, USA",Part-time,Director,Technology,"Node.js, React, SQL, Kubernetes",69342,80068,True,07-09-2023,74705.0,5755386.0,6645644.0,6200515.0,57.55386,66.45644,62.00515,"['node.js', 'react', 'sql', 'kubernetes']"
35,Full Stack Developer,Salesforce,Remote,Internship,Director,Finance,"Kubernetes, AWS, Tableau, JavaScript, Excel, React",119616,171204,False,20-04-2024,145410.0,9928128.0,14209932.0,12069030.0,99.28128,142.09932,120.6903,"['kubernetes', 'aws', 'tableau', 'javascript', 'excel', 'react']"
36,Data Scientist,FinTechHub,"London, UK",Part-time,Senior level,Healthcare,"Node.js, Machine Learning, SQL, Java, Power BI",85992,153646,True,02-09-2023,119819.0,7137336.0,12752618.0,9944977.0,71.37336,127.52618,99.44977,"['node.js', 'machine learning', 'sql', 'java', 'power bi']"
37,Data Scientist,IBM,"Toronto, Canada",Contract,Director,E-commerce,"JavaScript, React, Docker",70028,108071,False,28-01-2024,89049.5,5812324.0,8969893.0,7391108.5,58.12324,89.69893,73.911085,"['javascript', 'react', 'docker']"
38,Full Stack Developer,Google,"Berlin, Germany",Contract,Director,E-commerce,"Kubernetes, JavaScript, AWS, Docker",52560,112417,False,21-08-2024,82488.5,4362480.0,9330611.0,6846545.5,43.6248,93.30611,68.465455,"['kubernetes', 'javascript', 'aws', 'docker']"
39,DevOps Engineer,FinTechHub,"Austin, USA",Internship,Mid level,Education,"Node.js, Docker, Data Visualization",100968,155025,True,30-01-2023,127996.5,8380344.0,12867075.0,10623709.5,83.80344,128.67075,106.237095,"['node.js', 'docker', 'data visualization']"
40,Full Stack Developer,Amazon,"New York, USA",Contract,Director,Healthcare,"Kubernetes, Azure, React, Docker",106179,133965,False,27-03-2023,120072.0,8812857.0,11119095.0,9965976.0,88.12857,111.19095,99.65976,"['kubernetes', 'azure', 'react', 'docker']"
41,Full Stack Developer,Google,Remote,Full-time,Senior level,Finance,"Tableau, Excel, Python",83065,103800,True,07-03-2024,93432.5,6894395.0,8615400.0,7754897.5,68.94395,86.154,77.548975,"['tableau', 'excel', 'python']"
42,AI Researcher,Amazon,"Seattle, USA",Part-time,Director,Technology,"Kubernetes, Power BI, AWS, Azure",76130,88801,True,11-09-2023,82465.5,6318790.0,7370483.0,6844636.5,63.1879,73.70483,68.446365,"['kubernetes', 'power bi', 'aws', 'azure']"
43,Data Scientist,Salesforce,"New York, USA",Contract,Director,E-commerce,"SQL, Data Visualization, Power BI, Excel",71465,122233,True,28-04-2023,96849.0,5931595.0,10145339.0,8038467.0,59.31595,101.45339,80.38467,"['sql', 'data visualization', 'power bi', 'excel']"
44,AI Researcher,Google,"Berlin, Germany",Internship,Senior level,Technology,"Python, React, Docker, Kubernetes, SQL",89529,115395,False,15-04-2023,102462.0,7430907.0,9577785.0,8504346.0,74.30907,95.77785,85.04346,"['python', 'react', 'docker', 'kubernetes', 'sql']"
45,DevOps Engineer,Amazon,Remote,Contract,Director,E-commerce,"React, Power BI, Data Visualization, AWS, Azure, JavaScript",110258,140310,True,06-01-2024,125284.0,9151414.0,11645730.0,10398572.0,91.51414,116.4573,103.98572,"['react', 'power bi', 'data visualization', 'aws', 'azure', 'javascript']"
46,Full Stack Developer,Salesforce,"Toronto, Canada",Contract,Entry level,E-commerce,"Java, Kubernetes, JavaScript, Azure, AWS",109087,151050,False,13-10-2023,130068.5,9054221.0,12537150.0,10795685.5,90.54221,125.3715,107.956855,"['java', 'kubernetes', 'javascript', 'azure', 'aws']"
47,Marketing Analyst,Meta,"San Francisco, USA",Part-time,Director,E-commerce,"Power BI, Kubernetes, Excel, Node.js",86211,97541,False,14-10-2023,91876.0,7155513.0,8095903.0,7625708.0,71.55513,80.95903,76.25708,"['power bi', 'kubernetes', 'excel', 'node.js']"
48,Business Analyst,Meta,"Toronto, Canada",Part-time,Senior level,Education,"Kubernetes, Machine Learning, React, Azure, Docker",52260,74456,False,03-04-2024,63358.0,4337580.0,6179848.0,5258714.0,43.3758,61.79848,52.58714,"['kubernetes', 'machine learning', 'react', 'azure', 'docker']"
49,Business Analyst,Netflix,"Seattle, USA",Full-time,Mid level,Healthcare,"Power BI, Machine Learning, Tableau",109473,154982,True,27-12-2023,132227.5,9086259.0,12863506.0,10974882.5,90.86259,128.63506,109.748825,"['power bi', 'machine learning', 'tableau']"
50,Business Analyst,FinTechHub,Remote,Contract,Entry level,Finance,"JavaScript, Azure, Java, AWS, Python",78361,151825,True,16-07-2023,115093.0,6503963.0,12601475.0,9552719.0,65.03963,126.01475,95.52719,"['javascript', 'azure', 'java', 'aws', 'python']"
51,Marketing Analyst,Netflix,"Austin, USA",Internship,Entry level,Technology,"Kubernetes, Node.js, React, Azure, Java",55965,73111,True,08-10-2023,64538.0,4645095.0,6068213.0,5356654.0,46.45095,60.68213,53.56654,"['kubernetes', 'node.js', 'react', 'azure', 'java']"
52,Data Scientist,IBM,"Bangalore, India",Full-time,Entry level,Finance,"Tableau, Data Visualization, AWS, SQL",112616,137569,True,16-09-2023,125092.5,9347128.0,11418227.0,10382677.5,93.47128,114.18227,103.826775,"['tableau', 'data visualization', 'aws', 'sql']"
53,Marketing Analyst,IBM,"Bangalore, India",Internship,Senior level,Education,"AWS, Data Visualization, React, Python, Tableau, SQL",104548,144129,True,02-05-2023,124338.5,8677484.0,11962707.0,10320095.5,86.77484,119.62707,103.200955,"['aws', 'data visualization', 'react', 'python', 'tableau', 'sql']"
54,Software Engineer,Meta,"Austin, USA",Full-time,Mid level,Technology,"Kubernetes, Power BI, Data Visualization, Node.js, AWS, Python",84687,105328,True,05-08-2023,95007.5,7029021.0,8742224.0,7885622.5,70.29021,87.42224,78.856225,"['kubernetes', 'power bi', 'data visualization', 'node.js', 'aws', 'python']"
55,Data Scientist,StartupX,"Seattle, USA",Contract,Mid level,E-commerce,"Machine Learning, JavaScript, Excel",87056,156566,True,23-10-2023,121811.0,7225648.0,12994978.0,10110313.0,72.25648,129.94978,101.10313,"['machine learning', 'javascript', 'excel']"
56,Data Analyst,Amazon,"London, UK",Contract,Director,Technology,"Power BI, AWS, Node.js, Docker, React, Machine Learning",68643,88002,False,30-09-2023,78322.5,5697369.0,7304166.0,6500767.5,56.97369,73.04166,65.007675,"['power bi', 'aws', 'node.js', 'docker', 'react', 'machine learning']"
57,DevOps Engineer,FinTechHub,"Berlin, Germany",Contract,Entry level,Technology,"Excel, React, Data Visualization, Tableau",60543,75767,True,24-03-2024,68155.0,5025069.0,6288661.0,5656865.0,50.25069,62.88661,56.56865,"['excel', 'react', 'data visualization', 'tableau']"
58,Full Stack Developer,Adobe,"Bangalore, India",Contract,Mid level,Education,"Excel, React, Kubernetes, SQL, Tableau, Azure",55273,88235,False,03-10-2023,71754.0,4587659.0,7323505.0,5955582.0,45.87659,73.23505,59.55582,"['excel', 'react', 'kubernetes', 'sql', 'tableau', 'azure']"
59,Software Engineer,Tesla,"Toronto, Canada",Internship,Senior level,E-commerce,"Kubernetes, SQL, Azure",92081,115791,False,08-12-2023,103936.0,7642723.0,9610653.0,8626688.0,76.42723,96.10653,86.26688,"['kubernetes', 'sql', 'azure']"
60,Marketing Analyst,Google,Remote,Internship,Director,Technology,"Machine Learning, Azure, Data Visualization, Kubernetes",65194,128170,False,28-11-2023,96682.0,5411102.0,10638110.0,8024606.0,54.11102,106.3811,80.24606,"['machine learning', 'azure', 'data visualization', 'kubernetes']"
61,Marketing Analyst,Amazon,"London, UK",Internship,Director,Technology,"Excel, Data Visualization, Tableau",76680,121683,True,22-02-2023,99181.5,6364440.0,10099689.0,8232064.5,63.6444,100.99689,82.320645,"['excel', 'data visualization', 'tableau']"
62,Marketing Analyst,IBM,"San Francisco, USA",Part-time,Entry level,E-commerce,"Excel, React, Java",90730,102522,False,12-06-2023,96626.0,7530590.0,8509326.0,8019958.0,75.3059,85.09326,80.19958,"['excel', 'react', 'java']"
63,DevOps Engineer,Oracle,"Bangalore, India",Part-time,Director,Education,"Docker, JavaScript, Data Visualization, Machine Learning",116698,162536,True,26-10-2023,139617.0,9685934.0,13490488.0,11588211.0,96.85934,134.90488,115.88211,"['docker', 'javascript', 'data visualization', 'machine learning']"
64,Machine Learning Engineer,Adobe,"London, UK",Full-time,Senior level,Healthcare,"React, Java, Kubernetes, Machine Learning, Tableau, Azure",86208,150595,False,13-03-2023,118401.5,7155264.0,12499385.0,9827324.5,71.55264,124.99385,98.273245,"['react', 'java', 'kubernetes', 'machine learning', 'tableau', 'azure']"
65,Machine Learning Engineer,Meta,"Seattle, USA",Internship,Mid level,E-commerce,"Azure, Power BI, Kubernetes",99441,169123,False,19-07-2024,134282.0,8253603.0,14037209.0,11145406.0,82.53603,140.37209,111.45406,"['azure', 'power bi', 'kubernetes']"
66,Data Analyst,Amazon,Remote,Contract,Entry level,E-commerce,"Machine Learning, Kubernetes, Python",69936,144859,True,31-01-2024,107397.5,5804688.0,12023297.0,8913992.5,58.04688,120.23297,89.139925,"['machine learning', 'kubernetes', 'python']"
67,Full Stack Developer,Netflix,"Berlin, Germany",Internship,Entry level,Healthcare,"Azure, Excel, Power BI, Kubernetes, Machine Learning, Python",70232,90039,True,24-02-2024,80135.5,5829256.0,7473237.0,6651246.5,58.29256,74.73237,66.512465,"['azure', 'excel', 'power bi', 'kubernetes', 'machine learning', 'python']"
68,Data Scientist,IBM,"San Francisco, USA",Full-time,Director,Finance,"Node.js, Python, React, Azure, Tableau",87667,127484,False,29-08-2023,107575.5,7276361.0,10581172.0,8928766.5,72.76361,105.81172,89.287665,"['node.js', 'python', 'react', 'azure', 'tableau']"
69,Software Engineer,Meta,Remote,Internship,Mid level,Finance,"SQL, Data Visualization, Docker, React",99131,165581,True,03-01-2024,132356.0,8227873.0,13743223.0,10985548.0,82.27873,137.43223,109.85548,"['sql', 'data visualization', 'docker', 'react']"
70,Full Stack Developer,StartupX,"London, UK",Internship,Senior level,Technology,"Node.js, AWS, Excel, Machine Learning, Java, SQL",68758,109191,False,24-05-2024,88974.5,5706914.0,9062853.0,7384883.5,57.06914,90.62853,73.848835,"['node.js', 'aws', 'excel', 'machine learning', 'java', 'sql']"
71,Business Analyst,Oracle,"London, UK",Part-time,Director,E-commerce,"JavaScript, Docker, Data Visualization",89210,154825,False,20-12-2023,122017.5,7404430.0,12850475.0,10127452.5,74.0443,128.50475,101.274525,"['javascript', 'docker', 'data visualization']"
72,Data Analyst,StartupX,"Toronto, Canada",Contract,Entry level,Education,"Node.js, Data Visualization, Power BI",88780,137476,False,11-08-2024,113128.0,7368740.0,11410508.0,9389624.0,73.6874,114.10508,93.89624,"['node.js', 'data visualization', 'power bi']"
73,Product Manager,StartupX,"Seattle, USA",Contract,Mid level,Technology,"AWS, Tableau, Kubernetes",80162,136341,True,21-10-2023,108251.5,6653446.0,11316303.0,8984874.5,66.53446,113.16303,89.848745,"['aws', 'tableau', 'kubernetes']"
74,Data Scientist,Netflix,"Berlin, Germany",Internship,Mid level,Finance,"Tableau, Machine Learning, Azure, React",97823,125047,False,16-08-2024,111435.0,8119309.0,10378901.0,9249105.0,81.19309,103.78901,92.49105,"['tableau', 'machine learning', 'azure', 'react']"
75,Business Analyst,FinTechHub,"Berlin, Germany",Full-time,Director,Technology,"Tableau, JavaScript, Excel, Power BI",83681,156837,False,18-06-2023,120259.0,6945523.0,13017471.0,9981497.0,69.45523,130.17471,99.81497,"['tableau', 'javascript', 'excel', 'power bi']"
76,DevOps Engineer,Google,"London, UK",Full-time,Director,Healthcare,"Data Visualization, Docker, Excel, Azure, SQL",97942,119778,True,24-07-2024,108860.0,8129186.0,9941574.0,9035380.0,81.29186,99.41574,90.3538,"['data visualization', 'docker', 'excel', 'azure', 'sql']"
77,AI Researcher,Meta,"San Francisco, USA",Internship,Senior level,E-commerce,"Java, Python, React",53280,106272,False,27-04-2024,79776.0,4422240.0,8820576.0,6621408.0,44.2224,88.20576,66.21408,"['java', 'python', 'react']"
78,Product Manager,Adobe,"Austin, USA",Internship,Director,Healthcare,"Data Visualization, Power BI, React, Java, Docker, SQL",65220,87959,False,19-05-2024,76589.5,5413260.0,7300597.0,6356928.5,54.1326,73.00597,63.569285,"['data visualization', 'power bi', 'react', 'java', 'docker', 'sql']"
79,Machine Learning Engineer,Meta,"Bangalore, India",Internship,Mid level,Healthcare,"Excel, Azure, Machine Learning",86666,100954,False,22-02-2024,93810.0,7193278.0,8379182.0,7786230.0,71.93278,83.79182,77.8623,"['excel', 'azure', 'machine learning']"
80,Product Manager,Microsoft,"Bangalore, India",Full-time,Mid level,Education,"Python, Tableau, Azure",102184,148344,True,04-03-2023,125264.0,8481272.0,12312552.0,10396912.0,84.81272,123.12552,103.96912,"['python', 'tableau', 'azure']"
81,Marketing Analyst,Meta,"Seattle, USA",Part-time,Senior level,Finance,"AWS, React, Java",76896,95888,True,09-05-2023,86392.0,6382368.0,7958704.0,7170536.0,63.82368,79.58704,71.70536,"['aws', 'react', 'java']"
82,Data Scientist,StartupX,"New York, USA",Part-time,Entry level,Healthcare,"Data Visualization, Azure, Python, Java",82853,115724,False,07-07-2024,99288.5,6876799.0,9605092.0,8240945.5,68.76799,96.05092,82.409455,"['data visualization', 'azure', 'python', 'java']"
83,Marketing Analyst,Microsoft,"San Francisco, USA",Internship,Director,Healthcare,"Kubernetes, Machine Learning, JavaScript",66614,131790,True,23-02-2023,99202.0,5528962.0,10938570.0,8233766.0,55.28962,109.3857,82.33766,"['kubernetes', 'machine learning', 'javascript']"
84,Data Analyst,Google,"Bangalore, India",Internship,Director,Technology,"Power BI, Kubernetes, SQL, Tableau, Azure, Data Visualization",89535,159571,True,17-06-2024,124553.0,7431405.0,13244393.0,10337899.0,74.31405,132.44393,103.37899,"['power bi', 'kubernetes', 'sql', 'tableau', 'azure', 'data visualization']"
85,AI Researcher,StartupX,Remote,Contract,Director,Education,"Kubernetes, Machine Learning, Data Visualization, Docker, SQL",66540,112586,True,09-03-2023,89563.0,5522820.0,9344638.0,7433729.0,55.2282,93.44638,74.33729,"['kubernetes', 'machine learning', 'data visualization', 'docker', 'sql']"
86,Full Stack Developer,Meta,"Toronto, Canada",Contract,Director,E-commerce,"Power BI, SQL, Azure, Docker, Tableau, AWS",78183,144553,False,18-07-2024,111368.0,6489189.0,11997899.0,9243544.0,64.89189,119.97899,92.43544,"['power bi', 'sql', 'azure', 'docker', 'tableau', 'aws']"
87,Data Scientist,Microsoft,"San Francisco, USA",Internship,Entry level,Healthcare,"Machine Learning, Python, Data Visualization, Node.js",112163,130962,False,06-06-2023,121562.5,9309529.0,10869846.0,10089687.5,93.09529,108.69846,100.896875,"['machine learning', 'python', 'data visualization', 'node.js']"
88,DevOps Engineer,FinTechHub,"New York, USA",Contract,Senior level,Healthcare,"Data Visualization, Machine Learning, JavaScript",103845,160191,True,06-05-2023,132018.0,8619135.0,13295853.0,10957494.0,86.19135,132.95853,109.57494,"['data visualization', 'machine learning', 'javascript']"
89,Machine Learning Engineer,Adobe,"Berlin, Germany",Full-time,Senior level,Education,"Tableau, Docker, Machine Learning, Data Visualization",79392,103576,True,08-05-2024,91484.0,6589536.0,8596808.0,7593172.0,65.89536,85.96808,75.93172,"['tableau', 'docker', 'machine learning', 'data visualization']"
90,Business Analyst,FinTechHub,"London, UK",Contract,Senior level,Technology,"React, Java, Data Visualization, Excel",53794,87441,False,01-10-2023,70617.5,4464902.0,7257603.0,5861252.5,44.64902,72.57603,58.612525,"['react', 'java', 'data visualization', 'excel']"
91,Data Scientist,FinTechHub,Remote,Part-time,Director,E-commerce,"Azure, Java, Node.js, AWS, Tableau, Data Visualization",68595,82613,True,13-03-2023,75604.0,5693385.0,6856879.0,6275132.0,56.93385,68.56879,62.75132,"['azure', 'java', 'node.js', 'aws', 'tableau', 'data visualization']"
92,AI Researcher,Google,"San Francisco, USA",Contract,Director,E-commerce,"Data Visualization, Kubernetes, Docker, AWS, JavaScript, Machine Learning",70392,101024,True,23-02-2023,85708.0,5842536.0,8384992.0,7113764.0,58.42536,83.84992,71.13764,"['data visualization', 'kubernetes', 'docker', 'aws', 'javascript', 'machine learning']"
93,Business Analyst,StartupX,"Bangalore, India",Contract,Entry level,Finance,"Data Visualization, Python, React, JavaScript, AWS, Power BI",106349,130883,True,20-12-2023,118616.0,8826967.0,10863289.0,9845128.0,88.26967,108.63289,98.45128,"['data visualization', 'python', 'react', 'javascript', 'aws', 'power bi']"
94,Data Scientist,Google,"Bangalore, India",Internship,Mid level,Finance,"Machine Learning, Power BI, JavaScript, Node.js, React, Azure",87938,140945,True,19-09-2023,114441.5,7298854.0,11698435.0,9498644.5,72.98854,116.98435,94.986445,"['machine learning', 'power bi', 'javascript', 'node.js', 'react', 'azure']"
95,Data Analyst,Oracle,"San Francisco, USA",Contract,Director,Education,"Power BI, Excel, Docker, AWS, SQL, Tableau",55544,122720,True,11-02-2024,89132.0,4610152.0,10185760.0,7397956.0,46.10152,101.8576,73.97956,"['power bi', 'excel', 'docker', 'aws', 'sql', 'tableau']"
96,Machine Learning Engineer,Microsoft,"Toronto, Canada",Full-time,Mid level,E-commerce,"Machine Learning, SQL, Docker, AWS, Azure, JavaScript",72527,142832,False,29-11-2023,107679.5,6019741.0,11855056.0,8937398.5,60.19741,118.55056,89.373985,"['machine learning', 'sql', 'docker', 'aws', 'azure', 'javascript']"
97,Data Scientist,Adobe,Remote,Part-time,Senior level,Healthcare,"JavaScript, SQL, Java, AWS",60011,136921,True,22-06-2023,98466.0,4980913.0,11364443.0,8172678.0,49.80913,113.64443,81.72678,"['javascript', 'sql', 'java', 'aws']"
98,Software Engineer,StartupX,"Bangalore, India",Internship,Director,Education,"React, Excel, Azure, Java, Kubernetes",70036,89912,True,27-06-2023,79974.0,5812988.0,7462696.0,6637842.0,58.12988,74.62696,66.37842,"['react', 'excel', 'azure', 'java', 'kubernetes']"
99,Business Analyst,Salesforce,"New York, USA",Contract,Entry level,Healthcare,"Kubernetes, Python, React, Azure, AWS, SQL",107961,157652,True,25-04-2024,132806.5,8960763.0,13085116.0,11022939.5,89.60763,130.85116,110.229395,"['kubernetes', 'python', 'react', 'azure', 'aws', 'sql']"
100,AI Researcher,Adobe,"New York, USA",Internship,Mid level,Healthcare,"Machine Learning, Java, Python, Kubernetes, SQL, Azure",100394,171042,True,03-06-2024,135718.0,8332702.0,14196486.0,11264594.0,83.32702,141.96486,112.64594,"['machine learning', 'java', 'python', 'kubernetes', 'sql', 'azure']"
101,Product Manager,FinTechHub,"Bangalore, India",Internship,Mid level,Healthcare,"Node.js, AWS, Docker, Tableau, Azure",72617,87747,True,31-05-2024,80182.0,6027211.0,7283001.0,6655106.0,60.27211,72.83001,66.55106,"['node.js', 'aws', 'docker', 'tableau', 'azure']"
102,Data Scientist,Adobe,"Toronto, Canada",Contract,Senior level,Education,"Azure, SQL, Data Visualization, Excel",58639,111852,True,09-12-2023,85245.5,4867037.0,9283716.0,7075376.5,48.67037,92.83716,70.753765,"['azure', 'sql', 'data visualization', 'excel']"
103,Software Engineer,Salesforce,"San Francisco, USA",Contract,Director,Healthcare,"Excel, Power BI, React, Node.js",90662,152036,True,25-12-2023,121349.0,7524946.0,12618988.0,10071967.0,75.24946,126.18988,100.71967,"['excel', 'power bi', 'react', 'node.js']"
104,Data Analyst,Tesla,"London, UK",Part-time,Mid level,Healthcare,"JavaScript, Node.js, Java, Tableau, SQL, AWS",116648,174073,True,09-03-2024,145360.5,9681784.0,14448059.0,12064921.5,96.81784,144.48059,120.649215,"['javascript', 'node.js', 'java', 'tableau', 'sql', 'aws']"
105,Machine Learning Engineer,Salesforce,"Austin, USA",Internship,Mid level,Finance,"React, Power BI, Tableau, Data Visualization",119013,133960,True,03-06-2024,126486.5,9878079.0,11118680.0,10498379.5,98.78079,111.1868,104.983795,"['react', 'power bi', 'tableau', 'data visualization']"
106,Machine Learning Engineer,StartupX,"Seattle, USA",Internship,Senior level,E-commerce,"Machine Learning, JavaScript, AWS, Kubernetes",55726,119578,True,24-03-2024,87652.0,4625258.0,9924974.0,7275116.0,46.25258,99.24974,72.75116,"['machine learning', 'javascript', 'aws', 'kubernetes']"
107,Business Analyst,IBM,Remote,Internship,Mid level,Finance,"React, AWS, Python, Excel",107749,178262,False,12-01-2024,143005.5,8943167.0,14795746.0,11869456.5,89.43167,147.95746,118.694565,"['react', 'aws', 'python', 'excel']"
108,Data Scientist,Netflix,"San Francisco, USA",Part-time,Senior level,E-commerce,"React, Docker, SQL, JavaScript",63446,141067,False,16-01-2024,102256.5,5266018.0,11708561.0,8487289.5,52.66018,117.08561,84.872895,"['react', 'docker', 'sql', 'javascript']"
109,Data Analyst,IBM,Remote,Contract,Mid level,E-commerce,"Azure, JavaScript, Python",53495,117876,False,24-12-2023,85685.5,4440085.0,9783708.0,7111896.5,44.40085,97.83708,71.118965,"['azure', 'javascript', 'python']"
110,Software Engineer,Google,"London, UK",Internship,Mid level,E-commerce,"Data Visualization, Python, SQL, React, AWS, JavaScript",93947,123089,True,12-04-2023,108518.0,7797601.0,10216387.0,9006994.0,77.97601,102.16387,90.06994,"['data visualization', 'python', 'sql', 'react', 'aws', 'javascript']"
111,Data Scientist,Netflix,"Seattle, USA",Contract,Entry level,Technology,"Docker, Excel, Tableau, Data Visualization",119176,184652,False,15-07-2024,151914.0,9891608.0,15326116.0,12608862.0,98.91608,153.26116,126.08862,"['docker', 'excel', 'tableau', 'data visualization']"
112,AI Researcher,Adobe,"New York, USA",Part-time,Mid level,Healthcare,"Python, Data Visualization, Azure, JavaScript, React, Docker",64530,140043,True,06-03-2023,102286.5,5355990.0,11623569.0,8489779.5,53.5599,116.23569,84.897795,"['python', 'data visualization', 'azure', 'javascript', 'react', 'docker']"
113,Data Scientist,Adobe,Remote,Full-time,Director,E-commerce,"Excel, Docker, Azure",118614,175879,False,29-03-2023,147246.5,9844962.0,14597957.0,12221459.5,98.44962,145.97957,122.214595,"['excel', 'docker', 'azure']"
114,Machine Learning Engineer,Meta,"San Francisco, USA",Contract,Mid level,Technology,"Machine Learning, Azure, Excel, Java, Tableau",96805,115660,False,17-01-2023,106232.5,8034815.0,9599780.0,8817297.5,80.34815,95.9978,88.172975,"['machine learning', 'azure', 'excel', 'java', 'tableau']"
115,Data Scientist,FinTechHub,"Bangalore, India",Full-time,Senior level,Finance,"Tableau, JavaScript, Python",73891,101566,False,05-05-2024,87728.5,6132953.0,8429978.0,7281465.5,61.32953,84.29978,72.814655,"['tableau', 'javascript', 'python']"
116,Marketing Analyst,Oracle,"London, UK",Full-time,Mid level,Healthcare,"React, Tableau, Python, Excel, Azure",117552,179748,False,14-11-2023,148650.0,9756816.0,14919084.0,12337950.0,97.56816,149.19084,123.3795,"['react', 'tableau', 'python', 'excel', 'azure']"
117,DevOps Engineer,FinTechHub,"Bangalore, India",Internship,Senior level,Finance,"Power BI, Kubernetes, Azure, Machine Learning, AWS, SQL",98237,165509,False,08-05-2023,131873.0,8153671.0,13737247.0,10945459.0,81.53671,137.37247,109.45459,"['power bi', 'kubernetes', 'azure', 'machine learning', 'aws', 'sql']"
118,Marketing Analyst,Netflix,"Berlin, Germany",Full-time,Entry level,Healthcare,"AWS, Kubernetes, Data Visualization, Power BI, Docker",106440,140092,True,22-03-2023,123266.0,8834520.0,11627636.0,10231078.0,88.3452,116.27636,102.31078,"['aws', 'kubernetes', 'data visualization', 'power bi', 'docker']"
119,Data Analyst,FinTechHub,"Berlin, Germany",Internship,Senior level,Technology,"Excel, Node.js, Docker",96077,164683,False,30-03-2024,130380.0,7974391.0,13668689.0,10821540.0,79.74391,136.68689,108.2154,"['excel', 'node.js', 'docker']"
120,Software Engineer,Salesforce,"Bangalore, India",Full-time,Mid level,Technology,"Tableau, Excel, Azure, Node.js",70969,85050,False,09-06-2024,78009.5,5890427.0,7059150.0,6474788.5,58.90427,70.5915,64.747885,"['tableau', 'excel', 'azure', 'node.js']"
121,Full Stack Developer,Tesla,"Berlin, Germany",Internship,Entry level,Education,"Machine Learning, Azure, Docker, React",54244,84355,False,03-08-2024,69299.5,4502252.0,7001465.0,5751858.5,45.02252,70.01465,57.518585,"['machine learning', 'azure', 'docker', 'react']"
122,Software Engineer,Oracle,Remote,Internship,Entry level,Healthcare,"Power BI, Kubernetes, JavaScript, Data Visualization, AWS",64869,78265,False,13-09-2023,71567.0,5384127.0,6495995.0,5940061.0,53.84127,64.95995,59.40061,"['power bi', 'kubernetes', 'javascript', 'data visualization', 'aws']"
123,Data Scientist,Oracle,"Austin, USA",Internship,Entry level,Healthcare,"Power BI, SQL, Machine Learning, Tableau, AWS",66074,93864,False,24-07-2023,79969.0,5484142.0,7790712.0,6637427.0,54.84142,77.90712,66.37427,"['power bi', 'sql', 'machine learning', 'tableau', 'aws']"
124,Marketing Analyst,Meta,"San Francisco, USA",Part-time,Mid level,Finance,"Python, Azure, Machine Learning, Data Visualization, React, Kubernetes",72818,130199,True,11-06-2023,101508.5,6043894.0,10806517.0,8425205.5,60.43894,108.06517,84.252055,"['python', 'azure', 'machine learning', 'data visualization', 'react', 'kubernetes']"
125,DevOps Engineer,FinTechHub,"Bangalore, India",Internship,Director,Education,"Java, Azure, Excel",58617,109156,True,30-03-2023,83886.5,4865211.0,9059948.0,6962579.5,48.65211,90.59948,69.625795,"['java', 'azure', 'excel']"
126,Machine Learning Engineer,Amazon,Remote,Part-time,Mid level,E-commerce,"React, SQL, Machine Learning",111057,188868,True,05-04-2024,149962.5,9217731.0,15676044.0,12446887.5,92.17731,156.76044,124.468875,"['react', 'sql', 'machine learning']"
127,Machine Learning Engineer,FinTechHub,"Seattle, USA",Contract,Senior level,Technology,"JavaScript, Excel, Machine Learning, AWS, Java",71581,102810,False,08-11-2023,87195.5,5941223.0,8533230.0,7237226.5,59.41223,85.3323,72.372265,"['javascript', 'excel', 'machine learning', 'aws', 'java']"
128,Software Engineer,Salesforce,"Austin, USA",Part-time,Senior level,Education,"React, Node.js, Python",62245,138118,True,30-06-2024,100181.5,5166335.0,11463794.0,8315064.5,51.66335,114.63794,83.150645,"['react', 'node.js', 'python']"
129,AI Researcher,IBM,"New York, USA",Internship,Senior level,Healthcare,"JavaScript, Tableau, React, Excel, Docker, AWS",84688,122319,False,16-02-2023,103503.5,7029104.0,10152477.0,8590790.5,70.29104,101.52477,85.907905,"['javascript', 'tableau', 'react', 'excel', 'docker', 'aws']"
130,Full Stack Developer,IBM,"Bangalore, India",Internship,Mid level,Healthcare,"Azure, React, Power BI, Node.js",57852,88571,False,16-03-2023,73211.5,4801716.0,7351393.0,6076554.5,48.01716,73.51393,60.765545,"['azure', 'react', 'power bi', 'node.js']"
131,Marketing Analyst,Adobe,"San Francisco, USA",Contract,Mid level,E-commerce,"AWS, Kubernetes, JavaScript",67139,125706,True,13-02-2024,96422.5,5572537.0,10433598.0,8003067.5,55.72537,104.33598,80.030675,"['aws', 'kubernetes', 'javascript']"
132,DevOps Engineer,Salesforce,"Toronto, Canada",Part-time,Mid level,Healthcare,"JavaScript, Tableau, Java, Kubernetes, Machine Learning",56632,104670,False,10-04-2023,80651.0,4700456.0,8687610.0,6694033.0,47.00456,86.8761,66.94033,"['javascript', 'tableau', 'java', 'kubernetes', 'machine learning']"
133,Data Analyst,Microsoft,"Toronto, Canada",Internship,Mid level,Finance,"Python, Node.js, AWS, Kubernetes, Data Visualization",90441,165632,False,25-05-2024,128036.5,7506603.0,13747456.0,10627029.5,75.06603,137.47456,106.270295,"['python', 'node.js', 'aws', 'kubernetes', 'data visualization']"
134,DevOps Engineer,Amazon,"London, UK",Contract,Director,Healthcare,"Docker, Python, Data Visualization",51071,75160,True,20-10-2023,63115.5,4238893.0,6238280.0,5238586.5,42.38893,62.3828,52.385865,"['docker', 'python', 'data visualization']"
135,DevOps Engineer,Adobe,"Bangalore, India",Contract,Entry level,Finance,"Docker, Azure, Tableau",87827,107464,False,07-01-2024,97645.5,7289641.0,8919512.0,8104576.5,72.89641,89.19512,81.045765,"['docker', 'azure', 'tableau']"
136,Product Manager,Salesforce,Remote,Internship,Entry level,Technology,"Java, Power BI, Azure",97920,126829,False,25-07-2024,112374.5,8127360.0,10526807.0,9327083.5,81.2736,105.26807,93.270835,"['java', 'power bi', 'azure']"
137,AI Researcher,Adobe,"Austin, USA",Contract,Senior level,Finance,"Data Visualization, Power BI, AWS, Node.js, Azure, Machine Learning",109898,139419,False,15-06-2024,124658.5,9121534.0,11571777.0,10346655.5,91.21534,115.71777,103.466555,"['data visualization', 'power bi', 'aws', 'node.js', 'azure', 'machine learning']"
138,Data Analyst,Tesla,"Berlin, Germany",Full-time,Director,Education,"Tableau, Power BI, React, Excel, Python",89294,161539,False,30-07-2024,125416.5,7411402.0,13407737.0,10409569.5,74.11402,134.07737,104.095695,"['tableau', 'power bi', 'react', 'excel', 'python']"
139,AI Researcher,Oracle,"Austin, USA",Internship,Mid level,Finance,"Data Visualization, Power BI, SQL",79824,96555,True,29-09-2023,88189.5,6625392.0,8014065.0,7319728.5,66.25392,80.14065,73.197285,"['data visualization', 'power bi', 'sql']"
140,DevOps Engineer,Amazon,"Toronto, Canada",Part-time,Director,Education,"React, Node.js, Power BI, Tableau, Python, Java",107807,158923,True,20-01-2023,133365.0,8947981.0,13190609.0,11069295.0,89.47981,131.90609,110.69295,"['react', 'node.js', 'power bi', 'tableau', 'python', 'java']"
141,Marketing Analyst,IBM,"Berlin, Germany",Part-time,Director,Education,"Machine Learning, Azure, Excel, Power BI, Tableau",92604,165305,False,28-07-2024,128954.5,7686132.0,13720315.0,10703223.5,76.86132,137.20315,107.032235,"['machine learning', 'azure', 'excel', 'power bi', 'tableau']"
142,Business Analyst,Adobe,"London, UK",Part-time,Senior level,Healthcare,"Power BI, Node.js, Kubernetes, Azure",75200,117511,False,10-05-2024,96355.5,6241600.0,9753413.0,7997506.5,62.416,97.53413,79.975065,"['power bi', 'node.js', 'kubernetes', 'azure']"
143,Data Scientist,Salesforce,Remote,Internship,Director,Healthcare,"AWS, Python, Node.js, Power BI",85842,133563,True,24-12-2023,109702.5,7124886.0,11085729.0,9105307.5,71.24886,110.85729,91.053075,"['aws', 'python', 'node.js', 'power bi']"
144,Full Stack Developer,Meta,"Seattle, USA",Contract,Senior level,Finance,"Data Visualization, Power BI, Node.js",107983,151595,True,21-12-2023,129789.0,8962589.0,12582385.0,10772487.0,89.62589,125.82385,107.72487,"['data visualization', 'power bi', 'node.js']"
145,Product Manager,StartupX,"Seattle, USA",Full-time,Entry level,E-commerce,"Power BI, Kubernetes, SQL, Excel, Java",56653,136257,True,06-09-2023,96455.0,4702199.0,11309331.0,8005765.0,47.02199,113.09331,80.05765,"['power bi', 'kubernetes', 'sql', 'excel', 'java']"
146,Full Stack Developer,Oracle,"Seattle, USA",Contract,Senior level,Healthcare,"Node.js, Tableau, SQL",70701,134035,True,17-07-2024,102368.0,5868183.0,11124905.0,8496544.0,58.68183,111.24905,84.96544,"['node.js', 'tableau', 'sql']"
147,DevOps Engineer,Amazon,"New York, USA",Internship,Director,Finance,"Node.js, Python, React, AWS, Data Visualization",54888,87834,True,01-07-2024,71361.0,4555704.0,7290222.0,5922963.0,45.55704,72.90222,59.22963,"['node.js', 'python', 'react', 'aws', 'data visualization']"
148,Marketing Analyst,Adobe,"Bangalore, India",Part-time,Director,Healthcare,"Tableau, SQL, Azure, Java",87298,156850,False,10-12-2023,122074.0,7245734.0,13018550.0,10132142.0,72.45734,130.1855,101.32142,"['tableau', 'sql', 'azure', 'java']"
149,Machine Learning Engineer,Netflix,"Seattle, USA",Part-time,Director,E-commerce,"SQL, Docker, Excel, Node.js, Java",74405,86251,True,21-09-2023,80328.0,6175615.0,7158833.0,6667224.0,61.75615,71.58833,66.67224,"['sql', 'docker', 'excel', 'node.js', 'java']"
150,Data Analyst,Netflix,"Toronto, Canada",Part-time,Director,Healthcare,"AWS, Data Visualization, Power BI, React, Python",92415,134927,False,03-05-2024,113671.0,7670445.0,11198941.0,9434693.0,76.70445,111.98941,94.34693,"['aws', 'data visualization', 'power bi', 'react', 'python']"
151,Data Scientist,Oracle,"London, UK",Part-time,Director,Education,"Power BI, SQL, Excel, AWS, Azure",80972,99114,True,04-01-2024,90043.0,6720676.0,8226462.0,7473569.0,67.20676,82.26462,74.73569,"['power bi', 'sql', 'excel', 'aws', 'azure']"
152,Software Engineer,Oracle,"Berlin, Germany",Internship,Director,Education,"Tableau, JavaScript, Excel, Data Visualization",67507,140183,True,13-08-2023,103845.0,5603081.0,11635189.0,8619135.0,56.03081,116.35189,86.19135,"['tableau', 'javascript', 'excel', 'data visualization']"
153,Machine Learning Engineer,Microsoft,"San Francisco, USA",Full-time,Mid level,Education,"Java, Azure, Machine Learning, Kubernetes",108556,187784,True,22-06-2024,148170.0,9010148.0,15586072.0,12298110.0,90.10148,155.86072,122.9811,"['java', 'azure', 'machine learning', 'kubernetes']"
154,Marketing Analyst,Oracle,"New York, USA",Internship,Mid level,Education,"Kubernetes, Data Visualization, Python, Machine Learning, Node.js, AWS",114071,135990,True,30-07-2023,125030.5,9467893.0,11287170.0,10377531.5,94.67893,112.8717,103.775315,"['kubernetes', 'data visualization', 'python', 'machine learning', 'node.js', 'aws']"
155,Product Manager,Salesforce,"San Francisco, USA",Full-time,Director,Healthcare,"Machine Learning, Python, SQL",83352,93747,False,10-02-2024,88549.5,6918216.0,7781001.0,7349608.5,69.18216,77.81001,73.496085,"['machine learning', 'python', 'sql']"
156,Software Engineer,Amazon,"Toronto, Canada",Contract,Director,E-commerce,"Docker, SQL, Excel, Tableau, Machine Learning, Java",87629,151220,False,02-02-2023,119424.5,7273207.0,12551260.0,9912233.5,72.73207,125.5126,99.122335,"['docker', 'sql', 'excel', 'tableau', 'machine learning', 'java']"
157,Marketing Analyst,Amazon,"Seattle, USA",Full-time,Entry level,Healthcare,"Excel, Power BI, Machine Learning, Docker, Tableau, React",73392,134910,True,02-05-2023,104151.0,6091536.0,11197530.0,8644533.0,60.91536,111.9753,86.44533,"['excel', 'power bi', 'machine learning', 'docker', 'tableau', 'react']"
158,Software Engineer,Netflix,"Seattle, USA",Full-time,Entry level,E-commerce,"JavaScript, Node.js, SQL",110375,165746,True,11-09-2023,138060.5,9161125.0,13756918.0,11459021.5,91.61125,137.56918,114.590215,"['javascript', 'node.js', 'sql']"
159,Product Manager,FinTechHub,"New York, USA",Internship,Director,Finance,"Tableau, React, Node.js, Python",108515,124895,True,04-02-2023,116705.0,9006745.0,10366285.0,9686515.0,90.06745,103.66285,96.86515,"['tableau', 'react', 'node.js', 'python']"
160,AI Researcher,Tesla,"Berlin, Germany",Part-time,Senior level,Finance,"Docker, AWS, React, Python",87914,128606,True,30-05-2024,108260.0,7296862.0,10674298.0,8985580.0,72.96862,106.74298,89.8558,"['docker', 'aws', 'react', 'python']"
161,Machine Learning Engineer,StartupX,"Toronto, Canada",Contract,Director,E-commerce,"AWS, Docker, Java, Machine Learning",114962,131107,False,13-03-2024,123034.5,9541846.0,10881881.0,10211863.5,95.41846,108.81881,102.118635,"['aws', 'docker', 'java', 'machine learning']"
162,Software Engineer,Oracle,"New York, USA",Internship,Director,Education,"Docker, JavaScript, AWS, React",79536,128954,False,04-09-2023,104245.0,6601488.0,10703182.0,8652335.0,66.01488,107.03182,86.52335,"['docker', 'javascript', 'aws', 'react']"
163,Data Scientist,Adobe,"Seattle, USA",Full-time,Senior level,E-commerce,"React, SQL, JavaScript",108954,167591,True,22-03-2023,138272.5,9043182.0,13910053.0,11476617.5,90.43182,139.10053,114.766175,"['react', 'sql', 'javascript']"
164,Business Analyst,Google,"Seattle, USA",Part-time,Entry level,E-commerce,"Power BI, Data Visualization, Node.js, JavaScript",77379,131021,False,05-05-2024,104200.0,6422457.0,10874743.0,8648600.0,64.22457,108.74743,86.486,"['power bi', 'data visualization', 'node.js', 'javascript']"
165,DevOps Engineer,Oracle,Remote,Contract,Senior level,Healthcare,"Machine Learning, Kubernetes, React, SQL, Tableau",92154,139255,False,03-09-2023,115704.5,7648782.0,11558165.0,9603473.5,76.48782,115.58165,96.034735,"['machine learning', 'kubernetes', 'react', 'sql', 'tableau']"
166,DevOps Engineer,Google,"Seattle, USA",Part-time,Entry level,Healthcare,"AWS, Java, JavaScript, Azure, Tableau, Docker",98589,149604,True,28-07-2023,124096.5,8182887.0,12417132.0,10300009.5,81.82887,124.17132,103.000095,"['aws', 'java', 'javascript', 'azure', 'tableau', 'docker']"
167,Full Stack Developer,FinTechHub,"Bangalore, India",Internship,Mid level,Healthcare,"Java, Power BI, Machine Learning, Kubernetes",94245,137973,True,26-05-2024,116109.0,7822335.0,11451759.0,9637047.0,78.22335,114.51759,96.37047,"['java', 'power bi', 'machine learning', 'kubernetes']"
168,Data Analyst,Microsoft,"New York, USA",Full-time,Director,Finance,"SQL, Power BI, Java, Python",57698,136372,True,09-07-2024,97035.0,4788934.0,11318876.0,8053905.0,47.88934,113.18876,80.53905,"['sql', 'power bi', 'java', 'python']"
169,Data Analyst,Salesforce,"Bangalore, India",Internship,Entry level,Technology,"Python, Node.js, Machine Learning, Power BI, AWS, Tableau",109770,168686,False,01-06-2024,139228.0,9110910.0,14000938.0,11555924.0,91.1091,140.00938,115.55924,"['python', 'node.js', 'machine learning', 'power bi', 'aws', 'tableau']"
170,Software Engineer,Microsoft,"San Francisco, USA",Part-time,Mid level,Finance,"React, Azure, AWS, Docker, SQL",115826,182262,False,18-01-2023,149044.0,9613558.0,15127746.0,12370652.0,96.13558,151.27746,123.70652,"['react', 'azure', 'aws', 'docker', 'sql']"
171,Product Manager,Netflix,"San Francisco, USA",Full-time,Entry level,E-commerce,"Docker, Machine Learning, Kubernetes, Python, Excel, Power BI",110161,152038,True,20-02-2024,131099.5,9143363.0,12619154.0,10881258.5,91.43363,126.19154,108.812585,"['docker', 'machine learning', 'kubernetes', 'python', 'excel', 'power bi']"
172,Machine Learning Engineer,Salesforce,"San Francisco, USA",Full-time,Mid level,Finance,"AWS, Python, SQL, Excel, Node.js, Machine Learning",115517,182390,True,26-03-2023,148953.5,9587911.0,15138370.0,12363140.5,95.87911,151.3837,123.631405,"['aws', 'python', 'sql', 'excel', 'node.js', 'machine learning']"
173,Product Manager,Salesforce,"Austin, USA",Internship,Entry level,Healthcare,"Data Visualization, JavaScript, Node.js, Docker",91220,103272,False,03-07-2023,97246.0,7571260.0,8571576.0,8071418.0,75.7126,85.71576,80.71418,"['data visualization', 'javascript', 'node.js', 'docker']"
174,Marketing Analyst,FinTechHub,"Berlin, Germany",Full-time,Entry level,E-commerce,"React, SQL, Azure, Data Visualization",68343,88622,False,29-01-2024,78482.5,5672469.0,7355626.0,6514047.5,56.72469,73.55626,65.140475,"['react', 'sql', 'azure', 'data visualization']"
175,Full Stack Developer,Oracle,"Seattle, USA",Contract,Director,E-commerce,"Excel, Data Visualization, Node.js, Docker",53883,99708,True,01-12-2023,76795.5,4472289.0,8275764.0,6374026.5,44.72289,82.75764,63.740265,"['excel', 'data visualization', 'node.js', 'docker']"
176,Data Scientist,Netflix,"Austin, USA",Internship,Mid level,E-commerce,"Azure, SQL, React, Python, AWS",82302,101936,False,30-10-2023,92119.0,6831066.0,8460688.0,7645877.0,68.31066,84.60688,76.45877,"['azure', 'sql', 'react', 'python', 'aws']"
177,Software Engineer,Microsoft,"Austin, USA",Internship,Director,Education,"SQL, Python, Node.js, Azure, Machine Learning, Tableau",85358,108757,False,04-01-2024,97057.5,7084714.0,9026831.0,8055772.5,70.84714,90.26831,80.557725,"['sql', 'python', 'node.js', 'azure', 'machine learning', 'tableau']"
178,DevOps Engineer,IBM,"San Francisco, USA",Part-time,Mid level,E-commerce,"Java, AWS, React, Tableau",51617,99870,False,30-01-2024,75743.5,4284211.0,8289210.0,6286710.5,42.84211,82.8921,62.867105,"['java', 'aws', 'react', 'tableau']"
179,DevOps Engineer,Netflix,"Toronto, Canada",Contract,Director,Technology,"AWS, JavaScript, Power BI, Excel, Kubernetes",58292,90208,True,30-05-2023,74250.0,4838236.0,7487264.0,6162750.0,48.38236,74.87264,61.6275,"['aws', 'javascript', 'power bi', 'excel', 'kubernetes']"
180,Business Analyst,Google,"Toronto, Canada",Contract,Director,Healthcare,"Azure, Docker, Excel, Data Visualization, Java, AWS",64021,91779,False,13-04-2024,77900.0,5313743.0,7617657.0,6465700.0,53.13743,76.17657,64.657,"['azure', 'docker', 'excel', 'data visualization', 'java', 'aws']"
181,Software Engineer,IBM,"Berlin, Germany",Contract,Director,Education,"Azure, Docker, AWS, React",112784,163964,False,25-07-2023,138374.0,9361072.0,13609012.0,11485042.0,93.61072,136.09012,114.85042,"['azure', 'docker', 'aws', 'react']"
182,Marketing Analyst,Google,"Bangalore, India",Part-time,Director,Healthcare,"React, Node.js, Tableau",76188,109771,False,27-04-2023,92979.5,6323604.0,9110993.0,7717298.5,63.23604,91.10993,77.172985,"['react', 'node.js', 'tableau']"
183,Product Manager,Netflix,"Austin, USA",Internship,Director,Technology,"Data Visualization, Kubernetes, Node.js, Docker, Machine Learning, Excel",68242,117934,False,26-05-2024,93088.0,5664086.0,9788522.0,7726304.0,56.64086,97.88522,77.26304,"['data visualization', 'kubernetes', 'node.js', 'docker', 'machine learning', 'excel']"
184,Marketing Analyst,Salesforce,"San Francisco, USA",Full-time,Mid level,Healthcare,"Excel, Data Visualization, Python, React",54818,111942,False,10-07-2024,83380.0,4549894.0,9291186.0,6920540.0,45.49894,92.91186,69.2054,"['excel', 'data visualization', 'python', 'react']"
185,Data Analyst,Microsoft,"London, UK",Part-time,Mid level,E-commerce,"Docker, Kubernetes, Tableau, Excel, Data Visualization",106420,130306,True,06-12-2023,118363.0,8832860.0,10815398.0,9824129.0,88.3286,108.15398,98.24129,"['docker', 'kubernetes', 'tableau', 'excel', 'data visualization']"
186,Data Scientist,Netflix,"Toronto, Canada",Full-time,Entry level,Finance,"AWS, Azure, Kubernetes, JavaScript, Machine Learning",53219,126496,False,20-12-2023,89857.5,4417177.0,10499168.0,7458172.5,44.17177,104.99168,74.581725,"['aws', 'azure', 'kubernetes', 'javascript', 'machine learning']"
187,Full Stack Developer,FinTechHub,"Bangalore, India",Contract,Entry level,Healthcare,"Tableau, Power BI, SQL",112411,135206,True,23-12-2023,123808.5,9330113.0,11222098.0,10276105.5,93.30113,112.22098,102.761055,"['tableau', 'power bi', 'sql']"
188,Product Manager,Adobe,"Austin, USA",Part-time,Senior level,Education,"Kubernetes, JavaScript, Tableau, Docker, Excel, Java",64334,95876,True,18-12-2023,80105.0,5339722.0,7957708.0,6648715.0,53.39722,79.57708,66.48715,"['kubernetes', 'javascript', 'tableau', 'docker', 'excel', 'java']"
189,AI Researcher,Meta,"Bangalore, India",Internship,Director,Technology,"JavaScript, AWS, Tableau, Power BI",101849,115675,True,18-03-2024,108762.0,8453467.0,9601025.0,9027246.0,84.53467,96.01025,90.27246,"['javascript', 'aws', 'tableau', 'power bi']"
190,Machine Learning Engineer,Tesla,"Seattle, USA",Internship,Entry level,Healthcare,"Machine Learning, Excel, Azure, Data Visualization, Docker, Power BI",63336,97841,False,14-08-2024,80588.5,5256888.0,8120803.0,6688845.5,52.56888,81.20803,66.888455,"['machine learning', 'excel', 'azure', 'data visualization', 'docker', 'power bi']"
191,Full Stack Developer,Salesforce,"Austin, USA",Contract,Entry level,Finance,"SQL, JavaScript, AWS, Node.js, Java",95603,151738,False,27-04-2023,123670.5,7935049.0,12594254.0,10264651.5,79.35049,125.94254,102.646515,"['sql', 'javascript', 'aws', 'node.js', 'java']"
192,DevOps Engineer,Salesforce,"Austin, USA",Internship,Director,Finance,"Excel, Machine Learning, Power BI, Node.js, Java, React",116954,177870,True,25-05-2023,147412.0,9707182.0,14763210.0,12235196.0,97.07182,147.6321,122.35196,"['excel', 'machine learning', 'power bi', 'node.js', 'java', 'react']"
193,Software Engineer,Tesla,"Bangalore, India",Full-time,Senior level,Technology,"Java, JavaScript, Docker, Machine Learning, Power BI, Kubernetes",87858,116246,False,16-05-2024,102052.0,7292214.0,9648418.0,8470316.0,72.92214,96.48418,84.70316,"['java', 'javascript', 'docker', 'machine learning', 'power bi', 'kubernetes']"
194,Full Stack Developer,Amazon,"San Francisco, USA",Full-time,Mid level,Healthcare,"AWS, JavaScript, Machine Learning",104477,172653,False,18-05-2024,138565.0,8671591.0,14330199.0,11500895.0,86.71591,143.30199,115.00895,"['aws', 'javascript', 'machine learning']"
195,Marketing Analyst,Adobe,"San Francisco, USA",Full-time,Senior level,Education,"Machine Learning, React, Tableau, Python, Kubernetes",109942,184863,True,22-06-2023,147402.5,9125186.0,15343629.0,12234407.5,91.25186,153.43629,122.344075,"['machine learning', 'react', 'tableau', 'python', 'kubernetes']"
196,Business Analyst,Google,"Bangalore, India",Contract,Senior level,Technology,"React, SQL, Tableau, JavaScript, Power BI, Data Visualization",63423,105867,False,11-03-2024,84645.0,5264109.0,8786961.0,7025535.0,52.64109,87.86961,70.25535,"['react', 'sql', 'tableau', 'javascript', 'power bi', 'data visualization']"
197,Product Manager,Meta,"New York, USA",Contract,Senior level,Education,"Azure, Power BI, AWS, Tableau",71755,100004,False,14-03-2024,85879.5,5955665.0,8300332.0,7127998.5,59.55665,83.00332,71.279985,"['azure', 'power bi', 'aws', 'tableau']"
198,DevOps Engineer,Google,"London, UK",Part-time,Mid level,Finance,"Power BI, Azure, JavaScript, Excel",62481,90252,False,10-06-2024,76366.5,5185923.0,7490916.0,6338419.5,51.85923,74.90916,63.384195,"['power bi', 'azure', 'javascript', 'excel']"
199,DevOps Engineer,IBM,"Bangalore, India",Full-time,Entry level,E-commerce,"Power BI, Azure, Kubernetes, Tableau, React",68634,113855,True,16-05-2024,91244.5,5696622.0,9449965.0,7573293.5,56.96622,94.49965,75.732935,"['power bi', 'azure', 'kubernetes', 'tableau', 'react']"
200,Data Scientist,Adobe,"Toronto, Canada",Part-time,Director,Finance,"AWS, Azure, Node.js, React, Machine Learning, Data Visualization",110089,167041,True,06-04-2023,138565.0,9137387.0,13864403.0,11500895.0,91.37387,138.64403,115.00895,"['aws', 'azure', 'node.js', 'react', 'machine learning', 'data visualization']"
201,Data Analyst,Google,"San Francisco, USA",Internship,Entry level,Technology,"Kubernetes, Node.js, Python, Docker",113614,168668,True,02-08-2024,141141.0,9429962.0,13999444.0,11714703.0,94.29962,139.99444,117.14703,"['kubernetes', 'node.js', 'python', 'docker']"
202,Business Analyst,Microsoft,"Berlin, Germany",Contract,Entry level,Healthcare,"Python, Docker, Excel, AWS",89566,120403,True,16-05-2023,104984.5,7433978.0,9993449.0,8713713.5,74.33978,99.93449,87.137135,"['python', 'docker', 'excel', 'aws']"
203,Data Analyst,Meta,"Bangalore, India",Full-time,Mid level,Education,"Machine Learning, Excel, Kubernetes, Python",61953,84428,True,15-03-2024,73190.5,5142099.0,7007524.0,6074811.5,51.42099,70.07524,60.748115,"['machine learning', 'excel', 'kubernetes', 'python']"
204,Software Engineer,Oracle,"San Francisco, USA",Part-time,Director,Technology,"SQL, Azure, React",65806,131159,False,18-12-2023,98482.5,5461898.0,10886197.0,8174047.5,54.61898,108.86197,81.740475,"['sql', 'azure', 'react']"
205,Software Engineer,Microsoft,Remote,Full-time,Mid level,E-commerce,"Power BI, JavaScript, Excel, Node.js, Java",100164,127615,False,21-05-2023,113889.5,8313612.0,10592045.0,9452828.5,83.13612,105.92045,94.528285,"['power bi', 'javascript', 'excel', 'node.js', 'java']"
206,Data Scientist,Amazon,"San Francisco, USA",Internship,Senior level,E-commerce,"Tableau, Java, JavaScript, AWS, Excel",78474,99836,True,29-03-2024,89155.0,6513342.0,8286388.0,7399865.0,65.13342,82.86388,73.99865,"['tableau', 'java', 'javascript', 'aws', 'excel']"
207,Business Analyst,Meta,Remote,Part-time,Director,Healthcare,"Tableau, Node.js, JavaScript",87345,100860,False,12-09-2023,94102.5,7249635.0,8371380.0,7810507.5,72.49635,83.7138,78.105075,"['tableau', 'node.js', 'javascript']"
208,Full Stack Developer,StartupX,"San Francisco, USA",Full-time,Senior level,Healthcare,"Docker, React, Data Visualization, Node.js",64777,106376,False,31-01-2024,85576.5,5376491.0,8829208.0,7102849.5,53.76491,88.29208,71.028495,"['docker', 'react', 'data visualization', 'node.js']"
209,Data Scientist,Google,"San Francisco, USA",Full-time,Senior level,Finance,"Node.js, Python, Tableau",72645,144381,False,13-07-2024,108513.0,6029535.0,11983623.0,9006579.0,60.29535,119.83623,90.06579,"['node.js', 'python', 'tableau']"
210,DevOps Engineer,IBM,"Toronto, Canada",Full-time,Mid level,Healthcare,"AWS, SQL, Machine Learning",87550,163223,True,02-06-2024,125386.5,7266650.0,13547509.0,10407079.5,72.6665,135.47509,104.070795,"['aws', 'sql', 'machine learning']"
211,AI Researcher,StartupX,"San Francisco, USA",Contract,Director,Finance,"JavaScript, SQL, Docker",92827,154040,True,09-06-2023,123433.5,7704641.0,12785320.0,10244980.5,77.04641,127.8532,102.449805,"['javascript', 'sql', 'docker']"
212,Software Engineer,Microsoft,"New York, USA",Part-time,Entry level,Finance,"Azure, Machine Learning, React, Power BI, AWS, Java",57212,107751,False,09-04-2024,82481.5,4748596.0,8943333.0,6845964.5,47.48596,89.43333,68.459645,"['azure', 'machine learning', 'react', 'power bi', 'aws', 'java']"
213,Data Analyst,Tesla,"Toronto, Canada",Contract,Entry level,Healthcare,"Kubernetes, Node.js, Machine Learning",85227,110700,False,10-05-2023,97963.5,7073841.0,9188100.0,8130970.5,70.73841,91.881,81.309705,"['kubernetes', 'node.js', 'machine learning']"
214,Machine Learning Engineer,Amazon,"London, UK",Full-time,Entry level,Finance,"Python, React, Node.js",115484,147357,True,26-02-2023,131420.5,9585172.0,12230631.0,10907901.5,95.85172,122.30631,109.079015,"['python', 'react', 'node.js']"
215,DevOps Engineer,Amazon,"Austin, USA",Full-time,Director,Finance,"JavaScript, Docker, Power BI, Azure, AWS",111835,169542,True,17-02-2023,140688.5,9282305.0,14071986.0,11677145.5,92.82305,140.71986,116.771455,"['javascript', 'docker', 'power bi', 'azure', 'aws']"
216,Marketing Analyst,StartupX,"New York, USA",Part-time,Mid level,Education,"Docker, SQL, Kubernetes",98864,124514,False,08-08-2024,111689.0,8205712.0,10334662.0,9270187.0,82.05712,103.34662,92.70187,"['docker', 'sql', 'kubernetes']"
217,Marketing Analyst,Oracle,"New York, USA",Contract,Mid level,Healthcare,"Power BI, Data Visualization, JavaScript, Kubernetes, Azure",92899,114221,False,15-11-2023,103560.0,7710617.0,9480343.0,8595480.0,77.10617,94.80343,85.9548,"['power bi', 'data visualization', 'javascript', 'kubernetes', 'azure']"
218,Data Analyst,IBM,"New York, USA",Part-time,Senior level,Technology,"Python, Tableau, Excel, Docker, AWS",82129,111864,True,20-07-2023,96996.5,6816707.0,9284712.0,8050709.5,68.16707,92.84712,80.507095,"['python', 'tableau', 'excel', 'docker', 'aws']"
219,DevOps Engineer,Oracle,"New York, USA",Part-time,Senior level,Technology,"Node.js, JavaScript, Machine Learning",119443,160660,False,30-07-2023,140051.5,9913769.0,13334780.0,11624274.5,99.13769,133.3478,116.242745,"['node.js', 'javascript', 'machine learning']"
220,AI Researcher,Microsoft,Remote,Part-time,Director,Technology,"Docker, Excel, Java",110091,131219,True,17-01-2024,120655.0,9137553.0,10891177.0,10014365.0,91.37553,108.91177,100.14365,"['docker', 'excel', 'java']"
221,DevOps Engineer,FinTechHub,"Berlin, Germany",Contract,Director,Healthcare,"SQL, JavaScript, Java, Data Visualization",84208,135496,True,26-10-2023,109852.0,6989264.0,11246168.0,9117716.0,69.89264,112.46168,91.17716,"['sql', 'javascript', 'java', 'data visualization']"
222,Full Stack Developer,Oracle,"Berlin, Germany",Internship,Entry level,Education,"Tableau, JavaScript, Kubernetes, AWS, Node.js",63848,95392,False,09-06-2023,79620.0,5299384.0,7917536.0,6608460.0,52.99384,79.17536,66.0846,"['tableau', 'javascript', 'kubernetes', 'aws', 'node.js']"
223,Business Analyst,FinTechHub,"New York, USA",Part-time,Senior level,Finance,"Power BI, JavaScript, Azure",61851,92509,False,03-05-2023,77180.0,5133633.0,7678247.0,6405940.0,51.33633,76.78247,64.0594,"['power bi', 'javascript', 'azure']"
224,Business Analyst,Amazon,"New York, USA",Internship,Director,Education,"SQL, Kubernetes, Node.js, Java",56416,105585,True,09-06-2024,81000.5,4682528.0,8763555.0,6723041.5,46.82528,87.63555,67.230415,"['sql', 'kubernetes', 'node.js', 'java']"
225,Software Engineer,Meta,"Toronto, Canada",Contract,Entry level,Education,"Node.js, React, SQL, Python, Tableau",58083,97218,True,13-01-2023,77650.5,4820889.0,8069094.0,6444991.5,48.20889,80.69094,64.449915,"['node.js', 'react', 'sql', 'python', 'tableau']"
226,Machine Learning Engineer,Microsoft,"New York, USA",Internship,Entry level,Finance,"React, Power BI, Docker, Kubernetes, Python, Tableau",66880,88935,False,30-03-2024,77907.5,5551040.0,7381605.0,6466322.5,55.5104,73.81605,64.663225,"['react', 'power bi', 'docker', 'kubernetes', 'python', 'tableau']"
227,Software Engineer,Netflix,"London, UK",Internship,Mid level,Technology,"Excel, AWS, Kubernetes, Docker",96392,134535,False,26-06-2023,115463.5,8000536.0,11166405.0,9583470.5,80.00536,111.66405,95.834705,"['excel', 'aws', 'kubernetes', 'docker']"
228,DevOps Engineer,Amazon,"Toronto, Canada",Part-time,Mid level,Education,"Docker, Tableau, Power BI",61497,108167,False,04-03-2023,84832.0,5104251.0,8977861.0,7041056.0,51.04251,89.77861,70.41056,"['docker', 'tableau', 'power bi']"
229,AI Researcher,Adobe,"Berlin, Germany",Internship,Senior level,Finance,"Azure, Data Visualization, JavaScript",113527,168620,True,06-05-2024,141073.5,9422741.0,13995460.0,11709100.5,94.22741,139.9546,117.091005,"['azure', 'data visualization', 'javascript']"
230,Marketing Analyst,Tesla,"Seattle, USA",Part-time,Entry level,Finance,"AWS, Machine Learning, Tableau, Power BI",57679,129503,True,15-10-2023,93591.0,4787357.0,10748749.0,7768053.0,47.87357,107.48749,77.68053,"['aws', 'machine learning', 'tableau', 'power bi']"
231,Software Engineer,Amazon,"Seattle, USA",Contract,Senior level,Education,"Power BI, Node.js, Azure",100911,157415,True,13-08-2023,129163.0,8375613.0,13065445.0,10720529.0,83.75613,130.65445,107.20529,"['power bi', 'node.js', 'azure']"
232,Marketing Analyst,Netflix,"Austin, USA",Internship,Entry level,Technology,"JavaScript, Data Visualization, Node.js",74672,149189,True,30-07-2024,111930.5,6197776.0,12382687.0,9290231.5,61.97776,123.82687,92.902315,"['javascript', 'data visualization', 'node.js']"
233,Machine Learning Engineer,Salesforce,"Seattle, USA",Part-time,Senior level,Finance,"Python, Node.js, Java, Data Visualization, Tableau",112650,122739,True,23-06-2024,117694.5,9349950.0,10187337.0,9768643.5,93.4995,101.87337,97.686435,"['python', 'node.js', 'java', 'data visualization', 'tableau']"
234,Machine Learning Engineer,FinTechHub,"Toronto, Canada",Full-time,Senior level,Healthcare,"Java, Node.js, Power BI, Docker, Excel",97826,117332,False,22-06-2024,107579.0,8119558.0,9738556.0,8929057.0,81.19558,97.38556,89.29057,"['java', 'node.js', 'power bi', 'docker', 'excel']"
235,Product Manager,StartupX,"Austin, USA",Internship,Senior level,Healthcare,"Java, Power BI, Python, React",72833,129602,False,21-11-2023,101217.5,6045139.0,10756966.0,8401052.5,60.45139,107.56966,84.010525,"['java', 'power bi', 'python', 'react']"
236,AI Researcher,Tesla,"Seattle, USA",Full-time,Director,Finance,"Power BI, SQL, JavaScript, Azure, Node.js",54244,88109,True,04-08-2024,71176.5,4502252.0,7313047.0,5907649.5,45.02252,73.13047,59.076495,"['power bi', 'sql', 'javascript', 'azure', 'node.js']"
237,Data Analyst,Netflix,"Seattle, USA",Part-time,Entry level,Healthcare,"Tableau, SQL, Power BI, Python, Node.js",94007,162547,False,01-04-2023,128277.0,7802581.0,13491401.0,10646991.0,78.02581,134.91401,106.46991,"['tableau', 'sql', 'power bi', 'python', 'node.js']"
238,DevOps Engineer,Oracle,"Toronto, Canada",Contract,Director,Technology,"Tableau, React, Data Visualization, Excel, Power BI, JavaScript",105004,136806,True,24-03-2024,120905.0,8715332.0,11354898.0,10035115.0,87.15332,113.54898,100.35115,"['tableau', 'react', 'data visualization', 'excel', 'power bi', 'javascript']"
239,Business Analyst,Google,"Berlin, Germany",Contract,Entry level,Technology,"Java, Docker, Node.js, Power BI, SQL",59661,74040,True,07-04-2024,66850.5,4951863.0,6145320.0,5548591.5,49.51863,61.4532,55.485915,"['java', 'docker', 'node.js', 'power bi', 'sql']"
240,DevOps Engineer,StartupX,"Austin, USA",Internship,Mid level,Technology,"Azure, JavaScript, React",113273,127335,False,13-12-2023,120304.0,9401659.0,10568805.0,9985232.0,94.01659,105.68805,99.85232,"['azure', 'javascript', 'react']"
241,Business Analyst,Meta,"San Francisco, USA",Full-time,Director,Education,"Java, Python, Azure, React, Docker, SQL",84768,131667,False,21-07-2024,108217.5,7035744.0,10928361.0,8982052.5,70.35744,109.28361,89.820525,"['java', 'python', 'azure', 'react', 'docker', 'sql']"
242,Data Analyst,Meta,"Austin, USA",Contract,Entry level,E-commerce,"AWS, Tableau, Docker",76171,98883,False,06-05-2024,87527.0,6322193.0,8207289.0,7264741.0,63.22193,82.07289,72.64741,"['aws', 'tableau', 'docker']"
243,Marketing Analyst,IBM,"Austin, USA",Contract,Director,Healthcare,"Kubernetes, Python, AWS, Node.js",84734,106679,False,15-05-2024,95706.5,7032922.0,8854357.0,7943639.5,70.32922,88.54357,79.436395,"['kubernetes', 'python', 'aws', 'node.js']"
244,AI Researcher,Google,"Austin, USA",Full-time,Entry level,Healthcare,"Tableau, Data Visualization, JavaScript, Machine Learning, Python, Docker",79654,124854,False,27-09-2023,102254.0,6611282.0,10362882.0,8487082.0,66.11282,103.62882,84.87082,"['tableau', 'data visualization', 'javascript', 'machine learning', 'python', 'docker']"
245,Full Stack Developer,Netflix,"San Francisco, USA",Internship,Entry level,Education,"SQL, Tableau, Kubernetes, Java",112236,153122,True,02-07-2024,132679.0,9315588.0,12709126.0,11012357.0,93.15588,127.09126,110.12357,"['sql', 'tableau', 'kubernetes', 'java']"
246,Data Analyst,IBM,"San Francisco, USA",Internship,Mid level,Finance,"Azure, Power BI, Tableau, SQL, React",75260,101799,False,05-08-2023,88529.5,6246580.0,8449317.0,7347948.5,62.4658,84.49317,73.479485,"['azure', 'power bi', 'tableau', 'sql', 'react']"
247,Business Analyst,Adobe,"Bangalore, India",Full-time,Director,Technology,"Java, Node.js, Data Visualization, Tableau, Power BI, SQL",102082,154828,True,23-07-2024,128455.0,8472806.0,12850724.0,10661765.0,84.72806,128.50724,106.61765,"['java', 'node.js', 'data visualization', 'tableau', 'power bi', 'sql']"
248,Marketing Analyst,Tesla,"Toronto, Canada",Contract,Director,E-commerce,"Python, Java, AWS, Docker, React, Data Visualization",63237,110735,False,30-07-2024,86986.0,5248671.0,9191005.0,7219838.0,52.48671,91.91005,72.19838,"['python', 'java', 'aws', 'docker', 'react', 'data visualization']"
249,Product Manager,Google,"Bangalore, India",Contract,Senior level,Technology,"React, Tableau, AWS, Node.js, Power BI",101877,155326,False,09-02-2023,128601.5,8455791.0,12892058.0,10673924.5,84.55791,128.92058,106.739245,"['react', 'tableau', 'aws', 'node.js', 'power bi']"
250,Business Analyst,FinTechHub,"Bangalore, India",Contract,Senior level,E-commerce,"JavaScript, Kubernetes, Node.js",79878,107492,False,11-04-2023,93685.0,6629874.0,8921836.0,7775855.0,66.29874,89.21836,77.75855,"['javascript', 'kubernetes', 'node.js']"
251,Data Analyst,Adobe,"Austin, USA",Full-time,Senior level,Education,"Java, Tableau, Machine Learning, Data Visualization, Python, Node.js",117698,176707,True,11-05-2024,147202.5,9768934.0,14666681.0,12217807.5,97.68934,146.66681,122.178075,"['java', 'tableau', 'machine learning', 'data visualization', 'python', 'node.js']"
252,Data Analyst,Oracle,"New York, USA",Contract,Mid level,Healthcare,"React, Kubernetes, Machine Learning, Docker, Excel",57553,100254,True,25-07-2023,78903.5,4776899.0,8321082.0,6548990.5,47.76899,83.21082,65.489905,"['react', 'kubernetes', 'machine learning', 'docker', 'excel']"
253,Full Stack Developer,Salesforce,"Bangalore, India",Part-time,Director,Education,"Azure, Java, AWS, Power BI, SQL",81711,140530,False,01-02-2023,111120.5,6782013.0,11663990.0,9223001.5,67.82013,116.6399,92.230015,"['azure', 'java', 'aws', 'power bi', 'sql']"
254,Software Engineer,Salesforce,"Seattle, USA",Part-time,Mid level,Finance,"Excel, Docker, Machine Learning, Python, Node.js",100667,117174,True,29-01-2023,108920.5,8355361.0,9725442.0,9040401.5,83.55361,97.25442,90.404015,"['excel', 'docker', 'machine learning', 'python', 'node.js']"
255,AI Researcher,Google,"Seattle, USA",Contract,Senior level,Healthcare,"Node.js, Docker, Azure, Kubernetes, AWS, JavaScript",67342,100043,False,30-04-2024,83692.5,5589386.0,8303569.0,6946477.5,55.89386,83.03569,69.464775,"['node.js', 'docker', 'azure', 'kubernetes', 'aws', 'javascript']"
256,AI Researcher,Microsoft,"New York, USA",Contract,Senior level,Healthcare,"Kubernetes, SQL, Azure",118241,180296,False,06-11-2023,149268.5,9814003.0,14964568.0,12389285.5,98.14003,149.64568,123.892855,"['kubernetes', 'sql', 'azure']"
257,Business Analyst,Meta,"Austin, USA",Part-time,Entry level,Education,"Excel, Azure, Node.js, Java, Python, Kubernetes",86291,130520,False,29-11-2023,108405.5,7162153.0,10833160.0,8997656.5,71.62153,108.3316,89.976565,"['excel', 'azure', 'node.js', 'java', 'python', 'kubernetes']"
258,DevOps Engineer,FinTechHub,"New York, USA",Part-time,Senior level,Finance,"Node.js, Excel, Azure, Machine Learning, AWS, Java",104862,167893,True,23-09-2023,136377.5,8703546.0,13935119.0,11319332.5,87.03546,139.35119,113.193325,"['node.js', 'excel', 'azure', 'machine learning', 'aws', 'java']"
259,Software Engineer,FinTechHub,"London, UK",Part-time,Senior level,Technology,"Azure, JavaScript, Power BI, AWS",62793,134499,False,28-10-2023,98646.0,5211819.0,11163417.0,8187618.0,52.11819,111.63417,81.87618,"['azure', 'javascript', 'power bi', 'aws']"
260,AI Researcher,Netflix,"Bangalore, India",Full-time,Director,Technology,"Kubernetes, JavaScript, Machine Learning",98717,142869,True,06-12-2023,120793.0,8193511.0,11858127.0,10025819.0,81.93511,118.58127,100.25819,"['kubernetes', 'javascript', 'machine learning']"
261,DevOps Engineer,Google,"Austin, USA",Part-time,Mid level,Healthcare,"Data Visualization, Kubernetes, Java, Azure, Tableau, SQL",119446,168552,False,26-01-2024,143999.0,9914018.0,13989816.0,11951917.0,99.14018,139.89816,119.51917,"['data visualization', 'kubernetes', 'java', 'azure', 'tableau', 'sql']"
262,Data Analyst,Google,"Bangalore, India",Contract,Mid level,Finance,"Kubernetes, Tableau, React, SQL",73176,124255,True,07-12-2023,98715.5,6073608.0,10313165.0,8193386.5,60.73608,103.13165,81.933865,"['kubernetes', 'tableau', 'react', 'sql']"
263,DevOps Engineer,Oracle,"Toronto, Canada",Full-time,Entry level,Education,"Power BI, Azure, Python, React",106283,169156,True,20-03-2024,137719.5,8821489.0,14039948.0,11430718.5,88.21489,140.39948,114.307185,"['power bi', 'azure', 'python', 'react']"
264,Product Manager,FinTechHub,"Berlin, Germany",Contract,Mid level,Technology,"Machine Learning, Data Visualization, AWS, Java, SQL, Python",50540,93153,False,19-01-2023,71846.5,4194820.0,7731699.0,5963259.5,41.9482,77.31699,59.632595,"['machine learning', 'data visualization', 'aws', 'java', 'sql', 'python']"
265,AI Researcher,Adobe,"Berlin, Germany",Internship,Mid level,Healthcare,"Azure, Tableau, JavaScript, Java, Docker, Python",109759,187954,True,25-10-2023,148856.5,9109997.0,15600182.0,12355089.5,91.09997,156.00182,123.550895,"['azure', 'tableau', 'javascript', 'java', 'docker', 'python']"
266,Data Analyst,Salesforce,Remote,Part-time,Entry level,Healthcare,"Docker, Excel, AWS",67197,104878,True,18-08-2023,86037.5,5577351.0,8704874.0,7141112.5,55.77351,87.04874,71.411125,"['docker', 'excel', 'aws']"
267,Data Analyst,FinTechHub,"San Francisco, USA",Internship,Director,E-commerce,"Machine Learning, AWS, Kubernetes",64170,76757,True,19-02-2023,70463.5,5326110.0,6370831.0,5848470.5,53.2611,63.70831,58.484705,"['machine learning', 'aws', 'kubernetes']"
268,DevOps Engineer,StartupX,"San Francisco, USA",Contract,Mid level,E-commerce,"Machine Learning, Power BI, Data Visualization",51219,100686,True,30-07-2023,75952.5,4251177.0,8356938.0,6304057.5,42.51177,83.56938,63.040575,"['machine learning', 'power bi', 'data visualization']"
269,Full Stack Developer,Meta,"Seattle, USA",Contract,Mid level,Healthcare,"AWS, Java, Python, Machine Learning, Kubernetes, JavaScript",64943,88871,False,17-10-2023,76907.0,5390269.0,7376293.0,6383281.0,53.90269,73.76293,63.83281,"['aws', 'java', 'python', 'machine learning', 'kubernetes', 'javascript']"
270,Data Analyst,StartupX,"San Francisco, USA",Full-time,Director,Finance,"Tableau, Machine Learning, SQL",80737,91095,True,05-12-2023,85916.0,6701171.0,7560885.0,7131028.0,67.01171,75.60885,71.31028,"['tableau', 'machine learning', 'sql']"
271,Business Analyst,Netflix,"Bangalore, India",Full-time,Entry level,Finance,"React, AWS, Azure",80298,150165,False,20-09-2023,115231.5,6664734.0,12463695.0,9564214.5,66.64734,124.63695,95.642145,"['react', 'aws', 'azure']"
272,Data Analyst,Google,"Austin, USA",Part-time,Senior level,Healthcare,"Data Visualization, AWS, Power BI, SQL, Azure, Excel",65191,87642,True,12-03-2024,76416.5,5410853.0,7274286.0,6342569.5,54.10853,72.74286,63.425695,"['data visualization', 'aws', 'power bi', 'sql', 'azure', 'excel']"
273,Full Stack Developer,Netflix,"Toronto, Canada",Internship,Director,Finance,"Java, Power BI, React",102530,164991,True,27-04-2023,133760.5,8509990.0,13694253.0,11102121.5,85.0999,136.94253,111.021215,"['java', 'power bi', 'react']"
274,AI Researcher,Oracle,"Bangalore, India",Part-time,Director,Healthcare,"React, Excel, Power BI",63593,128122,True,13-06-2023,95857.5,5278219.0,10634126.0,7956172.5,52.78219,106.34126,79.561725,"['react', 'excel', 'power bi']"
275,DevOps Engineer,Oracle,"New York, USA",Full-time,Senior level,Healthcare,"Power BI, React, Excel",113979,138781,True,09-05-2024,126380.0,9460257.0,11518823.0,10489540.0,94.60257,115.18823,104.8954,"['power bi', 'react', 'excel']"
276,AI Researcher,Microsoft,"Toronto, Canada",Part-time,Director,Healthcare,"Java, React, Machine Learning, Data Visualization, Python, Excel",118039,196603,True,13-12-2023,157321.0,9797237.0,16318049.0,13057643.0,97.97237,163.18049,130.57643,"['java', 'react', 'machine learning', 'data visualization', 'python', 'excel']"
277,Software Engineer,Microsoft,"Bangalore, India",Contract,Mid level,Healthcare,"Python, Machine Learning, JavaScript, React, Excel",111510,186500,False,01-06-2024,149005.0,9255330.0,15479500.0,12367415.0,92.5533,154.795,123.67415,"['python', 'machine learning', 'javascript', 'react', 'excel']"
278,Full Stack Developer,Oracle,"Bangalore, India",Full-time,Director,E-commerce,"SQL, Kubernetes, Power BI, Excel, Python",80801,101133,True,17-02-2024,90967.0,6706483.0,8394039.0,7550261.0,67.06483,83.94039,75.50261,"['sql', 'kubernetes', 'power bi', 'excel', 'python']"
279,Marketing Analyst,Adobe,"New York, USA",Full-time,Senior level,Education,"Excel, Node.js, Kubernetes, Azure",104046,118742,False,18-02-2024,111394.0,8635818.0,9855586.0,9245702.0,86.35818,98.55586,92.45702,"['excel', 'node.js', 'kubernetes', 'azure']"
280,Machine Learning Engineer,Adobe,"Bangalore, India",Contract,Director,Technology,"Tableau, Excel, JavaScript",79218,148784,True,25-02-2023,114001.0,6575094.0,12349072.0,9462083.0,65.75094,123.49072,94.62083,"['tableau', 'excel', 'javascript']"
281,Marketing Analyst,Adobe,"Berlin, Germany",Full-time,Entry level,Finance,"Java, React, Power BI, Tableau, Docker, SQL",96548,144818,False,16-12-2023,120683.0,8013484.0,12019894.0,10016689.0,80.13484,120.19894,100.16689,"['java', 'react', 'power bi', 'tableau', 'docker', 'sql']"
282,DevOps Engineer,Meta,"Bangalore, India",Part-time,Senior level,Technology,"Python, Excel, React, Data Visualization, SQL, Kubernetes",74581,100407,False,20-07-2023,87494.0,6190223.0,8333781.0,7262002.0,61.90223,83.33781,72.62002,"['python', 'excel', 'react', 'data visualization', 'sql', 'kubernetes']"
283,Data Analyst,Adobe,"New York, USA",Internship,Director,Education,"Power BI, Data Visualization, Java, Node.js",67647,143029,True,31-05-2024,105338.0,5614701.0,11871407.0,8743054.0,56.14701,118.71407,87.43054,"['power bi', 'data visualization', 'java', 'node.js']"
284,Marketing Analyst,IBM,"Toronto, Canada",Part-time,Senior level,E-commerce,"AWS, Kubernetes, Tableau, Java, Power BI",100778,152962,False,17-04-2023,126870.0,8364574.0,12695846.0,10530210.0,83.64574,126.95846,105.3021,"['aws', 'kubernetes', 'tableau', 'java', 'power bi']"
285,Marketing Analyst,StartupX,"Seattle, USA",Part-time,Mid level,Education,"Excel, Azure, Node.js, Java, Tableau",89179,140323,True,08-06-2024,114751.0,7401857.0,11646809.0,9524333.0,74.01857,116.46809,95.24333,"['excel', 'azure', 'node.js', 'java', 'tableau']"
286,Machine Learning Engineer,Adobe,"Bangalore, India",Internship,Senior level,E-commerce,"Machine Learning, SQL, Python",92255,117381,False,30-05-2024,104818.0,7657165.0,9742623.0,8699894.0,76.57165,97.42623,86.99894,"['machine learning', 'sql', 'python']"
287,Product Manager,Netflix,"Austin, USA",Contract,Senior level,Finance,"Power BI, Tableau, AWS",56955,74374,True,29-05-2023,65664.5,4727265.0,6173042.0,5450153.5,47.27265,61.73042,54.501535,"['power bi', 'tableau', 'aws']"
288,Full Stack Developer,Microsoft,Remote,Part-time,Director,Finance,"Power BI, Excel, Python, Docker, Node.js",54234,111247,False,08-07-2024,82740.5,4501422.0,9233501.0,6867461.5,45.01422,92.33501,68.674615,"['power bi', 'excel', 'python', 'docker', 'node.js']"
289,Business Analyst,Meta,"Bangalore, India",Part-time,Senior level,Education,"Tableau, Power BI, JavaScript, AWS",57051,68750,False,17-11-2023,62900.5,4735233.0,5706250.0,5220741.5,47.35233,57.0625,52.207415,"['tableau', 'power bi', 'javascript', 'aws']"
290,Software Engineer,FinTechHub,Remote,Full-time,Director,Technology,"AWS, Machine Learning, Node.js, Java, Power BI, Data Visualization",59760,94267,False,01-07-2023,77013.5,4960080.0,7824161.0,6392120.5,49.6008,78.24161,63.921205,"['aws', 'machine learning', 'node.js', 'java', 'power bi', 'data visualization']"
291,Software Engineer,Google,"Austin, USA",Contract,Entry level,Education,"Kubernetes, Tableau, Data Visualization, Machine Learning, Azure",93327,164449,True,06-01-2023,128888.0,7746141.0,13649267.0,10697704.0,77.46141,136.49267,106.97704,"['kubernetes', 'tableau', 'data visualization', 'machine learning', 'azure']"
292,Software Engineer,Adobe,"San Francisco, USA",Part-time,Director,Education,"SQL, Azure, JavaScript, Tableau, Excel, React",118864,157694,False,22-11-2023,138279.0,9865712.0,13088602.0,11477157.0,98.65712,130.88602,114.77157,"['sql', 'azure', 'javascript', 'tableau', 'excel', 'react']"
293,AI Researcher,Adobe,"Bangalore, India",Full-time,Entry level,Healthcare,"JavaScript, Excel, Data Visualization, Tableau, Node.js, Python",88479,127111,False,05-01-2024,107795.0,7343757.0,10550213.0,8946985.0,73.43757,105.50213,89.46985,"['javascript', 'excel', 'data visualization', 'tableau', 'node.js', 'python']"
294,Business Analyst,Adobe,"London, UK",Full-time,Senior level,Education,"Kubernetes, Python, AWS, Excel, JavaScript, Azure",64860,125437,True,26-01-2024,95148.5,5383380.0,10411271.0,7897325.5,53.8338,104.11271,78.973255,"['kubernetes', 'python', 'aws', 'excel', 'javascript', 'azure']"
295,Data Analyst,StartupX,"San Francisco, USA",Part-time,Mid level,E-commerce,"JavaScript, Machine Learning, Power BI",71940,151828,False,09-04-2023,111884.0,5971020.0,12601724.0,9286372.0,59.7102,126.01724,92.86372,"['javascript', 'machine learning', 'power bi']"
296,Full Stack Developer,FinTechHub,"Berlin, Germany",Full-time,Entry level,Technology,"Java, Tableau, AWS",70152,83265,True,15-03-2023,76708.5,5822616.0,6910995.0,6366805.5,58.22616,69.10995,63.668055,"['java', 'tableau', 'aws']"
297,DevOps Engineer,IBM,"Bangalore, India",Internship,Director,Healthcare,"Docker, Excel, SQL",79837,123738,True,11-08-2024,101787.5,6626471.0,10270254.0,8448362.5,66.26471,102.70254,84.483625,"['docker', 'excel', 'sql']"
298,Machine Learning Engineer,Adobe,"San Francisco, USA",Contract,Senior level,Education,"AWS, Tableau, Kubernetes",55965,75479,False,06-03-2023,65722.0,4645095.0,6264757.0,5454926.0,46.45095,62.64757,54.54926,"['aws', 'tableau', 'kubernetes']"
299,Software Engineer,Adobe,"Seattle, USA",Part-time,Director,Education,"Excel, Java, AWS, Node.js, Power BI",54039,126165,False,09-02-2024,90102.0,4485237.0,10471695.0,7478466.0,44.85237,104.71695,74.78466,"['excel', 'java', 'aws', 'node.js', 'power bi']"
300,Data Analyst,Google,"Toronto, Canada",Full-time,Senior level,Finance,"JavaScript, Docker, Excel, Machine Learning, Java",68530,94682,True,12-01-2023,81606.0,5687990.0,7858606.0,6773298.0,56.8799,78.58606,67.73298,"['javascript', 'docker', 'excel', 'machine learning', 'java']"
301,Product Manager,Microsoft,"Austin, USA",Full-time,Director,Education,"AWS, Excel, SQL",78939,122066,False,08-07-2023,100502.5,6551937.0,10131478.0,8341707.5,65.51937,101.31478,83.417075,"['aws', 'excel', 'sql']"
302,Machine Learning Engineer,Tesla,"Austin, USA",Part-time,Entry level,Healthcare,"Node.js, JavaScript, Azure",75875,149732,False,11-04-2023,112803.5,6297625.0,12427756.0,9362690.5,62.97625,124.27756,93.626905,"['node.js', 'javascript', 'azure']"
303,AI Researcher,Amazon,"Berlin, Germany",Contract,Director,Finance,"Azure, JavaScript, Tableau",93036,143101,True,06-04-2024,118068.5,7721988.0,11877383.0,9799685.5,77.21988,118.77383,97.996855,"['azure', 'javascript', 'tableau']"
304,Software Engineer,StartupX,"Berlin, Germany",Internship,Director,E-commerce,"Tableau, AWS, Kubernetes, Machine Learning, SQL",86264,143382,True,22-03-2024,114823.0,7159912.0,11900706.0,9530309.0,71.59912,119.00706,95.30309,"['tableau', 'aws', 'kubernetes', 'machine learning', 'sql']"
305,Marketing Analyst,Meta,"London, UK",Full-time,Entry level,Technology,"React, Data Visualization, Node.js",86780,115130,False,25-03-2023,100955.0,7202740.0,9555790.0,8379265.0,72.0274,95.5579,83.79265,"['react', 'data visualization', 'node.js']"
306,Marketing Analyst,Adobe,"Bangalore, India",Part-time,Senior level,E-commerce,"Node.js, Tableau, Data Visualization, Power BI",54804,98963,False,06-08-2023,76883.5,4548732.0,8213929.0,6381330.5,45.48732,82.13929,63.813305,"['node.js', 'tableau', 'data visualization', 'power bi']"
307,Marketing Analyst,Microsoft,"Toronto, Canada",Contract,Entry level,Finance,"Tableau, Machine Learning, Java, Kubernetes",110909,186592,True,18-05-2023,148750.5,9205447.0,15487136.0,12346291.5,92.05447,154.87136,123.462915,"['tableau', 'machine learning', 'java', 'kubernetes']"
308,Machine Learning Engineer,Google,"Seattle, USA",Internship,Mid level,Technology,"Azure, JavaScript, Python, Excel, React",69162,142535,False,03-07-2023,105848.5,5740446.0,11830405.0,8785425.5,57.40446,118.30405,87.854255,"['azure', 'javascript', 'python', 'excel', 'react']"
309,Data Analyst,Google,"Berlin, Germany",Full-time,Senior level,Healthcare,"Docker, Excel, Node.js, Azure",111561,181152,True,02-02-2024,146356.5,9259563.0,15035616.0,12147589.5,92.59563,150.35616,121.475895,"['docker', 'excel', 'node.js', 'azure']"
310,Product Manager,Adobe,"Toronto, Canada",Contract,Senior level,E-commerce,"Node.js, Data Visualization, Python, Machine Learning, Java, Kubernetes",82975,142301,True,13-06-2024,112638.0,6886925.0,11810983.0,9348954.0,68.86925,118.10983,93.48954,"['node.js', 'data visualization', 'python', 'machine learning', 'java', 'kubernetes']"
311,Business Analyst,Meta,"Austin, USA",Part-time,Mid level,Healthcare,"Excel, JavaScript, Docker",60104,137545,False,24-08-2023,98824.5,4988632.0,11416235.0,8202433.5,49.88632,114.16235,82.024335,"['excel', 'javascript', 'docker']"
312,Full Stack Developer,Meta,"Austin, USA",Internship,Entry level,Finance,"Java, Data Visualization, React",113113,185872,True,27-04-2023,149492.5,9388379.0,15427376.0,12407877.5,93.88379,154.27376,124.078775,"['java', 'data visualization', 'react']"
313,AI Researcher,Amazon,"New York, USA",Part-time,Senior level,Finance,"Data Visualization, Node.js, Excel, Python, Tableau, AWS",117193,132329,True,18-05-2023,124761.0,9727019.0,10983307.0,10355163.0,97.27019,109.83307,103.55163,"['data visualization', 'node.js', 'excel', 'python', 'tableau', 'aws']"
314,Full Stack Developer,Amazon,"Seattle, USA",Internship,Mid level,Education,"Data Visualization, Excel, Machine Learning, AWS",108877,180666,True,10-08-2023,144771.5,9036791.0,14995278.0,12016034.5,90.36791,149.95278,120.160345,"['data visualization', 'excel', 'machine learning', 'aws']"
315,Product Manager,IBM,"Toronto, Canada",Part-time,Entry level,Technology,"Machine Learning, React, Node.js, Excel",109437,128460,False,17-12-2023,118948.5,9083271.0,10662180.0,9872725.5,90.83271,106.6218,98.727255,"['machine learning', 'react', 'node.js', 'excel']"
316,Full Stack Developer,Salesforce,"New York, USA",Full-time,Entry level,E-commerce,"Node.js, Data Visualization, Machine Learning, Python",62622,95877,False,03-06-2023,79249.5,5197626.0,7957791.0,6577708.5,51.97626,79.57791,65.777085,"['node.js', 'data visualization', 'machine learning', 'python']"
317,Data Analyst,FinTechHub,Remote,Internship,Mid level,E-commerce,"Azure, Data Visualization, Tableau, Power BI, React, SQL",105139,163685,False,18-06-2024,134412.0,8726537.0,13585855.0,11156196.0,87.26537,135.85855,111.56196,"['azure', 'data visualization', 'tableau', 'power bi', 'react', 'sql']"
318,Product Manager,Microsoft,"London, UK",Internship,Senior level,Finance,"Power BI, Node.js, Tableau",83360,155899,True,18-05-2023,119629.5,6918880.0,12939617.0,9929248.5,69.1888,129.39617,99.292485,"['power bi', 'node.js', 'tableau']"
319,Marketing Analyst,Google,"Toronto, Canada",Part-time,Senior level,E-commerce,"SQL, Java, Docker, Excel, Data Visualization",118490,143934,False,14-08-2024,131212.0,9834670.0,11946522.0,10890596.0,98.3467,119.46522,108.90596,"['sql', 'java', 'docker', 'excel', 'data visualization']"
320,AI Researcher,Netflix,"Toronto, Canada",Part-time,Director,Education,"Java, Azure, Machine Learning, Tableau, Kubernetes, AWS",105517,163442,False,25-09-2023,134479.5,8757911.0,13565686.0,11161798.5,87.57911,135.65686,111.617985,"['java', 'azure', 'machine learning', 'tableau', 'kubernetes', 'aws']"
321,Software Engineer,StartupX,"San Francisco, USA",Part-time,Director,Finance,"JavaScript, Machine Learning, Docker",95135,157318,False,14-08-2024,126226.5,7896205.0,13057394.0,10476799.5,78.96205,130.57394,104.767995,"['javascript', 'machine learning', 'docker']"
322,DevOps Engineer,StartupX,"New York, USA",Full-time,Mid level,E-commerce,"SQL, Node.js, AWS, JavaScript, Azure, React",56822,87890,True,17-07-2024,72356.0,4716226.0,7294870.0,6005548.0,47.16226,72.9487,60.05548,"['sql', 'node.js', 'aws', 'javascript', 'azure', 'react']"
323,Business Analyst,FinTechHub,"New York, USA",Part-time,Director,E-commerce,"JavaScript, React, Excel",102513,180802,False,29-01-2024,141657.5,8508579.0,15006566.0,11757572.5,85.08579,150.06566,117.575725,"['javascript', 'react', 'excel']"
324,Marketing Analyst,FinTechHub,"Seattle, USA",Part-time,Entry level,Healthcare,"Excel, Python, Java, SQL",54405,131323,False,19-07-2023,92864.0,4515615.0,10899809.0,7707712.0,45.15615,108.99809,77.07712,"['excel', 'python', 'java', 'sql']"
325,DevOps Engineer,Salesforce,"Seattle, USA",Full-time,Entry level,Technology,"Power BI, React, Machine Learning, Data Visualization, Azure",96285,158077,False,14-02-2024,127181.0,7991655.0,13120391.0,10556023.0,79.91655,131.20391,105.56023,"['power bi', 'react', 'machine learning', 'data visualization', 'azure']"
326,Full Stack Developer,IBM,"New York, USA",Contract,Mid level,E-commerce,"Machine Learning, SQL, Node.js",79661,115157,False,11-10-2023,97409.0,6611863.0,9558031.0,8084947.0,66.11863,95.58031,80.84947,"['machine learning', 'sql', 'node.js']"
327,Business Analyst,Adobe,"London, UK",Internship,Director,Education,"Tableau, JavaScript, Node.js, Azure, Kubernetes, Excel",65336,142613,True,15-12-2023,103974.5,5422888.0,11836879.0,8629883.5,54.22888,118.36879,86.298835,"['tableau', 'javascript', 'node.js', 'azure', 'kubernetes', 'excel']"
328,Data Scientist,IBM,"Seattle, USA",Part-time,Senior level,E-commerce,"Machine Learning, Node.js, Python, Power BI, AWS",65239,109031,True,08-05-2024,87135.0,5414837.0,9049573.0,7232205.0,54.14837,90.49573,72.32205,"['machine learning', 'node.js', 'python', 'power bi', 'aws']"
329,Machine Learning Engineer,Microsoft,Remote,Part-time,Director,Healthcare,"JavaScript, Data Visualization, AWS, Java, Excel",62190,124478,True,22-10-2023,93334.0,5161770.0,10331674.0,7746722.0,51.6177,103.31674,77.46722,"['javascript', 'data visualization', 'aws', 'java', 'excel']"
330,Product Manager,Netflix,"Seattle, USA",Part-time,Mid level,Finance,"Java, Tableau, SQL, React, Power BI",76170,116953,False,25-05-2024,96561.5,6322110.0,9707099.0,8014604.5,63.2211,97.07099,80.146045,"['java', 'tableau', 'sql', 'react', 'power bi']"
331,Machine Learning Engineer,Salesforce,"Berlin, Germany",Internship,Senior level,E-commerce,"Tableau, Machine Learning, AWS, Docker",55539,128753,True,07-01-2023,92146.0,4609737.0,10686499.0,7648118.0,46.09737,106.86499,76.48118,"['tableau', 'machine learning', 'aws', 'docker']"
332,Marketing Analyst,IBM,"Bangalore, India",Full-time,Senior level,E-commerce,"Kubernetes, SQL, Power BI, Machine Learning",66809,83906,False,13-08-2024,75357.5,5545147.0,6964198.0,6254672.5,55.45147,69.64198,62.546725,"['kubernetes', 'sql', 'power bi', 'machine learning']"
333,Product Manager,IBM,"San Francisco, USA",Contract,Senior level,Education,"Java, Machine Learning, AWS, JavaScript, Tableau",51103,62652,False,20-11-2023,56877.5,4241549.0,5200116.0,4720832.5,42.41549,52.00116,47.208325,"['java', 'machine learning', 'aws', 'javascript', 'tableau']"
334,Full Stack Developer,IBM,"Seattle, USA",Internship,Senior level,Healthcare,"AWS, Kubernetes, Java, Data Visualization, Tableau, Power BI",97962,132067,True,18-12-2023,115014.5,8130846.0,10961561.0,9546203.5,81.30846,109.61561,95.462035,"['aws', 'kubernetes', 'java', 'data visualization', 'tableau', 'power bi']"
335,Marketing Analyst,IBM,"Toronto, Canada",Part-time,Mid level,Finance,"Tableau, Python, Java, Docker, Kubernetes, Node.js",85382,126289,False,13-04-2023,105835.5,7086706.0,10481987.0,8784346.5,70.86706,104.81987,87.843465,"['tableau', 'python', 'java', 'docker', 'kubernetes', 'node.js']"
336,Marketing Analyst,Salesforce,"New York, USA",Internship,Entry level,Finance,"JavaScript, React, AWS",89326,132221,False,13-05-2024,110773.5,7414058.0,10974343.0,9194200.5,74.14058,109.74343,91.942005,"['javascript', 'react', 'aws']"
337,Business Analyst,Tesla,"Berlin, Germany",Contract,Senior level,Technology,"SQL, Azure, Excel, Data Visualization, JavaScript, Power BI",108963,162827,True,09-04-2023,135895.0,9043929.0,13514641.0,11279285.0,90.43929,135.14641,112.79285,"['sql', 'azure', 'excel', 'data visualization', 'javascript', 'power bi']"
338,Marketing Analyst,Oracle,"Bangalore, India",Full-time,Director,Education,"Kubernetes, Excel, Java, Tableau, React",96544,149154,False,19-10-2023,122849.0,8013152.0,12379782.0,10196467.0,80.13152,123.79782,101.96467,"['kubernetes', 'excel', 'java', 'tableau', 'react']"
339,Data Scientist,Amazon,"Berlin, Germany",Part-time,Senior level,Healthcare,"Power BI, AWS, Data Visualization, Excel, Docker",103054,122405,False,07-03-2024,112729.5,8553482.0,10159615.0,9356548.5,85.53482,101.59615,93.565485,"['power bi', 'aws', 'data visualization', 'excel', 'docker']"
340,Full Stack Developer,IBM,"Austin, USA",Part-time,Entry level,Finance,"Excel, AWS, Power BI, Tableau",97600,175880,True,31-03-2024,136740.0,8100800.0,14598040.0,11349420.0,81.008,145.9804,113.4942,"['excel', 'aws', 'power bi', 'tableau']"
341,Data Scientist,Microsoft,"San Francisco, USA",Internship,Entry level,Technology,"Machine Learning, Tableau, SQL, React, AWS, Data Visualization",71877,133918,True,04-08-2023,102897.5,5965791.0,11115194.0,8540492.5,59.65791,111.15194,85.404925,"['machine learning', 'tableau', 'sql', 'react', 'aws', 'data visualization']"
342,Product Manager,Meta,"London, UK",Internship,Mid level,Finance,"Python, Node.js, Excel, Azure",101097,151646,False,28-03-2023,126371.5,8391051.0,12586618.0,10488834.5,83.91051,125.86618,104.888345,"['python', 'node.js', 'excel', 'azure']"
343,Marketing Analyst,Oracle,"Austin, USA",Part-time,Director,Education,"Machine Learning, Excel, React, Node.js, AWS, Azure",111235,156940,False,02-05-2024,134087.5,9232505.0,13026020.0,11129262.5,92.32505,130.2602,111.292625,"['machine learning', 'excel', 'react', 'node.js', 'aws', 'azure']"
344,Full Stack Developer,Netflix,"Berlin, Germany",Internship,Senior level,Finance,"Python, Node.js, Machine Learning, Java, Azure",79770,101508,False,06-07-2024,90639.0,6620910.0,8425164.0,7523037.0,66.2091,84.25164,75.23037,"['python', 'node.js', 'machine learning', 'java', 'azure']"
345,Full Stack Developer,Netflix,"New York, USA",Internship,Senior level,Education,"Tableau, Python, Machine Learning, Azure",51090,125568,True,25-04-2024,88329.0,4240470.0,10422144.0,7331307.0,42.4047,104.22144,73.31307,"['tableau', 'python', 'machine learning', 'azure']"
346,Product Manager,Amazon,"Toronto, Canada",Internship,Mid level,Healthcare,"Docker, Excel, JavaScript",107292,169032,False,26-02-2024,138162.0,8905236.0,14029656.0,11467446.0,89.05236,140.29656,114.67446,"['docker', 'excel', 'javascript']"
347,DevOps Engineer,Meta,"San Francisco, USA",Part-time,Mid level,Healthcare,"Excel, Kubernetes, Data Visualization",119722,164957,False,19-10-2023,142339.5,9936926.0,13691431.0,11814178.5,99.36926,136.91431,118.141785,"['excel', 'kubernetes', 'data visualization']"
348,Machine Learning Engineer,Google,"Austin, USA",Full-time,Entry level,Finance,"AWS, Node.js, Java",114486,149099,False,06-10-2023,131792.5,9502338.0,12375217.0,10938777.5,95.02338,123.75217,109.387775,"['aws', 'node.js', 'java']"
349,Software Engineer,Google,"Bangalore, India",Part-time,Senior level,E-commerce,"Tableau, Node.js, Kubernetes, Azure, React",80514,102336,True,09-01-2023,91425.0,6682662.0,8493888.0,7588275.0,66.82662,84.93888,75.88275,"['tableau', 'node.js', 'kubernetes', 'azure', 'react']"
350,Data Analyst,Netflix,"Toronto, Canada",Full-time,Director,Finance,"Node.js, React, AWS, Docker",60515,89663,True,05-12-2023,75089.0,5022745.0,7442029.0,6232387.0,50.22745,74.42029,62.32387,"['node.js', 'react', 'aws', 'docker']"
351,Full Stack Developer,Meta,"New York, USA",Part-time,Director,Technology,"Kubernetes, Docker, Excel, AWS",82631,143067,False,05-05-2023,112849.0,6858373.0,11874561.0,9366467.0,68.58373,118.74561,93.66467,"['kubernetes', 'docker', 'excel', 'aws']"
352,Data Scientist,Netflix,"Bangalore, India",Contract,Mid level,Healthcare,"React, Excel, JavaScript",55529,133807,True,12-06-2023,94668.0,4608907.0,11105981.0,7857444.0,46.08907,111.05981,78.57444,"['react', 'excel', 'javascript']"
353,Data Analyst,Amazon,"London, UK",Full-time,Director,Finance,"Python, Data Visualization, Tableau",106906,159440,False,30-08-2023,133173.0,8873198.0,13233520.0,11053359.0,88.73198,132.3352,110.53359,"['python', 'data visualization', 'tableau']"
354,Product Manager,Amazon,"Bangalore, India",Full-time,Senior level,Technology,"Azure, Excel, Java",98679,120407,True,08-06-2023,109543.0,8190357.0,9993781.0,9092069.0,81.90357,99.93781,90.92069,"['azure', 'excel', 'java']"
355,Machine Learning Engineer,Adobe,"Berlin, Germany",Internship,Mid level,Technology,"Azure, Power BI, Java, AWS, Python, Kubernetes",113942,154439,False,09-05-2023,134190.5,9457186.0,12818437.0,11137811.5,94.57186,128.18437,111.378115,"['azure', 'power bi', 'java', 'aws', 'python', 'kubernetes']"
356,Product Manager,Salesforce,"Austin, USA",Contract,Senior level,E-commerce,"React, Node.js, Data Visualization, Machine Learning, Java",88628,162865,True,26-07-2024,125746.5,7356124.0,13517795.0,10436959.5,73.56124,135.17795,104.369595,"['react', 'node.js', 'data visualization', 'machine learning', 'java']"
357,Business Analyst,Netflix,Remote,Contract,Director,Technology,"Power BI, Java, Python, Data Visualization, Azure, Node.js",70319,139220,True,27-06-2024,104769.5,5836477.0,11555260.0,8695868.5,58.36477,115.5526,86.958685,"['power bi', 'java', 'python', 'data visualization', 'azure', 'node.js']"
358,Product Manager,Adobe,"Bangalore, India",Part-time,Senior level,Healthcare,"Excel, Azure, SQL, Tableau, Machine Learning, Power BI",58302,119091,True,25-11-2023,88696.5,4839066.0,9884553.0,7361809.5,48.39066,98.84553,73.618095,"['excel', 'azure', 'sql', 'tableau', 'machine learning', 'power bi']"
359,Product Manager,Microsoft,"Bangalore, India",Part-time,Entry level,Technology,"Excel, Kubernetes, Machine Learning, Data Visualization, Power BI, AWS",73414,87513,True,13-05-2023,80463.5,6093362.0,7263579.0,6678470.5,60.93362,72.63579,66.784705,"['excel', 'kubernetes', 'machine learning', 'data visualization', 'power bi', 'aws']"
360,Data Analyst,Meta,"Bangalore, India",Full-time,Director,Technology,"Machine Learning, Power BI, Docker, Azure, Python",78930,98219,False,11-01-2024,88574.5,6551190.0,8152177.0,7351683.5,65.5119,81.52177,73.516835,"['machine learning', 'power bi', 'docker', 'azure', 'python']"
361,Business Analyst,Microsoft,"Seattle, USA",Full-time,Entry level,Finance,"JavaScript, Node.js, Machine Learning, Excel, React, Data Visualization",55328,74553,True,25-06-2024,64940.5,4592224.0,6187899.0,5390061.5,45.92224,61.87899,53.900615,"['javascript', 'node.js', 'machine learning', 'excel', 'react', 'data visualization']"
362,AI Researcher,Tesla,"Bangalore, India",Internship,Entry level,Finance,"Machine Learning, Docker, Node.js, Azure",104419,128248,True,25-07-2024,116333.5,8666777.0,10644584.0,9655680.5,86.66777,106.44584,96.556805,"['machine learning', 'docker', 'node.js', 'azure']"
363,Machine Learning Engineer,Adobe,"Berlin, Germany",Contract,Director,E-commerce,"Data Visualization, JavaScript, Node.js, Machine Learning, React",108066,164245,False,30-06-2024,136155.5,8969478.0,13632335.0,11300906.5,89.69478,136.32335,113.009065,"['data visualization', 'javascript', 'node.js', 'machine learning', 'react']"
364,Full Stack Developer,Oracle,"Toronto, Canada",Full-time,Entry level,Healthcare,"Machine Learning, Java, AWS",83303,140490,True,17-07-2024,111896.5,6914149.0,11660670.0,9287409.5,69.14149,116.6067,92.874095,"['machine learning', 'java', 'aws']"
365,Machine Learning Engineer,Google,"London, UK",Part-time,Entry level,Technology,"Azure, Java, React, AWS, Node.js, Data Visualization",79083,117240,True,04-11-2023,98161.5,6563889.0,9730920.0,8147404.5,65.63889,97.3092,81.474045,"['azure', 'java', 'react', 'aws', 'node.js', 'data visualization']"
366,Data Scientist,Salesforce,"Toronto, Canada",Part-time,Entry level,Healthcare,"Java, Kubernetes, Power BI, Tableau, Data Visualization, SQL",83586,132947,False,27-08-2023,108266.5,6937638.0,11034601.0,8986119.5,69.37638,110.34601,89.861195,"['java', 'kubernetes', 'power bi', 'tableau', 'data visualization', 'sql']"
367,Data Analyst,Tesla,"Berlin, Germany",Internship,Director,Technology,"Power BI, Excel, Data Visualization, Python",100010,120296,False,08-02-2023,110153.0,8300830.0,9984568.0,9142699.0,83.0083,99.84568,91.42699,"['power bi', 'excel', 'data visualization', 'python']"
368,Data Analyst,Tesla,Remote,Part-time,Senior level,Education,"Java, Python, Excel, Power BI",89948,168679,False,25-02-2023,129313.5,7465684.0,14000357.0,10733020.5,74.65684,140.00357,107.330205,"['java', 'python', 'excel', 'power bi']"
369,Product Manager,IBM,"London, UK",Internship,Mid level,Finance,"SQL, Kubernetes, Data Visualization, Power BI, Python",116155,137962,False,01-04-2024,127058.5,9640865.0,11450846.0,10545855.5,96.40865,114.50846,105.458555,"['sql', 'kubernetes', 'data visualization', 'power bi', 'python']"
370,Marketing Analyst,IBM,"Austin, USA",Part-time,Director,Education,"Kubernetes, Docker, Excel, Data Visualization",61151,123386,True,26-09-2023,92268.5,5075533.0,10241038.0,7658285.5,50.75533,102.41038,76.582855,"['kubernetes', 'docker', 'excel', 'data visualization']"
371,Product Manager,Microsoft,"London, UK",Internship,Senior level,Education,"SQL, Excel, Docker",118714,160989,False,28-07-2024,139851.5,9853262.0,13362087.0,11607674.5,98.53262,133.62087,116.076745,"['sql', 'excel', 'docker']"
372,Machine Learning Engineer,Tesla,"New York, USA",Contract,Mid level,Healthcare,"Data Visualization, Java, Kubernetes, Python, JavaScript, Excel",95653,130620,False,10-01-2024,113136.5,7939199.0,10841460.0,9390329.5,79.39199,108.4146,93.903295,"['data visualization', 'java', 'kubernetes', 'python', 'javascript', 'excel']"
373,Data Analyst,Meta,"Austin, USA",Contract,Entry level,Healthcare,"AWS, Kubernetes, React",61247,85975,True,09-06-2023,73611.0,5083501.0,7135925.0,6109713.0,50.83501,71.35925,61.09713,"['aws', 'kubernetes', 'react']"
374,Product Manager,Adobe,Remote,Contract,Director,Education,"Power BI, Node.js, Excel, Python",77395,115165,False,06-12-2023,96280.0,6423785.0,9558695.0,7991240.0,64.23785,95.58695,79.9124,"['power bi', 'node.js', 'excel', 'python']"
375,Business Analyst,Amazon,"New York, USA",Contract,Mid level,Education,"Python, Kubernetes, Excel, Node.js, SQL",119048,134747,False,19-08-2024,126897.5,9880984.0,11184001.0,10532492.5,98.80984,111.84001,105.324925,"['python', 'kubernetes', 'excel', 'node.js', 'sql']"
376,Data Analyst,Netflix,"Toronto, Canada",Part-time,Director,Education,"Node.js, Azure, Kubernetes",97214,121355,True,05-10-2023,109284.5,8068762.0,10072465.0,9070613.5,80.68762,100.72465,90.706135,"['node.js', 'azure', 'kubernetes']"
377,Full Stack Developer,Adobe,"New York, USA",Full-time,Mid level,Education,"Azure, Kubernetes, Docker, Power BI, Java",76066,151687,True,10-07-2023,113876.5,6313478.0,12590021.0,9451749.5,63.13478,125.90021,94.517495,"['azure', 'kubernetes', 'docker', 'power bi', 'java']"
378,Business Analyst,Meta,Remote,Contract,Entry level,Healthcare,"Node.js, React, Python, Machine Learning, AWS, JavaScript",96125,152705,True,22-12-2023,124415.0,7978375.0,12674515.0,10326445.0,79.78375,126.74515,103.26445,"['node.js', 'react', 'python', 'machine learning', 'aws', 'javascript']"
379,Data Scientist,FinTechHub,"Toronto, Canada",Part-time,Director,Finance,"Docker, AWS, Data Visualization, Azure",101491,129482,False,16-12-2023,115486.5,8423753.0,10747006.0,9585379.5,84.23753,107.47006,95.853795,"['docker', 'aws', 'data visualization', 'azure']"
380,Software Engineer,Salesforce,Remote,Part-time,Mid level,Healthcare,"Docker, Tableau, Java, Excel",67271,104371,True,09-07-2024,85821.0,5583493.0,8662793.0,7123143.0,55.83493,86.62793,71.23143,"['docker', 'tableau', 'java', 'excel']"
381,Data Scientist,Amazon,"Berlin, Germany",Part-time,Entry level,Healthcare,"Docker, AWS, Kubernetes, Power BI, Excel, React",58888,138744,True,22-11-2023,98816.0,4887704.0,11515752.0,8201728.0,48.87704,115.15752,82.01728,"['docker', 'aws', 'kubernetes', 'power bi', 'excel', 'react']"
382,Software Engineer,Google,"London, UK",Part-time,Mid level,Finance,"Azure, SQL, Power BI",63994,91235,False,12-07-2023,77614.5,5311502.0,7572505.0,6442003.5,53.11502,75.72505,64.420035,"['azure', 'sql', 'power bi']"
383,Machine Learning Engineer,Amazon,"Toronto, Canada",Internship,Director,Finance,"JavaScript, Node.js, Python, Docker",115840,187281,True,18-05-2023,151560.5,9614720.0,15544323.0,12579521.5,96.1472,155.44323,125.795215,"['javascript', 'node.js', 'python', 'docker']"
384,Product Manager,Meta,"San Francisco, USA",Part-time,Director,Education,"Power BI, Azure, Kubernetes, JavaScript, Docker, Excel",104138,143308,True,04-10-2023,123723.0,8643454.0,11894564.0,10269009.0,86.43454,118.94564,102.69009,"['power bi', 'azure', 'kubernetes', 'javascript', 'docker', 'excel']"
385,AI Researcher,FinTechHub,Remote,Full-time,Entry level,E-commerce,"React, Python, JavaScript, Machine Learning, Power BI, Docker",91012,152674,True,25-01-2024,121843.0,7553996.0,12671942.0,10112969.0,75.53996,126.71942,101.12969,"['react', 'python', 'javascript', 'machine learning', 'power bi', 'docker']"
386,Data Analyst,Meta,"London, UK",Internship,Director,Healthcare,"Kubernetes, Java, Docker, AWS, Data Visualization",100777,178426,True,25-07-2024,139601.5,8364491.0,14809358.0,11586924.5,83.64491,148.09358,115.869245,"['kubernetes', 'java', 'docker', 'aws', 'data visualization']"
387,Full Stack Developer,Microsoft,Remote,Full-time,Mid level,Education,"Docker, Node.js, Azure, Kubernetes",68643,139405,True,13-06-2024,104024.0,5697369.0,11570615.0,8633992.0,56.97369,115.70615,86.33992,"['docker', 'node.js', 'azure', 'kubernetes']"
388,Full Stack Developer,Microsoft,"London, UK",Contract,Mid level,Technology,"SQL, Power BI, Kubernetes",109464,145931,False,03-07-2023,127697.5,9085512.0,12112273.0,10598892.5,90.85512,121.12273,105.988925,"['sql', 'power bi', 'kubernetes']"
389,Marketing Analyst,Salesforce,"Austin, USA",Internship,Director,Technology,"Node.js, Azure, Data Visualization, Excel",118657,179000,True,29-03-2023,148828.5,9848531.0,14857000.0,12352765.5,98.48531,148.57,123.527655,"['node.js', 'azure', 'data visualization', 'excel']"
390,Data Analyst,IBM,"London, UK",Contract,Director,Healthcare,"SQL, Java, JavaScript, Python",68953,102397,False,16-06-2023,85675.0,5723099.0,8498951.0,7111025.0,57.23099,84.98951,71.11025,"['sql', 'java', 'javascript', 'python']"
391,Full Stack Developer,Adobe,"New York, USA",Internship,Mid level,Finance,"Kubernetes, Docker, Node.js, SQL, Data Visualization, Excel",110115,185340,True,13-01-2023,147727.5,9139545.0,15383220.0,12261382.5,91.39545,153.8322,122.613825,"['kubernetes', 'docker', 'node.js', 'sql', 'data visualization', 'excel']"
392,Data Analyst,Amazon,"Austin, USA",Full-time,Senior level,Technology,"React, Python, Excel, Data Visualization",86452,123667,False,08-09-2023,105059.5,7175516.0,10264361.0,8719938.5,71.75516,102.64361,87.199385,"['react', 'python', 'excel', 'data visualization']"
393,Data Scientist,IBM,"Austin, USA",Part-time,Senior level,Education,"Kubernetes, Power BI, Data Visualization, Azure",61495,77921,True,06-12-2023,69708.0,5104085.0,6467443.0,5785764.0,51.04085,64.67443,57.85764,"['kubernetes', 'power bi', 'data visualization', 'azure']"
394,Machine Learning Engineer,IBM,"San Francisco, USA",Internship,Entry level,Healthcare,"Java, SQL, Power BI, AWS, Azure, Machine Learning",89229,141541,False,06-04-2023,115385.0,7406007.0,11747903.0,9576955.0,74.06007,117.47903,95.76955,"['java', 'sql', 'power bi', 'aws', 'azure', 'machine learning']"
395,AI Researcher,Google,"San Francisco, USA",Full-time,Director,Education,"Docker, Data Visualization, Azure, AWS, Machine Learning",77504,114904,False,21-06-2024,96204.0,6432832.0,9537032.0,7984932.0,64.32832,95.37032,79.84932,"['docker', 'data visualization', 'azure', 'aws', 'machine learning']"
396,Full Stack Developer,Oracle,"Austin, USA",Part-time,Senior level,Finance,"SQL, Python, Kubernetes",115063,193181,True,13-05-2023,154122.0,9550229.0,16034023.0,12792126.0,95.50229,160.34023,127.92126,"['sql', 'python', 'kubernetes']"
397,Data Analyst,Tesla,"Berlin, Germany",Part-time,Entry level,Finance,"AWS, Tableau, SQL, Node.js, Power BI",104346,168615,False,01-08-2023,136480.5,8660718.0,13995045.0,11327881.5,86.60718,139.95045,113.278815,"['aws', 'tableau', 'sql', 'node.js', 'power bi']"
398,Machine Learning Engineer,IBM,"New York, USA",Part-time,Mid level,Healthcare,"Node.js, Excel, Kubernetes, Tableau, Python",64920,118604,True,07-01-2023,91762.0,5388360.0,9844132.0,7616246.0,53.8836,98.44132,76.16246,"['node.js', 'excel', 'kubernetes', 'tableau', 'python']"
399,Marketing Analyst,Tesla,"Bangalore, India",Internship,Entry level,Education,"Data Visualization, Power BI, Excel, Azure, Machine Learning",70366,140740,True,08-05-2024,105553.0,5840378.0,11681420.0,8760899.0,58.40378,116.8142,87.60899,"['data visualization', 'power bi', 'excel', 'azure', 'machine learning']"
400,Data Scientist,Amazon,"London, UK",Full-time,Senior level,E-commerce,"Data Visualization, Node.js, Docker, Java",93479,149825,True,02-08-2023,121652.0,7758757.0,12435475.0,10097116.0,77.58757,124.35475,100.97116,"['data visualization', 'node.js', 'docker', 'java']"
401,Business Analyst,IBM,"San Francisco, USA",Internship,Mid level,Healthcare,"React, AWS, JavaScript, Machine Learning, Node.js, Java",91222,105367,True,12-11-2023,98294.5,7571426.0,8745461.0,8158443.5,75.71426,87.45461,81.584435,"['react', 'aws', 'javascript', 'machine learning', 'node.js', 'java']"
402,Data Scientist,Oracle,Remote,Full-time,Director,Education,"JavaScript, Azure, Kubernetes, Power BI",54901,91390,False,19-01-2024,73145.5,4556783.0,7585370.0,6071076.5,45.56783,75.8537,60.710765,"['javascript', 'azure', 'kubernetes', 'power bi']"
403,Marketing Analyst,StartupX,"Austin, USA",Part-time,Entry level,E-commerce,"Power BI, React, Machine Learning, SQL, Python, AWS",68781,91659,True,02-12-2023,80220.0,5708823.0,7607697.0,6658260.0,57.08823,76.07697,66.5826,"['power bi', 'react', 'machine learning', 'sql', 'python', 'aws']"
404,Data Analyst,Microsoft,Remote,Contract,Entry level,Education,"Excel, JavaScript, Azure, React, Power BI",93684,164878,False,31-03-2023,129281.0,7775772.0,13684874.0,10730323.0,77.75772,136.84874,107.30323,"['excel', 'javascript', 'azure', 'react', 'power bi']"
405,Full Stack Developer,StartupX,"San Francisco, USA",Contract,Mid level,Finance,"SQL, Python, Data Visualization, Machine Learning, Power BI",119766,171597,True,11-10-2023,145681.5,9940578.0,14242551.0,12091564.5,99.40578,142.42551,120.915645,"['sql', 'python', 'data visualization', 'machine learning', 'power bi']"
406,Business Analyst,Amazon,"London, UK",Part-time,Mid level,Technology,"Data Visualization, Azure, Machine Learning, Kubernetes, Python",95916,147660,True,31-07-2023,121788.0,7961028.0,12255780.0,10108404.0,79.61028,122.5578,101.08404,"['data visualization', 'azure', 'machine learning', 'kubernetes', 'python']"
407,Data Scientist,IBM,"New York, USA",Full-time,Director,E-commerce,"Power BI, Data Visualization, React, Excel",111700,128313,False,30-01-2023,120006.5,9271100.0,10649979.0,9960539.5,92.711,106.49979,99.605395,"['power bi', 'data visualization', 'react', 'excel']"
408,Product Manager,FinTechHub,Remote,Full-time,Director,Education,"SQL, React, Tableau, Power BI",90952,144511,False,31-12-2023,117731.5,7549016.0,11994413.0,9771714.5,75.49016,119.94413,97.717145,"['sql', 'react', 'tableau', 'power bi']"
409,Full Stack Developer,Oracle,"Seattle, USA",Part-time,Mid level,Education,"Node.js, Azure, Docker, Java, Excel",109714,160397,False,10-04-2023,135055.5,9106262.0,13312951.0,11209606.5,91.06262,133.12951,112.096065,"['node.js', 'azure', 'docker', 'java', 'excel']"
410,Data Analyst,Microsoft,"Bangalore, India",Full-time,Senior level,E-commerce,"React, Java, AWS, Azure, Data Visualization, Excel",109412,183310,True,29-11-2023,146361.0,9081196.0,15214730.0,12147963.0,90.81196,152.1473,121.47963,"['react', 'java', 'aws', 'azure', 'data visualization', 'excel']"
411,Data Scientist,Tesla,Remote,Full-time,Senior level,Education,"Docker, Data Visualization, Node.js, JavaScript, React, Power BI",63491,126665,True,04-06-2024,95078.0,5269753.0,10513195.0,7891474.0,52.69753,105.13195,78.91474,"['docker', 'data visualization', 'node.js', 'javascript', 'react', 'power bi']"
412,Machine Learning Engineer,Meta,"Toronto, Canada",Internship,Senior level,Education,"Java, Excel, React, SQL",100307,118965,False,08-05-2024,109636.0,8325481.0,9874095.0,9099788.0,83.25481,98.74095,90.99788,"['java', 'excel', 'react', 'sql']"
413,Marketing Analyst,Microsoft,"Bangalore, India",Part-time,Senior level,E-commerce,"Data Visualization, SQL, Excel",110674,163321,False,28-04-2023,136997.5,9185942.0,13555643.0,11370792.5,91.85942,135.55643,113.707925,"['data visualization', 'sql', 'excel']"
414,Data Scientist,Meta,"Austin, USA",Full-time,Mid level,Finance,"Machine Learning, AWS, Docker, Data Visualization, Power BI, Kubernetes",114788,132846,True,02-12-2023,123817.0,9527404.0,11026218.0,10276811.0,95.27404,110.26218,102.76811,"['machine learning', 'aws', 'docker', 'data visualization', 'power bi', 'kubernetes']"
415,AI Researcher,StartupX,"London, UK",Internship,Senior level,Technology,"Data Visualization, Machine Learning, Docker",91497,140783,True,30-07-2023,116140.0,7594251.0,11684989.0,9639620.0,75.94251,116.84989,96.3962,"['data visualization', 'machine learning', 'docker']"
416,Marketing Analyst,Google,"New York, USA",Contract,Entry level,Healthcare,"JavaScript, Docker, Power BI",58180,116574,False,29-10-2023,87377.0,4828940.0,9675642.0,7252291.0,48.2894,96.75642,72.52291,"['javascript', 'docker', 'power bi']"
417,DevOps Engineer,IBM,Remote,Part-time,Mid level,E-commerce,"JavaScript, Machine Learning, Docker, Azure",100173,163392,False,22-11-2023,131782.5,8314359.0,13561536.0,10937947.5,83.14359,135.61536,109.379475,"['javascript', 'machine learning', 'docker', 'azure']"
418,Software Engineer,Google,"San Francisco, USA",Full-time,Mid level,E-commerce,"Java, SQL, Node.js, Excel, Docker, Kubernetes",87810,114265,False,07-06-2023,101037.5,7288230.0,9483995.0,8386112.5,72.8823,94.83995,83.861125,"['java', 'sql', 'node.js', 'excel', 'docker', 'kubernetes']"
419,DevOps Engineer,Adobe,"Bangalore, India",Internship,Senior level,Finance,"Docker, Data Visualization, Python, React",109558,186328,False,04-07-2023,147943.0,9093314.0,15465224.0,12279269.0,90.93314,154.65224,122.79269,"['docker', 'data visualization', 'python', 'react']"
420,DevOps Engineer,Adobe,"Berlin, Germany",Full-time,Entry level,Education,"Power BI, Azure, SQL, Data Visualization, Kubernetes, Tableau",115762,161053,True,31-08-2023,138407.5,9608246.0,13367399.0,11487822.5,96.08246,133.67399,114.878225,"['power bi', 'azure', 'sql', 'data visualization', 'kubernetes', 'tableau']"
421,Marketing Analyst,Microsoft,Remote,Full-time,Mid level,E-commerce,"Excel, Node.js, Machine Learning",86624,157564,False,23-06-2024,122094.0,7189792.0,13077812.0,10133802.0,71.89792,130.77812,101.33802,"['excel', 'node.js', 'machine learning']"
422,Full Stack Developer,Oracle,Remote,Internship,Senior level,E-commerce,"Tableau, AWS, React, Java, Python",95029,106442,False,24-02-2023,100735.5,7887407.0,8834686.0,8361046.5,78.87407,88.34686,83.610465,"['tableau', 'aws', 'react', 'java', 'python']"
423,Full Stack Developer,Salesforce,"Austin, USA",Full-time,Senior level,Education,"AWS, Kubernetes, SQL",84136,102186,True,31-07-2024,93161.0,6983288.0,8481438.0,7732363.0,69.83288,84.81438,77.32363,"['aws', 'kubernetes', 'sql']"
424,Business Analyst,Amazon,"London, UK",Contract,Senior level,Technology,"Data Visualization, Java, Node.js",60074,106492,True,01-06-2024,83283.0,4986142.0,8838836.0,6912489.0,49.86142,88.38836,69.12489,"['data visualization', 'java', 'node.js']"
425,Business Analyst,FinTechHub,"Seattle, USA",Internship,Mid level,Education,"Azure, SQL, Java",98466,131455,True,02-04-2024,114960.5,8172678.0,10910765.0,9541721.5,81.72678,109.10765,95.417215,"['azure', 'sql', 'java']"
426,Product Manager,StartupX,"Bangalore, India",Part-time,Mid level,Education,"Python, Excel, AWS, SQL, Node.js",104125,164347,True,22-05-2024,134236.0,8642375.0,13640801.0,11141588.0,86.42375,136.40801,111.41588,"['python', 'excel', 'aws', 'sql', 'node.js']"
427,Business Analyst,Oracle,Remote,Part-time,Director,E-commerce,"AWS, Java, Machine Learning, Docker, Python, Node.js",102264,174684,False,20-04-2024,138474.0,8487912.0,14498772.0,11493342.0,84.87912,144.98772,114.93342,"['aws', 'java', 'machine learning', 'docker', 'python', 'node.js']"
428,Data Analyst,Microsoft,Remote,Contract,Director,Education,"Azure, AWS, React, SQL, Tableau",91377,170878,False,27-01-2024,131127.5,7584291.0,14182874.0,10883582.5,75.84291,141.82874,108.835825,"['azure', 'aws', 'react', 'sql', 'tableau']"
429,Marketing Analyst,Tesla,"Austin, USA",Contract,Entry level,Technology,"Python, Docker, SQL",81692,117241,True,17-04-2024,99466.5,6780436.0,9731003.0,8255719.5,67.80436,97.31003,82.557195,"['python', 'docker', 'sql']"
430,Business Analyst,Netflix,"Seattle, USA",Full-time,Entry level,Education,"Python, Data Visualization, Excel",96073,134832,True,01-04-2024,115452.5,7974059.0,11191056.0,9582557.5,79.74059,111.91056,95.825575,"['python', 'data visualization', 'excel']"
431,AI Researcher,Amazon,"Toronto, Canada",Part-time,Entry level,Finance,"AWS, Kubernetes, Excel, SQL, Tableau",65725,87047,False,05-05-2023,76386.0,5455175.0,7224901.0,6340038.0,54.55175,72.24901,63.40038,"['aws', 'kubernetes', 'excel', 'sql', 'tableau']"
432,Business Analyst,Amazon,"San Francisco, USA",Contract,Entry level,E-commerce,"Azure, Python, AWS, Tableau, Java, Kubernetes",105965,158354,True,11-10-2023,132159.5,8795095.0,13143382.0,10969238.5,87.95095,131.43382,109.692385,"['azure', 'python', 'aws', 'tableau', 'java', 'kubernetes']"
433,Software Engineer,StartupX,"Bangalore, India",Full-time,Mid level,Education,"JavaScript, Data Visualization, Excel, SQL, Kubernetes, AWS",76302,137765,True,18-05-2024,107033.5,6333066.0,11434495.0,8883780.5,63.33066,114.34495,88.837805,"['javascript', 'data visualization', 'excel', 'sql', 'kubernetes', 'aws']"
434,AI Researcher,FinTechHub,"London, UK",Internship,Entry level,E-commerce,"Excel, Node.js, Python, Tableau",59557,78786,False,05-02-2023,69171.5,4943231.0,6539238.0,5741234.5,49.43231,65.39238,57.412345,"['excel', 'node.js', 'python', 'tableau']"
435,DevOps Engineer,Salesforce,"New York, USA",Internship,Director,E-commerce,"React, Power BI, Tableau, SQL, Machine Learning, JavaScript",69871,123102,True,30-09-2023,96486.5,5799293.0,10217466.0,8008379.5,57.99293,102.17466,80.083795,"['react', 'power bi', 'tableau', 'sql', 'machine learning', 'javascript']"
436,AI Researcher,Adobe,"Berlin, Germany",Contract,Senior level,E-commerce,"Excel, Node.js, SQL",113185,139071,False,29-01-2024,126128.0,9394355.0,11542893.0,10468624.0,93.94355,115.42893,104.68624,"['excel', 'node.js', 'sql']"
437,Full Stack Developer,Netflix,"Seattle, USA",Part-time,Entry level,E-commerce,"AWS, Power BI, Docker, SQL",94572,115117,False,01-07-2024,104844.5,7849476.0,9554711.0,8702093.5,78.49476,95.54711,87.020935,"['aws', 'power bi', 'docker', 'sql']"
438,Product Manager,Amazon,"New York, USA",Part-time,Entry level,Education,"Kubernetes, Docker, SQL, Machine Learning",61123,128530,False,13-05-2024,94826.5,5073209.0,10667990.0,7870599.5,50.73209,106.6799,78.705995,"['kubernetes', 'docker', 'sql', 'machine learning']"
439,Data Analyst,Google,"Berlin, Germany",Full-time,Senior level,Technology,"SQL, JavaScript, Tableau, Excel, Power BI, Machine Learning",119984,188875,False,26-05-2024,154429.5,9958672.0,15676625.0,12817648.5,99.58672,156.76625,128.176485,"['sql', 'javascript', 'tableau', 'excel', 'power bi', 'machine learning']"
440,Data Scientist,Google,"Austin, USA",Internship,Entry level,E-commerce,"JavaScript, Power BI, Excel",69523,110060,True,03-07-2024,89791.5,5770409.0,9134980.0,7452694.5,57.70409,91.3498,74.526945,"['javascript', 'power bi', 'excel']"
441,Business Analyst,Microsoft,"Bangalore, India",Part-time,Entry level,Technology,"Kubernetes, Data Visualization, Tableau",72577,89125,True,15-01-2023,80851.0,6023891.0,7397375.0,6710633.0,60.23891,73.97375,67.10633,"['kubernetes', 'data visualization', 'tableau']"
442,Machine Learning Engineer,FinTechHub,"Toronto, Canada",Contract,Entry level,Education,"Azure, React, Tableau, JavaScript",76560,142424,True,06-03-2023,109492.0,6354480.0,11821192.0,9087836.0,63.5448,118.21192,90.87836,"['azure', 'react', 'tableau', 'javascript']"
443,Data Scientist,Netflix,"Austin, USA",Internship,Mid level,Healthcare,"Kubernetes, JavaScript, Data Visualization, Python",93975,112261,True,27-06-2023,103118.0,7799925.0,9317663.0,8558794.0,77.99925,93.17663,85.58794,"['kubernetes', 'javascript', 'data visualization', 'python']"
444,Data Analyst,Oracle,"San Francisco, USA",Full-time,Entry level,Finance,"Power BI, Excel, Data Visualization",99300,129977,False,13-04-2023,114638.5,8241900.0,10788091.0,9514995.5,82.419,107.88091,95.149955,"['power bi', 'excel', 'data visualization']"
445,Product Manager,Amazon,"London, UK",Internship,Director,Finance,"Data Visualization, Power BI, Python, Node.js",112391,139023,True,02-03-2024,125707.0,9328453.0,11538909.0,10433681.0,93.28453,115.38909,104.33681,"['data visualization', 'power bi', 'python', 'node.js']"
446,Machine Learning Engineer,IBM,"New York, USA",Part-time,Mid level,Technology,"Data Visualization, Azure, Tableau",61537,111015,True,26-05-2024,86276.0,5107571.0,9214245.0,7160908.0,51.07571,92.14245,71.60908,"['data visualization', 'azure', 'tableau']"
447,Data Analyst,Meta,"San Francisco, USA",Part-time,Director,E-commerce,"Java, Excel, Python, Tableau",77277,123508,False,20-04-2024,100392.5,6413991.0,10251164.0,8332577.5,64.13991,102.51164,83.325775,"['java', 'excel', 'python', 'tableau']"
448,Business Analyst,Tesla,"Bangalore, India",Full-time,Entry level,Technology,"Java, Tableau, Python, Kubernetes",77471,144444,True,19-10-2023,110957.5,6430093.0,11988852.0,9209472.5,64.30093,119.88852,92.094725,"['java', 'tableau', 'python', 'kubernetes']"
449,AI Researcher,Salesforce,"Berlin, Germany",Internship,Mid level,Healthcare,"Tableau, SQL, Azure, JavaScript",80841,149144,True,14-03-2023,114992.5,6709803.0,12378952.0,9544377.5,67.09803,123.78952,95.443775,"['tableau', 'sql', 'azure', 'javascript']"
450,DevOps Engineer,Meta,"San Francisco, USA",Internship,Director,Technology,"Java, JavaScript, Data Visualization, Kubernetes, Node.js, Docker",104079,140287,False,31-08-2023,122183.0,8638557.0,11643821.0,10141189.0,86.38557,116.43821,101.41189,"['java', 'javascript', 'data visualization', 'kubernetes', 'node.js', 'docker']"
451,Machine Learning Engineer,Netflix,"Seattle, USA",Contract,Mid level,Technology,"AWS, Java, SQL",109996,145444,False,20-05-2023,127720.0,9129668.0,12071852.0,10600760.0,91.29668,120.71852,106.0076,"['aws', 'java', 'sql']"
452,Machine Learning Engineer,Meta,"London, UK",Part-time,Mid level,Education,"SQL, Docker, Machine Learning, Kubernetes",104817,137256,True,14-04-2024,121036.5,8699811.0,11392248.0,10046029.5,86.99811,113.92248,100.460295,"['sql', 'docker', 'machine learning', 'kubernetes']"
453,Data Analyst,FinTechHub,"Toronto, Canada",Part-time,Mid level,Healthcare,"Data Visualization, JavaScript, Node.js, Java, Tableau, Python",110655,157246,False,29-04-2024,133950.5,9184365.0,13051418.0,11117891.5,91.84365,130.51418,111.178915,"['data visualization', 'javascript', 'node.js', 'java', 'tableau', 'python']"
454,Marketing Analyst,Google,"Toronto, Canada",Internship,Director,Technology,"Kubernetes, JavaScript, SQL, Machine Learning, Python, Docker",55250,126939,True,15-02-2023,91094.5,4585750.0,10535937.0,7560843.5,45.8575,105.35937,75.608435,"['kubernetes', 'javascript', 'sql', 'machine learning', 'python', 'docker']"
455,Product Manager,StartupX,"San Francisco, USA",Full-time,Director,Healthcare,"Power BI, Kubernetes, Data Visualization, Node.js",96976,145745,True,16-05-2023,121360.5,8049008.0,12096835.0,10072921.5,80.49008,120.96835,100.729215,"['power bi', 'kubernetes', 'data visualization', 'node.js']"
456,DevOps Engineer,Amazon,"Berlin, Germany",Internship,Entry level,Technology,"Node.js, Power BI, Azure, Machine Learning, Python, AWS",110786,138955,False,10-04-2024,124870.5,9195238.0,11533265.0,10364251.5,91.95238,115.33265,103.642515,"['node.js', 'power bi', 'azure', 'machine learning', 'python', 'aws']"
457,AI Researcher,Tesla,"New York, USA",Contract,Entry level,Technology,"Azure, Kubernetes, Data Visualization, Python, Node.js, Excel",77151,97762,True,04-10-2023,87456.5,6403533.0,8114246.0,7258889.5,64.03533,81.14246,72.588895,"['azure', 'kubernetes', 'data visualization', 'python', 'node.js', 'excel']"
458,Software Engineer,Tesla,"Seattle, USA",Full-time,Director,Education,"Tableau, Power BI, Node.js, JavaScript",58782,95614,False,26-07-2024,77198.0,4878906.0,7935962.0,6407434.0,48.78906,79.35962,64.07434,"['tableau', 'power bi', 'node.js', 'javascript']"
459,DevOps Engineer,Netflix,"New York, USA",Full-time,Senior level,Healthcare,"Kubernetes, Machine Learning, React, SQL, Node.js, Tableau",85043,161046,False,28-12-2023,123044.5,7058569.0,13366818.0,10212693.5,70.58569,133.66818,102.126935,"['kubernetes', 'machine learning', 'react', 'sql', 'node.js', 'tableau']"
460,Product Manager,Oracle,"San Francisco, USA",Full-time,Director,Finance,"SQL, Node.js, Java, AWS, React",98253,116854,True,07-04-2024,107553.5,8154999.0,9698882.0,8926940.5,81.54999,96.98882,89.269405,"['sql', 'node.js', 'java', 'aws', 'react']"
461,Marketing Analyst,StartupX,"New York, USA",Contract,Director,Education,"Kubernetes, Azure, Docker, Node.js",69726,106498,True,23-05-2024,88112.0,5787258.0,8839334.0,7313296.0,57.87258,88.39334,73.13296,"['kubernetes', 'azure', 'docker', 'node.js']"
462,Data Analyst,Meta,Remote,Contract,Director,Education,"Excel, Node.js, Tableau, Azure, Kubernetes",74780,93030,False,26-10-2023,83905.0,6206740.0,7721490.0,6964115.0,62.0674,77.2149,69.64115,"['excel', 'node.js', 'tableau', 'azure', 'kubernetes']"
463,Business Analyst,Amazon,"London, UK",Part-time,Director,Healthcare,"Tableau, React, Python, Java, Azure",89856,117151,False,13-04-2024,103503.5,7458048.0,9723533.0,8590790.5,74.58048,97.23533,85.907905,"['tableau', 'react', 'python', 'java', 'azure']"
464,Marketing Analyst,Netflix,"Austin, USA",Part-time,Mid level,Finance,"SQL, Python, Azure, Data Visualization",71805,102880,True,11-04-2024,87342.5,5959815.0,8539040.0,7249427.5,59.59815,85.3904,72.494275,"['sql', 'python', 'azure', 'data visualization']"
465,Software Engineer,Meta,Remote,Full-time,Senior level,Healthcare,"Azure, Kubernetes, Machine Learning, Java",84132,142585,False,27-03-2024,113358.5,6982956.0,11834555.0,9408755.5,69.82956,118.34555,94.087555,"['azure', 'kubernetes', 'machine learning', 'java']"
466,Full Stack Developer,Amazon,"Bangalore, India",Contract,Mid level,Technology,"Excel, Power BI, AWS, Kubernetes, Tableau",53266,116292,True,05-05-2023,84779.0,4421078.0,9652236.0,7036657.0,44.21078,96.52236,70.36657,"['excel', 'power bi', 'aws', 'kubernetes', 'tableau']"
467,Data Scientist,FinTechHub,"Bangalore, India",Full-time,Mid level,Education,"AWS, Python, Docker",107947,162339,True,01-08-2024,135143.0,8959601.0,13474137.0,11216869.0,89.59601,134.74137,112.16869,"['aws', 'python', 'docker']"
468,Machine Learning Engineer,Google,"Seattle, USA",Part-time,Senior level,Finance,"SQL, Machine Learning, Kubernetes",96844,118965,True,01-04-2024,107904.5,8038052.0,9874095.0,8956073.5,80.38052,98.74095,89.560735,"['sql', 'machine learning', 'kubernetes']"
469,Full Stack Developer,Tesla,Remote,Full-time,Senior level,E-commerce,"Power BI, React, Docker, Azure",101697,137183,False,08-06-2024,119440.0,8440851.0,11386189.0,9913520.0,84.40851,113.86189,99.1352,"['power bi', 'react', 'docker', 'azure']"
470,Machine Learning Engineer,Tesla,"London, UK",Internship,Entry level,Finance,"Power BI, Docker, Tableau, Kubernetes, AWS, Java",51597,98906,False,17-01-2024,75251.5,4282551.0,8209198.0,6245874.5,42.82551,82.09198,62.458745,"['power bi', 'docker', 'tableau', 'kubernetes', 'aws', 'java']"
471,Software Engineer,Meta,"London, UK",Internship,Senior level,Technology,"SQL, Python, Docker, Excel, AWS, Tableau",68293,89575,True,29-02-2024,78934.0,5668319.0,7434725.0,6551522.0,56.68319,74.34725,65.51522,"['sql', 'python', 'docker', 'excel', 'aws', 'tableau']"
472,Product Manager,Amazon,"Toronto, Canada",Contract,Director,Technology,"React, Data Visualization, AWS, Kubernetes, Machine Learning",110570,138517,False,23-07-2024,124543.5,9177310.0,11496911.0,10337110.5,91.7731,114.96911,103.371105,"['react', 'data visualization', 'aws', 'kubernetes', 'machine learning']"
473,Software Engineer,Netflix,"London, UK",Internship,Entry level,Healthcare,"Java, Kubernetes, Power BI, Excel, JavaScript, Python",53517,63837,True,18-08-2023,58677.0,4441911.0,5298471.0,4870191.0,44.41911,52.98471,48.70191,"['java', 'kubernetes', 'power bi', 'excel', 'javascript', 'python']"
474,AI Researcher,FinTechHub,"Berlin, Germany",Internship,Director,Healthcare,"Power BI, React, SQL, Azure, Machine Learning, Data Visualization",114625,133370,True,11-10-2023,123997.5,9513875.0,11069710.0,10291792.5,95.13875,110.6971,102.917925,"['power bi', 'react', 'sql', 'azure', 'machine learning', 'data visualization']"
475,Software Engineer,Tesla,"Bangalore, India",Part-time,Senior level,Finance,"AWS, Azure, Docker",71344,89013,False,23-09-2023,80178.5,5921552.0,7388079.0,6654815.5,59.21552,73.88079,66.548155,"['aws', 'azure', 'docker']"
476,Marketing Analyst,StartupX,"San Francisco, USA",Part-time,Mid level,Technology,"Machine Learning, Azure, React, Excel",87992,136220,False,19-02-2023,112106.0,7303336.0,11306260.0,9304798.0,73.03336,113.0626,93.04798,"['machine learning', 'azure', 'react', 'excel']"
477,Marketing Analyst,Salesforce,"Berlin, Germany",Part-time,Entry level,Finance,"Azure, Tableau, Kubernetes, Docker, Node.js",97516,120077,True,05-10-2023,108796.5,8093828.0,9966391.0,9030109.5,80.93828,99.66391,90.301095,"['azure', 'tableau', 'kubernetes', 'docker', 'node.js']"
478,Marketing Analyst,Meta,"Seattle, USA",Full-time,Director,E-commerce,"SQL, React, Java",78557,108814,True,15-04-2023,93685.5,6520231.0,9031562.0,7775896.5,65.20231,90.31562,77.758965,"['sql', 'react', 'java']"
479,Machine Learning Engineer,Amazon,"Bangalore, India",Contract,Mid level,Healthcare,"Power BI, React, SQL",95640,146478,True,06-05-2024,121059.0,7938120.0,12157674.0,10047897.0,79.3812,121.57674,100.47897,"['power bi', 'react', 'sql']"
480,Business Analyst,Amazon,"Seattle, USA",Part-time,Entry level,E-commerce,"SQL, Python, Tableau",68659,108356,False,12-05-2023,88507.5,5698697.0,8993548.0,7346122.5,56.98697,89.93548,73.461225,"['sql', 'python', 'tableau']"
481,Data Scientist,Google,Remote,Full-time,Director,Technology,"Python, SQL, AWS, Excel, Node.js",55572,91308,True,17-03-2024,73440.0,4612476.0,7578564.0,6095520.0,46.12476,75.78564,60.9552,"['python', 'sql', 'aws', 'excel', 'node.js']"
482,Software Engineer,StartupX,"Berlin, Germany",Full-time,Entry level,Finance,"Data Visualization, Azure, React, Java, Machine Learning",76922,113139,True,07-05-2023,95030.5,6384526.0,9390537.0,7887531.5,63.84526,93.90537,78.875315,"['data visualization', 'azure', 'react', 'java', 'machine learning']"
483,AI Researcher,Google,Remote,Part-time,Mid level,Healthcare,"Node.js, Tableau, Machine Learning, Python",58957,81946,True,01-06-2024,70451.5,4893431.0,6801518.0,5847474.5,48.93431,68.01518,58.474745,"['node.js', 'tableau', 'machine learning', 'python']"
484,Machine Learning Engineer,FinTechHub,"Austin, USA",Internship,Entry level,Finance,"Docker, Node.js, JavaScript, Machine Learning, Tableau",116085,188306,False,08-08-2023,152195.5,9635055.0,15629398.0,12632226.5,96.35055,156.29398,126.322265,"['docker', 'node.js', 'javascript', 'machine learning', 'tableau']"
485,Full Stack Developer,Microsoft,Remote,Part-time,Director,Healthcare,"Machine Learning, Power BI, Python, SQL, Azure",91193,117395,False,26-04-2023,104294.0,7569019.0,9743785.0,8656402.0,75.69019,97.43785,86.56402,"['machine learning', 'power bi', 'python', 'sql', 'azure']"
486,Full Stack Developer,Salesforce,"London, UK",Internship,Mid level,Education,"AWS, React, Docker, JavaScript, SQL, Kubernetes",100434,147607,False,29-04-2023,124020.5,8336022.0,12251381.0,10293701.5,83.36022,122.51381,102.937015,"['aws', 'react', 'docker', 'javascript', 'sql', 'kubernetes']"
487,Data Scientist,IBM,"Bangalore, India",Full-time,Entry level,Finance,"Docker, Power BI, Data Visualization, SQL, Java, React",51675,126116,False,03-07-2023,88895.5,4289025.0,10467628.0,7378326.5,42.89025,104.67628,73.783265,"['docker', 'power bi', 'data visualization', 'sql', 'java', 'react']"
488,AI Researcher,IBM,"San Francisco, USA",Part-time,Director,E-commerce,"Tableau, Power BI, Node.js, Data Visualization, React",94385,130633,False,23-07-2023,112509.0,7833955.0,10842539.0,9338247.0,78.33955,108.42539,93.38247,"['tableau', 'power bi', 'node.js', 'data visualization', 'react']"
489,AI Researcher,IBM,"Bangalore, India",Contract,Mid level,E-commerce,"SQL, AWS, Kubernetes",96674,169041,False,14-02-2024,132857.5,8023942.0,14030403.0,11027172.5,80.23942,140.30403,110.271725,"['sql', 'aws', 'kubernetes']"
490,Data Scientist,FinTechHub,"New York, USA",Full-time,Director,Technology,"Docker, Data Visualization, Excel, Azure",67643,81538,True,25-08-2023,74590.5,5614369.0,6767654.0,6191011.5,56.14369,67.67654,61.910115,"['docker', 'data visualization', 'excel', 'azure']"
491,Marketing Analyst,Oracle,"Bangalore, India",Part-time,Senior level,E-commerce,"Machine Learning, AWS, Node.js, Azure, Tableau, Excel",62626,82655,True,07-11-2023,72640.5,5197958.0,6860365.0,6029161.5,51.97958,68.60365,60.291615,"['machine learning', 'aws', 'node.js', 'azure', 'tableau', 'excel']"
492,DevOps Engineer,Oracle,"Berlin, Germany",Internship,Director,E-commerce,"Python, Java, Machine Learning",106414,132029,False,02-02-2023,119221.5,8832362.0,10958407.0,9895384.5,88.32362,109.58407,98.953845,"['python', 'java', 'machine learning']"
493,Software Engineer,Netflix,"Toronto, Canada",Internship,Entry level,Education,"Excel, Machine Learning, Node.js, React, Data Visualization, Kubernetes",114419,180869,False,18-06-2023,147644.0,9496777.0,15012127.0,12254452.0,94.96777,150.12127,122.54452,"['excel', 'machine learning', 'node.js', 'react', 'data visualization', 'kubernetes']"
494,Data Analyst,IBM,"London, UK",Internship,Director,Education,"Tableau, AWS, Azure, Python, Power BI",70487,146899,True,29-07-2024,108693.0,5850421.0,12192617.0,9021519.0,58.50421,121.92617,90.21519,"['tableau', 'aws', 'azure', 'python', 'power bi']"
495,AI Researcher,Google,"Berlin, Germany",Internship,Entry level,E-commerce,"Azure, Docker, Node.js, Python, Excel",98026,153753,True,12-05-2023,125889.5,8136158.0,12761499.0,10448828.5,81.36158,127.61499,104.488285,"['azure', 'docker', 'node.js', 'python', 'excel']"
496,AI Researcher,Microsoft,"San Francisco, USA",Contract,Entry level,Healthcare,"Python, Machine Learning, Azure, Node.js",80752,131659,False,11-09-2023,106205.5,6702416.0,10927697.0,8815056.5,67.02416,109.27697,88.150565,"['python', 'machine learning', 'azure', 'node.js']"
497,Business Analyst,Google,"Bangalore, India",Full-time,Senior level,E-commerce,"Azure, Data Visualization, SQL, Kubernetes, Tableau, JavaScript",117470,182673,False,08-03-2024,150071.5,9750010.0,15161859.0,12455934.5,97.5001,151.61859,124.559345,"['azure', 'data visualization', 'sql', 'kubernetes', 'tableau', 'javascript']"
498,Software Engineer,Salesforce,"London, UK",Contract,Director,Finance,"Excel, React, Tableau, SQL, Machine Learning, JavaScript",115898,170402,False,23-05-2024,143150.0,9619534.0,14143366.0,11881450.0,96.19534,141.43366,118.8145,"['excel', 'react', 'tableau', 'sql', 'machine learning', 'javascript']"
499,AI Researcher,IBM,"Seattle, USA",Full-time,Entry level,Education,"AWS, SQL, Data Visualization, Machine Learning, Kubernetes",56230,105200,False,29-09-2023,80715.0,4667090.0,8731600.0,6699345.0,46.6709,87.316,66.99345,"['aws', 'sql', 'data visualization', 'machine learning', 'kubernetes']"
500,Business Analyst,Adobe,"London, UK",Internship,Senior level,Finance,"Docker, AWS, Data Visualization, Machine Learning, Kubernetes, Power BI",95523,115571,True,03-08-2023,105547.0,7928409.0,9592393.0,8760401.0,79.28409,95.92393,87.60401,"['docker', 'aws', 'data visualization', 'machine learning', 'kubernetes', 'power bi']"
