course_title,course_organization,course_certificate_type,course_time,course_rating,course_reviews_num,course_difficulty,course_url,course_students_enrolled,course_skills_clean,course_summary,course_description,course_rank
Social and Economic Networks:  Models and Analysis,Stanford University,Course,1 - 3 Months,4.8,712.0,advanced,https://www.coursera.org/learn/social-economic-networks,"67,579","social network, game theory, network analysis, network theory",[],"Learn how to model social and economic networks and their impact on human behavior.  How do networks form, why do they exhibit certain patterns, and how does their structure impact diffusion, learning, and other behaviors?   We will bring together models and techniques from economics, sociology, math, physics, statistics and computer science to answer these questions.
The course begins with some empirical background on social and economic networks, and an overview of concepts used to describe and measure networks. Next, we will cover a set of models of how networks form, including random network models as well as strategic formation models, and some hybrids. We will then discuss a series of models of how networks impact behavior, including contagion, diffusion, learning, and peer influences.

You can find a more detailed syllabus here:  http://web.stanford.edu/~jacksonm/Networks-Online-Syllabus.pdf 

You can find a short introductory videao here: http://web.stanford.edu/~jacksonm/Intro_Networks.mp4
",37.84021298158634
Customer Experiences with Contact Center AI - Dialogflow ES,Google Cloud,Specialization,3 - 6 Months,4.9,936.0,intermediate,https://www.coursera.org/specializations/customer-experience-gcp,"30,099",,[],"In this course, you will:
• Compare Functional and Sequential APIs, discover new models you can build with the Functional API, and build a model that produces multiple outputs including a Siamese network.
• Build custom loss functions (including the contrastive loss function used in a Siamese network) in order to measure how well a model is doing and help your neural network learn from training data. 
• Build off of existing standard layers to create custom layers for your models, customize a network layer with a lambda layer, understand the differences between them, learn what makes up a custom layer, and explore activation functions. 
• Build off of existing models to add custom functionality, learn how to define your own custom class instead of using the Functional or Sequential APIs, build models that can be inherited from the TensorFlow Model class, and build a residual network (ResNet) through defining a custom model class. 


The DeepLearning.AI TensorFlow: Advanced Techniques Specialization introduces the features of TensorFlow that provide learners with more control over their model architecture and tools that help them create and train advanced ML models.  

This Specialization is for early and mid-career software and machine learning engineers with a foundational understanding of TensorFlow who are looking to expand their knowledge and skill set by learning advanced TensorFlow features to build powerful models.
",36.8820628912651
Linux and Private Cloud Administration on IBM Power Systems,Red Hat,Specialization,3 - 6 Months,4.8,921.0,intermediate,https://www.coursera.org/specializations/linux-private-cloud-administration-power-systems,"10,280","system administration, red hat enterprise linux, virtualization, ibm power systems, cloud computing",[],"This specialization introduces Red Hat Enterprise Linux system administration and private cloud capabilities of IBM Systems. IBM Power servers will be used to demonstrate these concepts. Through three courses, you will learn a range of concepts from how to get started with Linux, to using Linux in a large private cloud environment with OpenStack-based products such as IBM PowerVC. Brought to you by IBM! 
Applied Learning Project
These courses include detailed hands-on exercises (step-by-step guides) which teach a range of concepts from how to get started with Linux, to using Linux in a large private cloud environment. After completing this specialization, you should be able to perform most Linux system administration tasks with ease.   
",36.044158780378815
Essentials in Clinical Simulations Across the Health Professions,The George Washington University,Course,1 - 3 Months,4.8,873.0,intermediate,https://www.coursera.org/learn/clinicalsimulations,"46,526","nursing, healthcare, debriefing, inacsl standards, clinical simulation",[],"This course covers in the chronological order each defining step of an entrepreneurial project. It begins with very personal considerations related to getting to better know yourself better so as to decide if you are ready for the multiple challenges of entrepreneurship. It then deals with creativity in order to provide the right set of tools to find an idea with the right potential to disrupt an existing business. We then discuss how to gather a founding team, how to raise money to initiate the project, and how to deal with day to day cash management. Later in the course, we discuss the art of selling, focusing on business to business sales, and how to measure the product launch phase using cohort analysis. Later on, we discuss the challenges of HR in an entrepreneurial environment, and of recruiting at a point where nobody knows your company. We then describe very practical techniques to initiate the international development of a small company. Last, we cover the exit strategy topic.
",35.76186438346123
U.S. Federal Taxation,University of Illinois at Urbana-Champaign,Specialization,3 - 6 Months,4.8,820.0,intermediate,https://www.coursera.org/specializations/united-states-federal-taxation,"15,895","depreciation, federal tax returns, tax law",[],"This Specialization introduces the U.S. federal tax system via conceptual and applied material. Learners will be able to apply basic principles to settings involving individuals, corporations, and other business entities, complete key components of major, individual U.S. federal tax returns, and identify tax-related strategies and implications of structuring transactions and organizations.
Applied Learning Project
Courses within this specialization involve multiple projects within each course, including preparing tax returns and real-world applications of tax principles.  In addition, the Capstone for this specialization is comprised of a comprehensive project reflecting key principles of all four foundational courses.  
",35.43156201790882
Healthcare Law,University of Pennsylvania,Specialization,3 - 6 Months,4.7,943.0,intermediate,https://www.coursera.org/specializations/healthcare-law,"14,962","affordable care act, health law, health insurance portability and accountability act (hipaa), health policy, privacy",[],"Are you looking to get your foot in the door as a Healthcare IT Support specialist? Do you want to solve technical problems for healthcare professionals and health system employees? Have you always wanted to enter an in-demand field in Health Information Technology? The courses in this specialization are designed to pique your interest regarding the ever-evolving field of IT support in healthcare. In order to help physicians, nurses, pharmacists, and a wide range of other allied health professionals and non-clinical staff, you need to be familiar with the basic language of healthcare. Through this 4-course specialization, we’ll take you on a whirlwind tour of what it means to play a critical role in maintaining the ongoing operations of a hospital, health system, clinic or other healthcare setting. You’ll be introduced to the basics of health IT fundamentals, the different technologies relevant to healthcare, and important aspects of data security, privacy and compliance. You’ll have an opportunity to hear stories of inspiration from health IT staff who once were in your shoes. Go behind-the-scenes at a large hospital to learn about the many ways in which IT support staff play a role in helping patients, providers and the population. You’ll even receive tips on job interviews and advice on how to succeed on this career path. 
Applied Learning Project
At the end of each course, you’ll be given a series of case prompts that mimic actual problems health IT support specialists might be tasked with addressing. You’ll have an opportunity to demonstrate what you’ve learned in resolving problems. Learning the language of healthcare and health IT can be difficult for those not from clinical backgrounds. We'll reinforce for you the definitions and terms that you can expect to hear when fielding phone calls and troubleshooting matters for patients, prescribers and other personnel.
",35.41515227897224
Troubles du spectre de l'autisme : diagnostic,University of Geneva,Course,1 - 3 Months,4.9,694.0,intermediate,https://www.coursera.org/learn/troubles-spectre-autisme-diagnostic,"22,526",,[],"Qu’est-ce que l’autisme ?
Comment reconnaître l’autisme ?
Peut-on observer des signes d’autisme chez les bébés ? 

Ces questions vous interpellent ? C’est pourquoi nous avons créé ce MOOC qui réunit des experts du Trouble du Spectre de l’Autisme (TSA) et se base sur des faits scientifiquement prouvés. 

Dans ce cours en ligne et gratuit, vous allez comprendre comment se pose un diagnostic de TSA, avec quels outils, et sur la base de quelles observations. Vous apprendrez également à reconnaître les différents signes indicateurs d’un TSA chez les enfants, les adultes, mais aussi chez les bébés. Nous aborderons également ensemble les différentes étapes à suivre lorsqu’on annonce un diagnostic de TSA à une personne ou une famille.

À l’aide d’extraits vidéo, nous vous illustrerons les symptômes de l’autisme et l’utilisation de différents outils. Vous aurez également l’occasion d’entendre les témoignages de parents d’enfants avec un TSA qui racontent leurs premières inquiétudes et leur parcours diagnostique.

Que vous soyez un professionnel tel que médecin, psychologue, éducateur/trice, aide à la petite enfance ou proche aidant, vous trouverez les réponses à de nombreuses questions dans ce MOOC.
",35.27168484759424
Django for Everybody,University of Michigan,Specialization,3 - 6 Months,4.7,904.0,intermediate,https://www.coursera.org/specializations/django,"50,277","cascading style sheets (css), html, javascript, sql, django (web framework)",[],"Diversity is a fact. It is also paradoxical. We need to be capable of seeing and hearing differences in order to reap the benefits of diversity. But seeing and hearing differences hone our discriminating reflexes and can also lead to discrimination. If you take this MOOC, you will: 1. understand this paradox, 2. understand its dynamics, and 3. identify ways to manage it, so that you can better channel the diversity potential in the workplace for greater performance and innovation.
",35.19702365892862
IBM Mainframe Developer,IBM,Professional Certificate,3 - 6 Months,4.6,932.0,intermediate,https://www.coursera.org/professional-certificates/ibm-mainframe-developer,"3,063","mainframe, z/os, enterprise software, security, ibm z, interfaces, computer programming, command-line interface, eulers totient function, intrinsic function, sorting, cobol divisions, cobol coding, column structure, cobol structure, symbols, issue tracking system, scrum (software development)",[],"Gain the job-ready skills for an entry-level mainframe programming role. Mainframe computers continue to power many mission-critical, financial, banking, and government agency systems. There are 220 billion lines of COBOL in use today. 43% of banking systems are built on COBOL, and 95% percent of ATM swipes rely on COBOL code.¹  
COBOL is scalable, mature, and self-documenting. You'll learn about COBOL from its birth and through its evolution. You'll learn new features and aspects of the language, while also getting hands-on experience to increase your knowledge and abilities with COBOL as a whole. You’ll work with a variety of IBM, COBOL, and mainframe assets, project scenarios, including COBOL programming basics, TSO, ISPF, gaining practical experience with mainframe data management and software development techniques. 
This Professional Certificate does not require any prior programming skills and is suitable for learners without college degrees. 
Upon successful completion of this program, you’ll have analyzed the real-world mainframe environment, reviewed mainframe assets and data, and presented and created a software development plan, giving you the confidence and the portfolio to begin a career as a mainframe programmer.
¹Reuters Graphics: COBOL Blues
Applied Learning Project
Power your programming career by learning the core principles of mainframe programming and software development through hands-on skills practice. Learners will build and complete COBOL code and projects utilizing an IBM z/OS mainframe lab environment, with instructions and videos to help guide them. Upon completion, learners will have accessed, reviewed, and interacted with an actual IBM mainframe computer, created sample data sets and lines of COBOL code. Learners will create a detailed software development plan and supporting systems analysis documentation.
",34.602330316287556
Business Data Management and Communication,University of Illinois at Urbana-Champaign,Specialization,3 - 6 Months,4.6,890.0,intermediate,https://www.coursera.org/specializations/business-data-management-communication,"11,336","asset management, business analytics, financial accounting, data analysis, rstudio",[],"Our world has become increasingly digital, and business leaders need to make sense of the enormous amount of available data today. In order to make key strategic business decisions and leverage data as a competitive advantage, it is critical to understand how to draw key insights from this data. The Business Analytics specialization is targeted towards aspiring managers, senior managers, and business executives who wish to have a well-rounded knowledge of business analytics that integrates the areas of data science, analytics and business decision making. 
The courses in this Specialization will focus on strategy, methods, tools, and applications that are widely used in business. Topics covered include: 
Data strategy at firms 
Reliable ways to collect, analyze, and visualize data–and utilize data in organizational decision making 
Understanding data modeling and predictive analytics at a high-level
Learning basic methods of business analytics by working with data sets and tools such as Power BI, Alteryx, and RStudio
Learning to make informed business decisions via analytics across key functional areas in business such as finance, marketing, retail & supply chain management, and social media to enhance profitability and competitiveness. 
Applied Learning Project
A central premise of these courses is that applying targeted subject-matter expertise is crucial in order to frame the correct data problem, collect and analyze data, and to develop and operationalize performance metrics. Each subject area will be followed by an in-depth project-based application and analysis exercise.

",34.36926280300229
Machine Learning Data Lifecycle in Production,DeepLearning.AI,Course,1 - 4 Weeks,4.3,746.0,advanced,https://www.coursera.org/learn/machine-learning-data-lifecycle-in-production,"38,883","ml metadata, convolutional neural network, tensorflow extended (tfx), data validation, data transformation","['\xa0Identify responsible data collection for building a fair ML production system.', 'Implement feature engineering, transformation, and selection with TensorFlow Extended', 'Understand the data journey over a production system’s lifecycle and leverage ML metadata and enterprise schemas to address quickly evolving data.']","In the second course of Machine Learning Engineering for Production Specialization, you will build data pipelines by gathering, cleaning, and validating datasets and assessing data quality; implement feature engineering, transformation, and selection with TensorFlow Extended and get the most predictive power out of your data; and establish the data lifecycle by leveraging data lineage and provenance metadata tools and follow data evolution with enterprise data schemas.
Understanding machine learning and deep learning concepts is essential, but if you’re looking to build an effective AI career, you need production engineering capabilities as well. Machine learning engineering for production combines the foundational concepts of machine learning with the functional expertise of modern software development and engineering roles to help you develop production-ready skills. 

Week 1: Collecting, Labeling, and Validating data
Week 2: Feature Engineering, Transformation, and Selection
Week 3: Data Journey and Data Storage
Week 4: Advanced Data Labeling Methods, Data Augmentation, and Preprocessing Different Data Types
",34.13889635528533
Foundations of Business Intelligence,Google,Course,1 - 4 Weeks,4.8,356.0,advanced,https://www.coursera.org/learn/foundations-of-business-intelligence,"17,984","stakeholder management, sharing insights with stakeholders, asking effective questions, cross-functional team dynamics, business processes and requirements",[],"This course is intended as a self-study course for those interested in exploring a career as a Home Health Aide or Personal Care Aide.
",33.85575810305072
"Introduction to TensorFlow for Artificial Intelligence, Machine Learning, and Deep Learning",DeepLearning.AI,Course,1 - 4 Weeks,4.8,582.0,intermediate,https://www.coursera.org/learn/introduction-tensorflow,"25,439","computer vision, tensorflow, machine learning","['Define technical support, tech support, IT support, customer support mindset, the various levels of IT support, and the escalation matrix ', 'Discover soft and technical skills required and opportunities available for a career in Technical Support', 'Explore the features and benefits of ticketing systems', 'Identify the various methodologies and frameworks popular in technical support']","Technical Support professionals are in great demand! This is the first course in the IBM IT Support Professional Certificate program, designed to prepare you for a rewarding career in technical support. 
You will begin this self-paced course by learning what Informational Technology (IT) support is all about. You'll find out the roles and responsibilities of Technical Support professionals and become familiar with all the different career paths you can take in Technical Support. You will also hear from experts in the IT industry about getting started in the field and how you can pursue this career without prior experience or degrees. You'll also learn some basics about the technology that technical support professionals use. 

You will hear from industry insiders about how you can develop a customer support mindset and how to talk with customers and solve their problems. You will gain insights into performance evaluation, career paths, and the industry-recognized certifications that can propel your technical support career forward. 

You'll then gain a comprehensive understanding of support tools and support channels and how they streamline issue resolution. You will also learn about the importance of Service-Level Agreements (SLAs) and how they contribute to delivering exceptional support experiences. 

Next you will explore ticketing systems, a fundamental component of modern technical support. You'll learn about their features, benefits, and the lifecycle of a ticket or a support issue. Moreover, you'll immerse yourself in tech support methodologies, frameworks, and the art of effective documentation.  

The course wraps up with a project that provides you with the opportunity to use a ticketing system hands-on and simulate the work that IT Support Specialists and Helpdesk Technician’s perform.
",33.624028343930604
Financial Engineering and Risk Management,Columbia University,Specialization,3 - 6 Months,4.5,884.0,intermediate,https://www.coursera.org/specializations/financialengineering,"33,709","quantitative analysis, asset allocation, algorithmic trading, portfolio optimization, mathematical finance",[],"In this course, you’ll explore how financial statement data and non-financial metrics can be linked to financial performance. Professors Rick Lambert and Chris Ittner of the Wharton School have designed this course to help you gain a practical understanding of how data is used to assess what drives financial performance and forecast future financial scenarios. You’ll learn more about the frameworks of financial reporting, income statements, and cash reporting, and apply different approaches to analyzing financial performance using real-life examples to see the concepts in action. By the end of this course, you’ll have honed your skills in understanding how financial data and non-financial data interact to forecast events and be able to determine the best financial strategy for your organization.
",33.58865884278925
Country Level Economics: Macroeconomic Variables and Markets,University of Illinois at Urbana-Champaign,Course,1 - 3 Months,4.6,746.0,intermediate,https://www.coursera.org/learn/country-level-economics,"40,679","economics, interest rate, supply chain, market (economics)",[],"The achievement of a balanced economic, social and environmental development - as expressed in the UN Agenda 2030 for Sustainable Development - is recognized as one of the major challenges humanity is facing today. What is less clear is whether and how organizations can generate business opportunities and value for their stakeholders while tackling such challenges. 
In this course, thought leaders in a wide variety of management and economics fields illustrate how to assess and seize the opportunities offered by these global emergencies. They will offer new ways to understand the purpose and the logic of success of the business enterprise in this new context, providing ideas and examples on how to manage the transition process to realize the value creation potential from corporate sustainability for all involved stakeholders.

Learning objectives
The course will allow you to:
- Understand What the macroeconomic and microeconomic consequences of both climate changes, poverty, hunger, gender or race discriminations, lack of communication between the State, Civil Societies, and businesses, etc are.
- Understand Why it is important for businesses to tackle sustainability issues in order to create more and better business opportunities;
- Learn How each individual, organization and system can start to analyze its behaviors and change towards more sustainable practices and models.
",33.47728983677205
Site Reliability Engineering: Measuring and Managing Reliability,Google Cloud,Course,1 - 3 Months,4.5,859.0,intermediate,https://www.coursera.org/learn/site-reliability-engineering-slos,"48,390",,"['How to make systems reliable', 'Quantifying risks to and consequences of SLOs', 'Understanding SLIs, SLOs and SLAs']","Service level indicators (SLIs) and service level objectives (SLOs) are fundamental tools for measuring and managing reliability. In this course, students learn approaches for devising appropriate SLIs and SLOs and managing reliability through the use of an error budget.
",33.44681532677539
Interviewing and Resume Writing in English,"University of Maryland, College Park",Specialization,3 - 6 Months,4.6,706.0,intermediate,https://www.coursera.org/specializations/english-interview-resume,"32,957",,[],"This specialization will help you develop the English language strategies and communication skills you need to advance in your professional career.  Whether you already have a successful career and are looking to move forward, whether you’re looking to change careers, whether you’re starting out in the world of work, or whether you’re coming back into the world of work after some time away – if you believe in working for more than a paycheck, then this specialization will help you. The core courses cover preparing for a successful job search, including self research and research of the job market and industries of interest; strengthening your interview skills by recognizing what hiring managers are looking for and taking steps to prepare for the types of tough questions today's premier companies use; and preparing a resume, cover letter and supporting business documents. The capstone will allow you to apply the skills you learn in this specialization to your own job search.
A key benefit of this specialization is the opportunities you'll have to practice your interviewing skills with other job-seekers from around the world. You’ll give them feedback and they’ll give you feedback. In this process, you’ll gain new insight into what makes a speaker successful and you’ll gain confidence in your English interviewing skills.
",33.19881516943666
Marketing en redes sociales de Meta,Meta,Professional Certificate,3 - 6 Months,4.9,863.0,beginner,https://www.coursera.org/professional-certificates/marketing-en-redes-sociales-de-facebook,"8,319","publicidad de rendimiento, marketing en redes sociales, marketing digital, gestión de marcas, marketing de contenidos","['Crear y analizar una campaña publicitaria efectiva para tu público objetivo\xa0', 'Crear un brief creativo que incluya los recursos de tu anuncio pago', 'Crear, editar y solucionar problemas de anuncios en el Administrador de anuncios de Facebook', 'Establecer y gestionar una presencia en redes sociales']","Ya sea que ya hayas estado jugando con las plataformas de redes sociales para tu empresa o seas completamente nuevo en el campo del marketing digital, estás en el lugar indicado. Este programa de seis cursos, desarrollado por expertos en marketing digital de Aptly junto con profesionales de marketing de Facebook, incluye un plan de estudios relevante para la industria que te preparará para un puesto de nivel inicial en marketing en redes sociales.Después de una introducción al marketing digital y las principales plataformas de redes sociales, aprenderás a establecer una presencia en línea, crear publicaciones, aumentar los seguidores y gestionar tus cuentas de redes sociales. Desarrollarás habilidades de creación y gestión de campañas publicitarias en redes sociales y aprenderás a evaluar los resultados de tus acciones de marketing.Lo más importante, a lo largo del programa podrás practicar tus nuevas habilidades en proyectos prácticos, cuyos resultados puedes mostrar mediante un portfolio de tu trabajo. Tras completar con éxito el programa, obtendrás la certificación de Asociado de marketing digital de Facebook y de Coursera, que te proporcionará habilidades en marketing en redes sociales y en el uso del Administrador de anuncios de Facebook.
Applied Learning Project
Nuestros proyectos ofrecen la oportunidad de aplicar las habilidades de marketing en redes sociales de forma práctica. Desde establecer tu marca y objetivos comerciales hasta crear y evaluar una campaña publicitaria en el Administrador de anuncios de Facebook, trabajarás directamente en las plataformas de redes sociales para crear contenido relevante y atractivo, descubrir los pormenores de cada plataforma de redes sociales, practicar el análisis de métricas y más. Los resultados incluirán un portfolio que puedes compartir con un futuro empleador o usar en tu propia empresa.
",33.13170656713987
Creating Business Value with Data and Looker,Google Cloud,Specialization,3 - 6 Months,4.4,935.0,intermediate,https://www.coursera.org/specializations/creating-business-value-with-data-and-looker,"36,112",,[],"This course discusses   how macroeconomic variables affect individuals’ personal, professional, and public activities and lays the foundation for the analysis of the mechanisms that drive macroeconomic variables. It starts by introducing the key macroeconomic variables and explaining how they are defined and measured to interpret macroeconomic data properly.
Then, the course offers a perspective for separating out various parts of the economy driven by different processes and for combining those components to develop a richer view of the whole. In particular, it applies this approach to the analysis of the relationship of the trade deficit with the budget deficit and private savings, offering insights about some key determinants of the balance of payments. The third and fourth modules focus on the analyses of the foreign currency and money markets to provide fundamental models of the interest rate and exchange rate determination. They also discuss how these variables interact with each other and with the macroeconomic conditions, particularly monetary policy, and the expectations about the future trends in the economy.  

You will be able to: 

• Systematically assess the national and international economic environment in which you live and work
• Analyze macroeconomic issues using key tools
• Be a more effective professional in your   line of activity.

This course is part of Gies College of Business’ suite of online programs, including the iMBA and iMSM. Learn more about admission into these programs and explore how your Coursera work can be leveraged if accepted into a degree program at https://degrees.giesbusiness.illinois.edu/idegrees/.
",33.11341890615155
Put It to Work: Prepare for Cybersecurity Jobs,Google,Course,1 - 3 Months,4.9,856.0,beginner,https://www.coursera.org/learn/prepare-for-cybersecurity-jobs,"50,164","job preparedness, stakeholder communication, integrity and discretion, escalation, resume and portfolio preparation","['Determine when and how to escalate a security incident', 'Engage with the cybersecurity community', 'Find and apply for cybersecurity jobs', 'Prepare for job interviews']","This is the eighth and final course in the Google Cybersecurity Certificate. Together, these eight courses will equip you with the skills you need to apply for an entry-level cybersecurity job.
In this course, you will focus on making decisions and escalating incidents to stakeholders. You'll develop the communication and collaboration skills needed to inform and influence stakeholders within an organization. In addition, you'll explore how to ethically operate as a cybersecurity professional. You'll discover how to engage with the cybersecurity community, explore jobs in the cybersecurity field, and complete practice interviews. You'll also write a resume and cover letter to prepare for applying and interviewing for jobs in cybersecurity.

Google employees who currently work in cybersecurity will guide you through videos, provide hands-on activities and examples that simulate common cybersecurity tasks, and help you build your skills to prepare for jobs. 

Learners who complete this certificate will be equipped to apply for entry-level cybersecurity roles. No previous experience is necessary.

By the end of this course, you will: 
- Determine when and how to escalate a security incident.
- Explain how having an ethical mindset supports a cybersecurity professional's ability to protect assets and data.
- Communicate sensitive information with care and confidentiality.
- Use reliable sources to remain current on the latest cybersecurity threats, risks, vulnerabilities, and tools.
- Engage with the cybersecurity community.
- Find and apply for cybersecurity jobs.
- Prepare for job interviews.
",33.091845801129125
Systems Biology and Biotechnology,Icahn School of Medicine at Mount Sinai,Specialization,3 - 6 Months,4.4,929.0,intermediate,https://www.coursera.org/specializations/systems-biology,"22,565","biology, molecular biology, dynamical systems, matlab",[],"The Systems Biology Specialization covers the concepts and methodologies used in systems-level analysis of biomedical systems. Successful participants will learn how to use experimental, computational and mathematical methods in systems biology and how to design practical systems-level frameworks to address questions in a variety of biomedical fields. In the final Capstone Project, students will apply the methods they learned in five courses of specialization to work on a research project.
",33.08229339695294
American Contract Law I,Yale University,Course,1 - 3 Months,4.9,854.0,beginner,https://www.coursera.org/learn/contracts-1,"57,003",,[],"American Contract Law I (along with its sister course Contracts II) provides a comprehensive overview of contract law in the United States. The course covers most of the key concepts found in a first year law school class. Each lecture is based on one or more common-law cases, integrating legal doctrines with policy discussions. The course also covers key sections from the Uniform Commercial Code (UCC), which governs the sale of goods. 
By the end of the course, the learner should be able to understand: 

Formation: how a valid and enforceable contract is created, including concepts such as offer, acceptance, consideration, and promissory estoppel.
",33.08039719779013
Natural Language Processing with Classification and Vector Spaces,DeepLearning.AI,Course,1 - 4 Weeks,4.4,927.0,intermediate,https://www.coursera.org/learn/classification-vector-spaces-in-nlp,"63,912","machine translation, word embeddings, locality-sensitive hashing, sentiment analysis, vector space models","['Use encoder-decoder, causal, & self-attention to machine translate complete sentences, summarize text, build chatbots & question-answering.']","In Course 4 of the Natural Language Processing Specialization, you will:
a) Translate complete English sentences into German using an encoder-decoder attention model,
b) Build a Transformer model to summarize text, 
c) Use T5 and BERT models to perform question-answering, and
d) Build a chatbot using a Reformer model. 


By the end of this Specialization, you will have designed NLP applications that perform question-answering and sentiment analysis, created tools to translate languages and summarize text, and even built a chatbot!   

Learners should have a working knowledge of machine learning, intermediate Python including experience with a deep learning framework (e.g., TensorFlow, Keras), as well as proficiency in calculus, linear algebra, and statistics. Please make sure that you’ve completed course 3 - Natural Language Processing with Sequence Models - before starting this course.
   
This Specialization is designed and taught by two experts in NLP, machine learning, and deep learning. Younes Bensouda Mourri is an Instructor of AI at Stanford University who also helped build the Deep Learning Specialization. Łukasz Kaiser is a Staff Research Scientist at Google Brain and the co-author of Tensorflow, the Tensor2Tensor and Trax libraries, and the Transformer paper.
",33.071873586685214
Miracles of Human Language: An Introduction to Linguistics,Universiteit Leiden,Course,1 - 3 Months,4.8,967.0,beginner,https://www.coursera.org/learn/human-language,"6,344","essay writing, history, english language, chinese language","['The theory and impact of mindfulness practice', 'The tools and methods to incorporate this practice into your life']","The goal of the Specialization is to showcase the ways in which the practice of mindfulness is an effective means of enhancing and maintaining optimal health and overall well-being that can be implemented in every aspect of daily living. The intention of the Specialization is to supply learners with practical tools to support thriving in life. Each course will feature mindfulness practices, directions for implementation and application, experiential exercises and reflection opportunities. 
Applied Learning Project
Each week, there will be lectures to watch, discussions to contribute to, and short quizzes to assess your learning. You will also have the opportunity to practice mindfulness yourself, and you will find different ways to try it out when you complete the weekly challenges/experiences. 
",33.00111401892757
European Business Law,Lund University,Specialization,3 - 6 Months,4.8,967.0,beginner,https://www.coursera.org/specializations/european-business-law,"18,683","compete on the internal market, legal research, law, business law, foreign policy",[],"This 7-week course provides you with key strategies to help understand the foundation of Clinical Simulations.  During each module, you will learn about 7 key components of Clinical Simulation Across the Health Professions and its' impact in your current position as a healthcare professional.  Please utilize all of the Resources provided by each of the modules to support and enhance your understanding of each concept.  You will learn about the following topics in this course:
Module 1:  Getting Started in Clinical Simulation-the Fundamentals
Module 2:  INACSL Standards of Best Practice:  Simulation
Module 3:  Implementing Simulation in the Curriculum
Module 4:  Developing a Simulation Center
Module 5:  Basics of Debriefing in Simulation
Module 6:  Evaluation Methods in Simulation
Module 7:  SPs in Simulation

About The George Washington University School of Nursing

Ranked among the top nursing schools by U.S. News & World Report, the George Washington University School of Nursing educates and inspires nurses to provide high-quality, compassionate person-centered health care. The school develops leaders actively engaged in health promotion, patient advocacy and healthcare innovation, and prepares exceptional nurse educators who pursue quality and advance the profession. The School of Nursing is committed to improving the health and wellbeing of people and communities locally, nationally and globally. The school values lifelong learning and its students advance nursing practice, leadership and education as they make a difference in the world.

For more in-depth simulation education, please see the GW Nursing Simulation Initiatives.
https://nursing.gwu.edu/gw-nursing-simulation-initiatives
",33.00111401892757
The Pronunciation of American English,"University of California, Irvine",Specialization,3 - 6 Months,4.8,955.0,beginner,https://www.coursera.org/specializations/american-english-pronunciation,"36,409","english language, pronunciation",[],"This specialization is intended for anyone who wants to achieve clearer, more understandable pronunciation of American English to help them communicate more easily and effectively. Through these four courses, you will learn about and practice consonant and vowel sounds, along with aspects of the “music” of English, including word stress, intonation, and connected speech. Clearer pronunciation leads to success in business, education, or any field where English is required.  
Applied Learning Project
Learners will improve their pronunciation by practicing realistic dialogues and other interactive exercises. They will put their new knowledge and skills to use by analyzing a passage of authentic spoken English and preparing and recording a reflection on their own learning, with the aim of improving their ability to be understood and also to understand others in real-life oral communication.  
",32.941237982646726
用 Python 做商管程式設計（一）(Programming for Business Computing in Python (1)),National Taiwan University,Course,1 - 3 Months,4.9,814.0,beginner,https://www.coursera.org/learn/pbc1,"38,595",,[],"本系列課程從零開始，教授一般認為最適合初學者的程式語言「Python」，目標是讓大家在完成本課程之後，一方面獲得程式設計與運算思維的基本概念，一方面也能獨立寫出能解決運算問題的程式。本課程和一般程式設計課程最不同的地方，在於它是以解決商管領域的運算問題為導向，因此課程不會只含有質因數分解、紅球白球排列組合、三角不等式、萬年曆、數字排序等傳統程式設計課程的範例與作業，而是包含了生產、物流、存貨、投資、定價等問題，讓大家在學會程式設計的同時，也直接體會程式設計與資訊技術在商管領域的各種應用。
本系列課程共分為三門課程。本門課程做為第一門課程，將介紹程式設計的基本觀念、Python 語言的基本語法、選擇、迴圈、清單，並以作業管理領域的一些簡單演算法作結。
",32.84562175488023
Astronomy: Exploring Time and Space,University of Arizona,Course,1 - 3 Months,4.8,909.0,beginner,https://www.coursera.org/learn/astro,"66,581","solar systems, chemistry, theory of relativity, astrobiology","['Classify assets', 'Analyze an attack surface to find risks and vulnerabilities', 'Identify threats, such as social engineering, malware and web-based exploits', 'Summarize the threat modeling process']","This is the fifth course in the Google Cybersecurity Certificate. These courses will equip you with the skills you need to apply for an entry-level cybersecurity job. You’ll build on your understanding of the topics that were introduced in the fourth Google Cybersecurity Certificate course.
In this course, you will explore the concepts of assets, threats, and vulnerabilities. First, you'll build an understanding of how assets are classified. Next, you will become familiar with common threats and vulnerabilities, and the security controls used by organizations to protect valuable information and mitigate risk. You will develop an attacker mindset by practicing the threat modeling process, and you'll learn tactics for staying ahead of security breaches.

Google employees who currently work in cybersecurity will guide you through videos, provide hands-on activities and examples that simulate common cybersecurity tasks, and help you build your skills to prepare for jobs. 

Learners who complete this certificate will be equipped to apply for entry-level cybersecurity roles. No previous experience is necessary.

By the end of this course, you will: 
- Learn effective data handling processes.
- Discuss the role of encryption and hashing in securing assets.
- Describe how to effectively use authentication and authorization. 
- Explain how common vulnerability exposures are identified by MITRE.
- Analyze an attack surface to find risks and vulnerabilities.
- Identify threats, such as social engineering, malware, and web-based exploits.
- Summarize the threat modeling process.
",32.7045340776523
Climate Change and Sustainable Investing,EDHEC Business School,Specialization,3 - 6 Months,4.9,788.0,beginner,https://www.coursera.org/specializations/climatechangeandsustainableinvesting,"10,344","understand the various policy approaches involved in the transition to a low carbon economy including in particular cap & trade carbon markets, learn to assess how climate change impacts financial portfolios and and how to manage climate risk in equity portfolios, understand how climate change risks impact corporate decisions and company value, understand the instruments investment funds and solutions used to finance clean technologies and clean energy, understanding the evidence for climate change and for its anthropogenic origin",[],"Prepárate para una nueva carrera en ciberseguridad, que podrás completar en alrededor de seis meses, sin necesidad de contar con experiencia ni acreditar título universitario. Con esta formación profesional diseñada por Google, podrás acceder a nuevas oportunidades laborales en un campo de alto crecimiento. La ciberseguridad se centra en proteger los datos de las amenazas cibernéticas, como el fraude y la suplantación de identidad, y en evitar el acceso no autorizado a los sistemas y redes informáticas. Las/los analistas de ciberseguridad utilizan una variedad de métodos, tecnologías y procesos para proteger de estos riesgos y amenazas externas, a una empresa u organización y a las personas que compran sus productos o utilizan sus servicios. 
Además,en caso de ocurrir un incidente, deberán investigar e informar de sus hallazgos.
Al completar este Certificado, llevado adelante por especialistas en ciberseguridad de Google, habrás adquirido las habilidades y herramientas necesarias para un trabajo de nivel inicial en el campo de la ciberseguridad.  Podrás finalizar el programa en alrededor de 6 meses, con una dedicación menor a 10 horas semanales. 
Con tu preparación, podrás aspirar a trabajos de analista de seguridad o ciberseguridad, analista del Centro de Operaciones de Seguridad (SOC) y más. 
Applied Learning Project
En el programa se incluyen 180 horas de instrucción y evaluaciones prácticas, que simulan situaciones reales de ciberseguridad. A través de una combinación de videos, evaluaciones y ejercicios prácticos, conocerás las herramientas, plataformas de análisis y habilidades en ciberseguridad necesarias para un trabajo de nivel inicial.
Entre las habilidades que obtendrás están: seguridad de la red, seguridad de la información, resolución de problemas, pensamiento crítico, análisis de amenazas y evaluación de vulnerabilidades.
Aprenderás a usar, entre otras, las siguientes  plataformas y herramientas: Bash, Chronicle, Linux, Python, Splunk, Suricata, SQL, tcpdump, VirusTotal y WireShark
Además, cada curso en el programa incluye actividades prácticas cuyos resultados podrás compartir en futuras entrevistas de trabajo, para demostrar habilidades altamente demandadas en el mercado.
",32.68675497214478
"Make the Sale: Build, Launch, and Manage E-commerce Stores",Google,Course,1 - 4 Weeks,4.8,878.0,beginner,https://www.coursera.org/learn/make-the-sale,"81,460","fulfillment and delivery, website structure, e-commerce platforms, e-commerce strategy, seasonality","['Understand essential e-commerce strategies and practices', 'Explain what e-commerce stores and platforms are and how they work', 'Create an engaging customer experience online using best practices', 'Set up a mock e-commerce store using Shopify']","Make the Sale: Build, Launch, and Manage E-commerce Stores is the sixth of seven courses in the Google Digital Marketing & E-commerce Certificate. This course explores how businesses and individuals sell products online, including using popular platforms like Shopify.  You’ll go through the process of creating a mock e-commerce store. To do this, you’ll build a Shopify store, add the necessary information, and create product listings. You’ll explore how to reach customers online through e-commerce customer outreach methods like advertisements and campaigns.
Google employees who currently work in the field will guide you, providing hands-on activities and examples that simulate common digital marketing and e-commerce tasks while showing you some of the best tools and resources used on the job.

Learners who complete the seven courses in this program will be ready to apply for entry-level jobs in digital marketing and e-commerce. No previous experience is necessary.

By the end of this course, you will be able to do the following: 
- Understand essential e-commerce strategies and practices
- Explain how to conduct market research and product research
- Set up a mock e-commerce store using Shopify
- Use Google Ads to engage e-commerce customers
- Explain how trends and seasonality affect e-commerce businesses
- Use best practices to create an engaging customer experience online
- Describe the order fulfillment process through checkout, point of sale (POS), shipping, and delivery. 
- Optimize a checkout flow for customers
",32.53816750888885
Pricing Strategy Optimization,University of Virginia,Specialization,3 - 6 Months,4.8,864.0,beginner,https://www.coursera.org/specializations/uva-darden-bcg-pricing-strategy,"16,149","cost-based pricing, pricing strategies, market-based pricing, customer value-based pricing, strategic management","['How to utilize the strategic power of pricing to set profit maximizing prices  ', 'Cost and economics in pricing strategy', 'How to leverage knowledge of customer value to develop a pricing strategy', 'Market and competitor pricing models that inform pricing decisions']","In this Specialization, we show you techniques to increase price realization and maximize profits. Learn from Boston Consulting Group's global pricing experts and University of Virginia Darden School of Business faculty, who share the frameworks, tips and tools we use in our business and research environments. We will look at pricing through BCG's proprietary and time-tested three “lenses”—cost and economics, customer value, and competition—to build your understanding of the strategic power of pricing. You’ll leave the Specialization with a portfolio-building presentation that demonstrates your ability to price strategically.
Applied Learning Project
Utilizing the concepts, tools and techniques taught in each course—from basic techniques of economics to knowledge of customer segments, willingness to pay, and customer decision making to analysis of market prices, share, and industry dynamics—you will practice setting profit maximizing prices to improve price realization in a variety of real-world scenarios. 
",32.46110163327302
Introduction to Healthcare,Stanford University,Course,1 - 3 Months,4.8,851.0,beginner,https://www.coursera.org/learn/intro-to-healthcare,"37,219",,"['Demonstrate an understanding of operating system fundamentals. ', 'Recognize desktop and laptop hardware components and devices.', 'Identify and describe internal desktop and laptop computer components, interfaces, and peripherals. ', 'Explain basic workstation setup, locate operating system settings, and identify good troubleshooting practices.']","Get ready to enter the thriving field of Information Technology (IT), with job ready skills! This beginner friendly course provides the core hardware and operating system knowledge needed by anyone new to IT and computer hardware who wants to start a new career in technology, including IT Support, Networking, Cybersecurity, and Software Development.  
You will first be introduced to computing fundamentals, the four functions of computing, and the benefits of computing. You will become knowledgeable of internal computer components, including motherboards, central processing units (CPUs), memory, hard drives, expansion slots, and others. Learn to identify interfaces, ports, connectors, and peripherals.  

You will become familiar with tasks that IT professionals perform; including workstation procurement, workstation setup processes, configure commonly used operating system settings & screen capture commands, computer acquisition practices, and job-essential troubleshooting processes.  

By the end of this course, you will become knowledgeable about hardware and operating systems, mobile operating systems, interfaces and connectors, Linux, and macOS. Throughout the course you will practice what you learn using interactive exercises and hands-on labs. At the end of the course, you will have the opportunity to complete a final project where you will apply your understanding of course content. 

This course is also part of the series to help you prepare for CompTIA ITF+ and A+ certification exams.
",32.38841532878071
Algae Biotechnology,University of California San Diego,Course,1 - 3 Months,4.8,456.0,intermediate,https://www.coursera.org/learn/algae-biotechnology,"12,313",,[],"For decades, researchers have been studying microalgae to understand their biological functions and how we can use technology to harness algae’s power to create a wide range of commercial products. 
In this course, we will cover how synthetic biology, genetic engineering, and metabolic engineering is used in algae biotechnology, and also examine the current state of algae biotechnology research and tools.

We’ll also explore some of the common bio-products we can make from algae, and take a look at some real-world algae companies that are using algae biotechnology to create products consumers can buy today. 

This course is part of a series of courses produced by the Algae Technology Educational Consortium and UC San Diego with funding from the Algae Foundation, National Renewable Energy Lab, and the U.S. Department of Energy.
",32.3383283039214
Diversité et inclusion sur le lieu de travail,ESSEC Business School,Course,1 - 4 Weeks,4.7,970.0,beginner,https://www.coursera.org/learn/diversite-inclusion-travail,"9,208",,"['Aplicar bases teóricas que sustenten un pensamiento crítico al realizar trabajos de diseño instruccional.', 'Identificar y comprender modelos y estrategias de enseñanza, metodologías educativas y movilización de REA.', 'Conocer nuevas herramientas tecnológicas que están ganando espacio en la escena educativa.', 'Aplicar recursos de pedagogía digital que contribuyan a la equidad y calidad en la educación.']","Este programa especializado te orienta hacia la construcción de ambientes de aprendizaje y te da la oportunidad de conocer la perspectiva de expertos en el tema así como la posibilidad de revalidar estos contenidos como una materia de Posgrados en Línea.
Applied Learning Project
El resulltado de este programa será el desarollo de un proyecto de diseño instruccional que aborde las cuatro principales fases que integran el ciclo de vida del mismo, las cuales son: estructuración, planeación, implementación y evaluación, integrando el aprendizaje activo en ambientes de aprendizaje innovadores e integrando los componentes de pedagogía digital.
",32.328134400969226
A Crash Course in Causality:  Inferring Causal Effects from Observational Data,University of Pennsylvania,Course,1 - 3 Months,4.7,517.0,intermediate,https://www.coursera.org/learn/crash-course-in-causality,"39,004","instrumental variable, propensity score matching, causal inference, causality",[],"We have all heard the phrase “correlation does not equal causation.”  What, then, does equal causation?  This course aims to answer that question and more!  
Over a period of 5 weeks, you will learn how causal effects are defined, what assumptions about your data and models are necessary, and how to implement and interpret some popular statistical methods.  Learners will have the opportunity to apply these methods to example data in R (free statistical software environment).

At the end of the course, learners should be able to:
1.  Define causal effects using potential outcomes
2.  Describe the difference between association and causation
3.  Express assumptions with causal graphs
4.  Implement several types of causal inference methods (e.g. matching, instrumental variables, inverse probability of treatment weighting)
5.  Identify which causal assumptions are necessary for each type of statistical method

So join us.... and discover for yourself why modern statistical methods for estimating causal effects are indispensable in so many fields of study!
",32.31237200248153
Autodesk CAD/CAM/CAE for Mechanical Engineering,Autodesk,Specialization,3 - 6 Months,4.7,517.0,intermediate,https://www.coursera.org/specializations/autodesk-cad-cam-cae-mechanical-engineering,"44,843","computer-aided engineering (cae), manufacturing process management, computed aided design, computer-aided manufacturing, mechanical engineering",[],"This course provides an intensive conceptual and applied introduction to auditing in society. It focuses on concepts and applications related to financial-statement auditors’ professional responsibilities as well as major facets of the audit process including risk assessment and audit reporting. In the U.S. financial-statement audits and related services generally are provided by Certified Public Accountants (CPAs). To succeed in this course, you should anticipate engaging in critical thinking and thoughtful communication about audit professionals' decision environments, decision processes, and deliverables. Additionally, you should understand the macro-level learning objectives in each of the course's weekly modules.
",32.31237200248153
The Power of Statistics,Google,Course,1 - 3 Months,4.8,270.0,advanced,https://www.coursera.org/learn/the-power-of-statistics,"22,700","statistical analysis, python programming, effective communication, statistical hypothesis testing, probability distribution","['Explore and summarize a dataset ', 'Use probability distributions to model data', 'Conduct a hypothesis test to identify insights about data', 'Perform statistical analyses using Python\xa0']","This is the fourth of seven courses in the Google Advanced Data Analytics Certificate. In this course, you’ll discover how data professionals use statistics to analyze data and gain important insights. You'll explore key concepts such as descriptive and inferential statistics, probability, sampling, confidence intervals, and hypothesis testing. You'll also learn how to use Python for statistical analysis and practice communicating your findings like a data professional. 
Google employees who currently work in the field will guide you through this course by providing hands-on activities that simulate relevant tasks, sharing examples from their day-to-day work, and helping you enhance your data analytics skills to prepare for your career. 

Learners who complete the seven courses in this program will have the skills needed to apply for data science and advanced data analytics jobs. This certificate assumes prior knowledge of foundational analytical principles, skills, and tools covered in the Google Data Analytics Certificate.   

By the end of this course, you will:
-Describe the use of statistics in data science 
-Use descriptive statistics to summarize and explore data
-Calculate probability using basic rules
-Model data with probability distributions
-Describe the applications of different sampling methods 
-Calculate sampling distributions 
-Construct and interpret confidence intervals
-Conduct hypothesis tests
",32.268204408267074
Sales Training for High Performing Teams,HubSpot Academy,Specialization,1 - 3 Months,4.7,952.0,beginner,https://www.coursera.org/specializations/sales-training-high-performing-teams,"13,320","sales management, sales, strategy, career growth",[],"This specialization is intended for sales professionals at any point in their career, whether they're just starting to apply for sales jobs or leading a global sales organization. Each course follows a sales career progression, from just getting started, to mastering sales, managing sales, and executing an overall business strategy. No matter where you are in your career, this specialization will give you  a new perspective on what it's like to be a sales job seeker, individual contributor, manager, and executive.
Applied Learning Project
Learners will discuss sales strategy, apply what they've learned to their own organizations or the organizations they're applying to, and participate and review peer discussions to build sales skills that will serve them at all stages of their career.
",32.24019004717475
Microsoft Azure Data Engineering Associate (DP-203),Microsoft,Professional Certificate,3 - 6 Months,4.4,777.0,intermediate,https://www.coursera.org/professional-certificates/microsoft-azure-dp-203-data-engineering,"25,321","develop for azure storage, develop azure compute solutions, connect to and consume azure services and third-party services, implement azure security, monitor and troubleshoot azure solutions",[],"This Professional Certificate is intended for data engineers and developers who want to demonstrate their expertise in designing and implementing data solutions that use Microsoft Azure data services anyone interested in preparing for the Exam DP-203: Data Engineering on Microsoft Azure. 

This Professional Certificate will help you develop expertise in designing and implementing data solutions that use Microsoft Azure data services. You will learn how to integrate, transform, and consolidate data from various structured and unstructured data systems into structures that are suitable for building analytics solutions that use Microsoft Azure data services. 

This program consists of 10 courses to help prepare you to take Exam DP-203: Data Engineering on Microsoft Azure. Each course teaches you the concepts and skills that are measured by the exam. 

By the end of this Professional Certificate, you will be ready to take and sign-up for the Exam DP-203: Data Engineering on Microsoft Azure.
Applied Learning Project
Learners will engage in interactive exercises throughout this program that offers opportunities to practice and implement what they are learning. They use the Microsoft Learn Sandbox. This is a free environment that allows learners to explore Microsoft Azure and get hands-on with live Microsoft Azure resources and services.

For example, when you learn about integrating, transforming, and consolidating data; you will work in a temporary Azure environment called the Sandbox or directly in the Azure Portal. The beauty about this is that you will be working with real technology but in a controlled environment, which allows you to apply what you learn, and at your own pace.

You will need a Microsoft account. If you don't have one, you can create one for free. The Learn Sandbox allows free, fixed-time access to a cloud subscription with no credit card required. Learners can safely explore, create, and manage resources without the fear of incurring costs or ""breaking production"".
",32.21855637702342
Digitalisation in Aeronautics and Space,Technische Universität München (TUM),Specialization,3 - 6 Months,4.5,669.0,intermediate,https://www.coursera.org/specializations/aerospace,"16,563",,"['Discover discrete-time signal and analyze them with the Fourier transform.', 'Learn to manipulate signals with filters.', 'Move back and forth from the analog to the digital world.', 'Learn about digital data communication and real-time DSP.']","This Specialization provides a full course in Digital Signal Processing, with a focus on audio processing and data transmission. You will start from the basic concepts of discrete-time signals and proceed to learn how to analyze data via the Fourier transform, how to manipulate data via digital filters and how to convert analog signals into digital format. Finally, you will also discover how to implement real-time DSP algorithms on a general-purpose microcontroller. The solid theoretical bases provided by the four courses in this specialization are complemented by applied examples in Python, in the form of Jupyter Notebooks; exercises with solutions provide a wealth of examples in order to tackle the weekly homework.
Applied Learning Project
The solid theoretical bases provided by the four courses in this specialization are complemented by applied examples in Python, in the form of Jupyter Notebooks; exercises with solutions provide a wealth of examples in order to tackle the weekly homework. This Specialization does not include a final project. You do not have to complete a final project in order to complete the Specialization.
",32.21102467630581
Leadership in 21st Century Organizations,Copenhagen Business School,Course,3 - 6 Months,4.8,820.0,mixed,https://www.coursera.org/learn/leadership-21st-century,"116,836","strategic management, leadership, collaboration, communications management","['Acquire an understanding of oneself and build inner stability.', 'Describe various leadership styles and how to lead downwards.', 'Explain the biases that impact communication and a leader’s decision-making capability.', 'Explore the art of leading upward and sideways.']","Welcome to the Leadership Skills course! In our increasingly complex world, understanding the practice of leadership is critical. In simpler words, leadership is the practice of influencing people to meet the challenges that will enable them to achieve important individual and organizational goals. This course provides a foundation for leadership practice and aims to take you on a journey of self-discovery. You will also gain insight into building inner stability and developing your leadership skills.
This is a beginner course designed for professionals from diverse work backgrounds. The course helps you lean on your experiences and strengthen your capacity to lead across boundaries, from any political or organizational position, with or without authority. The course will also enable you to learn important leadership skills, clarifying the relationships among key concepts such as definitions of leadership, self-management, authority, power, influence, politics, negotiations, change management, decision-making, and various leadership styles. This knowledge will provide you with a practical and coherent theoretical framework for applying and exercising leadership. Lastly, the course explores the challenge of managing the inevitable personal stresses and dangers of leading a team. The course draws from business management, philosophy, spirituality, history, literature, sports, communications, and psychology.

To succeed in this course, you should have experience or a basic understanding of working in organizations.
",32.21051092537165
ITIL 4 Exam Preparation,LearnQuest,Course,1 - 3 Months,4.7,936.0,mixed,https://www.coursera.org/learn/itil-4-exam-preparation,"42,890","itil 4 foundation topics, itil terminogy",[],"ITIL® 4 Foundation Test Preparation is designed to introduce learners to the key concepts, terminology, and best practices for creating, and improving the quality of IT services across the IT organization. This class is focused on exam preparation. Through a series of self-paced learning, practice quizzes and exams, students become acquainted with ITIL terminology, and how it applies to the Service Value Lifecycle.
This course requires 5 weeks at about 2-4 hours/week to complete.
",32.16061142652058
Work Smarter with Microsoft Word,Microsoft,Course,1 - 3 Months,4.7,936.0,beginner,https://www.coursera.org/learn/microsoft-word-work-smarter,"66,198","documents, microsoft word","['How to create and maintain professional-looking reports, multi-column newsletters, résumés, and business correspondence.', 'How to manage documents and document collaboration', 'How to insert and format text and graphic elements', 'How to manage tables and lists']","This course is intended for learners with some experience using Microsoft Windows, who are seeking to build presentation skills with Microsoft Word. To be successful in this course you should have an understanding of the basics of using a Windows-based computer. Experience with printing and using a web browser are an asset, but not required.
Knowing how to use Microsoft Office products is essential in any professional setting. Whether you want to expand your expertise to apply for a new role, start your own business, or simply develop a new personal skill this course is for you. 

This course will introduce you to Microsoft 365. You will become familiar with the apps and services included in an Office 365 subscription. If you are familiar with Word’s basic features you can take your skills to the next level. If you are not familiar with Microsoft products or are a beginner you will get the opportunity to develop basic word processing skills. 
 
This course covers the different features of the Word interface, shows you how to create a basic document, and introduces you to Word’s most important tools.

By the end of this course, you should be able to apply the necessary techniques to produce high-quality, professional documents. You will also understand how to create complex documents using tables, charts, references, and various types of illustrations.

This course will help you prepare for Exam MO-100: Microsoft Word (Word and Word 2019). This exam covers the ability to create and maintain professional-looking reports, multi-column newsletters, résumés, and business correspondence. Certification exam candidates are expected to demonstrate the correct application of the principal features of Word and complete tasks independently. You will get an opportunity to hone all these skills in this course.
",32.16061142652058
"Brand Management: Aligning Business, Brand and Behaviour",University of London,Course,1 - 3 Months,4.7,919.0,beginner,https://www.coursera.org/learn/brand,"15,439","corporate branding, brand marketing, brand management, brand identity","['Seven design principles for the ‘Blockchain Revolution’', 'Terms such as miner, hash, nonce, consensus mechanism, public key cryptography, cryptoasset, smart contract, DApp, and self-sovereign identity', 'Top 10 challenges for implementing blockchain technology', 'Blockchain applications and use-cases within the financial services industry']","As the Internet was the first digital medium for information, blockchain is the first native digital medium for value.  Blockchain is poised to transform the economy and society at large—redefining the ways we transact online, share ideas, and manage workflows. The financial services sector is a key lever in such transformations. 
This four-course specialization introduces learners to the world of blockchain technology for financial services—including what blockchain is, how it works, and why it is revolutionary. Students learn about various categories of cryptoassets and the ways they can be transacted on a blockchain. They learn how blockchain is transforming the economy and society at large—redefining workflows, global payments, and prosperity. As an outcome of this specialization, students produce a Strategic Action Plan wherein they identify and evaluate a promising application of blockchain technology within the financial services industry.
The Specialization is taught by Don Tapscott and Alex Tapscott, globally-recognized authorities on innovation and technology and authors of the best-selling book, “Blockchain Revolution.” It also includes various industry experts and practitioners who will share their experiences within the blockchain ecosystem.
Applied Learning Project
Upon completion of this Specialization, learners will produce a Strategic Action Plan, in which you identify and evaluate a promising application of blockchain technology within the financial services industry. The goals of this project are twofold: One, it’s for you to identify a specific need or problem within the financial services industry that can potentially be solved using blockchain technology. Two, it’s for you to investigate possible solutions to this problem, and to develop a strategic plan for how these solutions might be executed. You will accomplish different project milestones each week, and will be introduced to several tools to organize your findings.
",32.07455624920251
Automate Cybersecurity Tasks with Python,Google,Course,1 - 4 Weeks,4.7,915.0,beginner,https://www.coursera.org/learn/automate-cybersecurity-tasks-with-python,"68,630","computer programming, python programming, coding, pep 8 style guide","['Work with architectural and site elements, element materials, selection sets, and rooms and areas.', 'Create and manage views and annotations, work with families, and develop schedules.', 'Use workflows and processes such as worksharing, exporting and printing, and project maintenance and management.', 'Demonstrate the skills and knowledge required for taking the Autodesk Certified Professional: Revit for Architectural Design exam.']","Prove to potential employers that you’re up to the task by becoming an Autodesk Certified Professional. This online course from Autodesk prepares you by offering an overview of skills that match what is covered in the Autodesk Certified Professional: Revit for Architectural Design exam. The video lessons are structured to match the exam’s objective domains and follow the typical workflow and features of the Autodesk® Revit® Architecture software, including sections on modeling and materials, families, documentation, views, and Revit project management. In the course, you'll review advanced modeling architectural topics and work with walls, floors, roofs, ceilings, stairs, columns, and rooms. You'll also gain an understanding of exam topics such as family categories and types, phases and design options, schedules, and worksharing. Brush up on selection sets, detail components, color schemes, levels and grids, and much more.
About the Autodesk Certified Professional: Revit for Architectural Design exam:  
The Autodesk Certified Professional: Revit for Architectural Design exam is the recognized standard for measuring your architectural design skills and knowledge in Revit. The certification enables you to showcase your abilities and also signals to potential employers that your skills have been validated. This type of experience typically comes from having worked with the software on a regular basis for at least 2 years, equivalent to approximately 400 hours (minimum) - 1200 hours (recommended), of real-world Autodesk software experience.

The Autodesk Certified Professional (ACP) certifications exams can be taken at a Pearson VUE Testing Center or through OnVUE, Pearson VUE’s online proctored environment. Candidates are given 120 minutes to complete a certification exam and should review the testing center polices and requirements before scheduling. Ready to take the exam? Schedule to take the exam online or find a testing center near you on Pearsonvue.com/autodesk.

Looking for more skill-building courses? Check out Autodesk’s additional learning resources to help with your learning journey: https://www.autodesk.com/learning
",32.05407691396841
Key Technologies for Business,IBM,Specialization,1 - 3 Months,4.7,915.0,beginner,https://www.coursera.org/specializations/key-technologies-for-business,"32,301","data science, artificial intelligence (ai), business, cloud computing, technology",[],"This Specialization is intended for the learner with no previous programming experience or the career changer transitioning to software development. JavaScript is generally the first programming language you will need to learn and this Specialization will help you practice and build your skills through a gentle progression of modules and courses. 
Applied Learning Project
Learners will be able to follow along with the instructor and be able to apply and practice their learning through a series of low-stakes challenges and projects. Quizzes are the main assessment for this Specialization, along with Honor options in a couple of the courses.
",32.05407691396841
Harnessing the Power of Data with Power BI,Microsoft,Course,1 - 4 Weeks,4.7,908.0,beginner,https://www.coursera.org/learn/harnessing-the-power-of-data-with-power-bi,"69,380","data analysis, power bi, data-driven decisions","['Describe the Linux architecture and common Linux distributions and update and install software on a Linux system. ', 'Perform common informational, file, content, navigational, compression, and networking commands in Bash shell. ', 'Develop shell scripts using Linux commands, environment variables, pipes, and filters.', 'Schedule cron jobs in Linux with crontab and explain the cron syntax.\xa0 ']","This course provides a practical understanding of common Linux / UNIX shell commands. In this beginner friendly course, you will learn about the Linux basics, Shell commands, and Bash shell scripting.   
You will begin this course with an introduction to Linux and explore the Linux architecture. You will interact with the Linux Terminal, execute commands, navigate directories, edit files, as well as install and update software. 

Next, you’ll become familiar with commonly used Linux commands. You will work with general purpose commands like id, date, uname, ps, top, echo, man; directory management commands such as pwd, cd, mkdir, rmdir, find, df; file management commands like cat, wget, more, head, tail, cp, mv, touch, tar, zip, unzip; access control command chmod; text processing commands - wc, grep, tr; as well as networking commands - hostname, ping, ifconfig and curl.  

You will then move on to learning the basics of shell scripting to automate a variety of tasks. You’ll create simple to more advanced shell scripts that involve Metacharacters, Quoting, Variables, Command substitution, I/O Redirection, Pipes & Filters, and Command line arguments. You will also schedule cron jobs using crontab. 

The course includes both video-based lectures as well as hands-on labs to practice and apply what you learn. You will have no-charge access to a virtual Linux server that you can access through your web browser, so you don't need to download and install anything to complete the labs. 

You’ll end this course with a final project as well as a final exam. In the final project you will demonstrate your knowledge of course concepts by performing your own Extract, Transform, and Load (ETL) process and create a scheduled backup script. 

This course is ideal for data engineers, data scientists, software developers, and cloud practitioners who want to get familiar with frequently used commands on Linux, MacOS and other Unix-like operating systems as well as get started with creating shell scripts.
",32.01802194263415
Health Information Literacy for Data Analytics,"University of California, Davis",Specialization,3 - 6 Months,4.4,744.0,intermediate,https://www.coursera.org/specializations/healthcare-information-literacy-data-analytics,"25,139","data model, healthcare terminology, healthcare data","['Articulate a coherent problem definition of, and a plan for addressing, a health informatics problem. ', 'Answer a health informatics problem through data retrieval and analysis.', 'Design a health informatics solution for decision support.', 'Create a change management and deployment plan for a health informatics intervention.']","This Specialization is intended for health professionals, administrators, health IT staff, vendors, startups, and patients who need or want to participate in the health IT/informatics process. Throughout the five courses of this Specialization, you will learn about the social and technical context of health informatics problems, how to successfully implement health informatics interventions, how to design a health informatics solution for decision support, and how to answer a health informatics problem through data retrieval and analysis. 
Applied Learning Project
Learners will create a comprehensive plan for a health informatics intervention by applying knowledge and skills, including: change management, workflow reengineering, decision support, data querying and analysis, and an understanding of the social and technical context of the health informatics problem.
",32.00877961695707
Integrative Nursing,University of Minnesota,Specialization,3 - 6 Months,4.8,786.0,beginner,https://www.coursera.org/specializations/integrative-nursing,"2,247","integrative healthcare, wellbeing, patient-centered care, improved symptom management, evidence-based practice, symptom management, healthcare, stress management, pain management, whole-person care, mindfulness, integrative medicine","['Assess  the current and potential role for Integrative Nursing in health and healthcare, including your own workplace.', 'Discuss the evidence base for use of integrative therapies, including historical, clinical, and research data.   ', 'Assess if a therapy is appropriate, Educate patients about  benefit and risk, Administer or advise on use, and Evaluate if the therapy was useful.', 'Apply Integrative Nursing principles and strategies to patient care and symptom management.  ']","You will identify ways to implement the six principles of Integrative Nursing in your work setting, then learn how to practice and apply specific integrative therapies at work, in alignment with the research evidence and safety and quality considerations.  In short, you will be ready to partner with patients on developing a plan of integrative care that fits their needs and preferences.  Each course is eligible for Minnesota Board of Nursing continuing education requirements and may be eligible for CE credit from other professional boards.
Applied Learning Project
Each course in this Specialization includes a peer-reviewed project that applies Integrative Nursing principles and/or integrative therapies to a specific situation. Throughout, the focus will be on assessing patient needs and educating and advising patients in clear, simple, and patient-centered language.  
",32.00749559240354
Fundamentos de la gestión de proyectos,Google,Course,1 - 4 Weeks,4.9,677.0,beginner,https://www.coursera.org/learn/fundamentos-de-la-gestion-de-proyectos,"11,297","gestión de proyectos, cultura de la organización, pensamiento estratégico, desarrollo profesional, gestión de cambios","['Reconoce las habilidades y conocimientos básicos necesarios para convertirte en analista de ciberseguridad', 'Identifica cómo los ataques a la ciberseguridad afectan a las operaciones comerciales', 'Qué es la ética de seguridad?', 'Identifica las herramientas más comunes que se utilizan en el análisis de ciberseguridad']","En este primer curso del Certificado de Ciberseguridad de Google conocerás el mundo de la ciberseguridad a través de un plan de estudios interactivo, desarrollado por Google. Identificarás los eventos significativos que llevaron al desarrollo del campo de la ciberseguridad, conocerás su importancia para las operaciones comerciales actuales y explorarás las responsabilidades y habilidades laborales de un/a analista de ciberseguridad de nivel inicial. 
Te guiarán especialistas de Google, que actualmente trabajan en ciberseguridad, con actividades prácticas y ejemplos que simulan tareas comunes y frecuentes de este campo. Todo esto te ayudará a desarrollar tus habilidades y prepararte para trabajar.

Los/las estudiantes que completen este certificado estarán preparados/as para solicitar trabajo en el área de la ciberseguridad, en un nivel inicial. No se necesita experiencia previa.
",31.94382171090794
The hidden value – Lean in manufacturing and services,École des Ponts ParisTech,Course,1 - 4 Weeks,4.8,772.0,beginner,https://www.coursera.org/learn/lean-manufacturing-services,"30,952","value stream mapping, lean manufacturing, lean thinking, lean methods",[],"Lean is a powerful methodology that enables managers and employees to shift their mindset and helps companies to keep their business sustainable by creating competitive advantage. Today, in an increasingly complex and dynamic world, where companies struggle to maintain competitive advantage, Lean is more important than ever.
This course combines the experience of many senior experts and practitioners from the Boston Consulting Group and École des Ponts, and brings perspectives on Lean in manufacturing and services. It offers strong topic foundation as well as deep practical insights into the art of continuous improvement.

In this course, you will learn:
- why Lean is a key driver for sustainable competitive advantage
- how different companies can leverage Lean to create value both in manufacturing and services
- what it takes to drive a Lean transformation and build a culture of continuous improvement 
- how new technologies impact traditional lean practices
",31.921339433219625
Introduction to Industrial Bioprocess Development,Technical University of Denmark (DTU),Course,1 - 3 Months,4.8,767.0,beginner,https://www.coursera.org/learn/industrial-bioprocess-development,"37,298","bioprocess engineering, biomanufacturing, microbiology, biotechnology","['The major challenges of the U.S.healthcare system', 'Issues you may encounter in efforts to improve healthcare delivery and the healthcare system', 'Who the key stakeholders are in the U.S. healthcare system']","Solving the problems and challenges within the U.S. healthcare system requires a deep understanding of how the system works. Successful solutions and strategies must take into account the realities of the current system. 
This course explores the fundamentals of the U.S. healthcare system. It will introduce the principal institutions and participants in healthcare systems, explain what they do, and discuss the interactions between them. The course will cover physician practices, hospitals, pharmaceuticals, and insurance and financing arrangements. 

We will also discuss the challenges of healthcare cost management, quality of care, and access to care. While the course focuses on the U.S. healthcare system, we will also refer to healthcare systems in other developed countries.



In support of improving patient care, Stanford Medicine is jointly accredited by the Accreditation Council for Continuing Medical Education (ACCME), the Accreditation Council for Pharmacy Education (ACPE), and the American Nurses Credentialing Center (ANCC), to provide continuing education for the healthcare team. Visit the FAQs below for important information regarding 1) Date of the original release and expiration date; 2) Accreditation and Credit Designation statements; 3) Disclosure of financial relationships for every person in control of activity content.
",31.890190719108826
Google Cloud Big Data and Machine Learning Fundamentals,Google Cloud,Course,1 - 3 Months,4.7,879.0,beginner,https://www.coursera.org/learn/gcp-big-data-ml-fundamentals,"37,959","tensorflow, bigquery, google cloud platform, cloud computing","['Explore the roles of business intelligence (BI) professionals within an organization', 'Practice data modeling and extract, transform, load (ETL) processes that meet organizational goals ', 'Design data visualizations that answer business questions', 'Create dashboards that effectively communicate data insights to stakeholders']","Get professional training designed by Google and take the next step in your career with advanced skills in the high-growth field of business intelligence. There are over 166,000 open jobs in business intelligence and the median salary for entry-level roles is $96,000.¹
Business intelligence professionals collect, organize, interpret, and report on data to help organizations make informed business decisions. Some responsibilities include measuring performance, tracking revenue or spending, and monitoring progress.
This certificate builds on your data analytics skills and experience to take your career to the next level. It's designed for graduates of the Google Data Analytics CertificateOpens in a new tab or people with equivalent data analytics experience. Expand your knowledge with practical, hands-on projects, featuring BigQuery, SQL, and Tableau.
After three courses, you’ll be prepared for jobs like business intelligence analyst, business intelligence engineer, business intelligence developer, and more. At under 10 hours a week, the certificate program can be completed in less than two months. Upon completion, you can apply for jobs with Google and over 150 U.S. employers, including Deloitte, Target, and Verizon.
75% of certificate graduates report a positive career outcome (e.g., new job, promotion or raise) within six months of completion2
¹Lightcast™ US Job Postings (Last 12 Months: 1/1/2022 – 12/31/2022) 
2Based on program graduate survey responses, US 2022
Applied Learning Project
This program includes over 70 hours of instruction and 50+ practice-based assessments, which will help you simulate real-world business intelligence scenarios that are critical for success in the workplace. The content is highly interactive and exclusively developed by Google employees with decades of experience in business intelligence. Through a mix of videos, assessments, and hands-on labs, you’ll get introduced to BI tools and platforms and key technical skills required for an entry-level job.
Platforms and tools you will learn include: BigQuery, SQL, Tableau
In addition to expert training and hands-on projects, you'll complete a portfolio project that you can share with potential employers to showcase your new skill set. Learn concrete skills that top employers are hiring for right now.


",31.865632965119584
The Materiality of ESG Factors,University of Pennsylvania,Specialization,3 - 6 Months,4.7,858.0,beginner,https://www.coursera.org/specializations/materiality-esg-factors,"13,321","esg, investment, climate change, finance, social activism",[],"This specialization will provide learners with the fundamentals and history of ESG investing, and a close examination of the set of investment approaches that are informed by environmental, social and, governance factors. You'll about the five pathways of materiality, and how those interplay with or against ESG performance. You'll review the concepts of positive and negative screening and identify the ESG factors that cause investors to divest from or negatively screen certain assets. 
Next, you'll review private environmental governance, the active role that private companies are playing in combating climate change, and the parallels between the public and private sectors. Lastly, you'll evaluate the effectiveness of corporate authenticity and the impacts of politics when building corporate ESG policy, and the importance of creating independent Directors to maintain neutrality and protect stakeholder interests. 
By the end of this specialization, you will know the best practices for creating a solid risk management plan, analyzed the complex indexing and measurement techniques employed in the ESG space, examined climate disclosures and implementation of climate solutions, and how social activism affects the corporate world in the 21st century. 
Applied Learning Project
Each course module in this Specialization culminates in an assessment. These assessments are designed to check learners' knowledge and to provide an opportunity for learners to apply course concepts such as investment analytics, indexing tools, and critical analysis of ESG policies, activism, and greenwashing.
The assessments will be cumulative and cover the fundamentals of ESG investing, public and private governance, and sustainability factors that will allow you to build a diverse and risk-resilient ESG portfolio.
",31.752113933326
Electronic Music Production,Berklee,Specialization,3 - 6 Months,4.6,514.0,intermediate,https://www.coursera.org/specializations/electronic-music-production,"18,607","audio recording, music making, file management, ableton, midi programming, create an electronic composition, create custom synthesizer patches, manipulate preset patches, sound design, create custom patches in strobe 2, audio production, music, audio editing, electronic digital instrument, live looping, performance technique, music arrangement",[],"In this course, you will explore the foundations upon which modern-day ESG was built, how market forces react to ESG, and ways to create and maintain value using ESG investment strategies. You will also learn about the five pathways of materiality, and how those interplay with or against ESG performance.
You will examine the many challenges that corporations face when it comes to leveraging ESG investing into their portfolios, and how the changing landscape of ESG is making this an area of untapped potential when it comes to the financial workings of businesses today. You'll also learn from real-life case studies how you can assess risk, create better risk management policy, and build a map to identify valuable areas of opportunity and create better decision-making approaches. Lastly, you will look at portfolio optimization and the utilization of ESG factors to maximize returns in addition to examining different funds, their fee structures, and how investors can blend ESG into their investment portfolio.

By the end of this course, you will know the best practices for creating a solid risk management plan and how to create a culture that is sensitive to ESG. You will better understand the history and framework behind ESG, and how to create a path forward using smarter methods to identify risk, navigate ESG issues, and reach ESG investing goals.
",31.595484517358507
Managerial Accounting Fundamentals,University of Virginia,Course,1 - 4 Weeks,4.8,716.0,beginner,https://www.coursera.org/learn/uva-darden-managerial-accounting,"62,506",,"['Different types of costs and how they are represented graphically', 'Cost-volume-profit analyses to answer questions around breaking even and generating profit', 'How to calculate and allocate overhead rates within both traditional and activity-based cost allocation systems', 'How to distinguish costs and benefits that are relevant from those that are irrelevant for a given management decision']","This course, developed at the Darden School of Business at the University of Virginia and taught by top-ranked faculty, will teach you the fundamentals of managerial accounting including how to navigate the financial and related information managers need to help them make decisions. You'll learn about cost behavior and cost allocation systems, how to conduct cost-volume-profit analysis, and how to determine if costs and benefits are relevant to your decisions. 
By the end of this course, you will be able to:
- Describe different types of costs and how they are represented graphically
- Conduct cost-volume-profit analyses to answer questions around breaking even and generating profit
- Calculate and allocate overhead rates within both traditional and activity-based cost allocation systems
- Distinguish costs and benefits that are relevant from those that are irrelevant for a given management decision
- Determine a reasonable course of action, given the financial impact, for a given management decision
",31.560364034878177
Instructional Methods in Health Professions Education,University of Michigan,Course,1 - 3 Months,4.7,439.0,intermediate,https://www.coursera.org/learn/instructional-methods-education,"20,933","teaching, simulation, instructional design, teaching method","['Understand educational theory as it relates to health professions education.', 'Learn a variety of applied teaching techniques.', 'Share successful teaching strategies.']","This course provides those involved in educating members of the health professions an asynchronous, interdisciplinary, and interactive way to obtain, expand, and improve their teaching skills. These skills can then be applied within their own professional context, with a variety of learners, extending across many stages.
After completing this course, learners will:
1. Understand educational theory as it relates to health professions education
2. Match instructional methods with desired educational outcomes
3. Learn a variety of applied teaching techniques
4. Share successful teaching strategies

Suggested resources will include educational videos, individual readings, recommended
reference books, and crowd-sourced recommendations. All students should have
dependable access to the internet with video streaming capabilities. Some students
may want the ability to utilize on-line video conferencing as well.
",31.46862533813663
Uncommon Sense Teaching,Deep Teaching Solutions,Specialization,1 - 3 Months,4.9,610.0,beginner,https://www.coursera.org/specializations/uncommon-sense-teaching-certificate,"3,014","social-emotional learning, online teaching, active learning, neurodiversity, teaching","['You’ll discover how to bring out the best from your students in diverse teaching environments, where students often have a wide range of abilities.  ']","The Uncommon Sense Teaching Specialization is a foundational program that prepares you to teach based on leading-edge insights from neuroscience, cognitive psychology, and movie-making. Your instructors have real-world experience in teaching some of the world’s most popular courses, and they bring their background from academia and beyond, including perspectives that could be obtained only from decades of teaching at virtually every level, personal experience with neurodiversity, adventure from the Bering Sea to the South Pole Station in Antarctica, and much more. This specialization gives invaluable insight for:
Teachers—K12, higher ed, adult learning, vocational trainers
College students training to be teachers 
Professors and others who train teachers how to teach
Industry trainers
Coaches
Tutors
Parents, caregivers, and homeschoolers
The Uncommon Sense Teaching Specialization provides a pathway for you to bring your teaching skillset to a higher level by helping you gain the knowledge and skills to level up your career or strengthen your teaching foundation—whoever you might be teaching. 
You can take either MOOC 0 or MOOC 1 first, and enjoy MOOC 2 after MOOC 1.  Enjoy! 
Uncommon Sense Teaching SpecializationOpens in a new tab
 MOOC 0: Teaching OnlineOpens in a new tab
 MOOC 1: Uncommon Sense TeachingOpens in a new tab
 MOOC 2: Uncommon Sense Teaching, Part 2Opens in a new tab
Applied Learning Project
By the end of this specialization, you'll be able to:
Use the animations and illustrations provided in the specialization to develop best practices training sessions for your fellow teachers, and also help your students to learn more deeply and effectively. You'll be a star with the latest insights on learning!   
Make or tweak a working lesson plan using the “Learn It – Link It” lesson plans guideline and blank template provided in the specialization.  You can use this lesson plan to help remind you of key best practices as you are teaching.      
Teach online either ""live"" or via video with confidence that your methods are not only helping students pay attention, but that you are also helping them to more easily grasp the key ideas.
Use techniques from movie-making to help motivate and inspire students, as well as to encourage your students shift and lift their very identity as learners.
",31.43397509994082
Renewable Energy,University of Colorado Boulder,Specialization,3 - 6 Months,4.8,695.0,beginner,https://www.coursera.org/specializations/renewable-energy,"10,096","renewable energy, solar energy, energy projects, sustainability, wind energy","['Understand and evaluate the operations and performance of renewable energy technologies.', 'Explain how renewable energy systems integrate with electricity grid operations and market structures.', 'Explore how issues such as electric vehicles, hydrogen, and storage will influence renewable energy, and assess future pathways for renewables.']","This specialization is for learners wanting a thorough understanding of renewable energy concepts, tools, and applications. This knowledge can be employed to advance in your current work, to move into the renewable energy field, and to promote sustainability at home and in your community. New technologies, new market structures, and new business models make renewable energy a dynamic, entrepreneurial, and exciting field. This specialization focuses on pragmatic and fact-based information, including real-world costs and technical performance, market trends, and web-based analysis tools. We use lectures, case studies, and interviews with industry leaders to provide a comprehensive and up-to-date education on renewable energy.
Specialization logo image credits: background courtesy of Clyde RS. Available on Unsplash at https://unsplash.com/photos/4XbZCfU2Uoo; icon is ""Wind Turbine"" by Vectors Point from the Noun Project.
",31.417678369605213
Software Testing and Automation,University of Minnesota,Specialization,3 - 6 Months,4.3,763.0,intermediate,https://www.coursera.org/specializations/software-testing-automation,"53,838","black-box testing techniques, white-box testing techniques, unit testing, static analysis, testing automation","['Distinguish between verification and validation describing the key differences between them.', 'Write automated functional tests for both front-end and back-end code', 'Measure the fault-finding effectiveness of a functional test suite using mutation testing.', 'Defend program correctness through the use of formal methods, specifically proof obligations and model checking.']","This Specialization is intented for beginning to intermediate software developers seeking to develop knowledge and skill in implementing testing techniques and tools in the development of their projects. Through four courses, you will cover black-box and white-box testing, automated testing, web & mobile testing, and formal testing theory and techniques, which will prepare to you to plan and perform effective testing of your software.
Applied Learning Project
Learners will build test plans, test suites, and test analysis reports. Learners will develop properties and assertions in code to facilitate automated test generation. Learners will also create pre-conditions for methods to facilitate formal proofs of correctness.
",31.400425642757643
Financing and Investing in Infrastructure,Università Bocconi,Course,1 - 3 Months,4.7,787.0,mixed,https://www.coursera.org/learn/infrastructure-investing,"17,743","capital budgeting, risk analysis, project, finance",[],"The Financial Reporting Specialization focuses on the role of financial accounting principles and processes in creating and reporting an organization’s financial statements. Learners who complete this specialization will be able to (1) use financial accounting principles to create and/or process an organization’s financial statements and (2) analyze financial statements to assess an organization’s financial position. 
Applied Learning Project
The Financial Reporting Specialization includes multiple projects and practice activities, including analyses of statements and cases, which will be peer-reviewed.  In addition, the specialization includes one capstone course, which is comprised of a full case analysis of an actual company’s financial statements. 
",31.346641022332033
"Concepts, Strategies, and Analytics in Performance Marketing and Digital Advertising",University of Colorado Boulder,Specialization,3 - 6 Months,4.6,909.0,beginner,https://www.coursera.org/specializations/digital-advertising-strategy,"11,233","native advertising, google ads search advertising, facebook advertising, search advertising, twitter advertising","['Discover how social networks and human dynamics create social systems and recognizable patterns', 'Define and discuss big data opportunities and limitations', 'Web scrape online data, create a social network visualization with it, and use machine learning to analyze its content  ', 'Use computer simulations to program your own artificial societies to explore business strategies and policy options']","For more information please view the Computational Social Science TrailerOpens in a new tab 
Digital technology has not only revolutionized society, but also the way we can study it. Currently, this is taken advantage of by the most valuable companies in Silicon Valley, the most powerful governmental agencies, and the most influential social movements. What they have in common is that they use computational tools to understand, and ultimately influence human behavior and social dynamics. 
An increasing part of human interaction leaves a massive digital footprint behind. Studying it allows us to gain unprecedented insights into what society is and how it works, including its intricate social networks that had long been obscure. Computational power allows us to detect hidden patterns through analytical tools like machine learning and to natural language processing. Finally, computer simulations enable us to explore hypothetical situations that may not even exist in reality, but that we would like to exist: a better world. 
This specialization serves as a multidisciplinary, multi-perspective, and multi-method guide on how to better understand society and human behavior with modern research tools. This specialization gives you easy access to some of the exciting new  possibilities of how to study society and human behavior. It is the  first online specialization collectively taught by Professors from all  10 University of California campusesOpens in a new tab. 

Applied Learning Project
 While no formal requisites are necessary to join this course, at the end  you will web-scrape 'Big Data' from the web, execute a social network  analysis ('SNA'), find hidden patterns with machine learning ('ML') and  natural language processing ('NLP'), and create agent-based computer  models ('ABM') to explore what might happen if we would change certain  things in society.  
",31.341845157750118
Finance & Quantitative Modeling for Analysts,University of Pennsylvania,Specialization,3 - 6 Months,4.9,597.0,beginner,https://www.coursera.org/specializations/finance-quantitative-modeling-analysts,"29,968","financial modeling, corporate finance, microsoft excel",[],"This course is the first course in a five-course US Federal Tax Specialization. It covers and focuses on the U.S. federal tax system as it relates to individuals, employees, and sole proprietors. Key concepts covered include gross income and items that are statutorily included or excluded in it, personal and business expenses that qualify as tax deductions, and the differing tax treatments for employees versus self-employed taxpayers. Unlike many other introductory courses in tax and as part of this course’s comprehensive wrap-up, learners will be provided with practical and tangible experience reporting both income and expenses on the main individual tax return used in the US, Form 1040.
If you have enjoyed this course, consider enrolling in our online graduate Accounting program. The University of Illinois at Urbana-Champaign, consistently ranked as one of the nation's top three accounting programs, now offers a master’s in accounting at a very affordable tuition rate and is completely online. The iMSA is a full Master of Accountancy program and students graduate with an MS that is highly recognized. Try an open course or two, then apply for admission into the credit-bearing version as you may be eligible to take credit-bearing courses during the application process. If you are missing any prerequisites for the full degree, you can complete Coursera courses to demonstrate readiness and strengthen your application for the iMSA. For more information on this exciting iMSA online program, refer to this link: https://www.coursera.org/degrees/imsa
",31.328594694358095
Sustainable Fashion,Copenhagen Business School,Course,1 - 3 Months,4.8,681.0,beginner,https://www.coursera.org/learn/sustainable-fashion,"55,137",,"['You will broaden your knowledge on sustainable fashion, sustainable business models, circular economy and related concepts. ', 'You will understand the challenges and opportunities brands face when they try to create or transition into sustainable business models. ', 'You will learn the basic vocabulary and tools to discuss sustainable business models’ ideas and concepts in the context of fashion.', 'You will be inspired by case examples from the fashion industry, and learn the details of their innovative and sustainable business models.']","Sometimes when we say we work with sustainable fashion people look at us like... ""Mmmm, is it really possible for something like fashion to be sustainable?"" And let's face it, people are right being suspicious. If anything the fashion industry has become increasingly unsustainable over the last decades, using more and more natural resources and creating more and more waste. 
In this course, we provide an overview of business model theory and discuss business models as essential tools in the transformation towards more sustainable businesses. Throughout the course, we will use business model theory as a foundation to look at how real-world fashion brands are adopting more sustainable ways of doing business. We will provide you with a rich opportunity to examine their efforts and consider strategies for your own organisation. Hopefully, you can also enlighten us with some local examples in your own countries for us to discover together new ways of dealing with sustainability. 

By the end of the course, you have an understanding of the overall challenges and potential solutions for businesses to become more sustainable. You will learn about the challenges and opportunities of implementing circular business models and we will introduce various tools that companies use to measure and report about sustainability. You will be able to think about business model theory in new ways and apply strategies to manage business model innovation towards sustainable practices. 

This is a very exciting time to be working in the fashion industry, so let's get started!
",31.320142357648617
Programming in C++: A Hands-on Introduction,Codio,Specialization,3 - 6 Months,4.6,899.0,beginner,https://www.coursera.org/specializations/hands-on-cpp,"21,364","computer science, computer programming, c++, object-oriented programming (oop)","['Automate everyday, repetitive tasks using C++ programs', 'Create engaging, graphical based programs', 'Develop a firm foundation of Computer Science concepts you can bring to any language you learn']","This specialization is intended for people without programming experience who seek to develop C++ programming skills and learn about the underlying computer science concepts that will allow them to pick up other programming languages quickly. In these four courses, you will cover everything from fundamentals to object-oriented design. These topics will help prepare you to write anything from small programs to automate repetitive tasks to larger applications, giving you enough understanding of C++ to tackle more specialized topics such as Data Science and Artificial Intelligence.
Applied Learning Project
Learners will create a variety of practical projects including helpful C++ programs that can speed up everyday tasks such as an automated file updater. Later projects will create graphical output using the Clmg library, and even including animations.
",31.29101591129183
ChatGPT for Beginners: Save time with Microsoft Excel,Coursera Project Network,Guided Project,Less Than 2 Hours,4.8,373.0,intermediate,https://www.coursera.org/projects/chatgpt-for-beginners-save-time-with-microsoft-excel,"9,162",,"['Demonstrate that you have foundational knowledge of industry terminology, network security, security operations and policies and procedures.']","Congratulations on your interest in pursuing a career in cybersecurity. The Certified in Cybersecurity (CC) certification will demonstrate to employers that you have foundational knowledge of industry terminology, network security, security operations and policies and procedures that are necessary for an entry- or junior-level cybersecurity role. It will signal your understanding of fundamental security best practices, policies and procedures, as well as your willingness and ability to learn more and grow on the job.
Applied Learning Project
Each course includes a case study that will require students to put into practice the knowledge they have gained throughout each course. Successful completion of course projects will require the basic understanding of the topics covered and the ability to relate those topics to the real world. The objective of each project is to determine whether students have understood course concepts and are able to use them in a real world setting. 
",31.28007061034873
Sound the Alarm: Detection and Response,Google,Course,1 - 4 Weeks,4.8,671.0,beginner,https://www.coursera.org/learn/detection-and-response,"57,310","security information and event management (siem) tools, packet analyzer, intrusion detection systems (ids)","['Identify the steps to contain, eradicate, and recover from an incident', 'Analyze packets to interpret network communications', 'Understand basic syntax, components of signatures and logs in Intrusion Detection Systems (IDS) and Network Intrusion Detection Systems (NIDS) tools', 'Perform queries in Security Information and Event Management (SIEM) tools to investigate an event']","This is the sixth course in the Google Cybersecurity Certificate. These courses will equip you with the skills you need to apply for an entry-level cybersecurity job. You’ll build on your understanding of the topics that were introduced in the fifth Google Cybersecurity Certificate course.
In this course, you will focus on incident detection and response. You'll define a security incident and explain the incident response lifecycle, including the roles and responsibilities of incident response teams. You'll analyze and interpret network communications to detect security incidents using packet sniffing tools to capture network traffic. By assessing and analyzing artifacts, you'll explore the incident investigation and response processes and procedures. Additionally, you'll practice using Intrusion Detection Systems (IDS) and Security Information Event Management (SIEM) tools.

Google employees who currently work in cybersecurity will guide you through videos, provide hands-on activities and examples that simulate common cybersecurity tasks, and help you build your skills to prepare for jobs. 

Learners who complete this certificate will be equipped to apply for entry-level cybersecurity roles. No previous experience is necessary.

By the end of this course, you will: 
- Explain the lifecycle of an incident.
- Describe the tools used in documentation, detection, and management of incidents.
- Analyze packets to interpret network communications.
- Perform artifact investigations to analyze and verify security incidents.
- Identify the steps to contain, eradicate, and recover from an incident.
- Determine how to read and analyze logs during incident investigation.
- Interpret the basic syntax and components of signatures and logs in Intrusion Detection Systems (IDS) and Network Intrusion Detection Systems (NIDS) tools.
- Perform queries in Security Information and Event Management (SIEM) tools to investigate an event.
",31.249240034511118
Customer Analytics,University of Pennsylvania,Course,1 - 3 Months,4.6,885.0,mixed,https://www.coursera.org/learn/wharton-customer-analytics,"9,892","predictive analytics, customer analytics, regression analysis, marketing performance measurement and management","['Recognize aspects of team culture to maximize team performance. ', 'Draw out the collective wisdom of diverse  teams and create a team culture of continuous learning. ', 'Handle conflict. ', 'Establish common ground rules. ']","Master the strategies and tools that enable you to form, join and lead teams more effectively.
In this five-course specialization, you learn how to:
·         Recognize aspects of team culture 
·         Draw out the collective wisdom of diverse teams 
·         Handle conflict 
·         Establish common ground rules 
·         Maximize team performance 
·         Create a team culture of continuous learning
The program culminates in a capstone project in which you apply the skills you learned. You observe, diagnose and make recommendations to solve a team culture problem in a real-world case provided by N2Growth, a global consultancy focused on cultural transformation and leadership development.
Applied Learning Project
Students will analyze a real world case provided by N2Growth, a global firm that helps clients create a culture of leadership through practice areas like strategy, cultural transformation, and organizational design. Based on the N2Growth case, students will be expected to identify and diagnose organizational issues, select a senior leader, and make recommendations in a culminating PowerPoint or Prezi presentation.
",31.21889797278337
"BI Foundations with SQL, ETL and Data Warehousing",IBM,Specialization,3 - 6 Months,4.8,665.0,beginner,https://www.coursera.org/specializations/bi-foundations-sql-etl-data-warehouse,"56,137","cloud databases, python programming, jupyter notebooks, relational database management system (rdbms), sql, data warehousing, cube and rollup, business intelligence (bi), star and snowflake schema, cognos analytics, linux, bash (unix shell), extract transform and load (etl), linux commands, shell script, apache airflow, apache kafka, data pipelines, data engineer","['Explain how the Python programming language is used in cybersecurity', 'Create new, user-defined Python functions', 'Use regular expressions to extract information from text', 'Practice debugging code']","This is the seventh course in the Google Cybersecurity Certificate. These courses will equip you with the skills you need to apply for an entry-level cybersecurity job. You’ll build on your understanding of the topics that were introduced in the sixth Google Cybersecurity Certificate course.
In this course, you will be introduced to the Python programming language and apply it in a cybersecurity setting to automate tasks. You'll start by focusing on foundational Python programming concepts, including data types, variables, conditional statements, and iterative statements. You'll also learn to work with Python effectively by developing functions, using libraries and modules, and making your code readable. In addition, you'll work with string and list data, and learn how to import, parse and debug files.  

Google employees who currently work in cybersecurity will guide you through videos, provide hands-on activities and examples that simulate common cybersecurity tasks, and help you build your skills to prepare for jobs. 

Learners who complete this certificate will be equipped to apply for entry-level cybersecurity roles. No previous experience is necessary.

By the end of this course, you will: 
- Explain how the Python programming language is used in cybersecurity.
- Write conditional and iterative statements in Python.
- Create new, user-defined Python functions.
- Use Python to work with strings and lists.
- Use regular expressions to extract information from text.
- Use Python to open and read the contents of a file.
- Identify best practices to improve code readability.
- Practice debugging code.
",31.206190418593867
Python Project for Data Engineering,IBM,Course,1 - 4 Weeks,4.6,473.0,intermediate,https://www.coursera.org/learn/python-project-for-data-engineering,"32,522","information engineering, python programming, extract transform and load (etl), data engineer, web scraping","['Demonstrate your skills in Python for working with and manipulating data', 'Implement webscraping and use APIs to extract data with Python', 'Play the role of a Data Engineer working on a real project to extract, transform, and load data', 'Use Jupyter notebooks and IDEs to complete your project']","Showcase your Python skills in this Data Engineering Project! This short course is designed to apply your basic Python skills through the implementation of various techniques for gathering and manipulating data.  
You will take on the role of a Data Engineer by extracting data from multiple sources, and converting the data into specific formats and making it ready for loading into a database for analysis. You will also demonstrate your knowledge of web scraping and utilizing APIs to extract data. 

By the end of this hands-on project, you will have shown your proficiency with important skills to Extract Transform and Load (ETL) data using an IDE, and of course, Python Programming. 

Upon completion of this course, you will also have a great new addition to your portfolio! 

PRE-REQUISITE: 

**Python for Data Science, AI and Development** course from IBM is a pre-requisite for this project course. Please ensure that before taking this course you have either completed the Python for Data Science, AI and Development course from IBM or have equivalent proficiency in working with Python and data. NOTE: This course is not intended to teach you Python and does not have too much new instructional content. It is intended for you to mostly apply prior Python knowledge.
",31.175709047777087
Transforming the Fashion Business,"Parsons School of Design, The New School",Specialization,1 - 3 Months,4.7,414.0,intermediate,https://www.coursera.org/specializations/transforming-fashion-business,"10,969","fashion design, fashion systems, sustainability, holistic product lifecyle, retail management","['How to develop a fashion business model that incorporates sustainability, experiential methods, collaborations, and serves underrepresented groups.']","In this specialization, you will analyze the fashion business and how it must evolve into a more inclusive, diverse, and equitable manifestation of itself. You’ll explore the “slow fashion” movement, the historical underpinnings of the current fashion system, and imperatives for a more holistic, sustainable future. You’ll look at the design process from the perspective of analytical and statistical trend forecasting and how to bring new strategies and technologies into your design approach, all while maintaining an awareness of social movements and cultural shifts. And finally, you’ll learn how fashion retail can create memorable, immersive, and innovative experiences that help you and your brand stay relevant in an age of increasing competition and shifting consumer models. 
The courses in this specialization bring together a dynamic group of Parsons faculty and leading industry experts who will share their real world experiences and guide you through the knowledge you need to advance your career.
Applied Learning Project
Each course in this specialization is capped with an immersive project where you’ll turn your passion to become a future business leader into a proposed strategy for addressing the challenges in today’s fashion industry. 
For each project, you will be expected to prepare and present a plan for how you would leverage innovations in technology, design, and retail channels in order to solve a critical issue in the current fashion system.
By the end of the specialization, you will be able to:
• Research and innovate a strategy for a holistic approach to fashion design.
• Develop a fashion brand strategy that is inclusive and relevant to today's consumer and encompasses best practices for sustainability.
• Design a contemporary retailing strategy that considers customer experience, omnichannel engagement, operational logistics, and merchandising.
",31.166199949592713
The Path to Insights: Data Models and Pipelines,Google,Course,1 - 4 Weeks,4.7,249.0,advanced,https://www.coursera.org/learn/the-path-to-insights-data-models-and-pipelines,"18,866","data management, google dataflow/google bigquery, extraction, transformation and loading (etl), database optimization, data transformation","['Build data models that answer business questions\xa0', 'Apply the ETL process to workplace scenarios', 'Explore ETL tools', 'Construct a pipeline to deliver necessary data']","This is the second of three courses in the Google Business Intelligence Certificate. In this course, you'll explore data modeling and how databases are designed. Then you’ll learn about extract, transform, load (ETL) processes that extract data from source systems, transform it into formats that enable analysis, and drive business processes and goals.
Google employees who currently work in BI will guide you through this course by providing hands-on activities that simulate job tasks, sharing examples from their day-to-day work, and helping you build business intelligence skills to prepare for a career in the field. 

Learners who complete the three courses in this certificate program will have the skills needed to apply for business intelligence jobs. This certificate program assumes prior knowledge of foundational analytical principles, skills, and tools covered in the Google Data Analytics Certificate.   

By the end of this course, you will:
-Determine which data models are appropriate for different business requirements
-Describe the difference between creating and interacting with a data model
-Create data models to address different types of questions 
-Explain the parts of the extract, transform, load (ETL) process and tools used in ETL
-Understand extraction processes and tools for different data storage systems
-Design an ETL process that meets organizational and stakeholder needs 
-Design data pipelines to automate BI processes
",31.141039576743065
Queering Identities: LGBTQ+ Sexuality and Gender Identity,University of Colorado System,Course,1 - 3 Months,4.8,654.0,beginner,https://www.coursera.org/learn/queeringidentities,"27,230",,[],"In this course, you will explore the history of LGBTQ identities, experiences, and activism. We’ll study major events in global LGBTQ history, investigate local histories of queer and transgender people and communities, and consider how LGBTQ histories have helped shape broader conversations about civil rights, equality, and justice.
",31.126249131049207
Health Behavior Change: From Evidence to Action,Yale University,Course,1 - 3 Months,4.6,862.0,beginner,https://www.coursera.org/learn/health-behavior-change,"91,770","health practices, behavioral psychology, public health, mental health, health psychology",[],"Through art projects—including visual arts, dance, writing, and music—along with spiritual practices and guided imagery, Healing With the Arts gives you the tools to heal what you need to heal in your life: physical, mental, emotional, and spiritual.
",31.097907578983765
Create High-Fidelity Designs and Prototypes in Figma,Google,Course,1 - 3 Months,4.8,649.0,beginner,https://www.coursera.org/learn/high-fidelity-designs-prototype,"30,189","user experience (ux), mockup, figma, prototype, user experience design (uxd)","['How to apply knowledge of basic economics to make better pricing decisions', 'How to recognize opportunities for price discrimination and recommend strategies to maximize sales and profits', '  How to calculate three types of price elasticities to determine the impact of price on demand  ', 'How to analyze and apply different pricing models, including: cost-plus pricing, marginal cost-plus pricing, peak-load pricing, index-based pricing.']","How much should you charge for your products and services? Traditionally, businesses have answered this question based on the cost to produce or provide their goods and services. This course shows you the economic factors behind pricing based on cost and the pros and cons of a cost-based pricing approach. Developed at the Darden School of Business at the University of Virginia, and led by top-ranked Darden faculty and Boston Consulting Group global pricing experts, the course provides the practical and research-based models and methods you need to set prices that maximize your profits. 
By the end of this course, you’ll be able to:
--Apply knowledge of basic economics to make better pricing decisions
--Recognize opportunities for price discrimination—selling the same product at different prices to different buyers—and recommend strategies to maximize sales and profits
--Calculate three types of price elasticities to determine the impact of price on demand
--Analyze and apply different pricing models
  -Cost-plus pricing
  -Marginal cost-plus pricing
  -Peak-load pricing
  -Index-based pricing
--Evaluate the impact of channel intermediaries and customer lifetime value on pricing
",31.089467341870474
Introduction to Responsible AI,Google Cloud,Course,1 - 4 Weeks,4.5,993.0,beginner,https://www.coursera.org/learn/introduction-to-responsible-ai,"66,708",,"['Identify core aspects of programming and features of the Python language', 'Understand and apply core programming concepts like data structures, conditionals, loops, variables, and functions', 'Use different tools for writing and running Python code', 'Design and write fully-functional Python programs using commonly used data structures, custom functions, and reading and writing to files']","This course provides an introduction to programming and the Python language.  Students are introduced to core programming concepts like data structures, conditionals, loops, variables, and functions.  This course includes an overview of the various tools available for writing and running Python, and gets students coding quickly.  It also provides hands-on coding exercises using commonly used data structures, writing custom functions, and reading and writing to files. This course may be more robust than some other introductory python courses, as it delves deeper into certain essential programming topics.
",31.057817429954586
Google Professional Workspace Administrator,Google Cloud,Professional Certificate,1 - 4 Weeks,4.9,563.0,beginner,https://www.coursera.org/professional-certificates/g-suite-administration,"18,033",,"['Aprende los fundamentos del marketing digital y comercio electrónico y adquiere las habilidades necesarias para conseguir un trabajo de nivel inicial', 'Atrae clientes e interactúa con ellos y ellas a través de canales de marketing digital, como la búsqueda y el correo electrónico', 'Mide el rendimiento de los esfuerzos de marketing a través de analítica y datos', 'Crea tiendas de comercio electrónico, analiza el rendimiento de los esfuerzos en línea y aumenta la fidelidad de tus clientes']","Prepárate para este Certificado de Carrera de Google en Marketing Digital y Comercio Electrónico, que podrás completar en menos de seis meses, sin necesidad de contar con experiencia previa ni acreditar título universitario. Las empresas están a la búsqueda de talento para ocupar puestos laborales en estas áreas de alto crecimiento.Para el 86 % de las y los líderes empresarialesOpens in a new tab, el comercio electrónico será el canal de ventas más importante para el crecimiento de sus organizaciones. 
Al completar este Certificado, adquirirás las habilidades necesarias para un trabajo de nivel inicial y aprenderás a usar herramientas y plataformas como Canva, Constant Contact, Google Ads, Google Analytics, Hootsuite, HubSpot, Mailchimp, Shopify y Twitter. Además, te formarás con especialistas de Google y crearás un portafolio con proyectos, como clientes ideales y calendarios de redes sociales, para mostrar a posibles empleadores.
El 75 % de quienes se gradúan en los Certificados de Carrera de Google en los Estados Unidos aseguran haber mejorado su situación laboral  en menos de seis meses.1
Echa un vistazo a todos los Certificados de Carrera de Google aquíOpens in a new tab.
Este programa no contiene información confidencial. Todas las funciones de Google Search que se enseñan están disponibles públicamente. Puedes acceder a más información en la documentaciónOpens in a new tab oficial de Google Search.
1Según las respuestas de la encuesta de graduados del programa, EE.UU., 2021. 
Applied Learning Project
El programa incluye más de 190 horas de lecciones y evaluaciones prácticas, que simulan casos reales de marketing digital y comercio electrónico. El contenido es interactivo y fue diseñado por colaboradores/as de Google con experiencia en el área.
Entre las habilidades que obtendrás están: desarrollar estrategias de marketing digital y comercio electrónico; atraer clientes y comunicarte con tu audiencia a través de diversos canales; analizar métricas y compartir información; crear tiendas en línea y evaluar su performance, y fidelizar clientes.
Aprenderás a usar, entre otras, las siguientes plataformas y herramientas: Canva, Constant Contact, Google Ads, Google Analytics, Hootsuite, HubSpot, Mailchimp, Shopify y Twitter.
A través de videos, evaluaciones y ejercicios prácticos, aprenderás a usar las herramientas y plataformas necesarias para ocupar un puesto de nivel inicial. Adquirirás las habilidades que muchos de los empleadores están buscando hoy en el mercado.
",31.04176583234049
Introduction to Technical Support,IBM,Course,1 - 3 Months,4.7,735.0,beginner,https://www.coursera.org/learn/introduction-to-technical-support,"68,507","customer service, ticketing systems, technical support, service level agreements (sla), information technology (it) support",[],"""Introduction to Systems Engineering"" uses a structured yet flexible approach to provide a holistic, solid foundation to the successful development of complicated systems.
The course takes you step by step through the system life cycle, from design to development, production and management. You will learn how the different components of a system interrelate, and how each contributes to a project’s goals and success. 

The discipline’s terminology, which can so often confuse the newcomer, is presented in an easily digestible form. Weekly video lectures introduce and synthesise key concepts, which are then reinforced with quizzes and practical exercises to help you measure your learning. 

This course welcomes anyone who wants to find out how complex systems can be developed and implemented successfully. It is relevant to anyone in project management, engineering, QA, logistic support, operations, management, maintenance and other work areas. No specific background is required, and we welcome learners with all levels of interest and experience.
",31.02578155802572
Foundations of Business Strategy,University of Virginia,Course,1 - 4 Weeks,4.8,636.0,beginner,https://www.coursera.org/learn/uva-darden-foundations-business-strategy,"53,120","capabilities analysis, business strategy, competitive position, strategic analysis, industry structure","['Understand common careers and industries that use BI', 'Investigate the impact data can have on business decision-making', 'Explain the important role that BI professionals have in businesses', 'Develop a BI project plan\xa0']","This is the first of three courses in the Google Business Intelligence Certificate, which will help develop the skills needed to apply for entry-level roles as a business intelligence (BI) professional. People who work in BI help organizations access the right data, use data to help businesses grow and improve, and put insights into action. In this course, you’ll discover the role of BI professionals within an organization and explore BI tools you can use on the job. 
Google employees who currently work in BI will guide you through this course by providing hands-on activities that simulate job tasks, sharing examples from their day-to-day work, and helping you build business intelligence skills to prepare for a career in the field. 

Learners who complete the three courses in this certificate program will have the skills needed to apply for business intelligence jobs. This certificate program assumes prior knowledge of foundational analytical principles, skills, and tools covered in the Google Data Analytics Certificate.  

By the end of this course, you will:
-Make key distinctions between business intelligence (BI) and data analysis
-Explore how data is used in business processes and decision-making 
-Describe ways that BI professionals impact their organizations
-Identify the uses and benefits of BI tools, including data models, pipelines, data visualizations, and dashboards
-Acquire, manipulate, and integrate data using key BI concepts
-Select and define metrics that are relevant to project goals and stakeholder questions
-Develop and execute a BI project by working with stakeholders to determine project requirements, execute tasks, and deliver insights that guide decision-making
",30.992494346746383
Data Structures and Algorithms,University of California San Diego,Specialization,3 - 6 Months,4.5,522.0,intermediate,https://www.coursera.org/specializations/data-structures-algorithms,"13,769","debugging, software testing, algorithms, data structure, computer programming","['Discover how Databricks and Apache Spark simplify big data processing and optimize data analysis. ', 'Frame business problems for data science and machine learning to make the most out of big data analytic workflows.', 'Solve real-world business problems quickly using Databricks to power the most popular data science techniques. ']","This specialization is intended for data analysts looking to expand their toolbox for working with data. Traditionally, data analysts have used tools like relational databases, CSV files, and SQL programming, among others, to perform their daily workflows. In this specialization, you will leverage existing skills to learn new ones that will allow you to utilize advanced technologies not traditionally linked to this role - technologies like Databricks and Apache Spark. By the end of this specialization, you'll be able to solve real-world business problems with Databricks and the most popular machine learning techniques.
Applied Learning Project
In this specialization, you'll complete a series of hands-on lab assignments and projects. The lab assignments will allow you to test-drive Databricks and Apache Spark to streamline today's most popular data science workflows. You will also apply the latest data science strategies to complete and assess your very own data science project.
",30.98492824712137
Object Oriented Java Programming: Data Structures and Beyond,University of California San Diego,Specialization,3 - 6 Months,4.9,308.0,intermediate,https://www.coursera.org/specializations/java-object-oriented,"18,584","data structure, problem solving, java programming, object-oriented programming (oop)","['Understand and write Objectives and Key Results (OKRs).', 'Clearly communicate strategy and top priorities to your organization.', 'Effectively align goals with initiatives across an entire organization.', 'Implement an OKR program at your organization.']","“Ideas are easy. Execution is everything.” -John Doerr
In this one-of-a-kind OKR Certification, John Doerr builds on his New York Times best-selling book, Measure What Matters. The chairman of the venture capital firm Kleiner Perkins, Doerr reveals how the goal-setting system of Objectives and Key Results (OKRs) can lead to exponential growth. 

This simple yet often misunderstood framework can help any organization thrive through meaningful, ambitious goal setting.

After taking the course, you will be able to use the OKR system to:
- clearly define and communicate your most important priorities;
- align everyone's goals, from entry level to the CEO;
- guarantee a commitment to excellence throughout the organization;
- definitively track and measure progress for transparent accountability;
- stretch for ambitious, amazing achievements;
- implement a robust OKR practice within an organization.

You’ll learn from real-world examples on how to turn strategies into  action plans. You’ll unlock the power of the business community’s goal-setting system of choice. You’ll learn to write effective OKRs, and how to roll out the system within an organization.

Ever since they were introduced at Intel by iconic CEO Andy Grove in the 1970s, OKRs have engineered the success of some of the world’s most innovative businesses. John Doerr learned the method from Grove during his time at Intel and famously taught it to founders Larry Page and Sergey Brin at Google, one of his standout investments.

Doerr has continued to refine the system as he passes it on to the founders of his investment portfolio companies at Kleiner Perkins, where he serves as chairman. For the first time, he has gathered his wealth of experience and knowledge into a single educational program. 

This course is presented by John Doerr and Kleiner Perkins technical advisor Ryan Panchadsaram, former Deputy Chief Technology Officer of the United States.
",30.902709482478855
Six Sigma Black Belt,University System of Georgia,Specialization,3 - 6 Months,4.6,448.0,intermediate,https://www.coursera.org/specializations/six-sigma-black-belt,"13,523","statistics, math","['DMAIC', 'Organizational Planning and Development, Team Management, and Design for Six Sigma\n', 'Six Sigma Project implementation process']","In this Specialization, learners developed and furthered their understanding of the Six Sigma DMAIC process. This Specialization also explored the intersection between Six Sigma and Lean
as well as developed enhanced understanding of the DMAIC process beyond the
confines of Green Belt instruction by also including content in Organizational
Planning and Development, Team Management, and Design for Six Sigma. 
Applied Learning Project
Throughout the Specialization, learners are tasked with the completion of portions of a capstone type peer reviewed project grounded in the DMAIC process and implemented such that the deliverables align with the content presented in the course. Quizzes are also offered to reinforce and cement understanding of the content.
",30.90153581197581
SAS Advanced Programmer,SAS,Professional Certificate,3 - 6 Months,4.8,343.0,intermediate,https://www.coursera.org/professional-certificates/sas-advanced-programmer,"7,280",,"['Process data using Structured Query Language in the SAS environment    ', 'Use the SAS macro facility to design, write, and debug dynamic macro programs  ', 'Use advanced DATA step techniques and procedures to manipulate data    ']","When you complete this professional certificate program, you will have experience in SAS programming using SAS 9 and will be able to process data using Structured Query Language in the SAS environment, use the SAS macro facility to design, write, and debug dynamic macro programs, and use advanced DATA step techniques and procedures to manipulate data.  These skills prepare you for the SAS Advanced Programming Professional certification exam.  
Applied Learning Project
Two projects are included as honors lessons in this professional certificate program. Each project will demonstrate your comprehensive knowledge of the learned SAS programming skills. In the first project, you use SQL to analyze to analyze passenger claims at United States airports. In the second project, you use the SAS macro language to automate reporting and analysis of analysis of supplier sales.
",30.838587950931544
"Everyday Excel, Part 1",University of Colorado Boulder,Course,1 - 3 Months,4.7,701.0,beginner,https://www.coursera.org/learn/everyday-excel-part-1,"26,909","data management, spreadsheet, microsoft excel, problem solving, real world",[],"There is an increasing attention to ethics in engineering practice. Engineers are supposed not only to carry out their work competently and skilfully, but also to be aware of the broader ethical and social implications of engineering and to be able to reflect on these.  According to the Engineering Criteria 2000 of the Accreditation Board for Engineering and Technology (ABET) in the US, engineers must have “an understanding of professional and ethical responsibility” and should ""understand the impact of engineering solutions in a global and societal context.” 
This course provides an introduction to ethics in engineering and technology. It helps engineers and students in engineering to acquire the competences mentioned in the ABET criteria or comparable criteria formulated in other countries. More specifically, this course helps engineers to acquire the following moral competencies:

- Moral sensibility: the ability to recognize social and ethical issues in engineering;
- Moral analysis skills: the ability to analyse moral problems in terms of facts, values, stakeholders and their interests;
- Moral creativity: the ability to think out different options for action in the light of (conflicting) moral values and the relevant facts;
- Moral judgement skills: the ability to give a moral judgement on the basis of different ethical theories or frameworks including professional ethics and common sense morality;
- Moral decision-making skills: the ability to reflect on different ethical theories and frameworks and to make a decision based on that reflection.

With respect to these competencies, our focus is on the concrete moral problems that engineers encounter in their professional practice. With the help of concrete cases is shown how the decision to develop a technology, as well as the process of design and production, is inherently moral. The attention of the learners is drawn towards the specific moral choices that engineers face. In relation to these concrete choices learners will encounter different reasons for and against certain actions, and they will discover that these reasons can be discussed. In this way, learners become aware of the moral dimensions of technology and acquire the argumentative capacities that are needed in moral debates with stakeholders (e.g. governments, users, and commercial business departments).
",30.80348699892131
International Law In Action: Investigating and Prosecuting International Crimes,Universiteit Leiden,Course,1 - 3 Months,4.8,610.0,mixed,https://www.coursera.org/learn/international-law-in-action-2,"39,061","justice, criminal justice, international law, law",[],"‘Investigating and Prosecuting International Crimes’ is the second course  in Leiden University’s new series on International Law in Action. The first course covered international courts and tribunals in The Hague in general. This second course provides an insider perspective into the work of international criminal courts and tribunals.  You will learn about the investigation and prosecution of international crimes in The Hague. 
Atrocities produce unspeakable forms of violence. We will explore whether and how international criminal justice contribute to what UN Secretary-General Ban Ki Moon called the ‘age of accountability’. The theory is, those who commit the worst of human crimes, are held accountable, whether they are rank-and-file foot soldiers or military commanders, whether they are lowly civil servants following orders or top political leaders. We will test  how this can be done and if this is realistic.

During this course, you will be offered a look into the ‘kitchen’ of the Hague international criminal courts and tribunals. You will learn how international criminal justice functions, who the actors are, what outcomes it produces, and how it can be improved. 

If you want to gain a better understanding of international criminal cases, like the Lubanga case, the ICC’s first ever trial, and the legal legacy of UN international criminal tribunals, then this course is definitely for you!

This course is free to join and to participate in. There is the possibility to get a verified certificate for the course, which is a paid option. If you want a certificate, but are unable to pay for it, you can request financial aid via Coursera.
",30.79246540402366
Getting Started with AI using IBM Watson,IBM,Course,1 - 4 Weeks,4.8,609.0,beginner,https://www.coursera.org/learn/ai-with-ibm-watson,"42,699","deep learning, application programming interfaces (api), artificial intelligence (ai), machine learning, watson","['Explain how Python is used by data professionals ', 'Explore basic Python building blocks, including syntax and semantics', 'Understand loops, control statements, and string manipulation', 'Use data structures to store and organize data\xa0']","This is the second of seven courses in the Google Advanced Data Analytics Certificate. The Python programming language is a powerful tool for data analysis. In this course, you’ll learn the basic concepts of Python programming and how data professionals use Python on the job. You'll explore concepts such as object-oriented programming, variables, data types, functions, conditional statements, loops, and data structures. 
Google employees who currently work in the field will guide you through this course by providing hands-on activities that simulate relevant tasks, sharing examples from their day-to-day work, and helping you enhance your data analytics skills to prepare for your career. 


Learners who complete the seven courses in this program will have the skills needed to apply for data science and advanced data analytics jobs. This certificate assumes prior knowledge of foundational analytical principles, skills, and tools covered in the Google Data Analytics Certificate.    


By the end of this course, you will:
-Define what a programming language is and why Python is used by data scientists
-Create Python scripts to display data and perform operations
-Control the flow of programs using conditions and functions
-Utilize different types of loops when performing repeated operations
-Identify data types such as integers, floats, strings, and booleans
-Manipulate data structures such as , lists, tuples, dictionaries, and sets
-Import and use Python libraries such as NumPy and pandas
",30.784602994403315
DeepLearning.AI TensorFlow Developer,DeepLearning.AI,Professional Certificate,3 - 6 Months,4.8,335.0,intermediate,https://www.coursera.org/professional-certificates/tensorflow-in-practice,"15,467","computer vision, convolutional neural network, machine learning, natural language processing","['Design BI visualizations', 'Practice using BI reporting and dashboard tools', 'Create presentations to share key BI insights with stakeholders', 'Develop professional materials for your job search']","You’re almost there! This is the third and final course in the Google Business Intelligence Certificate. In this course, you’ll apply your understanding of stakeholder needs, plan and create BI visuals, and design reporting tools, including dashboards. You’ll also explore how to answer business questions with flexible and interactive dashboards that can monitor data over long periods of time.
Google employees who currently work in BI will guide you through this course by providing hands-on activities that simulate job tasks, sharing examples from their day-to-day work, and helping you build business intelligence skills to prepare for a career in the field. 

Learners who complete the three courses in this certificate program will have the skills needed to apply for business intelligence jobs. This certificate program assumes prior knowledge of foundational analytical principles, skills, and tools covered in the Google Data Analytics Certificate.  

By the end of this course, you will:
-Explain how BI visualizations answer business questions
-Identify complications that may arise during the creation of BI visualizations
-Produce charts that represent BI data monitored over time
-Use dashboard and reporting tools
-Build dashboards using best practices to meet stakeholder needs
-Iterate on a dashboard to meet changing project requirements
-Design BI presentations to share insights with stakeholders
-Create or update a resume and prepare for BI interviews
",30.71434692460572
Linear Algebra for Machine Learning and Data Science,DeepLearning.AI,Course,1 - 4 Weeks,4.5,908.0,beginner,https://www.coursera.org/learn/machine-learning-linear-algebra,"68,047","machine learning, linear equation, eigenvalues and eigenvectors, linear algebra, determinants","['Represent data as vectors and matrices and identify their properties using concepts of singularity, rank, and linear independence', 'Apply common vector and matrix algebra operations like dot product, inverse, and determinants', 'Express certain types of matrix operations as linear transformation, and apply concepts of eigenvalues and eigenvectors to machine learning problems']","After completing this course, learners will be able to:
• Represent data as vectors and matrices and identify their properties using concepts of singularity, rank, and linear independence, etc.
• Apply common vector and matrix algebra operations like dot product, inverse, and determinants 
• Express certain types of matrix operations as linear transformations 
• Apply concepts of eigenvalues and eigenvectors to machine learning problems

Mathematics for Machine Learning and Data science is a foundational online program created in by DeepLearning.AI and taught by Luis Serrano. This beginner-friendly program is where you’ll master the fundamental mathematics toolkit of machine learning.

Many machine learning engineers and data scientists need help with mathematics, and even experienced practitioners can feel held back by a lack of math skills. This Specialization uses innovative pedagogy in mathematics to help you learn quickly and intuitively, with courses that use easy-to-follow plugins and visualizations to help you see how the math behind machine learning actually works. 

Upon completion, you’ll understand the mathematics behind all the most common algorithms and data analysis techniques — plus the know-how to incorporate them into your machine learning career.

This is a beginner-friendly program, with a recommended background of at least high school mathematics. We also recommend a basic familiarity with Python, as labs use Python and Jupyter Notebooks to demonstrate learning objectives in the environment where they’re most applicable to machine learning and data science. If you are already familiar with the concepts of linear algebra, Course 1 will provide a good review, or you can choose to take Course 2 of this specialization, Calculus for Machine Learning and Data Science now, and Course 3, Probability and Statistics for Machine Learning and Data Science when it is released in April.
",30.655552923798655
Natural Language Processing,DeepLearning.AI,Specialization,3 - 6 Months,4.8,327.0,intermediate,https://www.coursera.org/specializations/natural-language-processing,"22,160","word2vec, machine translation, sentiment analysis, transformers, attention models","['How and why certain stories go viral.', 'How viral narratives shape public beliefs and influence our decision making. ']","Dear Potential Learner,
Please take some time to read through this note before deciding to enroll.
 
This course, Narrative Economics, is relatively short and proposes a simple concept: we need to incorporate the contagion of narratives into our economic theory. You can think of narratives as stories that shape public beliefs, which in turn influence our decision making. Understanding how people arrived at certain decisions in the past can aid our understanding of the economy today and improve our forecasts of the future.

Popular thinking heavily influences our answers to questions such as how much to invest, how much to spend or save, whether to go to college or take a certain job, and many more. Narrative economics is the study of the viral spread of popular narratives that affect economic behavior. I believe incorporating these ideas into our research must be done both to improve our ability to anticipate and prepare for economic events and help us structure economic institutions and policy. Until we better incorporate it into our methods of analysis and forecasting, we remain blind to a very real, very palpable, very important mechanism for economic change. Even in the dawning age of the Internet and artificial intelligence, so long as people remain ultimately in control, human narratives will matter. Maybe they will especially matter as the new technology exploits human weaknesses and creates new venues for narrative contagion. If we do not understand the epidemics of popular narratives, we cannot fully understand changes in the economy and in economic behavior.
 
 The course is broken into 4 modules:
 
Part I introduces basic concepts and demonstrates how popular stories change over time to affect economic outcomes, including recessions, depressions and inequality as well as effective inspiration and growth.. These stories can be observed from diverse sources such as politics, the media, or even popular songs.
 
Part II seeks to answer why some stories go viral, while others are quickly forgotten, by defining our narrative theory more firmly. This module enumerates and explores a list of seven propositions to help discipline any analysis of economic narratives.
 
Part III examines nine perennial narratives that have proved their ability to influence important economic decisions. They include narratives regarding artificial intelligence, stock market bubbles, and job insecurity.
 
Part IV looks to the future and highlights the opportunities for consilience in Narrative Economics. We share some thoughts about where narratives are taking us at this point in history and what kind of future research could improve our understanding of them.
 
This course offers only the beginnings of a new idea and a few suggestions for how it could be used by economists and financial professionals. The tone is not prescriptive or authoritative, as perhaps my Coursera course, Financial Markets, is in places. It represents the beginning of the journey (epidemic). This course is my way of floating the “germ” of this idea out into the broader community of not only professionals but of anyone who is interested in discovering how and why things become “important” to us as a society. I hope some of you will become infected by this idea, mutate it, spread it, and advance it. The beginning of the journey is the easy part. The challenge will come in taking these concepts to the next level. We have the tools to incorporate narratives into our research and the moral obligation to act; only the work remains.

- Robert J. Shiller
",30.587111852268283
Machine Learning Modeling Pipelines in Production,DeepLearning.AI,Course,1 - 3 Months,4.3,373.0,advanced,https://www.coursera.org/learn/machine-learning-modeling-pipelines-in-production,"27,489","explainable ai, fairness indicators, automl, model performance analysis, precomputing predictions","['Apply techniques to manage modeling resources and best serve batch and real-time inference requests.', 'Use analytics to address model fairness, explainability issues, and mitigate bottlenecks.']","In the third course of Machine Learning Engineering for Production Specialization, you will build models for different serving environments; implement tools and techniques to effectively manage your modeling resources and best serve offline and online inference requests; and use analytics tools and performance metrics to address model fairness, explainability issues, and mitigate bottlenecks.
Understanding machine learning and deep learning concepts is essential, but if you’re looking to build an effective AI career, you need production engineering capabilities as well. Machine learning engineering for production combines the foundational concepts of machine learning with the functional expertise of modern software development and engineering roles to help you develop production-ready skills.

Week 1: Neural Architecture Search
Week 2: Model Resource Management Techniques
Week 3: High-Performance Modeling
Week 4: Model Analysis
Week 5: Interpretability
",30.569159914658982
FPGA Design for Embedded Systems,University of Colorado Boulder,Specialization,3 - 6 Months,4.6,416.0,intermediate,https://www.coursera.org/specializations/fpga-design,"12,049","softcore processor design, writing code in verilog, programmable logic design, vhdl coding, simulation for verification","['Learn the underlying concepts, enabling technologies, and key applications for all things XR', 'Understand key issues and developments in XR and learn how to address them in design and development of XR applications', 'Design and develop your own XR applications']","Welcome to XR for Everybody! When we say “for everybody,” we really do mean it. This specialization is designed to be a broad learning experience around all things augmented, virtual, and mixed reality. The 3 courses cover the fundamental concepts of XR, how to design and develop XR applications, how to discuss the emerging key issues in the landscape of XR, and how to bring XR into instructional settings. 
Applied Learning Project
Learners will develop a design thinking mindset and a fundamental toolbox for creating XR applications using rapid prototyping.
Learners will establish a technical mental model for XR technologies and gain tools to approach XR development with confidence.
",30.527416282301935
Getting Started with Power BI Desktop,Coursera Project Network,Guided Project,Less Than 2 Hours,4.7,651.0,beginner,https://www.coursera.org/projects/power-bi-desktop,"52,980",,"['Describe version control and its place in social and collaborative coding and in DevOps. ', 'Explain basic Git concepts such as repositories and branches used for distributed version control and social coding.', 'Create GitHub repositories and branches, and perform pull requests (PRs) and merge operations, to collaborate on a team project.', 'Build your portfolio by creating and sharing an open-source project on GitHub. ']","Get started with Git and GitHub in this self-paced, introductory course! You’ll become familiar with collaborative version control and popular Git platforms. Collaboration and social coding are crucial parts of contemporary Software Engineering practices and the DevOps culture. 
You will begin this course with an overview of Git and Github fundamentals and explore key Git concepts such as branching and repositories, as well as the use of Git commands. You will also learn and practice various Git concepts such as forking, cloning and merging workflows using hands-on labs. And you’ll learn to use GitHub to work effectively as a team, and perform common Git operations, such as Pull Requests, from both the Web UI and command line. 

The course wraps up with a final project where you will start building your portfolio by creating and sharing a public/open-source GitHub project. By completing this course you will demonstrate your Git and Github skills as well as add a project to your resume! 

All hands-on activities in this course can be performed using web-browser based tools and interfaces. Installation of any specialized software is NOT required on your own computer in order to complete the course.
",30.45620944105527
Solar Energy System Design,The State University of New York,Course,1 - 3 Months,4.7,359.0,intermediate,https://www.coursera.org/learn/solar-energy-system-design,"23,766",,[],"Solar Energy System Design builds upon the introduction to PV systems from Solar Energy Basics course, which included basic system components and functions, as well as some basic system sizing using simplifying assumptions. You should at this point have a basic understanding of electrical power and energy, be able to calculate the energy needs of a site as well as energy production potential for a PV system at a given location under optimal conditions. Much of this course will focus on incorporating on the ground conditions into energy production considerations, and how to account for these conditions in system design and equipment selection. By the end of this course you should be able to incorporate losses in irradiance due to array setups with less than optimal positioning and/or shading, and account for variations in module output due to temperature variations in your system design.
",30.431157842597308
Foundations of User Experience (UX) Design,Google,Course,1 - 4 Weeks,4.6,742.0,beginner,https://www.coursera.org/learn/foundations-user-experience-design,"63,452","user experience (ux), ux research, wireframe, prototype, user experience design (uxd)",[],"The Foundations of Teaching for Learning programme is for anyone who is teaching, or who would like to teach, in any subject and any context - be it at school, at home or in the workplace. With dynamic lessons taught by established and respected professionals from across the Commonwealth, this eight course programme will see you develop and strengthen your skills in teaching, professionalism, assessment, and more. As you carry on through the programme, you will find yourself strengthening not only your skills, but your connection with colleagues across the globe. A professional development opportunity not to be missed. 
This introductory course considers the three domains of being a teacher:  Professional Knowledge and Understanding; Professional Practice; and Professional Values, Relationships and Engagement.

Enhance your course by joining the Commonwealth teaching community on our website, Facebook and Twitter.
",30.40920180570169
Microsoft Power BI Data Analyst,Microsoft,Professional Certificate,3 - 6 Months,4.6,735.0,beginner,https://www.coursera.org/professional-certificates/microsoft-power-bi-data-analyst,"37,537","microsoft excel, data analysis, power bi, power query, sql","['Learn to use Power BI to connect to data sources and transform them into meaningful insights.  ', 'Prepare Excel data for analysis in Power BI using the most common formulas and functions in a worksheet.\u202f\u202f   ', 'Learn to use the visualization and report capabilities of Power BI to create compelling reports and dashboards.  ', 'Demonstrate your new skills with a capstone project and prepare for the industry-recognized Microsoft PL-300 Certification exam.   ']","Learners who complete this program will receive a 50% discount voucher to take the PL-300 Certification Exam. 
Business Intelligence analysts are highly sought after as more organizations rely on data-driven decision-making. Microsoft Power BI is the leading data analytics, business intelligence, and reporting tool in the field, used by 97% of Fortune 500 companies to make decisions based on data-driven insights and analytics.1 Prepare for a new career in this high-growth field with professional training from Microsoft — an industry-recognized leader in data analytics and business intelligence.
Through a mix of videos, assessments, and hands-on activities, you will engage with the key concepts of Power BI, transforming data into meaningful insights and creating compelling reports and dashboards. You will learn to prepare data in Excel for analysis in Power BI, form data models using the Star schema, perform calculations in DAX, and more.
In your final project, you will showcase your new Power BI and data analysis skills using a real-world scenario. When you complete this Professional Certificate, you’ll have tangible examples to talk about in your job interviews and you’ll also be prepared to take the industry-recognized PL-300: Microsoft Power BI Data Analyst certification exam.

1Microsoft named a Leader in the 2023 Gartner® Magic Quadrant™ for Analytics and BI Platforms (April 2023)

Applied Learning Project
This program has been uniquely mapped to key job skills required in a Power BI data analyst role. In each course, you’ll be able to consolidate what you have learned by completing a project that simulates a real-world data analysis scenario using Power BI. You’ll also complete a final capstone project where you’ll showcase all your new Power BI data analytical skills.
The projects will include:
● A real-world scenario where you connect to data sources and transform data into an optimized data model for data analysis. 
● A real-world scenario where you demonstrate data storytelling through dashboards, reports and charts to solve business challenges and identify new opportunities.
A real-world capstone project where you analyze the performance of a multinational business and prepare executive dashboards and reports.
To round off your learning, you’ll take a mock exam that has been set up in a similar style to the industry-recognized Exam PL-300: Microsoft Power BI Data Analyst.
",30.36565854615283
Learning Linux for LFCA Certification,LearnQuest,Specialization,3 - 6 Months,4.5,807.0,beginner,https://www.coursera.org/specializations/linux-for-lfca-certification,"14,893","creating links to files and directories, updating packages, managing linux file systems, filtering text files, applying permissions",[],"This specialization is intended for beginners to learn how to become proficient in Linux programming. It will prepare you for a role as an information technology professional by introducing you to the Linux operating system. You will explore creating security through backups and redundancy, securing the perimeter of your network and systems, and managing a system with the Linux OS installed. 
Applied Learning Project
Each course within this specialization provides learners with the opportunity to test what they have learned throughout the courses with graded quizzes. Learners will also have the opportunity to practice writing code in a lab environment utilizing the provided labs. 
",30.125529263344927
Sales and CRM Overview,Salesforce,Course,1 - 4 Weeks,4.5,806.0,beginner,https://www.coursera.org/learn/sales-and-crm-overview,"46,977","crm, sales operations, sales, salesforce sales cloud, salesforce","['Explain how CRM works in the context of sales, marketing, and customer service in modern businesses.', 'Articulate use cases for how Salesforce can provide value to sales teams.', 'Navigate Trailhead, the official learning platform of Salesforce.', 'Demonstrate a working knowledge of the basics of the Salesforce Sales Cloud.']","This course is the first of a series that aims to teach you the foundational skills in Salesforce that will prepare you for a variety of entry-level sales roles, including the sales operations specialist position. 
This course is designed for beginners. No previous experience in Salesforce, sales, or CRM is necessary to be successful. In this course, you will be introduced to essential concepts like the fundamentals of the sales process. You'll also learn about what Customer Relationship Management (CRM) systems are and what they are used for, you'll dive into Salesforce's main products and their use cases, and you will gain a working knowledge of the key functionalities of the Salesforce Sales Cloud that help support a business’s growth.

This course is the first step in your learning journey with Salesforce. It will provide you with the foundation you need to go into depth with more advanced Salesforce tools taught later in the certificate, and ultimately launch your new career. Please note that if you already have background knowledge in sales and CRM, or if you want to dive immediately into content that goes into more depth with Salesforce, it is recommended that you start with Course 2 in this certificate: Lead Management in Salesforce.
",30.11995650721477
Business Strategy,University of Virginia,Specialization,3 - 6 Months,4.8,529.0,beginner,https://www.coursera.org/specializations/business-strategy,"42,066","strategic analysis, strategic management, strategic thinking, business strategy","['Define what a business model is and why it enables you to approach innovation and strategy from a completely different angle', 'Understand the 3 components of the business model and how they are linked ', 'Stimulate your creativity by capitalizing on the 14 directions toolbox', 'Analyze existing business models, create new ones or adapt existing ones using the Odyssey 3.14 approach']","Innovation goes beyond technology, products and processes. The new competitive landscape requires another, more holistic and strategic perspective, based on the concept of business models.
This course gives you access to the Odyssey 3.14 approach, a pioneering framework that will help you invent or reinvent business models.

This highly innovative approach has been developed by Laurence Lehmann-Ortega and Hélène Musikas and has proven to be a very valuable methodology for start-up entrepreneurs, business unit managers and intrapreneurs alike. It offers a practical and highly effective framework and toolbox to create, invent or reinvent business models in a very disciplined way.

The approach starts with a deep dive into the 3 pillars of the business model:
- The value proposition (who are our customers and what are we offering them?)
- The value architecture (how are we organized in order to deliver this value proposition to our customers in due time)
- The profit equation (how the alignment between the first 2 pillars generates a profit)

14 directions are then explored in order to invent or reinvent a business model. Examples of the directions include “reducing clients overall costs”, “modifying the revenue stream”, “introducing a third party”, “eliminating a step in the value chain”, and “exploring new resources”. Illustrated by numerous examples, both iconic (Ikea, Tetra Pack, Grameen Bank…) and more recent (Airbnb, Zopa, Drive Now…), these directions stimulate your creativity to rigorously explore all possible innovation paths. Innovation becomes an adventure, an odyssey… hence the name of the approach!

Odyssey 3.14 is the result of over 15 years of research, consulting and teaching. Over 150 companies that have successfully invented or reinvented their business model have been thoroughly analyzed and will inspire you to develop your own new, innovative business model.

This course is a part of the MSIE program at HEC. If you liked it, do not hesitate to consult the other courses of the program.
",30.1098096314216
Fundamentals of Finance,University of Pennsylvania,Course,1 - 3 Months,4.7,602.0,beginner,https://www.coursera.org/learn/finance-fundamentals,"84,787",,[],"The purpose of this course is to review the material covered in the Fundamentals of Engineering (FE) exam to enable the student to pass it.  It will be presented in modules corresponding to the FE topics, particularly those in Civil and Mechanical Engineering.  Each module will review main concepts, illustrate them with examples, and provide extensive practice problems.
",30.089010824617773
Fundraising and Development,"University of California, Davis",Specialization,3 - 6 Months,4.9,463.0,beginner,https://www.coursera.org/specializations/fundraising-development,"20,187",fundraising,"['Describir las responsabilidades de un/a coordinador/a de marketing digital y un/a analista de comercio electrónico de nivel inicial (o similar).', 'Describir las responsabilidades laborales de un/a coordinador/a de marketing digital y un/a analista de comercio electrónico de nivel inicial', 'Explicar el concepto del embudo de marketing', 'Comprender los elementos y objetivos de una estrategia de marketing digital y comercio electrónico']","Este es el primero de los siete cursos del Certificado de Carrera de Google en Marketing Digital y Comercio Electrónico, que te brindará las habilidades que necesitas para acceder a puestos de marketing digital y comercio electrónico de nivel inicial. Las personas que trabajan en marketing digital y comercio electrónico ayudan a las empresas a atraer nuevos/as clientes, interactúan con ellos y ellas a través de distintos canales digitales y buscan impulsar ventas y crear fidelidad. En este curso, descubrirás diferentes puestos de trabajo de nivel inicial en marketing digital y comercio electrónico e identificarás los roles y funciones que se llevan a cabo en estos sectores. También aprenderás sobre el embudo de marketing y cómo se utiliza para guiar el recorrido de los y las clientes. 
Te guiarán especialistas de Google, que actualmente trabajan en estos sectores, con actividades prácticas y ejemplos que simulan tareas comunes y frecuentes de marketing digital y comercio electrónico. Todo esto te ayudará a desarrollar tus habilidades y prepararte para trabajar. 

Las y los estudiantes que completen los siete cursos de este programa estarán en condiciones de solicitar trabajos como coordinadores/as de marketing digital o especialistas en comercio electrónico en un nivel inicial. No necesitas contar con experiencia previa en el área.

Al final de este curso, podrás: 
- Definir qué son el marketing digital y el comercio electrónico
- Describir las responsabilidades laborales de un/a coordinador/a de marketing digital o analista de comercio electrónico de nivel inicial (y/o cargos similares) 
- Saber cómo este programa te ayudará a prepararte para una carrera en marketing digital y/o comercio electrónico
- Identificar los roles y funciones que desempeñan el marketing digital y comercio electrónico dentro de una empresa
- Comprender cada paso del recorrido del cliente y saber para qué sirven los mapas del recorrido
- Explicar el concepto de embudo de marketing
- Comprender los elementos y objetivos de una estrategia de marketing digital y comercio electrónico
",30.085434305908652
